{
"type": "FeatureCollection",
"name": "geo_45_通所介護",
"crs": { "type": "name", "properties": { "name": "urn:ogc:def:crs:OGC:1.3:CRS84" } },
"features": [
{ "type": "Feature", "properties": { "内容": "通所介護事業所デイサービス心春【通所介護】宮崎市大字本郷北方4348番地6", "url": "https://www.kaigokensaku.mhlw.go.jp/45/index.php?action_kouhyou_detail_004_kani=true&JigyosyoCd=4570108995-00&ServiceCd=150&Type=search", "url2": "https://www.yumekanosato.life/" }, "geometry": { "type": "Point", "coordinates": [ 131.4309476, 31.8706376 ] } },
{ "type": "Feature", "properties": { "内容": "株式会社　いちごの里　デイサービス　いちごの里　桜町【通所介護】宮崎県宮崎市桜町13-18有料老人ホーム　いちごの里　桜町", "url": "https://www.kaigokensaku.mhlw.go.jp/45/index.php?action_kouhyou_detail_004_kani=true&JigyosyoCd=4570106866-00&ServiceCd=150&Type=search", "url2": "http:/www.ichigokigo-nosato.com" }, "geometry": { "type": "Point", "coordinates": [ 131.43738478650809, 31.949608719526985 ] } },
{ "type": "Feature", "properties": { "内容": "デイサービスセンター杏園【通所介護】宮崎県宮崎市高岡町内山3466番地", "url": "https://www.kaigokensaku.mhlw.go.jp/45/index.php?action_kouhyou_detail_004_kani=true&JigyosyoCd=4571900549-00&ServiceCd=150&Type=search", "url2": "http://care-net.biz/45/anzuen/" }, "geometry": { "type": "Point", "coordinates": [ 131.299183200000016, 31.9585007 ] } },
{ "type": "Feature", "properties": { "内容": "デイサービスセンター田園いきめ【通所介護】宮崎市跡江3511番地", "url": "https://www.kaigokensaku.mhlw.go.jp/45/index.php?action_kouhyou_detail_004_kani=true&JigyosyoCd=4570108961-00&ServiceCd=150&Type=search", "url2": null }, "geometry": { "type": "Point", "coordinates": [ 131.380937899999935, 31.9366718 ] } },
{ "type": "Feature", "properties": { "内容": "デイサービスたちばな【通所介護】宮崎市祇園二丁目１７番地", "url": "https://www.kaigokensaku.mhlw.go.jp/45/index.php?action_kouhyou_detail_004_kani=true&JigyosyoCd=4570110108-00&ServiceCd=150&Type=search", "url2": null }, "geometry": { "type": "Point", "coordinates": [ 131.410544499999986, 31.9287994 ] } },
{ "type": "Feature", "properties": { "内容": "デイサービス　平和台の杜【通所介護】宮崎市下北方町塚原5711番地1", "url": "https://www.kaigokensaku.mhlw.go.jp/45/index.php?action_kouhyou_detail_004_kani=true&JigyosyoCd=4570106254-00&ServiceCd=150&Type=search", "url2": null }, "geometry": { "type": "Point", "coordinates": [ 131.410396399999968, 31.9416139 ] } },
{ "type": "Feature", "properties": { "内容": "デイサービス平和の里【通所介護】宮崎県宮崎市大字芳士573-1", "url": "https://www.kaigokensaku.mhlw.go.jp/45/index.php?action_kouhyou_detail_004_kani=true&JigyosyoCd=4570106486-00&ServiceCd=150&Type=search", "url2": "http://www.care-okabe.com/" }, "geometry": { "type": "Point", "coordinates": [ 131.43723, 31.9643931 ] } },
{ "type": "Feature", "properties": { "内容": "デイサービスこさい【通所介護】宮崎県宮崎市大字島之内字野入６７３３番地住宅型有料老人ホームべにたけ荘", "url": "https://www.kaigokensaku.mhlw.go.jp/45/index.php?action_kouhyou_detail_004_kani=true&JigyosyoCd=4570108011-00&ServiceCd=150&Type=search", "url2": null }, "geometry": { "type": "Point", "coordinates": [ 131.448206019937857, 31.984286786554836 ] } },
{ "type": "Feature", "properties": { "内容": "芳生平和が丘館デイサービスセンター【通所介護】宮崎県宮崎市平和が丘西町24番1住宅型有料老人ホーム　芳生平和が丘館", "url": "https://www.kaigokensaku.mhlw.go.jp/45/index.php?action_kouhyou_detail_004_kani=true&JigyosyoCd=4570108045-00&ServiceCd=150&Type=search", "url2": "http://www.houseien.jp/" }, "geometry": { "type": "Point", "coordinates": [ 131.4116818, 31.9567459 ] } },
{ "type": "Feature", "properties": { "内容": "デイサービスりんごの里【通所介護】宮崎県宮崎市吉村町西田甲647番地17", "url": "https://www.kaigokensaku.mhlw.go.jp/45/index.php?action_kouhyou_detail_004_kani=true&JigyosyoCd=4570108102-00&ServiceCd=150&Type=search", "url2": "https://ringo-ichigo.jp/ringo/" }, "geometry": { "type": "Point", "coordinates": [ 131.44275, 31.921225 ] } },
{ "type": "Feature", "properties": { "内容": "社会福祉法人凌雲堂宮崎デイサービスセンター【通所介護】宮崎県宮崎市大字跡江２３６６", "url": "https://www.kaigokensaku.mhlw.go.jp/45/index.php?action_kouhyou_detail_004_kani=true&JigyosyoCd=4570100737-00&ServiceCd=150&Type=search", "url2": "http://www.ryoundo.or.jp/" }, "geometry": { "type": "Point", "coordinates": [ 131.390806699999985, 31.9379969 ] } },
{ "type": "Feature", "properties": { "内容": "妙なる千寿の里　いずみ【通所介護】宮崎県宮崎市田野町甲2884番地11有料老人ホーム　いずみ", "url": "https://www.kaigokensaku.mhlw.go.jp/45/index.php?action_kouhyou_detail_004_kani=true&JigyosyoCd=4570108375-00&ServiceCd=150&Type=search", "url2": null }, "geometry": { "type": "Point", "coordinates": [ 131.304832600000026, 31.8366684 ] } },
{ "type": "Feature", "properties": { "内容": "でいさーびすせんたーえがお【通所介護】宮崎県宮崎市青島一丁目１０番２７号なごみの里青島", "url": "https://www.kaigokensaku.mhlw.go.jp/45/index.php?action_kouhyou_detail_004_kani=true&JigyosyoCd=4570108821-00&ServiceCd=150&Type=search", "url2": "http://www.nagominosato.in/" }, "geometry": { "type": "Point", "coordinates": [ 131.463976399999979, 31.8028752 ] } },
{ "type": "Feature", "properties": { "内容": "デイサービス　陽のあたる場所【通所介護】宮崎県宮崎市松橋1-4-8", "url": "https://www.kaigokensaku.mhlw.go.jp/45/index.php?action_kouhyou_detail_004_kani=true&JigyosyoCd=4570109266-00&ServiceCd=150&Type=search", "url2": "https://yushin-wd.co.jp/company/" }, "geometry": { "type": "Point", "coordinates": [ 131.419336, 31.9102533 ] } },
{ "type": "Feature", "properties": { "内容": "デイサービス平和台の杜２号館【通所介護】宮崎市下北方町塚原5701番地1", "url": "https://www.kaigokensaku.mhlw.go.jp/45/index.php?action_kouhyou_detail_004_kani=true&JigyosyoCd=4570109696-00&ServiceCd=150&Type=search", "url2": "https://haru-miyazaki.jp/" }, "geometry": { "type": "Point", "coordinates": [ 131.410136599999987, 31.9415932 ] } },
{ "type": "Feature", "properties": { "内容": "星空の都ディサービスセンターさどわら【通所介護】宮崎県宮崎市佐土原町下那珂３１６５－１", "url": "https://www.kaigokensaku.mhlw.go.jp/45/index.php?action_kouhyou_detail_004_kani=true&JigyosyoCd=4571500232-00&ServiceCd=150&Type=search", "url2": "sadowara.info@fujimoto.or.jp" }, "geometry": { "type": "Point", "coordinates": [ 131.466331399999945, 32.0018854 ] } },
{ "type": "Feature", "properties": { "内容": "デイサービスセンターもっときっと【通所介護】宮崎県宮崎市大字恒久字上代1544番地1", "url": "https://www.kaigokensaku.mhlw.go.jp/45/index.php?action_kouhyou_detail_004_kani=true&JigyosyoCd=4570108359-00&ServiceCd=150&Type=search", "url2": "http://www.mottokitto.co.jp/dayservice/index.html" }, "geometry": { "type": "Point", "coordinates": [ 131.423633, 31.887359 ] } },
{ "type": "Feature", "properties": { "内容": "通所介護　よりそい【通所介護】宮崎県宮崎市大字恒久5314番地5", "url": "https://www.kaigokensaku.mhlw.go.jp/45/index.php?action_kouhyou_detail_004_kani=true&JigyosyoCd=4570109167-00&ServiceCd=150&Type=search", "url2": "http://www.kanae-kai.com/" }, "geometry": { "type": "Point", "coordinates": [ 131.4122626, 31.8907852 ] } },
{ "type": "Feature", "properties": { "内容": "デイサービス　ほほえみ【通所介護】宮崎県宮崎市佐土原町下田島12183-3", "url": "https://www.kaigokensaku.mhlw.go.jp/45/index.php?action_kouhyou_detail_004_kani=true&JigyosyoCd=4570105991-00&ServiceCd=150&Type=search", "url2": null }, "geometry": { "type": "Point", "coordinates": [ 131.4731928, 32.0332525 ] } },
{ "type": "Feature", "properties": { "内容": "こんふぉた【通所介護】宮崎県宮崎市大字大瀬町３７９番地１", "url": "https://www.kaigokensaku.mhlw.go.jp/45/index.php?action_kouhyou_detail_004_kani=true&JigyosyoCd=4570110413-00&ServiceCd=150&Type=search", "url2": "https://gcomfort2.wixsite.com/comfort" }, "geometry": { "type": "Point", "coordinates": [ 131.377515276937828, 31.963582116438442 ] } },
{ "type": "Feature", "properties": { "内容": "デイサービスオアシスケア南宮崎【通所介護】大字恒久字上代1544-1", "url": "https://www.kaigokensaku.mhlw.go.jp/45/index.php?action_kouhyou_detail_004_kani=true&JigyosyoCd=4570110249-00&ServiceCd=150&Type=search", "url2": "kaigonomori.jp" }, "geometry": { "type": "Point", "coordinates": [ 131.408708600000011, 31.8912351 ] } },
{ "type": "Feature", "properties": { "内容": "宮崎大淀デイサービスセンター【通所介護】宮崎県宮崎市古城町柳町5157-1", "url": "https://www.kaigokensaku.mhlw.go.jp/45/index.php?action_kouhyou_detail_004_kani=true&JigyosyoCd=4570100661-00&ServiceCd=150&Type=search", "url2": "http://miyazaki-chojukai.com/" }, "geometry": { "type": "Point", "coordinates": [ 131.381612816449774, 31.894508661099984 ] } },
{ "type": "Feature", "properties": { "内容": "デイサービスセンター　エリア宮崎【通所介護】宮崎県宮崎市佐土原町下田島12219-136", "url": "https://www.kaigokensaku.mhlw.go.jp/45/index.php?action_kouhyou_detail_004_kani=true&JigyosyoCd=4570105223-00&ServiceCd=150&Type=search", "url2": null }, "geometry": { "type": "Point", "coordinates": [ 131.468976200000043, 32.0372324 ] } },
{ "type": "Feature", "properties": { "内容": "しおじデイサービスセンター【通所介護】大字塩路字江良ノ上2782-74", "url": "https://www.kaigokensaku.mhlw.go.jp/45/index.php?action_kouhyou_detail_004_kani=true&JigyosyoCd=4570108367-00&ServiceCd=150&Type=search", "url2": null }, "geometry": { "type": "Point", "coordinates": [ 131.4657621, 31.9668194 ] } },
{ "type": "Feature", "properties": { "内容": "ルミエールサロン波島【通所介護】宮崎県宮崎市波島1丁目1-69", "url": "https://www.kaigokensaku.mhlw.go.jp/45/index.php?action_kouhyou_detail_004_kani=true&JigyosyoCd=4570110579-00&ServiceCd=150&Type=search", "url2": null }, "geometry": { "type": "Point", "coordinates": [ 131.4460995, 31.9415004 ] } },
{ "type": "Feature", "properties": { "内容": "宮崎保健福祉専門学校附属デイサービスセンター健康【通所介護】宮崎県宮崎市清武町木原5705番地", "url": "https://www.kaigokensaku.mhlw.go.jp/45/index.php?action_kouhyou_detail_004_kani=true&JigyosyoCd=4570110587-00&ServiceCd=150&Type=search", "url2": null }, "geometry": { "type": "Point", "coordinates": [ 131.394783100000012, 31.8379377 ] } },
{ "type": "Feature", "properties": { "内容": "デイサービスセンターひだまり２号館【通所介護】宮崎県宮崎市佐土原町下那珂2967番地78", "url": "https://www.kaigokensaku.mhlw.go.jp/45/index.php?action_kouhyou_detail_004_kani=true&JigyosyoCd=4570103418-00&ServiceCd=150&Type=search", "url2": "http://www.meisyo-wa.jp/hidamari2/index.html" }, "geometry": { "type": "Point", "coordinates": [ 131.467037399999981, 31.992689 ] } },
{ "type": "Feature", "properties": { "内容": "デイサービスセンター美修苑【通所介護】宮崎県宮崎市田野町甲1671番地3", "url": "https://www.kaigokensaku.mhlw.go.jp/45/index.php?action_kouhyou_detail_004_kani=true&JigyosyoCd=4570105488-00&ServiceCd=150&Type=search", "url2": "https://www.bishuen.com/company" }, "geometry": { "type": "Point", "coordinates": [ 131.308878254668826, 31.835660250949346 ] } },
{ "type": "Feature", "properties": { "内容": "デイサービスセンター　住吉ふれあいホーム【通所介護】宮崎市大字島之内字井手下7402番1", "url": "https://www.kaigokensaku.mhlw.go.jp/45/index.php?action_kouhyou_detail_004_kani=true&JigyosyoCd=4570106007-00&ServiceCd=150&Type=search", "url2": "http://www.keimeisw.or.jp" }, "geometry": { "type": "Point", "coordinates": [ 131.46173239999996, 31.9915666 ] } },
{ "type": "Feature", "properties": { "内容": "デイサービスセンターゆっとねす【通所介護】宮崎県宮崎市大字小松1158-9", "url": "https://www.kaigokensaku.mhlw.go.jp/45/index.php?action_kouhyou_detail_004_kani=true&JigyosyoCd=4570102808-00&ServiceCd=150&Type=search", "url2": null }, "geometry": { "type": "Point", "coordinates": [ 131.40406578332815, 31.934300569683479 ] } },
{ "type": "Feature", "properties": { "内容": "ﾃﾞｲｻｰﾋﾞｽｾﾝﾀｰはまゆう赤江【通所介護】大字赤江1406-2", "url": "https://www.kaigokensaku.mhlw.go.jp/45/index.php?action_kouhyou_detail_004_kani=true&JigyosyoCd=4570105777-00&ServiceCd=150&Type=search", "url2": "http://hamayuu.com" }, "geometry": { "type": "Point", "coordinates": [ 131.449719800000054, 31.8847596 ] } },
{ "type": "Feature", "properties": { "内容": "デイサービス　いちごの里【通所介護】新城町44", "url": "https://www.kaigokensaku.mhlw.go.jp/45/index.php?action_kouhyou_detail_004_kani=true&JigyosyoCd=4570106379-00&ServiceCd=150&Type=search", "url2": "https://ringo-ichigo.jp/" }, "geometry": { "type": "Point", "coordinates": [ 131.4386836, 31.9263161 ] } },
{ "type": "Feature", "properties": { "内容": "デイサービスセンター千本桜坂【通所介護】宮崎県宮崎市佐土原町下田島20510番35", "url": "https://www.kaigokensaku.mhlw.go.jp/45/index.php?action_kouhyou_detail_004_kani=true&JigyosyoCd=4570107450-00&ServiceCd=150&Type=search", "url2": "http://hp.kaipoke.biz/k59/" }, "geometry": { "type": "Point", "coordinates": [ 131.474803325270074, 32.021224930654043 ] } },
{ "type": "Feature", "properties": { "内容": "社会福祉法人柑翔福祉会飛江田デイサービスセンター【通所介護】宮崎県宮崎市大字赤江字飛江田813-3", "url": "https://www.kaigokensaku.mhlw.go.jp/45/index.php?action_kouhyou_detail_004_kani=true&JigyosyoCd=4570100687-00&ServiceCd=150&Type=search", "url2": "http://www.ans.co.jp/n/hieda/" }, "geometry": { "type": "Point", "coordinates": [ 131.446989, 31.8830441 ] } },
{ "type": "Feature", "properties": { "内容": "リハビリ特化型デイサービス　繋　kei【通所介護】宮崎県宮崎市大字広原296番地１", "url": "https://www.kaigokensaku.mhlw.go.jp/45/index.php?action_kouhyou_detail_004_kani=true&JigyosyoCd=4570107799-00&ServiceCd=150&Type=search", "url2": "http://e-care910.com/index.html" }, "geometry": { "type": "Point", "coordinates": [ 131.437637062728527, 31.996061492260164 ] } },
{ "type": "Feature", "properties": { "内容": "コンパスウォーク宮崎島之内【通所介護】宮崎市大字島之内10578‐17", "url": "https://www.kaigokensaku.mhlw.go.jp/45/index.php?action_kouhyou_detail_004_kani=true&JigyosyoCd=4570109605-00&ServiceCd=150&Type=search", "url2": "http://tofuku-g.jp" }, "geometry": { "type": "Point", "coordinates": [ 131.46490270000001, 31.986575 ] } },
{ "type": "Feature", "properties": { "内容": "デイサービスなかま【通所介護】宮崎県都城市太郎坊町1530番地", "url": "https://www.kaigokensaku.mhlw.go.jp/45/index.php?action_kouhyou_detail_004_kani=true&JigyosyoCd=4570202913-00&ServiceCd=150&Type=search", "url2": "http://nakama-ds.net" }, "geometry": { "type": "Point", "coordinates": [ 131.087604199999987, 31.7786107 ] } },
{ "type": "Feature", "properties": { "内容": "ひばりデイサービス【通所介護】宮崎市高岡町花見2809番地住宅型有料老人ホームみかんの里ひばり", "url": "https://www.kaigokensaku.mhlw.go.jp/45/index.php?action_kouhyou_detail_004_kani=true&JigyosyoCd=4570109191-00&ServiceCd=150&Type=search", "url2": "https://hibari-service.com/" }, "geometry": { "type": "Point", "coordinates": [ 131.3204311, 31.9566429 ] } },
{ "type": "Feature", "properties": { "内容": "デイサービスそう・けん・び花【通所介護】花山手東2-9-1", "url": "https://www.kaigokensaku.mhlw.go.jp/45/index.php?action_kouhyou_detail_004_kani=true&JigyosyoCd=4570110470-00&ServiceCd=150&Type=search", "url2": "http://sou-ken-bi.com/publics/index/20/" }, "geometry": { "type": "Point", "coordinates": [ 131.4030146, 31.9049109 ] } },
{ "type": "Feature", "properties": { "内容": "デイサービスセンター憩いの広場【通所介護】宮崎県宮崎市吉村町浮之城甲１６－１", "url": "https://www.kaigokensaku.mhlw.go.jp/45/index.php?action_kouhyou_detail_004_kani=true&JigyosyoCd=4570105348-00&ServiceCd=150&Type=search", "url2": "http://www.sou-seniorcare.co.jp" }, "geometry": { "type": "Point", "coordinates": [ 131.438011932738164, 31.931111497044885 ] } },
{ "type": "Feature", "properties": { "内容": "リバーサイド・デイサービスおおよど【通所介護】宮崎県宮崎市大淀1丁目1番3号", "url": "https://www.kaigokensaku.mhlw.go.jp/45/index.php?action_kouhyou_detail_004_kani=true&JigyosyoCd=4570104408-00&ServiceCd=150&Type=search", "url2": "http://riversideoyodo.com" }, "geometry": { "type": "Point", "coordinates": [ 131.4239354, 31.9018744 ] } },
{ "type": "Feature", "properties": { "内容": "デイサービス　サニーサンデイ【通所介護】宮崎県宮崎市大字浮田3321番地", "url": "https://www.kaigokensaku.mhlw.go.jp/45/index.php?action_kouhyou_detail_004_kani=true&JigyosyoCd=4570108813-00&ServiceCd=150&Type=search", "url2": "http://www.okada-seikeigeka.com" }, "geometry": { "type": "Point", "coordinates": [ 131.378105, 31.9279641 ] } },
{ "type": "Feature", "properties": { "内容": "健幸くらぶ万智【通所介護】和知川3丁目17番地1", "url": "https://www.kaigokensaku.mhlw.go.jp/45/index.php?action_kouhyou_detail_004_kani=true&JigyosyoCd=4570107864-00&ServiceCd=150&Type=search", "url2": "http://www.sanyu-kai.jp/index.html" }, "geometry": { "type": "Point", "coordinates": [ 131.409440354477454, 31.923105954526125 ] } },
{ "type": "Feature", "properties": { "内容": "デイサービス　すずらん【通所介護】清武町加納2丁目５１－３", "url": "https://www.kaigokensaku.mhlw.go.jp/45/index.php?action_kouhyou_detail_004_kani=true&JigyosyoCd=4570107278-00&ServiceCd=150&Type=search", "url2": "http://nttbj.itp.ne.jp/0985856006/" }, "geometry": { "type": "Point", "coordinates": [ 131.397945207934526, 31.872081333142528 ] } },
{ "type": "Feature", "properties": { "内容": "デイサービスセンターうしたに【通所介護】宮崎市大字恒久宇西原5064番地", "url": "https://www.kaigokensaku.mhlw.go.jp/45/index.php?action_kouhyou_detail_004_kani=true&JigyosyoCd=4570103228-00&ServiceCd=150&Type=search", "url2": "http://www.ushitani.com/" }, "geometry": { "type": "Point", "coordinates": [ 131.41278877289426, 31.890225181621759 ] } },
{ "type": "Feature", "properties": { "内容": "一ツ葉医研有限会社【通所介護】宮崎市吉村町今村甲４１１９番地１", "url": "https://www.kaigokensaku.mhlw.go.jp/45/index.php?action_kouhyou_detail_004_kani=true&JigyosyoCd=4570109985-00&ServiceCd=150&Type=search", "url2": "https://dshitotuba.wixsite.com/-site" }, "geometry": { "type": "Point", "coordinates": [ 131.448301137434385, 31.911985524091993 ] } },
{ "type": "Feature", "properties": { "内容": "デイサービスセンターあしあと【通所介護】宮崎県宮崎市高岡町下倉永338番地1", "url": "https://www.kaigokensaku.mhlw.go.jp/45/index.php?action_kouhyou_detail_004_kani=true&JigyosyoCd=4570104374-00&ServiceCd=150&Type=search", "url2": "http://www.genki0203.com/" }, "geometry": { "type": "Point", "coordinates": [ 131.3424393, 31.9420074 ] } },
{ "type": "Feature", "properties": { "内容": "通所介護ぷらす【通所介護】宮崎県宮崎市大字熊野２９９１番地１", "url": "https://www.kaigokensaku.mhlw.go.jp/45/index.php?action_kouhyou_detail_004_kani=true&JigyosyoCd=4570108300-00&ServiceCd=150&Type=search", "url2": null }, "geometry": { "type": "Point", "coordinates": [ 131.434930971684679, 31.839200111682807 ] } },
{ "type": "Feature", "properties": { "内容": "カーリハ＆菜園デイ　みなみ【通所介護】宮崎県宮崎市大字島之内３５３５番地２", "url": "https://www.kaigokensaku.mhlw.go.jp/45/index.php?action_kouhyou_detail_004_kani=true&JigyosyoCd=4570107443-00&ServiceCd=150&Type=search", "url2": "http://minamikyusyu-car.main.jp/carReha/" }, "geometry": { "type": "Point", "coordinates": [ 131.442453063615403, 32.001049189590205 ] } },
{ "type": "Feature", "properties": { "内容": "デイサービスセンター田野ひまわり【通所介護】甲5229番地13", "url": "https://www.kaigokensaku.mhlw.go.jp/45/index.php?action_kouhyou_detail_004_kani=true&JigyosyoCd=4570106460-00&ServiceCd=150&Type=search", "url2": null }, "geometry": { "type": "Point", "coordinates": [ 131.318493364514097, 31.829091404626908 ] } },
{ "type": "Feature", "properties": { "内容": "はるのもり【通所介護】小松204－2", "url": "https://www.kaigokensaku.mhlw.go.jp/45/index.php?action_kouhyou_detail_004_kani=true&JigyosyoCd=4570108953-00&ServiceCd=150&Type=search", "url2": "http://www.harunomori.co.jp" }, "geometry": { "type": "Point", "coordinates": [ 136.445853199999988, 36.4084209 ] } },
{ "type": "Feature", "properties": { "内容": "デイサービスセンターささえ愛【通所介護】宮崎県宮崎市大字島之9686番地9", "url": "https://www.kaigokensaku.mhlw.go.jp/45/index.php?action_kouhyou_detail_004_kani=true&JigyosyoCd=4570108904-00&ServiceCd=150&Type=search", "url2": null }, "geometry": { "type": "Point", "coordinates": [ 131.457988399999977, 31.9903443 ] } },
{ "type": "Feature", "properties": { "内容": "コモン久峰【通所介護】宮崎県宮崎市佐土原町下那珂４５１８－４０３", "url": "https://www.kaigokensaku.mhlw.go.jp/45/index.php?action_kouhyou_detail_004_kani=true&JigyosyoCd=4570109803-00&ServiceCd=150&Type=search", "url2": "https://commons-company.jimdofree.com" }, "geometry": { "type": "Point", "coordinates": [ 131.429939100000013, 32.0281088 ] } },
{ "type": "Feature", "properties": { "内容": "デイサービスセンターこのはなガーデン【通所介護】宮崎県宮崎市清武町木原3207-1", "url": "https://www.kaigokensaku.mhlw.go.jp/45/index.php?action_kouhyou_detail_004_kani=true&JigyosyoCd=4570105926-00&ServiceCd=150&Type=search", "url2": "http://konohana-garden.com/" }, "geometry": { "type": "Point", "coordinates": [ 131.412793023011687, 31.842649565799221 ] } },
{ "type": "Feature", "properties": { "内容": "昭和村大島館【通所介護】宮崎県宮崎市大島町平原953-3", "url": "https://www.kaigokensaku.mhlw.go.jp/45/index.php?action_kouhyou_detail_004_kani=true&JigyosyoCd=4570103160-00&ServiceCd=150&Type=search", "url2": "http://www.tofuku.jp/index.html" }, "geometry": { "type": "Point", "coordinates": [ 131.441603, 31.9335589 ] } },
{ "type": "Feature", "properties": { "内容": "デイサービス和知川原【通所介護】宮崎県宮崎市和知川原2丁目25-1", "url": "https://www.kaigokensaku.mhlw.go.jp/45/index.php?action_kouhyou_detail_004_kani=true&JigyosyoCd=4570105264-00&ServiceCd=150&Type=search", "url2": "https://www.miyazaki-iryou.coop/" }, "geometry": { "type": "Point", "coordinates": [ 131.411605300000019, 31.923688 ] } },
{ "type": "Feature", "properties": { "内容": "通所介護なみしま【通所介護】宮崎県宮崎市波島1丁目41-48", "url": "https://www.kaigokensaku.mhlw.go.jp/45/index.php?action_kouhyou_detail_004_kani=true&JigyosyoCd=4570109738-00&ServiceCd=150&Type=search", "url2": null }, "geometry": { "type": "Point", "coordinates": [ 131.446779760713184, 31.940544061162488 ] } },
{ "type": "Feature", "properties": { "内容": "デイサービスセンター春風【通所介護】宮崎市城ヶ崎3丁目3番3デイサービスセンター春風", "url": "https://www.kaigokensaku.mhlw.go.jp/45/index.php?action_kouhyou_detail_004_kani=true&JigyosyoCd=4570106627-00&ServiceCd=150&Type=search", "url2": null }, "geometry": { "type": "Point", "coordinates": [ 131.432569699999931, 31.897902599999988 ] } },
{ "type": "Feature", "properties": { "内容": "宮崎南デイサービスセンター【通所介護】宮崎県宮崎市大字加江田曽山寺４５１４－２", "url": "https://www.kaigokensaku.mhlw.go.jp/45/index.php?action_kouhyou_detail_004_kani=true&JigyosyoCd=4570100695-00&ServiceCd=150&Type=search", "url2": "aishin@face.ne.jp" }, "geometry": { "type": "Point", "coordinates": [ 131.445067918354738, 31.811826758719331 ] } },
{ "type": "Feature", "properties": { "内容": "生目台デイサービスセンター【通所介護】宮崎県宮崎市生目台東4丁目5-3", "url": "https://www.kaigokensaku.mhlw.go.jp/45/index.php?action_kouhyou_detail_004_kani=true&JigyosyoCd=4570100653-00&ServiceCd=150&Type=search", "url2": "http://miyazaki-chojukai.com/" }, "geometry": { "type": "Point", "coordinates": [ 131.378646455819762, 31.90484006016208 ] } },
{ "type": "Feature", "properties": { "内容": "デイサービスセンター　ビオラ【通所介護】宮崎県宮崎市下北方町常盤元997番地1", "url": "https://www.kaigokensaku.mhlw.go.jp/45/index.php?action_kouhyou_detail_004_kani=true&JigyosyoCd=4570108623-00&ServiceCd=150&Type=search", "url2": "http://www.keimeisw.or.jp/" }, "geometry": { "type": "Point", "coordinates": [ 131.425989224095275, 31.942084975383601 ] } },
{ "type": "Feature", "properties": { "内容": "デイサービスはつらつ青葉【通所介護】宮崎県宮崎市宮崎駅東三丁目９番１０", "url": "https://www.kaigokensaku.mhlw.go.jp/45/index.php?action_kouhyou_detail_004_kani=true&JigyosyoCd=4570105876-00&ServiceCd=150&Type=search", "url2": "https//www.kouwakai-f.jp" }, "geometry": { "type": "Point", "coordinates": [ 131.432473609262047, 31.919648120609519 ] } },
{ "type": "Feature", "properties": { "内容": "デイサービス源藤の里こころ【通所介護】宮崎市源藤町堤下５０９番地", "url": "https://www.kaigokensaku.mhlw.go.jp/45/index.php?action_kouhyou_detail_004_kani=true&JigyosyoCd=4570106312-00&ServiceCd=150&Type=search", "url2": "http://www.jiaikai-fuk.or.jp/" }, "geometry": { "type": "Point", "coordinates": [ 131.415493138623106, 31.885878061801851 ] } },
{ "type": "Feature", "properties": { "内容": "ケアトピアデイサービスセンター【通所介護】宮崎県宮崎市大字郡司分丙９２７３番地", "url": "https://www.kaigokensaku.mhlw.go.jp/45/index.php?action_kouhyou_detail_004_kani=true&JigyosyoCd=4570100679-00&ServiceCd=150&Type=search", "url2": "http://www.care.or.jp" }, "geometry": { "type": "Point", "coordinates": [ 131.415896400000065, 31.86443 ] } },
{ "type": "Feature", "properties": { "内容": "国富倶楽部【通所介護】宮崎県宮崎市本郷南方５", "url": "https://www.kaigokensaku.mhlw.go.jp/45/index.php?action_kouhyou_detail_004_kani=true&JigyosyoCd=4570106320-00&ServiceCd=150&Type=search", "url2": "http://www.kudomi.com" }, "geometry": { "type": "Point", "coordinates": [ 131.434103300000061, 31.856678 ] } },
{ "type": "Feature", "properties": { "内容": "社会福祉法人信愛会みやづるデイサービスセンター【通所介護】宮崎県宮崎市高岡町下倉永字宮水流５６６－２みやづるデイサービスセンター", "url": "https://www.kaigokensaku.mhlw.go.jp/45/index.php?action_kouhyou_detail_004_kani=true&JigyosyoCd=4570108482-00&ServiceCd=150&Type=search", "url2": "http://www.sin-ai-kai.jp" }, "geometry": { "type": "Point", "coordinates": [ 131.333394, 31.931732 ] } },
{ "type": "Feature", "properties": { "内容": "デイサービスセンターひだまり２号館【通所介護】宮崎県宮崎市佐土原町下那珂2967番地78", "url": "https://www.kaigokensaku.mhlw.go.jp/45/index.php?action_kouhyou_detail_004_kani=true&JigyosyoCd=4570110363-00&ServiceCd=150&Type=search", "url2": "hidamari-2@meisyo-wa.jp" }, "geometry": { "type": "Point", "coordinates": [ 131.4299607, 32.0288873 ] } },
{ "type": "Feature", "properties": { "内容": "デイサービスセンター結テラス【通所介護】佐土原町上田島1687番地住宅型有料老人ホーム結テラス", "url": "https://www.kaigokensaku.mhlw.go.jp/45/index.php?action_kouhyou_detail_004_kani=true&JigyosyoCd=4570110033-00&ServiceCd=150&Type=search", "url2": "https://meisyo-wa.jp" }, "geometry": { "type": "Point", "coordinates": [ 131.431055575921306, 32.049144189177319 ] } },
{ "type": "Feature", "properties": { "内容": "ハートフル・ケア小松【通所介護】大字小松３２５９", "url": "https://www.kaigokensaku.mhlw.go.jp/45/index.php?action_kouhyou_detail_004_kani=true&JigyosyoCd=4570106221-00&ServiceCd=150&Type=search", "url2": "www.heartful-komatsu.com/" }, "geometry": { "type": "Point", "coordinates": [ 131.386801800000057, 31.9256479 ] } },
{ "type": "Feature", "properties": { "内容": "リハビリセンターであい【通所介護】宮崎県宮崎市清武町正手1丁目41番地", "url": "https://www.kaigokensaku.mhlw.go.jp/45/index.php?action_kouhyou_detail_004_kani=true&JigyosyoCd=4570107476-00&ServiceCd=150&Type=search", "url2": null }, "geometry": { "type": "Point", "coordinates": [ 131.386962196958962, 31.857678043682689 ] } },
{ "type": "Feature", "properties": { "内容": "ALIFEディサービスセンター月虹【通所介護】宮崎県宮崎市大字恒久吉永1236番地住宅型有料老人ホーム月虹", "url": "https://www.kaigokensaku.mhlw.go.jp/45/index.php?action_kouhyou_detail_004_kani=true&JigyosyoCd=4570107229-00&ServiceCd=150&Type=search", "url2": "http://www.miyazakikaigo-gekkou.jp/" }, "geometry": { "type": "Point", "coordinates": [ 131.420073199999933, 31.8873089 ] } },
{ "type": "Feature", "properties": { "内容": "デイサービス　さくらさん家【通所介護】宮崎市大字本郷北方2994番地", "url": "https://www.kaigokensaku.mhlw.go.jp/45/index.php?action_kouhyou_detail_004_kani=true&JigyosyoCd=4570106429-00&ServiceCd=150&Type=search", "url2": null }, "geometry": { "type": "Point", "coordinates": [ 131.418983215344298, 31.873242122251462 ] } },
{ "type": "Feature", "properties": { "内容": "のんびりデイあうん神宮【通所介護】宮崎県宮崎市神宮1丁目16", "url": "https://www.kaigokensaku.mhlw.go.jp/45/index.php?action_kouhyou_detail_004_kani=true&JigyosyoCd=4570107971-00&ServiceCd=150&Type=search", "url2": "http://www.aunsec.com/" }, "geometry": { "type": "Point", "coordinates": [ 131.422051300000021, 31.9311237 ] } },
{ "type": "Feature", "properties": { "内容": "障がい者デイサービス　サニースマイル【通所介護】宮崎県宮崎市大字小松1030番地1", "url": "https://www.kaigokensaku.mhlw.go.jp/45/index.php?action_kouhyou_detail_004_kani=true&JigyosyoCd=4570108938-00&ServiceCd=150&Type=search", "url2": "http://fureai-fukushi.co.jp/" }, "geometry": { "type": "Point", "coordinates": [ 131.40358404483834, 31.937773219468674 ] } },
{ "type": "Feature", "properties": { "内容": "あおしま優亜館【通所介護】宮崎県宮崎市大字加江田4910番地", "url": "https://www.kaigokensaku.mhlw.go.jp/45/index.php?action_kouhyou_detail_004_kani=true&JigyosyoCd=4570102584-00&ServiceCd=150&Type=search", "url2": "htt://a-yuakan.com/" }, "geometry": { "type": "Point", "coordinates": [ 131.454482800000051, 31.8127876 ] } },
{ "type": "Feature", "properties": { "内容": "海人の空【通所介護】宮崎県宮崎市大字加江田4910番地", "url": "https://www.kaigokensaku.mhlw.go.jp/45/index.php?action_kouhyou_detail_004_kani=true&JigyosyoCd=4570107070-00&ServiceCd=150&Type=search", "url2": "http://a-yuakan.com/" }, "geometry": { "type": "Point", "coordinates": [ 131.454482800000051, 31.8127876 ] } },
{ "type": "Feature", "properties": { "内容": "さくらんぼ【通所介護】宮﨑県宮崎市清武町大字木原5522番地1", "url": "https://www.kaigokensaku.mhlw.go.jp/45/index.php?action_kouhyou_detail_004_kani=true&JigyosyoCd=4570109944-00&ServiceCd=150&Type=search", "url2": "http://www.a-yuakan.com" }, "geometry": { "type": "Point", "coordinates": [ 131.398151167432786, 31.845289221293864 ] } },
{ "type": "Feature", "properties": { "内容": "のんびりデイあうん住吉【通所介護】宮崎県宮崎市大字新名爪1288-11", "url": "https://www.kaigokensaku.mhlw.go.jp/45/index.php?action_kouhyou_detail_004_kani=true&JigyosyoCd=4570108490-00&ServiceCd=150&Type=search", "url2": null }, "geometry": { "type": "Point", "coordinates": [ 131.452642400000059, 31.9756954 ] } },
{ "type": "Feature", "properties": { "内容": "デイサービス　ひびき【通所介護】宮崎県宮崎市大塚町池ノ内1199番地", "url": "https://www.kaigokensaku.mhlw.go.jp/45/index.php?action_kouhyou_detail_004_kani=true&JigyosyoCd=4570109076-00&ServiceCd=150&Type=search", "url2": "http://www.okada-seikeigeka.com" }, "geometry": { "type": "Point", "coordinates": [ 131.393765356900076, 31.923508119712849 ] } },
{ "type": "Feature", "properties": { "内容": "デイサービス自由ヶ丘【通所介護】宮崎県宮崎市吉村町井手ノ中甲793-1", "url": "https://www.kaigokensaku.mhlw.go.jp/45/index.php?action_kouhyou_detail_004_kani=true&JigyosyoCd=4570104226-00&ServiceCd=150&Type=search", "url2": null }, "geometry": { "type": "Point", "coordinates": [ 131.443684769728065, 31.92315104252846 ] } },
{ "type": "Feature", "properties": { "内容": "デイサービスセンター桂【通所介護】宮崎県宮崎市高岡町飯田１丁目７番地３", "url": "https://www.kaigokensaku.mhlw.go.jp/45/index.php?action_kouhyou_detail_004_kani=true&JigyosyoCd=4570105322-00&ServiceCd=150&Type=search", "url2": "http://www.nishizononaika.jp/katsura" }, "geometry": { "type": "Point", "coordinates": [ 131.306526382938046, 31.956863276722057 ] } },
{ "type": "Feature", "properties": { "内容": "デイサービスステーションアルバ【通所介護】宮崎県宮崎市大字小松1133番地カーサ・アルバ壱番館4階", "url": "https://www.kaigokensaku.mhlw.go.jp/45/index.php?action_kouhyou_detail_004_kani=true&JigyosyoCd=4570107583-00&ServiceCd=150&Type=search", "url2": "http://www.casa.junwakai.com/facility/" }, "geometry": { "type": "Point", "coordinates": [ 131.40194740000004, 31.9355392 ] } },
{ "type": "Feature", "properties": { "内容": "デイサービスはつらつ佐土原【通所介護】宮崎県宮崎市佐土原町下田島９６０４－１", "url": "https://www.kaigokensaku.mhlw.go.jp/45/index.php?action_kouhyou_detail_004_kani=true&JigyosyoCd=4570105199-00&ServiceCd=150&Type=search", "url2": "haturatu-sadowara@koujunkai.jp" }, "geometry": { "type": "Point", "coordinates": [ 131.475065200000017, 32.027542 ] } },
{ "type": "Feature", "properties": { "内容": "デイサービスラスベガス宮崎大塚【通所介護】宮崎県宮崎市大塚町天神後2663番地1", "url": "https://www.kaigokensaku.mhlw.go.jp/45/index.php?action_kouhyou_detail_004_kani=true&JigyosyoCd=4570109142-00&ServiceCd=150&Type=search", "url2": "http://las-vegas.jp/" }, "geometry": { "type": "Point", "coordinates": [ 131.3917979, 31.9151928 ] } },
{ "type": "Feature", "properties": { "内容": "デイサービスふれあい【通所介護】宮崎県宮崎市大字島之内９７０３－２２", "url": "https://www.kaigokensaku.mhlw.go.jp/45/index.php?action_kouhyou_detail_004_kani=true&JigyosyoCd=4570102634-00&ServiceCd=150&Type=search", "url2": null }, "geometry": { "type": "Point", "coordinates": [ 131.459443800000031, 31.9894416 ] } },
{ "type": "Feature", "properties": { "内容": "デイサービスセンターはくじゅ【通所介護】宮崎県宮崎市大字田吉東前島２４７８－１", "url": "https://www.kaigokensaku.mhlw.go.jp/45/index.php?action_kouhyou_detail_004_kani=true&JigyosyoCd=4570108680-00&ServiceCd=150&Type=search", "url2": "http://www.day-hakujyu.jp/" }, "geometry": { "type": "Point", "coordinates": [ 131.452937799999972, 31.8896395 ] } },
{ "type": "Feature", "properties": { "内容": "ツクイ宮崎矢の先【通所介護】宮崎県宮崎市矢の先町20番地", "url": "https://www.kaigokensaku.mhlw.go.jp/45/index.php?action_kouhyou_detail_004_kani=true&JigyosyoCd=4570102790-00&ServiceCd=150&Type=search", "url2": "http://www.tsuki.net/home-care/2288" }, "geometry": { "type": "Point", "coordinates": [ 131.4208595, 31.941067 ] } },
{ "type": "Feature", "properties": { "内容": "ツクイ宮崎天満橋【通所介護】宮崎県宮崎市福島町3031-1", "url": "https://www.kaigokensaku.mhlw.go.jp/45/index.php?action_kouhyou_detail_004_kani=true&JigyosyoCd=4570104614-00&ServiceCd=150&Type=search", "url2": "http://www.tsukui.net" }, "geometry": { "type": "Point", "coordinates": [ 131.403350899999964, 31.9098585 ] } },
{ "type": "Feature", "properties": { "内容": "デイサービスセンター月見ヶ丘【通所介護】宮崎県宮崎市大字本郷北方２５８９番地", "url": "https://www.kaigokensaku.mhlw.go.jp/45/index.php?action_kouhyou_detail_004_kani=true&JigyosyoCd=4570105082-00&ServiceCd=150&Type=search", "url2": "www.tukimigaoka-yumekaigo.com" }, "geometry": { "type": "Point", "coordinates": [ 131.420517293254079, 31.874992809562048 ] } },
{ "type": "Feature", "properties": { "内容": "通所介護サニーサイド【通所介護】宮崎市田吉6186-5", "url": "https://www.kaigokensaku.mhlw.go.jp/45/index.php?action_kouhyou_detail_004_kani=true&JigyosyoCd=4570109977-00&ServiceCd=150&Type=search", "url2": "https://miyazaki-houkatsu-serv.com/" }, "geometry": { "type": "Point", "coordinates": [ 131.440606, 31.8896618 ] } },
{ "type": "Feature", "properties": { "内容": "合同会社　アズマ　デイサービスほおずき【通所介護】宮崎県宮崎市佐土原町下田島11408-2合同会社アズマ", "url": "https://www.kaigokensaku.mhlw.go.jp/45/index.php?action_kouhyou_detail_004_kani=true&JigyosyoCd=4570106874-00&ServiceCd=150&Type=search", "url2": null }, "geometry": { "type": "Point", "coordinates": [ 131.483945, 32.0261371 ] } },
{ "type": "Feature", "properties": { "内容": "デイサービス燈【通所介護】宮崎県宮崎市佐土原町東上那珂15773番地2", "url": "https://www.kaigokensaku.mhlw.go.jp/45/index.php?action_kouhyou_detail_004_kani=true&JigyosyoCd=4570108128-00&ServiceCd=150&Type=search", "url2": null }, "geometry": { "type": "Point", "coordinates": [ 131.428674268122904, 32.036071794988274 ] } },
{ "type": "Feature", "properties": { "内容": "住之江デイサービスセンター【通所介護】宮崎県宮崎市大字島之内2752番地", "url": "https://www.kaigokensaku.mhlw.go.jp/45/index.php?action_kouhyou_detail_004_kani=true&JigyosyoCd=4570100620-00&ServiceCd=150&Type=search", "url2": "http://www.m-shinwakai.jp/" }, "geometry": { "type": "Point", "coordinates": [ 131.450316499999985, 31.9937381 ] } },
{ "type": "Feature", "properties": { "内容": "社会福祉法人日向更生センター皇寿園デイサービスセンター【通所介護】宮崎県宮崎市阿波岐原町前浜4276番地710", "url": "https://www.kaigokensaku.mhlw.go.jp/45/index.php?action_kouhyou_detail_004_kani=true&JigyosyoCd=4570100638-00&ServiceCd=150&Type=search", "url2": "tttp://www.hyugakosei.jp/" }, "geometry": { "type": "Point", "coordinates": [ 131.462565300000051, 31.9398452 ] } },
{ "type": "Feature", "properties": { "内容": "社会福祉法人芳生会　芳生苑デイサービスセンター【通所介護】宮崎県宮崎市大字大瀬町3190番地", "url": "https://www.kaigokensaku.mhlw.go.jp/45/index.php?action_kouhyou_detail_004_kani=true&JigyosyoCd=4570100752-00&ServiceCd=150&Type=search", "url2": "http://www.houseien.jp" }, "geometry": { "type": "Point", "coordinates": [ 131.379485599999953, 31.9842369 ] } },
{ "type": "Feature", "properties": { "内容": "デイサービスしらふじ【通所介護】宮崎県宮崎市大字糸原400番地", "url": "https://www.kaigokensaku.mhlw.go.jp/45/index.php?action_kouhyou_detail_004_kani=true&JigyosyoCd=4570103814-00&ServiceCd=150&Type=search", "url2": "http://www.ryoundo.or.jp/" }, "geometry": { "type": "Point", "coordinates": [ 131.36863459999995, 31.95795 ] } },
{ "type": "Feature", "properties": { "内容": "デイサービスセンターこの気なんの気【通所介護】宮崎県宮崎市大字本郷南方5468-82", "url": "https://www.kaigokensaku.mhlw.go.jp/45/index.php?action_kouhyou_detail_004_kani=true&JigyosyoCd=4570104135-00&ServiceCd=150&Type=search", "url2": "http://prev.famt.jp/yuakan/" }, "geometry": { "type": "Point", "coordinates": [ 131.4263899, 31.8655803 ] } },
{ "type": "Feature", "properties": { "内容": "多機能リハビリステーションケアふる【通所介護】宮崎県宮崎市吉村町南田甲1051番地12", "url": "https://www.kaigokensaku.mhlw.go.jp/45/index.php?action_kouhyou_detail_004_kani=true&JigyosyoCd=4570104192-00&ServiceCd=150&Type=search", "url2": "http://www.care-project.co.jp/" }, "geometry": { "type": "Point", "coordinates": [ 131.45325086817968, 31.917343388747799 ] } },
{ "type": "Feature", "properties": { "内容": "有限会社ケアホーム・こんぺいとう【通所介護】宮崎県宮崎市大字芳士1319-2", "url": "https://www.kaigokensaku.mhlw.go.jp/45/index.php?action_kouhyou_detail_004_kani=true&JigyosyoCd=4570102501-00&ServiceCd=150&Type=search", "url2": null }, "geometry": { "type": "Point", "coordinates": [ 131.442477101952306, 31.964140619858082 ] } },
{ "type": "Feature", "properties": { "内容": "有限会社セカンドステージ　デイサービス・グランパ【通所介護】宮崎県宮崎市大字生目１５６番地", "url": "https://www.kaigokensaku.mhlw.go.jp/45/index.php?action_kouhyou_detail_004_kani=true&JigyosyoCd=4570103368-00&ServiceCd=150&Type=search", "url2": "http://www.grandpapa-mama.com" }, "geometry": { "type": "Point", "coordinates": [ 131.379506148548927, 31.919789419082889 ] } },
{ "type": "Feature", "properties": { "内容": "デイサービスセンターはまゆう【通所介護】宮崎県宮崎市高岡町小山田八久保212-5", "url": "https://www.kaigokensaku.mhlw.go.jp/45/index.php?action_kouhyou_detail_004_kani=true&JigyosyoCd=4571900333-00&ServiceCd=150&Type=search", "url2": "htttp://www.hamayuu.com" }, "geometry": { "type": "Point", "coordinates": [ 131.331191, 31.9333122 ] } },
{ "type": "Feature", "properties": { "内容": "社協デイサービスセンター清武【通所介護】宮崎県宮崎市清武町西新町8番地6　清武総合福祉センター内", "url": "https://www.kaigokensaku.mhlw.go.jp/45/index.php?action_kouhyou_detail_004_kani=true&JigyosyoCd=4571500299-00&ServiceCd=150&Type=search", "url2": null }, "geometry": { "type": "Point", "coordinates": [ 131.389303726319895, 31.854019703220001 ] } },
{ "type": "Feature", "properties": { "内容": "佐土原中央デイサービスセンター【通所介護】宮崎県宮崎市佐土原町東上那珂１２９４８番地１宮崎市社会福祉協議会　佐土原支所", "url": "https://www.kaigokensaku.mhlw.go.jp/45/index.php?action_kouhyou_detail_004_kani=true&JigyosyoCd=4571500307-00&ServiceCd=150&Type=search", "url2": "http://www.my-shakyo.jp/" }, "geometry": { "type": "Point", "coordinates": [ 131.434138, 32.0213713 ] } },
{ "type": "Feature", "properties": { "内容": "寿幸園デイサービスセンター【通所介護】宮崎県宮崎市清武町木原5254番地2", "url": "https://www.kaigokensaku.mhlw.go.jp/45/index.php?action_kouhyou_detail_004_kani=true&JigyosyoCd=4571500141-00&ServiceCd=150&Type=search", "url2": "http://www.koujikai.com/" }, "geometry": { "type": "Point", "coordinates": [ 131.401307714155564, 31.842212388406484 ] } },
{ "type": "Feature", "properties": { "内容": "社会福祉法人明照福祉会明照デイサービスセンター【通所介護】宮崎県宮崎市佐土原町下田島4568", "url": "https://www.kaigokensaku.mhlw.go.jp/45/index.php?action_kouhyou_detail_004_kani=true&JigyosyoCd=4571500216-00&ServiceCd=150&Type=search", "url2": "http://www.meisyo-wa.jp" }, "geometry": { "type": "Point", "coordinates": [ 131.4419944, 32.0491494 ] } },
{ "type": "Feature", "properties": { "内容": "アリビオさくらデイサービス【通所介護】宮崎県宮崎市清武町加納甲1318番地1", "url": "https://www.kaigokensaku.mhlw.go.jp/45/index.php?action_kouhyou_detail_004_kani=true&JigyosyoCd=4571500646-00&ServiceCd=150&Type=search", "url2": "http://tokueikai.lar.jp/" }, "geometry": { "type": "Point", "coordinates": [ 131.389886599999954, 31.8721445 ] } },
{ "type": "Feature", "properties": { "内容": "社会福祉法人デイサービスセンターあおばの里【通所介護】宮崎県宮崎市田野町乙9178-11", "url": "https://www.kaigokensaku.mhlw.go.jp/45/index.php?action_kouhyou_detail_004_kani=true&JigyosyoCd=4571500208-00&ServiceCd=150&Type=search", "url2": null }, "geometry": { "type": "Point", "coordinates": [ 131.3005048, 31.8434954 ] } },
{ "type": "Feature", "properties": { "内容": "この気なんの気　住吉センター【通所介護】宮崎県宮崎市大字塩路字大久保535番地1", "url": "https://www.kaigokensaku.mhlw.go.jp/45/index.php?action_kouhyou_detail_004_kani=true&JigyosyoCd=4570103806-00&ServiceCd=150&Type=search", "url2": "http://www.konoki.co.jp" }, "geometry": { "type": "Point", "coordinates": [ 131.462777313894577, 31.972707285891065 ] } },
{ "type": "Feature", "properties": { "内容": "デイサービス島之内【通所介護】宮崎県宮崎市大字島之内2345番地3", "url": "https://www.kaigokensaku.mhlw.go.jp/45/index.php?action_kouhyou_detail_004_kani=true&JigyosyoCd=4570102139-00&ServiceCd=150&Type=search", "url2": "http://www.dojunkai.com" }, "geometry": { "type": "Point", "coordinates": [ 131.4543969, 31.9913857 ] } },
{ "type": "Feature", "properties": { "内容": "リバティ宮崎デイサービスセンター【通所介護】宮崎県宮崎市大字芳士字祝田1334番地1", "url": "https://www.kaigokensaku.mhlw.go.jp/45/index.php?action_kouhyou_detail_004_kani=true&JigyosyoCd=4570103715-00&ServiceCd=150&Type=search", "url2": "http://www.libertymiyazaki.com" }, "geometry": { "type": "Point", "coordinates": [ 131.44416103999481, 31.963714528151563 ] } },
{ "type": "Feature", "properties": { "内容": "デイサービスセンターぬくもり【通所介護】宮崎県宮崎市淀川3丁目6番8号", "url": "https://www.kaigokensaku.mhlw.go.jp/45/index.php?action_kouhyou_detail_004_kani=true&JigyosyoCd=4570104481-00&ServiceCd=150&Type=search", "url2": null }, "geometry": { "type": "Point", "coordinates": [ 131.415896372422054, 31.898414327481479 ] } },
{ "type": "Feature", "properties": { "内容": "ツクイ宮崎吉村【通所介護】宮崎県宮崎市吉村町長田甲2344-1", "url": "https://www.kaigokensaku.mhlw.go.jp/45/index.php?action_kouhyou_detail_004_kani=true&JigyosyoCd=4570102733-00&ServiceCd=150&Type=search", "url2": "http//www.tsukui.net/home-care/2279" }, "geometry": { "type": "Point", "coordinates": [ 131.441327900000033, 31.9231749 ] } },
{ "type": "Feature", "properties": { "内容": "デイサービスセンター橘公園【通所介護】宮崎県宮崎市松山2丁目23-1", "url": "https://www.kaigokensaku.mhlw.go.jp/45/index.php?action_kouhyou_detail_004_kani=true&JigyosyoCd=4570101545-00&ServiceCd=150&Type=search", "url2": "http://www.mediwel.jp/" }, "geometry": { "type": "Point", "coordinates": [ 131.429413349212609, 31.905256144727751 ] } },
{ "type": "Feature", "properties": { "内容": "リハ・ケアステーションあかえ【通所介護】宮崎県宮崎市大字本郷南方上無田３４９８番１リハ・ケアステーションあかえ", "url": "https://www.kaigokensaku.mhlw.go.jp/45/index.php?action_kouhyou_detail_004_kani=true&JigyosyoCd=4570106338-00&ServiceCd=150&Type=search", "url2": null }, "geometry": { "type": "Point", "coordinates": [ 131.433019143746947, 31.869254920351743 ] } },
{ "type": "Feature", "properties": { "内容": "ライブリーサロン波島【通所介護】宮崎県宮崎市波島１丁目１‐69", "url": "https://www.kaigokensaku.mhlw.go.jp/45/index.php?action_kouhyou_detail_004_kani=true&JigyosyoCd=4570109886-00&ServiceCd=150&Type=search", "url2": null }, "geometry": { "type": "Point", "coordinates": [ 131.446141399999988, 31.9414805 ] } },
{ "type": "Feature", "properties": { "内容": "デイサービスセンターえがお【通所介護】宮崎県宮崎市青島1丁目10-27", "url": "https://www.kaigokensaku.mhlw.go.jp/45/index.php?action_kouhyou_detail_004_kani=true&JigyosyoCd=4570110389-00&ServiceCd=150&Type=search", "url2": null }, "geometry": { "type": "Point", "coordinates": [ 131.464198, 31.8030628 ] } },
{ "type": "Feature", "properties": { "内容": "特別養護老人ホームわにつか荘【通所介護】宮崎県宮崎市田野町乙１７４２－３０", "url": "https://www.kaigokensaku.mhlw.go.jp/45/index.php?action_kouhyou_detail_004_kani=true&JigyosyoCd=4571500547-00&ServiceCd=150&Type=search", "url2": "http://www.fukushi-zenjinkai.jp/wanitsuka/" }, "geometry": { "type": "Point", "coordinates": [ 131.276612399999976, 31.8379007 ] } },
{ "type": "Feature", "properties": { "内容": "デイサービス　ヒロト【通所介護】宮崎県宮崎市佐土原町下田島6989-11", "url": "https://www.kaigokensaku.mhlw.go.jp/45/index.php?action_kouhyou_detail_004_kani=true&JigyosyoCd=4570109852-00&ServiceCd=150&Type=search", "url2": null }, "geometry": { "type": "Point", "coordinates": [ 131.4512603, 32.027296 ] } },
{ "type": "Feature", "properties": { "内容": "風のガーデンデイサービスセンター【通所介護】宮崎県宮崎市大塚町原ノ前1587-1", "url": "https://www.kaigokensaku.mhlw.go.jp/45/index.php?action_kouhyou_detail_004_kani=true&JigyosyoCd=4570108540-00&ServiceCd=150&Type=search", "url2": null }, "geometry": { "type": "Point", "coordinates": [ 131.396315100000038, 31.9202571 ] } },
{ "type": "Feature", "properties": { "内容": "通所介護さわやか【通所介護】宮崎市本郷北方２１１８番地", "url": "https://www.kaigokensaku.mhlw.go.jp/45/index.php?action_kouhyou_detail_004_kani=true&JigyosyoCd=4570106189-00&ServiceCd=150&Type=search", "url2": "http://seiryo-t.or.jp" }, "geometry": { "type": "Point", "coordinates": [ 131.426706, 31.8776071 ] } },
{ "type": "Feature", "properties": { "内容": "デイサービス六角堂【通所介護】宮崎市大字島之内7391番地", "url": "https://www.kaigokensaku.mhlw.go.jp/45/index.php?action_kouhyou_detail_004_kani=true&JigyosyoCd=4570108748-00&ServiceCd=150&Type=search", "url2": "http://www.dojunkai.com" }, "geometry": { "type": "Point", "coordinates": [ 131.448700499999973, 31.9837779 ] } },
{ "type": "Feature", "properties": { "内容": "デイサービスわらわ【通所介護】清武町今泉甲3785番地1", "url": "https://www.kaigokensaku.mhlw.go.jp/45/index.php?action_kouhyou_detail_004_kani=true&JigyosyoCd=4570109365-00&ServiceCd=150&Type=search", "url2": "http://www.warawa-kiyotake.com/" }, "geometry": { "type": "Point", "coordinates": [ 131.348527919006386, 31.849060794978833 ] } },
{ "type": "Feature", "properties": { "内容": "デイサービス一里山【通所介護】高岡町浦之名5073-2デイサービス一里山", "url": "https://www.kaigokensaku.mhlw.go.jp/45/index.php?action_kouhyou_detail_004_kani=true&JigyosyoCd=4570106791-00&ServiceCd=150&Type=search", "url2": null }, "geometry": { "type": "Point", "coordinates": [ 131.2021834, 31.9608576 ] } },
{ "type": "Feature", "properties": { "内容": "医療法人社団　誠友会　通所介護事業所　陽だまりの薫【通所介護】宮崎県宮崎市大字本郷北方字津和田3373-1", "url": "https://www.kaigokensaku.mhlw.go.jp/45/index.php?action_kouhyou_detail_004_kani=true&JigyosyoCd=4570108250-00&ServiceCd=150&Type=search", "url2": "http://nanbunomori.com/" }, "geometry": { "type": "Point", "coordinates": [ 131.426348400000052, 31.8725359 ] } },
{ "type": "Feature", "properties": { "内容": "ニチイケアセンター神宮【通所介護】宮崎県宮崎市神宮西２丁目１３８番地", "url": "https://www.kaigokensaku.mhlw.go.jp/45/index.php?action_kouhyou_detail_004_kani=true&JigyosyoCd=4570100265-00&ServiceCd=150&Type=search", "url2": "http://www.nichiigakkan.co.jp" }, "geometry": { "type": "Point", "coordinates": [ 131.421117900000013, 31.9385311 ] } },
{ "type": "Feature", "properties": { "内容": "宮崎通所介護サービス壱号館【通所介護】宮崎市恒久5丁目2-11", "url": "https://www.kaigokensaku.mhlw.go.jp/45/index.php?action_kouhyou_detail_004_kani=true&JigyosyoCd=4570109324-00&ServiceCd=150&Type=search", "url2": null }, "geometry": { "type": "Point", "coordinates": [ 131.436845012112229, 31.893530833695305 ] } },
{ "type": "Feature", "properties": { "内容": "宮崎通所介護サービス弐号館【通所介護】恒久5丁目2-11", "url": "https://www.kaigokensaku.mhlw.go.jp/45/index.php?action_kouhyou_detail_004_kani=true&JigyosyoCd=4570108797-00&ServiceCd=150&Type=search", "url2": null }, "geometry": { "type": "Point", "coordinates": [ 131.436867531384252, 31.893559181756391 ] } },
{ "type": "Feature", "properties": { "内容": "デイサービス　そう・けん・びふく【通所介護】宮崎県宮崎市福島町寺山3106-8", "url": "https://www.kaigokensaku.mhlw.go.jp/45/index.php?action_kouhyou_detail_004_kani=true&JigyosyoCd=4570103764-00&ServiceCd=150&Type=search", "url2": "http://sou-ken-bi.com" }, "geometry": { "type": "Point", "coordinates": [ 131.403348200000011, 31.908548700000019 ] } },
{ "type": "Feature", "properties": { "内容": "ニチイケアセンター南宮崎【通所介護】宮崎県宮崎市花山手西１丁目５－１", "url": "https://www.kaigokensaku.mhlw.go.jp/45/index.php?action_kouhyou_detail_004_kani=true&JigyosyoCd=4570105843-00&ServiceCd=150&Type=search", "url2": "http://www.nichiigakkan.co.jp/" }, "geometry": { "type": "Point", "coordinates": [ 131.40081239999995, 31.9041312 ] } },
{ "type": "Feature", "properties": { "内容": "デイサービス　ルミナス江田原【通所介護】宮崎市吉村町江田原甲177番地1", "url": "https://www.kaigokensaku.mhlw.go.jp/45/index.php?action_kouhyou_detail_004_kani=true&JigyosyoCd=4570107716-00&ServiceCd=150&Type=search", "url2": null }, "geometry": { "type": "Point", "coordinates": [ 131.441185890383196, 31.932194132660577 ] } },
{ "type": "Feature", "properties": { "内容": "はまゆうケアセンター【通所介護】宮崎県宮崎市大塚町八所３６５２番地１", "url": "https://www.kaigokensaku.mhlw.go.jp/45/index.php?action_kouhyou_detail_004_kani=true&JigyosyoCd=4570108755-00&ServiceCd=150&Type=search", "url2": null }, "geometry": { "type": "Point", "coordinates": [ 131.44652629999996, 31.9061475 ] } },
{ "type": "Feature", "properties": { "内容": "横市デイサービスセンター【通所介護】宮崎県都城市南横市町４０００番地", "url": "https://www.kaigokensaku.mhlw.go.jp/45/index.php?action_kouhyou_detail_004_kani=true&JigyosyoCd=4570200487-00&ServiceCd=150&Type=search", "url2": "http://mjfj.net" }, "geometry": { "type": "Point", "coordinates": [ 131.036037399999941, 31.7448928 ] } },
{ "type": "Feature", "properties": { "内容": "デイサービスふるる【通所介護】宮崎県都城市安久町5596番地3", "url": "https://www.kaigokensaku.mhlw.go.jp/45/index.php?action_kouhyou_detail_004_kani=true&JigyosyoCd=4570200693-00&ServiceCd=150&Type=search", "url2": null }, "geometry": { "type": "Point", "coordinates": [ 131.079405797416598, 31.688457449406418 ] } },
{ "type": "Feature", "properties": { "内容": "デイサービス　ねお【通所介護】宮崎県都城市金田町2263デイサービス　ねお", "url": "https://www.kaigokensaku.mhlw.go.jp/45/index.php?action_kouhyou_detail_004_kani=true&JigyosyoCd=4570202475-00&ServiceCd=150&Type=search", "url2": "https://mmshp.com" }, "geometry": { "type": "Point", "coordinates": [ 131.081742344705162, 31.770198940895277 ] } },
{ "type": "Feature", "properties": { "内容": "デイサービスふるさと七つ星【通所介護】菓子野町10298-1ふるさと七つ星", "url": "https://www.kaigokensaku.mhlw.go.jp/45/index.php?action_kouhyou_detail_004_kani=true&JigyosyoCd=4570203804-00&ServiceCd=150&Type=search", "url2": "http://www.sun3.jp/foryou/nanatuboshi/" }, "geometry": { "type": "Point", "coordinates": [ 131.05496574418035, 31.784365261800019 ] } },
{ "type": "Feature", "properties": { "内容": "デイドリーム【通所介護】宮崎県都城市吉尾町１９５８番地２", "url": "https://www.kaigokensaku.mhlw.go.jp/45/index.php?action_kouhyou_detail_004_kani=true&JigyosyoCd=4570204638-00&ServiceCd=150&Type=search", "url2": null }, "geometry": { "type": "Point", "coordinates": [ 131.0755847, 31.7584504 ] } },
{ "type": "Feature", "properties": { "内容": "指定通所介護事業所あすなろ【通所介護】宮崎県都城市高崎町縄瀬３１２８－１", "url": "https://www.kaigokensaku.mhlw.go.jp/45/index.php?action_kouhyou_detail_004_kani=true&JigyosyoCd=4571700584-00&ServiceCd=150&Type=search", "url2": null }, "geometry": { "type": "Point", "coordinates": [ 131.107466499999987, 31.8566704 ] } },
{ "type": "Feature", "properties": { "内容": "ホームラン【通所介護】宮崎県都城市鷹尾三丁目７街区６号", "url": "https://www.kaigokensaku.mhlw.go.jp/45/index.php?action_kouhyou_detail_004_kani=true&JigyosyoCd=4570204711-00&ServiceCd=150&Type=search", "url2": "https://homelan.life" }, "geometry": { "type": "Point", "coordinates": [ 131.042780418315857, 31.721862394315472 ] } },
{ "type": "Feature", "properties": { "内容": "よかとこ鷹尾【通所介護】宮崎県都城市鷹尾1丁目25街区61号", "url": "https://www.kaigokensaku.mhlw.go.jp/45/index.php?action_kouhyou_detail_004_kani=true&JigyosyoCd=4570203952-00&ServiceCd=150&Type=search", "url2": null }, "geometry": { "type": "Point", "coordinates": [ 131.049561171966587, 31.724505732119987 ] } },
{ "type": "Feature", "properties": { "内容": "スマイルライフ早水の杜通所介護事業所【通所介護】宮崎県都城市早水町4503番95スマイルライフ早水の杜", "url": "https://www.kaigokensaku.mhlw.go.jp/45/index.php?action_kouhyou_detail_004_kani=true&JigyosyoCd=4570201915-00&ServiceCd=150&Type=search", "url2": "https://hayamizu.0986green.com/" }, "geometry": { "type": "Point", "coordinates": [ 131.09226620000004, 31.7380034 ] } },
{ "type": "Feature", "properties": { "内容": "株式会社ケアサポート都城【通所介護】宮崎県都城市金田町２５３８番地１", "url": "https://www.kaigokensaku.mhlw.go.jp/45/index.php?action_kouhyou_detail_004_kani=true&JigyosyoCd=4570203903-00&ServiceCd=150&Type=search", "url2": null }, "geometry": { "type": "Point", "coordinates": [ 131.079985694579477, 31.776014247186119 ] } },
{ "type": "Feature", "properties": { "内容": "デイサービスもちお【通所介護】宮崎県都城市横市町6644番地4", "url": "https://www.kaigokensaku.mhlw.go.jp/45/index.php?action_kouhyou_detail_004_kani=true&JigyosyoCd=4570204299-00&ServiceCd=150&Type=search", "url2": "https://greenhills-mochio.com" }, "geometry": { "type": "Point", "coordinates": [ 131.0146145, 31.7515303 ] } },
{ "type": "Feature", "properties": { "内容": "温泉デイサービス　なぎさの風【通所介護】宮崎県都城市高崎町大牟田1332-8", "url": "https://www.kaigokensaku.mhlw.go.jp/45/index.php?action_kouhyou_detail_004_kani=true&JigyosyoCd=4570204976-00&ServiceCd=150&Type=search", "url2": "http://laspa.sun.bindcloud.jp/nagisa_takazaki/." }, "geometry": { "type": "Point", "coordinates": [ 131.06526, 31.8820887 ] } },
{ "type": "Feature", "properties": { "内容": "デイサービスセンター志比田の里【通所介護】宮崎県都城市志比田町７３８９番地", "url": "https://www.kaigokensaku.mhlw.go.jp/45/index.php?action_kouhyou_detail_004_kani=true&JigyosyoCd=4570202988-00&ServiceCd=150&Type=search", "url2": "http://www.mj-careservice.co.jp/shibita/" }, "geometry": { "type": "Point", "coordinates": [ 131.051838299999986, 31.7508205 ] } },
{ "type": "Feature", "properties": { "内容": "デイサービスなごみの里【通所介護】蓑原町8113番地", "url": "https://www.kaigokensaku.mhlw.go.jp/45/index.php?action_kouhyou_detail_004_kani=true&JigyosyoCd=4570202566-00&ServiceCd=150&Type=search", "url2": null }, "geometry": { "type": "Point", "coordinates": [ 131.034113101188723, 31.733263300000313 ] } },
{ "type": "Feature", "properties": { "内容": "高崎苑デイサービスセンター【通所介護】宮崎県都城市高崎町縄瀬１６２２番地１７", "url": "https://www.kaigokensaku.mhlw.go.jp/45/index.php?action_kouhyou_detail_004_kani=true&JigyosyoCd=4571700071-00&ServiceCd=150&Type=search", "url2": "http://www.kenseikai.mocha.ocn.ne.jp" }, "geometry": { "type": "Point", "coordinates": [ 131.086332099999936, 31.8526842 ] } },
{ "type": "Feature", "properties": { "内容": "コンパスウォーク都城鷹尾【通所介護】宮崎県都城市鷹尾一丁目26-13", "url": "https://www.kaigokensaku.mhlw.go.jp/45/index.php?action_kouhyou_detail_004_kani=true&JigyosyoCd=4570204547-00&ServiceCd=150&Type=search", "url2": "https://keigo-group.co.jp/shop/miyazakiken/25953/" }, "geometry": { "type": "Point", "coordinates": [ 131.053559400000012, 31.7253308 ] } },
{ "type": "Feature", "properties": { "内容": "コンパスウォーク高城【通所介護】宮崎県都城市高城町穂満坊3077番地1", "url": "https://www.kaigokensaku.mhlw.go.jp/45/index.php?action_kouhyou_detail_004_kani=true&JigyosyoCd=4570204794-00&ServiceCd=150&Type=search", "url2": null }, "geometry": { "type": "Point", "coordinates": [ 131.1264718, 31.8089097 ] } },
{ "type": "Feature", "properties": { "内容": "カクレミノデイサービス【通所介護】梅北町8965番1", "url": "https://www.kaigokensaku.mhlw.go.jp/45/index.php?action_kouhyou_detail_004_kani=true&JigyosyoCd=4570203960-00&ServiceCd=150&Type=search", "url2": null }, "geometry": { "type": "Point", "coordinates": [ 131.042045180303944, 31.667252086062057 ] } },
{ "type": "Feature", "properties": { "内容": "でいさーびすこんにちわせんたー【通所介護】宮崎県都城市松元町15街区10号", "url": "https://www.kaigokensaku.mhlw.go.jp/45/index.php?action_kouhyou_detail_004_kani=true&JigyosyoCd=4570204034-00&ServiceCd=150&Type=search", "url2": "http://konnichiwa-center.com" }, "geometry": { "type": "Point", "coordinates": [ 138.252924, 36.204824 ] } },
{ "type": "Feature", "properties": { "内容": "株式会社あさひ【通所介護】野々美谷町1366番地", "url": "https://www.kaigokensaku.mhlw.go.jp/45/index.php?action_kouhyou_detail_004_kani=true&JigyosyoCd=4570204828-00&ServiceCd=150&Type=search", "url2": null }, "geometry": { "type": "Point", "coordinates": [ 131.0646026, 31.788115900000012 ] } },
{ "type": "Feature", "properties": { "内容": "デイサービスそよ風【通所介護】宮崎県都城市太郎坊町1530番地", "url": "https://www.kaigokensaku.mhlw.go.jp/45/index.php?action_kouhyou_detail_004_kani=true&JigyosyoCd=4570201691-00&ServiceCd=150&Type=search", "url2": "http://www.totalcareservice.info" }, "geometry": { "type": "Point", "coordinates": [ 131.087592702427145, 31.77869779302365 ] } },
{ "type": "Feature", "properties": { "内容": "デイサービスやまのくち【通所介護】宮崎県都城市山之口町富吉2907番地", "url": "https://www.kaigokensaku.mhlw.go.jp/45/index.php?action_kouhyou_detail_004_kani=true&JigyosyoCd=4570202236-00&ServiceCd=150&Type=search", "url2": "http://www.totalcareservice.info/" }, "geometry": { "type": "Point", "coordinates": [ 131.140928199999962, 31.7777096 ] } },
{ "type": "Feature", "properties": { "内容": "デイサービスよこいち【通所介護】宮崎県都城市横市町5876番地9", "url": "https://www.kaigokensaku.mhlw.go.jp/45/index.php?action_kouhyou_detail_004_kani=true&JigyosyoCd=4570203606-00&ServiceCd=150&Type=search", "url2": "www.totalcareservice.info/" }, "geometry": { "type": "Point", "coordinates": [ 131.037125422615105, 31.754877723255522 ] } },
{ "type": "Feature", "properties": { "内容": "ハートケアデイサービス　早水事業所【通所介護】宮崎県　都城市　早水町　35号1番13", "url": "https://www.kaigokensaku.mhlw.go.jp/45/index.php?action_kouhyou_detail_004_kani=true&JigyosyoCd=4570203291-00&ServiceCd=150&Type=search", "url2": "http://heart-care.biz/" }, "geometry": { "type": "Point", "coordinates": [ 131.100393700000041, 31.732282 ] } },
{ "type": "Feature", "properties": { "内容": "株式会社　フォーハート【通所介護】宮崎県都城市山之口町花木１４８６番１皆福デイサービスセンター", "url": "https://www.kaigokensaku.mhlw.go.jp/45/index.php?action_kouhyou_detail_004_kani=true&JigyosyoCd=4570203416-00&ServiceCd=150&Type=search", "url2": "http://www.4heart-kaigo.com/" }, "geometry": { "type": "Point", "coordinates": [ 131.152932369944779, 31.777613262451705 ] } },
{ "type": "Feature", "properties": { "内容": "デイサービス正寿の都【通所介護】宮崎県都城市北原町２１街区１６号", "url": "https://www.kaigokensaku.mhlw.go.jp/45/index.php?action_kouhyou_detail_004_kani=true&JigyosyoCd=4570201436-00&ServiceCd=150&Type=search", "url2": "http://www.yoshihara-c.co.jp/carelife2/index.html" }, "geometry": { "type": "Point", "coordinates": [ 131.077782252948026, 31.733165579946288 ] } },
{ "type": "Feature", "properties": { "内容": "大地【通所介護】宮崎県都城市高崎町大牟田９０３番地９", "url": "https://www.kaigokensaku.mhlw.go.jp/45/index.php?action_kouhyou_detail_004_kani=true&JigyosyoCd=4570201279-00&ServiceCd=150&Type=search", "url2": "www.daichi-takasaki.info" }, "geometry": { "type": "Point", "coordinates": [ 131.062367778298949, 31.878839289340672 ] } },
{ "type": "Feature", "properties": { "内容": "デイサービスみらい【通所介護】宮崎県都城市上川東四丁目3号2番地", "url": "https://www.kaigokensaku.mhlw.go.jp/45/index.php?action_kouhyou_detail_004_kani=true&JigyosyoCd=4570204257-00&ServiceCd=150&Type=search", "url2": null }, "geometry": { "type": "Point", "coordinates": [ 131.078008027122451, 31.745356712817919 ] } },
{ "type": "Feature", "properties": { "内容": "デイサービスセンターまりあ【通所介護】宮崎県都城市志比田町9541番地", "url": "https://www.kaigokensaku.mhlw.go.jp/45/index.php?action_kouhyou_detail_004_kani=true&JigyosyoCd=4570200750-00&ServiceCd=150&Type=search", "url2": "http://www.maria-f.jp/" }, "geometry": { "type": "Point", "coordinates": [ 131.0484887, 31.7523064 ] } },
{ "type": "Feature", "properties": { "内容": "庄内デイサービスセンター【通所介護】宮崎県都城市庄内町8673番地3", "url": "https://www.kaigokensaku.mhlw.go.jp/45/index.php?action_kouhyou_detail_004_kani=true&JigyosyoCd=4570200297-00&ServiceCd=150&Type=search", "url2": "http://mjfj.net//syounai-day/" }, "geometry": { "type": "Point", "coordinates": [ 131.022280547360225, 31.769989329474388 ] } },
{ "type": "Feature", "properties": { "内容": "都城市社会福祉協議会志和池福祉センター指定通所介護事業所【通所介護】宮崎県都城市上水流町１５４０番地都城市志和池福祉センター", "url": "https://www.kaigokensaku.mhlw.go.jp/45/index.php?action_kouhyou_detail_004_kani=true&JigyosyoCd=4570200362-00&ServiceCd=150&Type=search", "url2": "https://www.miyakonojoshakyo.or.jp" }, "geometry": { "type": "Point", "coordinates": [ 131.094186199999967, 31.8074639 ] } },
{ "type": "Feature", "properties": { "内容": "ミューズの朝　栄町デイサービスセンター【通所介護】宮崎県都城市栄町２－２－１", "url": "https://www.kaigokensaku.mhlw.go.jp/45/index.php?action_kouhyou_detail_004_kani=true&JigyosyoCd=4570202194-00&ServiceCd=150&Type=search", "url2": "http://hoshakai.com" }, "geometry": { "type": "Point", "coordinates": [ 131.0781227, 31.7360698 ] } },
{ "type": "Feature", "properties": { "内容": "ミューズの朝高崎デイサービスセンター【通所介護】宮崎県都城市高崎町大牟田6486番地", "url": "https://www.kaigokensaku.mhlw.go.jp/45/index.php?action_kouhyou_detail_004_kani=true&JigyosyoCd=4570204125-00&ServiceCd=150&Type=search", "url2": "http://hoshakai.com/" }, "geometry": { "type": "Point", "coordinates": [ 131.073373899999979, 31.8713014 ] } },
{ "type": "Feature", "properties": { "内容": "五十市デイサービスセンターばら苑【通所介護】宮崎県都城市鷹尾4丁目4389番地", "url": "https://www.kaigokensaku.mhlw.go.jp/45/index.php?action_kouhyou_detail_004_kani=true&JigyosyoCd=4570200040-00&ServiceCd=150&Type=search", "url2": "http://www.houei-group.or.jp/" }, "geometry": { "type": "Point", "coordinates": [ 131.038704199999984, 31.7247449 ] } },
{ "type": "Feature", "properties": { "内容": "豊望園デイサービスホーム【通所介護】宮崎県都城市下長飯町1640番地", "url": "https://www.kaigokensaku.mhlw.go.jp/45/index.php?action_kouhyou_detail_004_kani=true&JigyosyoCd=4570200156-00&ServiceCd=150&Type=search", "url2": "http://www.houei-group.or.jp/index.htm" }, "geometry": { "type": "Point", "coordinates": [ 131.072324200000025, 31.70147 ] } },
{ "type": "Feature", "properties": { "内容": "老人短期入所施設あやめ苑デイサービス【通所介護】宮崎県都城市早水町3389番地2", "url": "https://www.kaigokensaku.mhlw.go.jp/45/index.php?action_kouhyou_detail_004_kani=true&JigyosyoCd=4570200552-00&ServiceCd=150&Type=search", "url2": "http://www.houei-group.or.jp/" }, "geometry": { "type": "Point", "coordinates": [ 131.09462439999993, 31.739956099999983 ] } },
{ "type": "Feature", "properties": { "内容": "ウエルライフデイサービスセンター【通所介護】宮崎県都城市南鷹尾町１１－５", "url": "https://www.kaigokensaku.mhlw.go.jp/45/index.php?action_kouhyou_detail_004_kani=true&JigyosyoCd=4570203168-00&ServiceCd=150&Type=search", "url2": "http://www.mwg.or.jp" }, "geometry": { "type": "Point", "coordinates": [ 131.043623199999956, 31.7191539 ] } },
{ "type": "Feature", "properties": { "内容": "デイサービスセンター　とまり樹【通所介護】宮崎県都城市郡元町2976-6", "url": "https://www.kaigokensaku.mhlw.go.jp/45/index.php?action_kouhyou_detail_004_kani=true&JigyosyoCd=4570202624-00&ServiceCd=150&Type=search", "url2": "http://www.urara-miyakonojo.jp/" }, "geometry": { "type": "Point", "coordinates": [ 131.092366, 31.7441029 ] } },
{ "type": "Feature", "properties": { "内容": "デイサービス　わくわく【通所介護】南鷹尾町２５－１０", "url": "https://www.kaigokensaku.mhlw.go.jp/45/index.php?action_kouhyou_detail_004_kani=true&JigyosyoCd=4570202335-00&ServiceCd=150&Type=search", "url2": "http://まごころ.jjp" }, "geometry": { "type": "Point", "coordinates": [ 135.472214200000053, 34.4967286 ] } },
{ "type": "Feature", "properties": { "内容": "デイサービスうきうき【通所介護】宮崎県都城市都原町７２７９番地", "url": "https://www.kaigokensaku.mhlw.go.jp/45/index.php?action_kouhyou_detail_004_kani=true&JigyosyoCd=4570203796-00&ServiceCd=150&Type=search", "url2": "まごころ．ｊＰ" }, "geometry": { "type": "Point", "coordinates": [ 131.03860659999998, 31.7367603 ] } },
{ "type": "Feature", "properties": { "内容": "元気印ＷＡＹＷＡＹ【通所介護】宮崎県都城市南鷹尾町15街区15号", "url": "https://www.kaigokensaku.mhlw.go.jp/45/index.php?action_kouhyou_detail_004_kani=true&JigyosyoCd=4570204224-00&ServiceCd=150&Type=search", "url2": "https://yu-himawari.net/" }, "geometry": { "type": "Point", "coordinates": [ 131.039014163914146, 31.717154031065625 ] } },
{ "type": "Feature", "properties": { "内容": "デイサービス春籠【通所介護】宮崎県都城市山之口町山之口3941番地4", "url": "https://www.kaigokensaku.mhlw.go.jp/45/index.php?action_kouhyou_detail_004_kani=true&JigyosyoCd=4570201956-00&ServiceCd=150&Type=search", "url2": null }, "geometry": { "type": "Point", "coordinates": [ 131.16123970000001, 31.8014496 ] } },
{ "type": "Feature", "properties": { "内容": "リハシャインみやこんじょ【通所介護】宮崎県都城市蓑原町3224-2", "url": "https://www.kaigokensaku.mhlw.go.jp/45/index.php?action_kouhyou_detail_004_kani=true&JigyosyoCd=4570203622-00&ServiceCd=150&Type=search", "url2": "http://wing-smile.com/miyakonojyo" }, "geometry": { "type": "Point", "coordinates": [ 131.033910200000037, 31.7282083 ] } },
{ "type": "Feature", "properties": { "内容": "デイサービス　かりん【通所介護】志比田町4536番地", "url": "https://www.kaigokensaku.mhlw.go.jp/45/index.php?action_kouhyou_detail_004_kani=true&JigyosyoCd=4570203929-00&ServiceCd=150&Type=search", "url2": "http://www.hidamarinosato.net/" }, "geometry": { "type": "Point", "coordinates": [ 131.052071699999942, 31.7414602 ] } },
{ "type": "Feature", "properties": { "内容": "デイサービスセンター　きらら【通所介護】宮崎県都城市下長飯町1568", "url": "https://www.kaigokensaku.mhlw.go.jp/45/index.php?action_kouhyou_detail_004_kani=true&JigyosyoCd=4570203226-00&ServiceCd=150&Type=search", "url2": null }, "geometry": { "type": "Point", "coordinates": [ 131.068118899999945, 31.7007894 ] } },
{ "type": "Feature", "properties": { "内容": "デイサービスきりん【通所介護】高崎町大牟田2110-16", "url": "https://www.kaigokensaku.mhlw.go.jp/45/index.php?action_kouhyou_detail_004_kani=true&JigyosyoCd=4570204802-00&ServiceCd=150&Type=search", "url2": null }, "geometry": { "type": "Point", "coordinates": [ 131.082164072352612, 31.863547376923982 ] } },
{ "type": "Feature", "properties": { "内容": "働くデイサービスセンターほほえみの園【通所介護】宮崎県都城市丸谷町386-1", "url": "https://www.kaigokensaku.mhlw.go.jp/45/index.php?action_kouhyou_detail_004_kani=true&JigyosyoCd=4570203408-00&ServiceCd=150&Type=search", "url2": "www.smilehohoemi.com" }, "geometry": { "type": "Point", "coordinates": [ 131.056526451945501, 31.810806548175428 ] } },
{ "type": "Feature", "properties": { "内容": "高齢者総合福祉施設恵寿苑デイサービスセンター【通所介護】宮崎県都城市太郎坊町５６３－１", "url": "https://www.kaigokensaku.mhlw.go.jp/45/index.php?action_kouhyou_detail_004_kani=true&JigyosyoCd=4570200099-00&ServiceCd=150&Type=search", "url2": "http://www.keijuen.net" }, "geometry": { "type": "Point", "coordinates": [ 131.093595199999982, 31.7891627 ] } },
{ "type": "Feature", "properties": { "内容": "デイサービスセンター元気の里【通所介護】宮崎県都城市上川東二丁目４号１３番地", "url": "https://www.kaigokensaku.mhlw.go.jp/45/index.php?action_kouhyou_detail_004_kani=true&JigyosyoCd=4570202061-00&ServiceCd=150&Type=search", "url2": "https://sun3.jp/nisinihon/ds-genkinosato/" }, "geometry": { "type": "Point", "coordinates": [ 131.073468338659552, 31.740158773843049 ] } },
{ "type": "Feature", "properties": { "内容": "デイサービスなごみ苑【通所介護】宮崎県都城市上長飯町７－１２", "url": "https://www.kaigokensaku.mhlw.go.jp/45/index.php?action_kouhyou_detail_004_kani=true&JigyosyoCd=4570204174-00&ServiceCd=150&Type=search", "url2": null }, "geometry": { "type": "Point", "coordinates": [ 131.0830525, 31.7184105 ] } },
{ "type": "Feature", "properties": { "内容": "リハビリステーション　ケアふる都城【通所介護】宮崎県都城市鷹尾3丁目34街区1", "url": "https://www.kaigokensaku.mhlw.go.jp/45/index.php?action_kouhyou_detail_004_kani=true&JigyosyoCd=4570202137-00&ServiceCd=150&Type=search", "url2": "http://www.care-project.co.jp" }, "geometry": { "type": "Point", "coordinates": [ 131.047437673402442, 31.728089541565343 ] } },
{ "type": "Feature", "properties": { "内容": "高城園デイサービスセンター【通所介護】宮崎県都城市高城町穂満坊3416番地", "url": "https://www.kaigokensaku.mhlw.go.jp/45/index.php?action_kouhyou_detail_004_kani=true&JigyosyoCd=4571700303-00&ServiceCd=150&Type=search", "url2": "https://www.takajyouen.jp/" }, "geometry": { "type": "Point", "coordinates": [ 131.127208399999972, 31.8192249 ] } },
{ "type": "Feature", "properties": { "内容": "デイサービスセンター花てまり【通所介護】宮崎県都城市山之口町花木2205-9", "url": "https://www.kaigokensaku.mhlw.go.jp/45/index.php?action_kouhyou_detail_004_kani=true&JigyosyoCd=4571700758-00&ServiceCd=150&Type=search", "url2": "http://www.urara-miyakonojo.jp/" }, "geometry": { "type": "Point", "coordinates": [ 131.144422299999974, 31.7797512 ] } },
{ "type": "Feature", "properties": { "内容": "デイサービス　たかじょう【通所介護】宮崎県都城市高城町石山3942番地1", "url": "https://www.kaigokensaku.mhlw.go.jp/45/index.php?action_kouhyou_detail_004_kani=true&JigyosyoCd=4570202269-00&ServiceCd=150&Type=search", "url2": null }, "geometry": { "type": "Point", "coordinates": [ 131.137030021240207, 31.83049100617713 ] } },
{ "type": "Feature", "properties": { "内容": "デイサービスセンター長遊園【通所介護】宮崎県都城市蔵原町12街区3号", "url": "https://www.kaigokensaku.mhlw.go.jp/45/index.php?action_kouhyou_detail_004_kani=true&JigyosyoCd=4570201733-00&ServiceCd=150&Type=search", "url2": "http://kanjikai.or.jp" }, "geometry": { "type": "Point", "coordinates": [ 131.067198800000028, 31.7215708 ] } },
{ "type": "Feature", "properties": { "内容": "デイサービス　楽癒【通所介護】宮崎県都城市高城町大井手2166番地1", "url": "https://www.kaigokensaku.mhlw.go.jp/45/index.php?action_kouhyou_detail_004_kani=true&JigyosyoCd=4570202343-00&ServiceCd=150&Type=search", "url2": "https://thoughtful-yuyu.com/" }, "geometry": { "type": "Point", "coordinates": [ 131.150916, 31.786500800000017 ] } },
{ "type": "Feature", "properties": { "内容": "デイサービスきごころ【通所介護】都城市立野町3655-2ｼﾙﾊﾞｰﾀｳﾝたての2号棟1階", "url": "https://www.kaigokensaku.mhlw.go.jp/45/index.php?action_kouhyou_detail_004_kani=true&JigyosyoCd=4570202384-00&ServiceCd=150&Type=search", "url2": "http://www.fukushitateno.jp/" }, "geometry": { "type": "Point", "coordinates": [ 131.10351019999996, 31.72862220184269 ] } },
{ "type": "Feature", "properties": { "内容": "さくらハウス横市通所介護事業所【通所介護】宮崎県都城市南横市町3682", "url": "https://www.kaigokensaku.mhlw.go.jp/45/index.php?action_kouhyou_detail_004_kani=true&JigyosyoCd=4570202640-00&ServiceCd=150&Type=search", "url2": "http://keijuen.net/" }, "geometry": { "type": "Point", "coordinates": [ 131.030968600000051, 31.7386487 ] } },
{ "type": "Feature", "properties": { "内容": "デイサービス　侑久之里【通所介護】宮崎県都城市平江町26号21番地", "url": "https://www.kaigokensaku.mhlw.go.jp/45/index.php?action_kouhyou_detail_004_kani=true&JigyosyoCd=4570202699-00&ServiceCd=150&Type=search", "url2": null }, "geometry": { "type": "Point", "coordinates": [ 131.067756599999939, 31.7371611 ] } },
{ "type": "Feature", "properties": { "内容": "デイサービス弥埜【通所介護】宮崎県都城市高崎町江平２３２７番地６", "url": "https://www.kaigokensaku.mhlw.go.jp/45/index.php?action_kouhyou_detail_004_kani=true&JigyosyoCd=4570202749-00&ServiceCd=150&Type=search", "url2": null }, "geometry": { "type": "Point", "coordinates": [ 131.097958207934539, 31.890772232682611 ] } },
{ "type": "Feature", "properties": { "内容": "株式会社　ハートハンズ【通所介護】都城市平塚町３１７２－１", "url": "https://www.kaigokensaku.mhlw.go.jp/45/index.php?action_kouhyou_detail_004_kani=true&JigyosyoCd=4570202947-00&ServiceCd=150&Type=search", "url2": null }, "geometry": { "type": "Point", "coordinates": [ 131.018909600000029, 31.7180591 ] } },
{ "type": "Feature", "properties": { "内容": "デイサービスセンター元気の里　山之口館【通所介護】宮崎県都城市山之口町富吉3027番地9", "url": "https://www.kaigokensaku.mhlw.go.jp/45/index.php?action_kouhyou_detail_004_kani=true&JigyosyoCd=4570203465-00&ServiceCd=150&Type=search", "url2": "https://sun3.jp/genki-yamanokuchi/" }, "geometry": { "type": "Point", "coordinates": [ 131.140908161436272, 31.780511749569278 ] } },
{ "type": "Feature", "properties": { "内容": "デイサービス弥埜　新館【通所介護】宮崎県都城市高崎町江平2327番地6", "url": "https://www.kaigokensaku.mhlw.go.jp/45/index.php?action_kouhyou_detail_004_kani=true&JigyosyoCd=4570203895-00&ServiceCd=150&Type=search", "url2": null }, "geometry": { "type": "Point", "coordinates": [ 131.098215699999969, 31.8908861 ] } },
{ "type": "Feature", "properties": { "内容": "デイサービスかわせみ【通所介護】宮崎県都城市上川東四丁目2号8番地", "url": "https://www.kaigokensaku.mhlw.go.jp/45/index.php?action_kouhyou_detail_004_kani=true&JigyosyoCd=4570203978-00&ServiceCd=150&Type=search", "url2": null }, "geometry": { "type": "Point", "coordinates": [ 131.076997600000027, 31.7451718 ] } },
{ "type": "Feature", "properties": { "内容": "デイサービス　サルビア　乙房事業所【通所介護】宮崎県都城市乙房町1711番地1", "url": "https://www.kaigokensaku.mhlw.go.jp/45/index.php?action_kouhyou_detail_004_kani=true&JigyosyoCd=4570204018-00&ServiceCd=150&Type=search", "url2": null }, "geometry": { "type": "Point", "coordinates": [ 131.060048599999959, 31.7674859 ] } },
{ "type": "Feature", "properties": { "内容": "シニアのためのフィットネス遊癒【通所介護】宮崎県都城市早鈴町1990番地イオン都城ショッピングセンター２Ｆ", "url": "https://www.kaigokensaku.mhlw.go.jp/45/index.php?action_kouhyou_detail_004_kani=true&JigyosyoCd=4570204042-00&ServiceCd=150&Type=search", "url2": "https://thoughtful-yuyu.com" }, "geometry": { "type": "Point", "coordinates": [ 131.075900969837306, 31.71480354285432 ] } },
{ "type": "Feature", "properties": { "内容": "リハビリデイサービス　暮らシャキッ【通所介護】宮崎県都城市上水流町1182番地8", "url": "https://www.kaigokensaku.mhlw.go.jp/45/index.php?action_kouhyou_detail_004_kani=true&JigyosyoCd=4570204307-00&ServiceCd=150&Type=search", "url2": null }, "geometry": { "type": "Point", "coordinates": [ 131.0983526, 31.8085639 ] } },
{ "type": "Feature", "properties": { "内容": "デイサービス　一心【通所介護】宮崎県都城市梅北町8965番3", "url": "https://www.kaigokensaku.mhlw.go.jp/45/index.php?action_kouhyou_detail_004_kani=true&JigyosyoCd=4570204539-00&ServiceCd=150&Type=search", "url2": null }, "geometry": { "type": "Point", "coordinates": [ 131.040631999857197, 31.667453873080166 ] } },
{ "type": "Feature", "properties": { "内容": "すまいる１デイサービス【通所介護】宮崎県都城市妻ヶ丘町40街区3号", "url": "https://www.kaigokensaku.mhlw.go.jp/45/index.php?action_kouhyou_detail_004_kani=true&JigyosyoCd=4570204703-00&ServiceCd=150&Type=search", "url2": null }, "geometry": { "type": "Point", "coordinates": [ 131.078160685319489, 31.727955925033665 ] } },
{ "type": "Feature", "properties": { "内容": "デイサービスかみながえ【通所介護】宮崎県都城市上長飯町5247番地9", "url": "https://www.kaigokensaku.mhlw.go.jp/45/index.php?action_kouhyou_detail_004_kani=true&JigyosyoCd=4570204026-00&ServiceCd=150&Type=search", "url2": "http://www.totalcareservice.info/" }, "geometry": { "type": "Point", "coordinates": [ 131.090988693254076, 31.713929785292741 ] } },
{ "type": "Feature", "properties": { "内容": "社会福祉法人あさぎり福祉会あさぎり園デイサービスセンター【通所介護】宮崎県都城市山田町中霧島2546番地6", "url": "https://www.kaigokensaku.mhlw.go.jp/45/index.php?action_kouhyou_detail_004_kani=true&JigyosyoCd=4571700287-00&ServiceCd=150&Type=search", "url2": "http://asagirien.jp/" }, "geometry": { "type": "Point", "coordinates": [ 131.04584, 31.7971356 ] } },
{ "type": "Feature", "properties": { "内容": "わらべの里デイサービスセンター【通所介護】宮崎県都城市広原町20-8", "url": "https://www.kaigokensaku.mhlw.go.jp/45/index.php?action_kouhyou_detail_004_kani=true&JigyosyoCd=4570203036-00&ServiceCd=150&Type=search", "url2": null }, "geometry": { "type": "Point", "coordinates": [ 131.094285766270474, 31.727072751097921 ] } },
{ "type": "Feature", "properties": { "内容": "デイサービスセンターめぐる【通所介護】宮崎県都城市高城町大井手2651番地1", "url": "https://www.kaigokensaku.mhlw.go.jp/45/index.php?action_kouhyou_detail_004_kani=true&JigyosyoCd=4570202483-00&ServiceCd=150&Type=search", "url2": "http://meguru.info/" }, "geometry": { "type": "Point", "coordinates": [ 131.133731574868762, 31.800939436535156 ] } },
{ "type": "Feature", "properties": { "内容": "有限会社ゆず【通所介護】宮崎県都城市高崎町大牟田８１７－２２", "url": "https://www.kaigokensaku.mhlw.go.jp/45/index.php?action_kouhyou_detail_004_kani=true&JigyosyoCd=4570201451-00&ServiceCd=150&Type=search", "url2": null }, "geometry": { "type": "Point", "coordinates": [ 131.059924799999976, 31.8841166 ] } },
{ "type": "Feature", "properties": { "内容": "デイサービス　こまつばら【通所介護】宮崎県都城市平江町4街区7-3号", "url": "https://www.kaigokensaku.mhlw.go.jp/45/index.php?action_kouhyou_detail_004_kani=true&JigyosyoCd=4570204562-00&ServiceCd=150&Type=search", "url2": "http://www.totalcareservice.info/" }, "geometry": { "type": "Point", "coordinates": [ 131.069209696850578, 31.733259040575277 ] } },
{ "type": "Feature", "properties": { "内容": "ミューズの朝志比田デイサービスセンター【通所介護】宮崎県都城市志比田町４５２６－１", "url": "https://www.kaigokensaku.mhlw.go.jp/45/index.php?action_kouhyou_detail_004_kani=true&JigyosyoCd=4570202012-00&ServiceCd=150&Type=search", "url2": "http://hoshakai.com" }, "geometry": { "type": "Point", "coordinates": [ 131.052091099999984, 31.742924 ] } },
{ "type": "Feature", "properties": { "内容": "デイサービスねお【通所介護】宮崎県都城市金田町2263", "url": "https://www.kaigokensaku.mhlw.go.jp/45/index.php?action_kouhyou_detail_004_kani=true&JigyosyoCd=4570204893-00&ServiceCd=150&Type=search", "url2": "https://mmshp.com/" }, "geometry": { "type": "Point", "coordinates": [ 131.081828198672497, 31.770255295591895 ] } },
{ "type": "Feature", "properties": { "内容": "デイサービスほっとん【通所介護】宮崎県都城市高木町4343番地1", "url": "https://www.kaigokensaku.mhlw.go.jp/45/index.php?action_kouhyou_detail_004_kani=true&JigyosyoCd=4570204323-00&ServiceCd=150&Type=search", "url2": "https://www.human-town.com" }, "geometry": { "type": "Point", "coordinates": [ 131.1066528, 31.7914131 ] } },
{ "type": "Feature", "properties": { "内容": "リハケアセンター都城【通所介護】宮崎県都城市上長飯町３８号１番地", "url": "https://www.kaigokensaku.mhlw.go.jp/45/index.php?action_kouhyou_detail_004_kani=true&JigyosyoCd=4570201873-00&ServiceCd=150&Type=search", "url2": "http://rehacare-will.jp" }, "geometry": { "type": "Point", "coordinates": [ 131.089971622753893, 31.718207267663672 ] } },
{ "type": "Feature", "properties": { "内容": "コンパスウォーク延岡塩浜【通所介護】宮崎県延岡市塩浜町3丁目1795-3", "url": "https://www.kaigokensaku.mhlw.go.jp/45/index.php?action_kouhyou_detail_004_kani=true&JigyosyoCd=4570302945-00&ServiceCd=150&Type=search", "url2": "http://tofuku-g.jp/" }, "geometry": { "type": "Point", "coordinates": [ 131.674412, 32.5396522 ] } },
{ "type": "Feature", "properties": { "内容": "通所介護事業所　櫻【通所介護】宮崎県延岡市下伊形町5972-1", "url": "https://www.kaigokensaku.mhlw.go.jp/45/index.php?action_kouhyou_detail_004_kani=true&JigyosyoCd=4570302960-00&ServiceCd=150&Type=search", "url2": "https://care-line.jp/sakura-syouwamachi/" }, "geometry": { "type": "Point", "coordinates": [ 131.673145186508208, 32.526134682821066 ] } },
{ "type": "Feature", "properties": { "内容": "デイサービスセンターこのみの郷【通所介護】宮崎県延岡市三須町1221番地", "url": "https://www.kaigokensaku.mhlw.go.jp/45/index.php?action_kouhyou_detail_004_kani=true&JigyosyoCd=4570301129-00&ServiceCd=150&Type=search", "url2": "http://www.adoniskaigo.com/" }, "geometry": { "type": "Point", "coordinates": [ 131.648370300000011, 32.558157 ] } },
{ "type": "Feature", "properties": { "内容": "デイサービス桜華【通所介護】宮崎県延岡市恒富町3丁目5番地6", "url": "https://www.kaigokensaku.mhlw.go.jp/45/index.php?action_kouhyou_detail_004_kani=true&JigyosyoCd=4570302192-00&ServiceCd=150&Type=search", "url2": null }, "geometry": { "type": "Point", "coordinates": [ 131.662602, 32.5688175 ] } },
{ "type": "Feature", "properties": { "内容": "延岡文化村　梅の驛【通所介護】宮崎県延岡市恒富町2丁目13-1", "url": "https://www.kaigokensaku.mhlw.go.jp/45/index.php?action_kouhyou_detail_004_kani=true&JigyosyoCd=4570302440-00&ServiceCd=150&Type=search", "url2": "http://oidenosato.zashiki.com/" }, "geometry": { "type": "Point", "coordinates": [ 131.661096600052133, 32.570462286882346 ] } },
{ "type": "Feature", "properties": { "内容": "デイサービスセンターリラケア【通所介護】小野町４６６３番１", "url": "https://www.kaigokensaku.mhlw.go.jp/45/index.php?action_kouhyou_detail_004_kani=true&JigyosyoCd=4570302168-00&ServiceCd=150&Type=search", "url2": null }, "geometry": { "type": "Point", "coordinates": [ 131.649246520884162, 32.54583144302736 ] } },
{ "type": "Feature", "properties": { "内容": "通所介護事業所　櫻【通所介護】下伊形町5972-1", "url": "https://www.kaigokensaku.mhlw.go.jp/45/index.php?action_kouhyou_detail_004_kani=true&JigyosyoCd=4570303083-00&ServiceCd=150&Type=search", "url2": "https://care-line.jp/sakura-igatamachi" }, "geometry": { "type": "Point", "coordinates": [ 131.6731715, 32.5258021 ] } },
{ "type": "Feature", "properties": { "内容": "デイサービス広洋園【通所介護】宮崎県延岡市恒富町３丁目７番地３", "url": "https://www.kaigokensaku.mhlw.go.jp/45/index.php?action_kouhyou_detail_004_kani=true&JigyosyoCd=4570303117-00&ServiceCd=150&Type=search", "url2": null }, "geometry": { "type": "Point", "coordinates": [ 131.6619313, 32.5682119 ] } },
{ "type": "Feature", "properties": { "内容": "デイサービス桜華【通所介護】宮崎県延岡市恒富町3丁目5番地6", "url": "https://www.kaigokensaku.mhlw.go.jp/45/index.php?action_kouhyou_detail_004_kani=true&JigyosyoCd=4570303133-00&ServiceCd=150&Type=search", "url2": null }, "geometry": { "type": "Point", "coordinates": [ 131.6624816, 32.5683519 ] } },
{ "type": "Feature", "properties": { "内容": "デイサービス　広洋園【通所介護】恒富町3丁目7番地3", "url": "https://www.kaigokensaku.mhlw.go.jp/45/index.php?action_kouhyou_detail_004_kani=true&JigyosyoCd=4570302044-00&ServiceCd=150&Type=search", "url2": null }, "geometry": { "type": "Point", "coordinates": [ 131.661952, 32.5685064 ] } },
{ "type": "Feature", "properties": { "内容": "デイサービスセンター「なないろ」【通所介護】延岡市山下町2丁目3998-67", "url": "https://www.kaigokensaku.mhlw.go.jp/45/index.php?action_kouhyou_detail_004_kani=true&JigyosyoCd=4570301699-00&ServiceCd=150&Type=search", "url2": null }, "geometry": { "type": "Point", "coordinates": [ 131.667038234531162, 32.591971868271649 ] } },
{ "type": "Feature", "properties": { "内容": "株式会社サンハート延岡【通所介護】宮崎県延岡市浜町5090番地サンハート延岡", "url": "https://www.kaigokensaku.mhlw.go.jp/45/index.php?action_kouhyou_detail_004_kani=true&JigyosyoCd=4570303166-00&ServiceCd=150&Type=search", "url2": null }, "geometry": { "type": "Point", "coordinates": [ 131.6794348, 32.5603921 ] } },
{ "type": "Feature", "properties": { "内容": "岡富デイサービス【通所介護】宮崎県延岡市中川原町2丁目4591番地２", "url": "https://www.kaigokensaku.mhlw.go.jp/45/index.php?action_kouhyou_detail_004_kani=true&JigyosyoCd=4570300246-00&ServiceCd=150&Type=search", "url2": "http://emu-emukai.jp" }, "geometry": { "type": "Point", "coordinates": [ 131.67141659999993, 32.5946522 ] } },
{ "type": "Feature", "properties": { "内容": "通所介護　くしつの庭【通所介護】土々呂町６丁目１７７６－２", "url": "https://www.kaigokensaku.mhlw.go.jp/45/index.php?action_kouhyou_detail_004_kani=true&JigyosyoCd=4570302986-00&ServiceCd=150&Type=search", "url2": "https://www.big-advance.site/c/184/1733" }, "geometry": { "type": "Point", "coordinates": [ 131.6727961, 32.505315 ] } },
{ "type": "Feature", "properties": { "内容": "株式会社サン・ルーム　デイサービスみなみかた【通所介護】宮崎県延岡市松山町1221-33", "url": "https://www.kaigokensaku.mhlw.go.jp/45/index.php?action_kouhyou_detail_004_kani=true&JigyosyoCd=4570302200-00&ServiceCd=150&Type=search", "url2": "https://sunroom-kaigo.com" }, "geometry": { "type": "Point", "coordinates": [ 131.636236599999961, 32.5830906 ] } },
{ "type": "Feature", "properties": { "内容": "コンパスウォーク延岡富美山【通所介護】宮崎県延岡市富美山町151番地1", "url": "https://www.kaigokensaku.mhlw.go.jp/45/index.php?action_kouhyou_detail_004_kani=true&JigyosyoCd=4570302879-00&ServiceCd=150&Type=search", "url2": "http://tofuku-g.jp" }, "geometry": { "type": "Point", "coordinates": [ 131.664222200000012, 32.597064600000017 ] } },
{ "type": "Feature", "properties": { "内容": "ニチイケアセンター延岡【通所介護】宮崎県延岡市古城町４丁目１４０番地", "url": "https://www.kaigokensaku.mhlw.go.jp/45/index.php?action_kouhyou_detail_004_kani=true&JigyosyoCd=4570300402-00&ServiceCd=150&Type=search", "url2": "http://www.nichiigakkan.co.jp" }, "geometry": { "type": "Point", "coordinates": [ 131.656660800000026, 32.5663953 ] } },
{ "type": "Feature", "properties": { "内容": "みのり園指定通所介護事業所【通所介護】宮崎県延岡市岡元町789番地3", "url": "https://www.kaigokensaku.mhlw.go.jp/45/index.php?action_kouhyou_detail_004_kani=true&JigyosyoCd=4570300238-00&ServiceCd=150&Type=search", "url2": null }, "geometry": { "type": "Point", "coordinates": [ 131.562837, 32.566710899999983 ] } },
{ "type": "Feature", "properties": { "内容": "デイサービスセンターきたかた【通所介護】宮崎県延岡市北方町角田丑１３６９－９０有料老人ホーム　きたかた内", "url": "https://www.kaigokensaku.mhlw.go.jp/45/index.php?action_kouhyou_detail_004_kani=true&JigyosyoCd=4570302663-00&ServiceCd=150&Type=search", "url2": null }, "geometry": { "type": "Point", "coordinates": [ 131.5298133, 32.5591346 ] } },
{ "type": "Feature", "properties": { "内容": "特別養護老人ホーム水明荘【通所介護】宮崎県延岡市鯛名町908-1", "url": "https://www.kaigokensaku.mhlw.go.jp/45/index.php?action_kouhyou_detail_004_kani=true&JigyosyoCd=4570300139-00&ServiceCd=150&Type=search", "url2": "http:kousei-kai.jp/" }, "geometry": { "type": "Point", "coordinates": [ 131.6955461, 32.5064888 ] } },
{ "type": "Feature", "properties": { "内容": "敬寿園デイサービスセンター【通所介護】宮崎県延岡市桜小路３５６番地１１", "url": "https://www.kaigokensaku.mhlw.go.jp/45/index.php?action_kouhyou_detail_004_kani=true&JigyosyoCd=4570300253-00&ServiceCd=150&Type=search", "url2": "//kousei-kai.jp/" }, "geometry": { "type": "Point", "coordinates": [ 131.663704100000018, 32.5784002 ] } },
{ "type": "Feature", "properties": { "内容": "恒富東デイサービスセンター【通所介護】長浜町1丁目1765番地1", "url": "https://www.kaigokensaku.mhlw.go.jp/45/index.php?action_kouhyou_detail_004_kani=true&JigyosyoCd=4570303059-00&ServiceCd=150&Type=search", "url2": "http://shinga.or.jp/" }, "geometry": { "type": "Point", "coordinates": [ 131.615839200000011, 33.2369151 ] } },
{ "type": "Feature", "properties": { "内容": "デイサービスセンターかぼちゃの家【通所介護】宮崎県延岡市無鹿町2丁目3281番地", "url": "https://www.kaigokensaku.mhlw.go.jp/45/index.php?action_kouhyou_detail_004_kani=true&JigyosyoCd=4570300725-00&ServiceCd=150&Type=search", "url2": null }, "geometry": { "type": "Point", "coordinates": [ 131.691464399999973, 32.609799 ] } },
{ "type": "Feature", "properties": { "内容": "有限会社　はーと介護【通所介護】古川町５０番地５", "url": "https://www.kaigokensaku.mhlw.go.jp/45/index.php?action_kouhyou_detail_004_kani=true&JigyosyoCd=4570302291-00&ServiceCd=150&Type=search", "url2": "http://www.kaigo@heartcare.link" }, "geometry": { "type": "Point", "coordinates": [ 131.643430200000012, 32.5868101 ] } },
{ "type": "Feature", "properties": { "内容": "有限会社ひだまりの家【通所介護】宮崎県延岡市川原崎町84番地1", "url": "https://www.kaigokensaku.mhlw.go.jp/45/index.php?action_kouhyou_detail_004_kani=true&JigyosyoCd=4570300824-00&ServiceCd=150&Type=search", "url2": null }, "geometry": { "type": "Point", "coordinates": [ 131.682393899999965, 32.5915057 ] } },
{ "type": "Feature", "properties": { "内容": "デイサービス城山【通所介護】宮崎県延岡市南町２丁目１－１０", "url": "https://www.kaigokensaku.mhlw.go.jp/45/index.php?action_kouhyou_detail_004_kani=true&JigyosyoCd=4570301194-00&ServiceCd=150&Type=search", "url2": null }, "geometry": { "type": "Point", "coordinates": [ 131.665956599999959, 32.5810224 ] } },
{ "type": "Feature", "properties": { "内容": "デイサービス萩【通所介護】宮崎県延岡市萩町６２番地", "url": "https://www.kaigokensaku.mhlw.go.jp/45/index.php?action_kouhyou_detail_004_kani=true&JigyosyoCd=4570301731-00&ServiceCd=150&Type=search", "url2": null }, "geometry": { "type": "Point", "coordinates": [ 131.672283399999969, 32.5916025 ] } },
{ "type": "Feature", "properties": { "内容": "だんだん東桜ケ丘デイサービス【通所介護】宮崎県延岡市稲葉崎町5丁目7421-15", "url": "https://www.kaigokensaku.mhlw.go.jp/45/index.php?action_kouhyou_detail_004_kani=true&JigyosyoCd=4570302820-00&ServiceCd=150&Type=search", "url2": "https://dandans.8wixsite.com/dandan" }, "geometry": { "type": "Point", "coordinates": [ 131.670842419573972, 32.615228752019483 ] } },
{ "type": "Feature", "properties": { "内容": "でいさーびす　かのん　かのん【通所介護】宮崎県延岡市平原町１丁目８５３番地3", "url": "https://www.kaigokensaku.mhlw.go.jp/45/index.php?action_kouhyou_detail_004_kani=true&JigyosyoCd=4570301814-00&ServiceCd=150&Type=search", "url2": null }, "geometry": { "type": "Point", "coordinates": [ 131.674128941733557, 32.554965545407725 ] } },
{ "type": "Feature", "properties": { "内容": "デイサービスあくた東海店【通所介護】延岡市無鹿町1丁目2148", "url": "https://www.kaigokensaku.mhlw.go.jp/45/index.php?action_kouhyou_detail_004_kani=true&JigyosyoCd=4570301632-00&ServiceCd=150&Type=search", "url2": "https://kaihou-g.jp/" }, "geometry": { "type": "Point", "coordinates": [ 131.684478799999965, 32.6094572 ] } },
{ "type": "Feature", "properties": { "内容": "株式会社サン・ルーム　デイサービス干支の里【通所介護】宮崎県延岡市北方町早中巳909-1", "url": "https://www.kaigokensaku.mhlw.go.jp/45/index.php?action_kouhyou_detail_004_kani=true&JigyosyoCd=4570302689-00&ServiceCd=150&Type=search", "url2": "http://care-net.biz/45/sun-room/company.php" }, "geometry": { "type": "Point", "coordinates": [ 131.480980700000032, 32.6030383 ] } },
{ "type": "Feature", "properties": { "内容": "デイサービスふるかわ【通所介護】宮崎県延岡市古川町３７７番地", "url": "https://www.kaigokensaku.mhlw.go.jp/45/index.php?action_kouhyou_detail_004_kani=true&JigyosyoCd=4570302341-00&ServiceCd=150&Type=search", "url2": null }, "geometry": { "type": "Point", "coordinates": [ 131.653632, 32.589777 ] } },
{ "type": "Feature", "properties": { "内容": "ふれあいの里デイサービス【通所介護】宮崎県延岡市沖田町2240-1", "url": "https://www.kaigokensaku.mhlw.go.jp/45/index.php?action_kouhyou_detail_004_kani=true&JigyosyoCd=4570300071-00&ServiceCd=150&Type=search", "url2": "http://www.heart-fureai.jp" }, "geometry": { "type": "Point", "coordinates": [ 131.668900200000053, 32.5412653 ] } },
{ "type": "Feature", "properties": { "内容": "デイサービス花てまり【通所介護】宮崎県延岡市土々呂町５丁目２３７８番地１サービス付き高齢者向け住宅　花みずき　同一建物内", "url": "https://www.kaigokensaku.mhlw.go.jp/45/index.php?action_kouhyou_detail_004_kani=true&JigyosyoCd=4570302101-00&ServiceCd=150&Type=search", "url2": "http://miyaharakaigo.co.jp/" }, "geometry": { "type": "Point", "coordinates": [ 131.670444493254081, 32.506410631708555 ] } },
{ "type": "Feature", "properties": { "内容": "社会福祉法人延岡市社会福祉協議会北方デイサービスセンター【通所介護】宮崎県延岡市北方町川水流卯１４２０番地", "url": "https://www.kaigokensaku.mhlw.go.jp/45/index.php?action_kouhyou_detail_004_kani=true&JigyosyoCd=4572100461-00&ServiceCd=150&Type=search", "url2": "http://www.nobesha.net" }, "geometry": { "type": "Point", "coordinates": [ 131.521837600000026, 32.5592373 ] } },
{ "type": "Feature", "properties": { "内容": "デイサービスセンターひまわり【通所介護】宮崎県延岡市北川町川内名8307番地", "url": "https://www.kaigokensaku.mhlw.go.jp/45/index.php?action_kouhyou_detail_004_kani=true&JigyosyoCd=4572100669-00&ServiceCd=150&Type=search", "url2": "http://himawari-nobeoka.com/" }, "geometry": { "type": "Point", "coordinates": [ 131.661447062722715, 32.716929572613239 ] } },
{ "type": "Feature", "properties": { "内容": "延岡市東海デイサービスセンター【通所介護】宮崎県延岡市無鹿町１丁目２０３１番地５", "url": "https://www.kaigokensaku.mhlw.go.jp/45/index.php?action_kouhyou_detail_004_kani=true&JigyosyoCd=4570300345-00&ServiceCd=150&Type=search", "url2": "http://www.mitubakai.jp/kaedesou" }, "geometry": { "type": "Point", "coordinates": [ 131.683229392379673, 32.614166287284768 ] } },
{ "type": "Feature", "properties": { "内容": "デイサービスセンター「あまみや」【通所介護】宮崎県延岡市野地町1丁目4070－1", "url": "https://www.kaigokensaku.mhlw.go.jp/45/index.php?action_kouhyou_detail_004_kani=true&JigyosyoCd=4570300956-00&ServiceCd=150&Type=search", "url2": "http://www.yu-ryu.co.jp" }, "geometry": { "type": "Point", "coordinates": [ 131.643394899999947, 32.573797 ] } },
{ "type": "Feature", "properties": { "内容": "グランドヒルデイサービス【通所介護】宮崎県延岡市鶴ヶ丘2丁目2002番地2グランドヒル鶴ヶ丘", "url": "https://www.kaigokensaku.mhlw.go.jp/45/index.php?action_kouhyou_detail_004_kani=true&JigyosyoCd=4570301442-00&ServiceCd=150&Type=search", "url2": null }, "geometry": { "type": "Point", "coordinates": [ 131.670794300000011, 32.5448484 ] } },
{ "type": "Feature", "properties": { "内容": "大貫デイサービス【通所介護】宮崎県延岡市大貫町５丁目１７１３番地", "url": "https://www.kaigokensaku.mhlw.go.jp/45/index.php?action_kouhyou_detail_004_kani=true&JigyosyoCd=4570301483-00&ServiceCd=150&Type=search", "url2": "http://www.tokyu.from.tv/riverside/" }, "geometry": { "type": "Point", "coordinates": [ 131.649035578820758, 32.568344319460969 ] } },
{ "type": "Feature", "properties": { "内容": "デイサービスセンター元気の里　延岡館【通所介護】延岡市小峰町6964番地", "url": "https://www.kaigokensaku.mhlw.go.jp/45/index.php?action_kouhyou_detail_004_kani=true&JigyosyoCd=4570302887-00&ServiceCd=150&Type=search", "url2": "https://sun3.jp/genki-nobeoka/" }, "geometry": { "type": "Point", "coordinates": [ 131.628116, 32.5820009 ] } },
{ "type": "Feature", "properties": { "内容": "きたがわ荘指定通所介護事業所【通所介護】宮崎県延岡市北川町長井5565-8", "url": "https://www.kaigokensaku.mhlw.go.jp/45/index.php?action_kouhyou_detail_004_kani=true&JigyosyoCd=4572100339-00&ServiceCd=150&Type=search", "url2": "http://www.kitagawa-houjukai.com" }, "geometry": { "type": "Point", "coordinates": [ 131.7047374, 32.6654257 ] } },
{ "type": "Feature", "properties": { "内容": "医療法人久康会　通所介護　S-Beach倶楽部【通所介護】宮崎県延岡市塩浜町４丁目1640-23リサーチパーク向洋台", "url": "https://www.kaigokensaku.mhlw.go.jp/45/index.php?action_kouhyou_detail_004_kani=true&JigyosyoCd=4570302085-00&ServiceCd=150&Type=search", "url2": "http://kyukoukai.or.jp/publics/index/49/" }, "geometry": { "type": "Point", "coordinates": [ 131.677485599999955, 32.5383937 ] } },
{ "type": "Feature", "properties": { "内容": "デイサービスあくた南店【通所介護】宮崎県延岡市下伊形町2番地３３４", "url": "https://www.kaigokensaku.mhlw.go.jp/45/index.php?action_kouhyou_detail_004_kani=true&JigyosyoCd=4570302713-00&ServiceCd=150&Type=search", "url2": "https://ds-acta.com/" }, "geometry": { "type": "Point", "coordinates": [ 131.6750934, 32.5252332 ] } },
{ "type": "Feature", "properties": { "内容": "デイサービスセンターびろうの里【通所介護】宮崎県日南市南郷町中村乙6947-2", "url": "https://www.kaigokensaku.mhlw.go.jp/45/index.php?action_kouhyou_detail_004_kani=true&JigyosyoCd=4570400707-00&ServiceCd=150&Type=search", "url2": "https://biroukaibirounosato.wixsite.com/mysite" }, "geometry": { "type": "Point", "coordinates": [ 131.364901355156036, 31.529553691694627 ] } },
{ "type": "Feature", "properties": { "内容": "リハステップ郷【通所介護】北郷町郷之原乙２０５８－１", "url": "https://www.kaigokensaku.mhlw.go.jp/45/index.php?action_kouhyou_detail_004_kani=true&JigyosyoCd=4570400871-00&ServiceCd=150&Type=search", "url2": "https://www.1step16.com/" }, "geometry": { "type": "Point", "coordinates": [ 131.373631599999953, 31.6748785 ] } },
{ "type": "Feature", "properties": { "内容": "デイサービス　はなたて【通所介護】宮崎県日南市北郷町郷之原甲３５９８番地１", "url": "https://www.kaigokensaku.mhlw.go.jp/45/index.php?action_kouhyou_detail_004_kani=true&JigyosyoCd=4570401069-00&ServiceCd=150&Type=search", "url2": "https://www.hanatate.com" }, "geometry": { "type": "Point", "coordinates": [ 131.373089400000026, 31.692182 ] } },
{ "type": "Feature", "properties": { "内容": "花みずきデイサービス【通所介護】宮崎県日南市中央通１丁目４番地１６号住宅型有料老人ホーム　花みずき併設", "url": "https://www.kaigokensaku.mhlw.go.jp/45/index.php?action_kouhyou_detail_004_kani=true&JigyosyoCd=4570401283-00&ServiceCd=150&Type=search", "url2": "ｈｔｔｐ：//ｔｏｋｕｅｉｋａｉ．ｌａｒ．ｊｐ/" }, "geometry": { "type": "Point", "coordinates": [ 131.380665098687587, 31.603455358172763 ] } },
{ "type": "Feature", "properties": { "内容": "ロイヤルガーデン日南【通所介護】宮崎県日南市大字星倉１０９９番地2", "url": "https://www.kaigokensaku.mhlw.go.jp/45/index.php?action_kouhyou_detail_004_kani=true&JigyosyoCd=4570400368-00&ServiceCd=150&Type=search", "url2": "http://www.keiwakai.co.jp" }, "geometry": { "type": "Point", "coordinates": [ 131.359800972390588, 31.616446398619388 ] } },
{ "type": "Feature", "properties": { "内容": "デイサービスにじ【通所介護】宮崎県日南市大字平山５４１番地２", "url": "https://www.kaigokensaku.mhlw.go.jp/45/index.php?action_kouhyou_detail_004_kani=true&JigyosyoCd=4570400830-00&ServiceCd=150&Type=search", "url2": null }, "geometry": { "type": "Point", "coordinates": [ 131.4087624, 31.5967301 ] } },
{ "type": "Feature", "properties": { "内容": "デイサービスセンターさくら【通所介護】宮崎県日南市大字隈谷甲878-1デイサービスセンターさくら", "url": "https://www.kaigokensaku.mhlw.go.jp/45/index.php?action_kouhyou_detail_004_kani=true&JigyosyoCd=4570401044-00&ServiceCd=150&Type=search", "url2": null }, "geometry": { "type": "Point", "coordinates": [ 131.374730069311454, 31.575174395615026 ] } },
{ "type": "Feature", "properties": { "内容": "デイサービス　はいびすかす【通所介護】宮崎県日南市北郷町北河内5754", "url": "https://www.kaigokensaku.mhlw.go.jp/45/index.php?action_kouhyou_detail_004_kani=true&JigyosyoCd=4570401481-00&ServiceCd=150&Type=search", "url2": "https://www.hanatate.com/" }, "geometry": { "type": "Point", "coordinates": [ 131.3293416, 31.7242629 ] } },
{ "type": "Feature", "properties": { "内容": "河鹿の里通所介護事業所【通所介護】宮崎県日南市北郷町大藤字甲1384番地５", "url": "https://www.kaigokensaku.mhlw.go.jp/45/index.php?action_kouhyou_detail_004_kani=true&JigyosyoCd=4571600057-00&ServiceCd=150&Type=search", "url2": "http://www.aienkai.jp/" }, "geometry": { "type": "Point", "coordinates": [ 131.382368060249263, 31.657158056358764 ] } },
{ "type": "Feature", "properties": { "内容": "はまゆうの里デイサービス【通所介護】宮崎県日南市大字楠原１８４０番地", "url": "https://www.kaigokensaku.mhlw.go.jp/45/index.php?action_kouhyou_detail_004_kani=true&JigyosyoCd=4570400194-00&ServiceCd=150&Type=search", "url2": "http://tokueikai.lar.jp/hamayudayservice" }, "geometry": { "type": "Point", "coordinates": [ 131.342676799999907, 31.6179051 ] } },
{ "type": "Feature", "properties": { "内容": "おひさまデイサービス【通所介護】宮崎県日南市吾田西１－４－３０", "url": "https://www.kaigokensaku.mhlw.go.jp/45/index.php?action_kouhyou_detail_004_kani=true&JigyosyoCd=4570400376-00&ServiceCd=150&Type=search", "url2": null }, "geometry": { "type": "Point", "coordinates": [ 131.376852900000017, 31.6061955 ] } },
{ "type": "Feature", "properties": { "内容": "デイサービスセンターファミリー【通所介護】宮崎県日南市南郷町中村甲2367番地3", "url": "https://www.kaigokensaku.mhlw.go.jp/45/index.php?action_kouhyou_detail_004_kani=true&JigyosyoCd=4570400608-00&ServiceCd=150&Type=search", "url2": "http://www.family-nichinan.com/" }, "geometry": { "type": "Point", "coordinates": [ 131.361906412237886, 31.546517053671138 ] } },
{ "type": "Feature", "properties": { "内容": "よつば通所介護事業所【通所介護】宮崎県日南市平野1512番地3", "url": "https://www.kaigokensaku.mhlw.go.jp/45/index.php?action_kouhyou_detail_004_kani=true&JigyosyoCd=4570400756-00&ServiceCd=150&Type=search", "url2": null }, "geometry": { "type": "Point", "coordinates": [ 131.385524499999974, 31.6096897 ] } },
{ "type": "Feature", "properties": { "内容": "デイサービス貴崇【通所介護】南郷町谷之口2384番地7", "url": "https://www.kaigokensaku.mhlw.go.jp/45/index.php?action_kouhyou_detail_004_kani=true&JigyosyoCd=4570400988-00&ServiceCd=150&Type=search", "url2": "takasou@sage.ocn.ne.jp" }, "geometry": { "type": "Point", "coordinates": [ 131.339798500000029, 31.5314079 ] } },
{ "type": "Feature", "properties": { "内容": "社会福祉法人　デイサービスセンター　日南ふれあいホーム【通所介護】宮崎県日南市飫肥六丁目6番62号", "url": "https://www.kaigokensaku.mhlw.go.jp/45/index.php?action_kouhyou_detail_004_kani=true&JigyosyoCd=4570401101-00&ServiceCd=150&Type=search", "url2": "http://www.keimeisw.or.jp" }, "geometry": { "type": "Point", "coordinates": [ 131.35491479999996, 31.6241938 ] } },
{ "type": "Feature", "properties": { "内容": "通所介護施設　星のグリーンテラス【通所介護】宮崎県日南市吾田西三丁目8番23号", "url": "https://www.kaigokensaku.mhlw.go.jp/45/index.php?action_kouhyou_detail_004_kani=true&JigyosyoCd=4570401572-00&ServiceCd=150&Type=search", "url2": "moritokaze-sato.com" }, "geometry": { "type": "Point", "coordinates": [ 131.3716056, 31.6098577 ] } },
{ "type": "Feature", "properties": { "内容": "特別養護老人ホームくろしおの里【通所介護】宮崎県日南市南郷町中村乙7051番地111", "url": "https://www.kaigokensaku.mhlw.go.jp/45/index.php?action_kouhyou_detail_004_kani=true&JigyosyoCd=4571600065-00&ServiceCd=150&Type=search", "url2": "kurosionosato.or.jp" }, "geometry": { "type": "Point", "coordinates": [ 131.3776322, 31.521609500000011 ] } },
{ "type": "Feature", "properties": { "内容": "デイサービスぽぽの木【通所介護】宮崎県日南市東弁分甲1112番地１", "url": "https://www.kaigokensaku.mhlw.go.jp/45/index.php?action_kouhyou_detail_004_kani=true&JigyosyoCd=4570400632-00&ServiceCd=150&Type=search", "url2": null }, "geometry": { "type": "Point", "coordinates": [ 131.390502933782159, 31.629981607535886 ] } },
{ "type": "Feature", "properties": { "内容": "デイサービスセンターあじさい【通所介護】宮崎県日南市大字楠原７００番地１", "url": "https://www.kaigokensaku.mhlw.go.jp/45/index.php?action_kouhyou_detail_004_kani=true&JigyosyoCd=4570401226-00&ServiceCd=150&Type=search", "url2": null }, "geometry": { "type": "Point", "coordinates": [ 131.3385045, 31.6201051 ] } },
{ "type": "Feature", "properties": { "内容": "昭寿園通所介護事業所【通所介護】宮崎県日南市大字風田３８９５番地", "url": "https://www.kaigokensaku.mhlw.go.jp/45/index.php?action_kouhyou_detail_004_kani=true&JigyosyoCd=4570400103-00&ServiceCd=150&Type=search", "url2": "http;//shojuen.jp/" }, "geometry": { "type": "Point", "coordinates": [ 131.421927800000049, 31.6117073 ] } },
{ "type": "Feature", "properties": { "内容": "コスモス温泉デイサービスセンター【通所介護】宮崎県小林市南西方１１３０－７７", "url": "https://www.kaigokensaku.mhlw.go.jp/45/index.php?action_kouhyou_detail_004_kani=true&JigyosyoCd=4570500191-00&ServiceCd=150&Type=search", "url2": null }, "geometry": { "type": "Point", "coordinates": [ 130.936494, 31.974594 ] } },
{ "type": "Feature", "properties": { "内容": "デイサービスくわの美【通所介護】細野4420番地1", "url": "https://www.kaigokensaku.mhlw.go.jp/45/index.php?action_kouhyou_detail_004_kani=true&JigyosyoCd=4570501033-00&ServiceCd=150&Type=search", "url2": null }, "geometry": { "type": "Point", "coordinates": [ 130.968985400000065, 31.9744181 ] } },
{ "type": "Feature", "properties": { "内容": "デイサービスセンターこころ湯【通所介護】南西方1112番地141", "url": "https://www.kaigokensaku.mhlw.go.jp/45/index.php?action_kouhyou_detail_004_kani=true&JigyosyoCd=4570500753-00&ServiceCd=150&Type=search", "url2": "https://kokoroyu.com/" }, "geometry": { "type": "Point", "coordinates": [ 130.937191834779327, 31.974288022767279 ] } },
{ "type": "Feature", "properties": { "内容": "ひなもり園　デイサービス【通所介護】宮崎県小林市堤4380番地", "url": "https://www.kaigokensaku.mhlw.go.jp/45/index.php?action_kouhyou_detail_004_kani=true&JigyosyoCd=4570500100-00&ServiceCd=150&Type=search", "url2": "http://www.tokiwa-kai.or.jp/hinamori/" }, "geometry": { "type": "Point", "coordinates": [ 131.010651700000039, 31.9614924 ] } },
{ "type": "Feature", "properties": { "内容": "ミューズの朝小林デイサービスセンター【通所介護】宮崎県小林市細野1478番地", "url": "https://www.kaigokensaku.mhlw.go.jp/45/index.php?action_kouhyou_detail_004_kani=true&JigyosyoCd=4570500654-00&ServiceCd=150&Type=search", "url2": "http://hoshakai.com" }, "geometry": { "type": "Point", "coordinates": [ 130.969690899999932, 31.9879182 ] } },
{ "type": "Feature", "properties": { "内容": "ホームライフひむかデイサービス【通所介護】小林市堤２０７６番地１", "url": "https://www.kaigokensaku.mhlw.go.jp/45/index.php?action_kouhyou_detail_004_kani=true&JigyosyoCd=4570500720-00&ServiceCd=150&Type=search", "url2": null }, "geometry": { "type": "Point", "coordinates": [ 131.004103100000066, 31.9603714 ] } },
{ "type": "Feature", "properties": { "内容": "デイサービス　へいわ【通所介護】宮崎県小林市野尻町東麓2558-9", "url": "https://www.kaigokensaku.mhlw.go.jp/45/index.php?action_kouhyou_detail_004_kani=true&JigyosyoCd=4570500928-00&ServiceCd=150&Type=search", "url2": null }, "geometry": { "type": "Point", "coordinates": [ 131.085152556774005, 31.963074208454028 ] } },
{ "type": "Feature", "properties": { "内容": "デイサービス　七ころび八起き【通所介護】水流迫229番地7", "url": "https://www.kaigokensaku.mhlw.go.jp/45/index.php?action_kouhyou_detail_004_kani=true&JigyosyoCd=4570501140-00&ServiceCd=150&Type=search", "url2": null }, "geometry": { "type": "Point", "coordinates": [ 131.002252, 31.9815402 ] } },
{ "type": "Feature", "properties": { "内容": "デイサービスセンター小林ひまわり荘【通所介護】宮崎県小林市北西方3130番地2デイサービスセンター小林ひまわり荘", "url": "https://www.kaigokensaku.mhlw.go.jp/45/index.php?action_kouhyou_detail_004_kani=true&JigyosyoCd=4570500829-00&ServiceCd=150&Type=search", "url2": null }, "geometry": { "type": "Point", "coordinates": [ 130.917532199999982, 32.0232465 ] } },
{ "type": "Feature", "properties": { "内容": "デイサービスセンター　のかいどう【通所介護】宮崎県小林市南西方7750番地", "url": "https://www.kaigokensaku.mhlw.go.jp/45/index.php?action_kouhyou_detail_004_kani=true&JigyosyoCd=4570500977-00&ServiceCd=150&Type=search", "url2": "http://nokaidou.pctech.jp/" }, "geometry": { "type": "Point", "coordinates": [ 130.918161643036683, 31.979656971129536 ] } },
{ "type": "Feature", "properties": { "内容": "デイサービスセンターふくじゅ【通所介護】宮崎県小林市堤２４１３－５", "url": "https://www.kaigokensaku.mhlw.go.jp/45/index.php?action_kouhyou_detail_004_kani=true&JigyosyoCd=4570500860-00&ServiceCd=150&Type=search", "url2": null }, "geometry": { "type": "Point", "coordinates": [ 130.99563969999997, 31.9733117 ] } },
{ "type": "Feature", "properties": { "内容": "デイサービスセンター悠・水流迫【通所介護】小林市水流迫569-13", "url": "https://www.kaigokensaku.mhlw.go.jp/45/index.php?action_kouhyou_detail_004_kani=true&JigyosyoCd=4570500837-00&ServiceCd=150&Type=search", "url2": "https://www.haruka-fukushi.com" }, "geometry": { "type": "Point", "coordinates": [ 130.991044399999964, 31.9940791 ] } },
{ "type": "Feature", "properties": { "内容": "特別養護老人ホームきりしまの園【通所介護】宮崎県小林市野尻町三ヶ野山４３３６番地７４", "url": "https://www.kaigokensaku.mhlw.go.jp/45/index.php?action_kouhyou_detail_004_kani=true&JigyosyoCd=4571800137-00&ServiceCd=150&Type=search", "url2": "kirishimanosono.com" }, "geometry": { "type": "Point", "coordinates": [ 131.077678099999957, 31.963678 ] } },
{ "type": "Feature", "properties": { "内容": "デイサービス　創【通所介護】宮崎県小林市野尻町東麓２６５７-２", "url": "https://www.kaigokensaku.mhlw.go.jp/45/index.php?action_kouhyou_detail_004_kani=true&JigyosyoCd=4571800525-00&ServiceCd=150&Type=search", "url2": "http://www.yukichannoie.info" }, "geometry": { "type": "Point", "coordinates": [ 131.081878430530537, 31.957291795886483 ] } },
{ "type": "Feature", "properties": { "内容": "陽光の里デイサービスセンター【通所介護】宮崎県小林市真方5038番地1", "url": "https://www.kaigokensaku.mhlw.go.jp/45/index.php?action_kouhyou_detail_004_kani=true&JigyosyoCd=4570501108-00&ServiceCd=150&Type=search", "url2": "http://www.kosumosukai.or.jp/" }, "geometry": { "type": "Point", "coordinates": [ 130.9957885, 32.0014114 ] } },
{ "type": "Feature", "properties": { "内容": "デイサービスセンター霧島【通所介護】宮崎県小林市野尻町三ヶ野山３２７２－２", "url": "https://www.kaigokensaku.mhlw.go.jp/45/index.php?action_kouhyou_detail_004_kani=true&JigyosyoCd=4571800376-00&ServiceCd=150&Type=search", "url2": "http://www.welcourt.jp" }, "geometry": { "type": "Point", "coordinates": [ 131.0268565, 31.9734179 ] } },
{ "type": "Feature", "properties": { "内容": "シルバーランド望峰の里【通所介護】宮崎県小林市北西方7125-1", "url": "https://www.kaigokensaku.mhlw.go.jp/45/index.php?action_kouhyou_detail_004_kani=true&JigyosyoCd=4570500118-00&ServiceCd=150&Type=search", "url2": "http://kobayashi-syakyo.jimdo.com/ホーム/シルバーランド望峰の里/" }, "geometry": { "type": "Point", "coordinates": [ 130.935761299999967, 32.0287713 ] } },
{ "type": "Feature", "properties": { "内容": "医療法人社団慶城会瀧井病院【通所介護】宮崎県日向市大字塩見１１６５２", "url": "https://www.kaigokensaku.mhlw.go.jp/45/index.php?action_kouhyou_detail_004_kani=true&JigyosyoCd=4510610472-00&ServiceCd=150&Type=search", "url2": null }, "geometry": { "type": "Point", "coordinates": [ 131.6011426, 32.4117584 ] } },
{ "type": "Feature", "properties": { "内容": "永寿園デイサービスセンターざいこうじ【通所介護】大字財光寺６５４７番地５", "url": "https://www.kaigokensaku.mhlw.go.jp/45/index.php?action_kouhyou_detail_004_kani=true&JigyosyoCd=4570600892-00&ServiceCd=150&Type=search", "url2": "www.himawarikai.or.jp/" }, "geometry": { "type": "Point", "coordinates": [ 131.622423799999979, 32.4162725 ] } },
{ "type": "Feature", "properties": { "内容": "ＪＡ日向デイサービスセンター「あぐり」【通所介護】宮崎県日向市鶴町１丁目２６番地", "url": "https://www.kaigokensaku.mhlw.go.jp/45/index.php?action_kouhyou_detail_004_kani=true&JigyosyoCd=4570600645-00&ServiceCd=150&Type=search", "url2": null }, "geometry": { "type": "Point", "coordinates": [ 131.62878139999998, 32.4262912 ] } },
{ "type": "Feature", "properties": { "内容": "デイサービス　みすず【通所介護】宮崎県日向市東郷町山陰辛613番地5", "url": "https://www.kaigokensaku.mhlw.go.jp/45/index.php?action_kouhyou_detail_004_kani=true&JigyosyoCd=4570600975-00&ServiceCd=150&Type=search", "url2": null }, "geometry": { "type": "Point", "coordinates": [ 131.513931299999967, 32.3913413 ] } },
{ "type": "Feature", "properties": { "内容": "竹島デイサービスセンター【通所介護】宮崎県日向市竹島町１番地４７", "url": "https://www.kaigokensaku.mhlw.go.jp/45/index.php?action_kouhyou_detail_004_kani=true&JigyosyoCd=4570601510-00&ServiceCd=150&Type=search", "url2": null }, "geometry": { "type": "Point", "coordinates": [ 131.65471712883604, 32.435549765265854 ] } },
{ "type": "Feature", "properties": { "内容": "ファーストカラーデイサービス【通所介護】宮崎県日向市都町9番地１２号", "url": "https://www.kaigokensaku.mhlw.go.jp/45/index.php?action_kouhyou_detail_004_kani=true&JigyosyoCd=4570601189-00&ServiceCd=150&Type=search", "url2": null }, "geometry": { "type": "Point", "coordinates": [ 131.6253233, 32.4269522 ] } },
{ "type": "Feature", "properties": { "内容": "デイサービスセンター美しき海【通所介護】宮崎県日向市大字平岩448番地", "url": "https://www.kaigokensaku.mhlw.go.jp/45/index.php?action_kouhyou_detail_004_kani=true&JigyosyoCd=4570600850-00&ServiceCd=150&Type=search", "url2": "sunmarine@toriton.ocn.ne.jp" }, "geometry": { "type": "Point", "coordinates": [ 131.6289673, 32.3702999 ] } },
{ "type": "Feature", "properties": { "内容": "ラフィネデイサービスセンター【通所介護】宮崎県日向市原町３丁目１－２４", "url": "https://www.kaigokensaku.mhlw.go.jp/45/index.php?action_kouhyou_detail_004_kani=true&JigyosyoCd=4570600272-00&ServiceCd=150&Type=search", "url2": null }, "geometry": { "type": "Point", "coordinates": [ 131.632317300000068, 32.4235888 ] } },
{ "type": "Feature", "properties": { "内容": "永寿園デイサービスセンター【通所介護】宮崎県日向市大字富高546-1", "url": "https://www.kaigokensaku.mhlw.go.jp/45/index.php?action_kouhyou_detail_004_kani=true&JigyosyoCd=4570600207-00&ServiceCd=150&Type=search", "url2": "www.himawarikai.or.jp/" }, "geometry": { "type": "Point", "coordinates": [ 131.617701899999929, 32.4213802 ] } },
{ "type": "Feature", "properties": { "内容": "デイサービス　伊勢ヶ浜【通所介護】宮崎県日向市大字日知屋字深溝622番地116", "url": "https://www.kaigokensaku.mhlw.go.jp/45/index.php?action_kouhyou_detail_004_kani=true&JigyosyoCd=4570600371-00&ServiceCd=150&Type=search", "url2": "http://www.hakuyou.or.jp/" }, "geometry": { "type": "Point", "coordinates": [ 131.65343, 32.4155624 ] } },
{ "type": "Feature", "properties": { "内容": "立縫の里デイサービスセンター【通所介護】宮崎県日向市美々津町4074番地", "url": "https://www.kaigokensaku.mhlw.go.jp/45/index.php?action_kouhyou_detail_004_kani=true&JigyosyoCd=4570600165-00&ServiceCd=150&Type=search", "url2": "http://www.tachinuikai.or.jp" }, "geometry": { "type": "Point", "coordinates": [ 131.597247962565604, 32.332845350116301 ] } },
{ "type": "Feature", "properties": { "内容": "デイサービスセンター　だんらん【通所介護】宮崎県日向市日知屋３３８９番地１５", "url": "https://www.kaigokensaku.mhlw.go.jp/45/index.php?action_kouhyou_detail_004_kani=true&JigyosyoCd=4570600827-00&ServiceCd=150&Type=search", "url2": null }, "geometry": { "type": "Point", "coordinates": [ 131.6516904, 32.42958609999998 ] } },
{ "type": "Feature", "properties": { "内容": "天生堂デイサービスセンター【通所介護】宮崎県日向市亀崎西１丁目２９番地", "url": "https://www.kaigokensaku.mhlw.go.jp/45/index.php?action_kouhyou_detail_004_kani=true&JigyosyoCd=4570600959-00&ServiceCd=150&Type=search", "url2": "http://www.tenseidou.jp" }, "geometry": { "type": "Point", "coordinates": [ 131.6290947, 32.4392206 ] } },
{ "type": "Feature", "properties": { "内容": "デイサービス　やすらぎの里【通所介護】宮崎県日向市大字塩見１４００５番地", "url": "https://www.kaigokensaku.mhlw.go.jp/45/index.php?action_kouhyou_detail_004_kani=true&JigyosyoCd=4570601437-00&ServiceCd=150&Type=search", "url2": null }, "geometry": { "type": "Point", "coordinates": [ 131.602151, 32.402204 ] } },
{ "type": "Feature", "properties": { "内容": "デイサービスあくた　東郷店【通所介護】宮崎県日向市東郷町山陰字後口原辛826-2株式会社　アワダホーム", "url": "https://www.kaigokensaku.mhlw.go.jp/45/index.php?action_kouhyou_detail_004_kani=true&JigyosyoCd=4570601452-00&ServiceCd=150&Type=search", "url2": null }, "geometry": { "type": "Point", "coordinates": [ 131.510036281614674, 32.394119243537745 ] } },
{ "type": "Feature", "properties": { "内容": "社会福祉法人玉峰会牧水園デイサービスセンター【通所介護】宮崎県日向市東郷町山陰丙1246", "url": "https://www.kaigokensaku.mhlw.go.jp/45/index.php?action_kouhyou_detail_004_kani=true&JigyosyoCd=4572100321-00&ServiceCd=150&Type=search", "url2": "http://gyokuhou-kai.or.jp/" }, "geometry": { "type": "Point", "coordinates": [ 131.536265599999979, 32.3922894 ] } },
{ "type": "Feature", "properties": { "内容": "デイサービス　緑の風【通所介護】宮崎県日向市東郷町山陰辛264番2", "url": "https://www.kaigokensaku.mhlw.go.jp/45/index.php?action_kouhyou_detail_004_kani=true&JigyosyoCd=4570601122-00&ServiceCd=150&Type=search", "url2": "bozanso.main.jp" }, "geometry": { "type": "Point", "coordinates": [ 131.51437118227841, 32.390684482081134 ] } },
{ "type": "Feature", "properties": { "内容": "コンパスウォーク日向北町【通所介護】宮崎県日向市北町1丁目60番", "url": "https://www.kaigokensaku.mhlw.go.jp/45/index.php?action_kouhyou_detail_004_kani=true&JigyosyoCd=4570601577-00&ServiceCd=150&Type=search", "url2": "https://tofuku-g.jp/" }, "geometry": { "type": "Point", "coordinates": [ 131.627032222090151, 32.429925621751089 ] } },
{ "type": "Feature", "properties": { "内容": "デイサービスほたるの郷【通所介護】宮崎県串間市本城7610番地住宅型有料老人ホーム", "url": "https://www.kaigokensaku.mhlw.go.jp/45/index.php?action_kouhyou_detail_004_kani=true&JigyosyoCd=4570700445-00&ServiceCd=150&Type=search", "url2": "https://mesotes-hotarunosato.com/about/" }, "geometry": { "type": "Point", "coordinates": [ 131.263440662565614, 31.430711847801803 ] } },
{ "type": "Feature", "properties": { "内容": "ゆうゆうの森デイサービスセンター【通所介護】宮崎県串間市大字串間１０９４番地", "url": "https://www.kaigokensaku.mhlw.go.jp/45/index.php?action_kouhyou_detail_004_kani=true&JigyosyoCd=4570700098-00&ServiceCd=150&Type=search", "url2": "http://www.y-mori.com" }, "geometry": { "type": "Point", "coordinates": [ 131.25090380000006, 31.496258 ] } },
{ "type": "Feature", "properties": { "内容": "寿楽園デイサービスセンター【通所介護】宮崎県串間市西方４３４１－１", "url": "https://www.kaigokensaku.mhlw.go.jp/45/index.php?action_kouhyou_detail_004_kani=true&JigyosyoCd=4570700080-00&ServiceCd=150&Type=search", "url2": "https://kuroshiokai.com" }, "geometry": { "type": "Point", "coordinates": [ 131.229320775654628, 31.469909845956195 ] } },
{ "type": "Feature", "properties": { "内容": "西都ひまわりデイサービスＣ【通所介護】宮崎県西都市調殿字千田前1287-15", "url": "https://www.kaigokensaku.mhlw.go.jp/45/index.php?action_kouhyou_detail_004_kani=true&JigyosyoCd=4570800443-00&ServiceCd=150&Type=search", "url2": null }, "geometry": { "type": "Point", "coordinates": [ 131.4173054799179, 32.113973239320529 ] } },
{ "type": "Feature", "properties": { "内容": "西都ひまわりデイサービスＡ【通所介護】宮崎県西都市右松3292-40", "url": "https://www.kaigokensaku.mhlw.go.jp/45/index.php?action_kouhyou_detail_004_kani=true&JigyosyoCd=4570800823-00&ServiceCd=150&Type=search", "url2": null }, "geometry": { "type": "Point", "coordinates": [ 131.4315278, 32.11512 ] } },
{ "type": "Feature", "properties": { "内容": "西都ひまわりデイサービスB【通所介護】宮崎県西都市右松3292-40", "url": "https://www.kaigokensaku.mhlw.go.jp/45/index.php?action_kouhyou_detail_004_kani=true&JigyosyoCd=4570800831-00&ServiceCd=150&Type=search", "url2": null }, "geometry": { "type": "Point", "coordinates": [ 131.4315278, 32.11512 ] } },
{ "type": "Feature", "properties": { "内容": "白馬デイサービスセンター【通所介護】西都市妻1680番地１", "url": "https://www.kaigokensaku.mhlw.go.jp/45/index.php?action_kouhyou_detail_004_kani=true&JigyosyoCd=4570800104-00&ServiceCd=150&Type=search", "url2": "http://www.tsubasa-f.or.jp" }, "geometry": { "type": "Point", "coordinates": [ 131.400134764560477, 32.104898125360819 ] } },
{ "type": "Feature", "properties": { "内容": "幸楽荘デイサービスセンター【通所介護】宮崎県西都市大字茶臼原字轟941番地1", "url": "https://www.kaigokensaku.mhlw.go.jp/45/index.php?action_kouhyou_detail_004_kani=true&JigyosyoCd=4570800096-00&ServiceCd=150&Type=search", "url2": "http://www.m-shinwakai.jp/" }, "geometry": { "type": "Point", "coordinates": [ 131.417365095848027, 32.140266910698543 ] } },
{ "type": "Feature", "properties": { "内容": "静和園デイサービスセンター【通所介護】宮崎県西都市大字清水792番地1", "url": "https://www.kaigokensaku.mhlw.go.jp/45/index.php?action_kouhyou_detail_004_kani=true&JigyosyoCd=4570800146-00&ServiceCd=150&Type=search", "url2": "http://nissho-fukushi.jp/fukushi/sp" }, "geometry": { "type": "Point", "coordinates": [ 131.381356899999986, 32.1006184 ] } },
{ "type": "Feature", "properties": { "内容": "ミューズの朝西都デイサービスセンター【通所介護】宮崎県西都市岡富大字九桝園658番地2", "url": "https://www.kaigokensaku.mhlw.go.jp/45/index.php?action_kouhyou_detail_004_kani=true&JigyosyoCd=4570800526-00&ServiceCd=150&Type=search", "url2": "http://hoshakai.com" }, "geometry": { "type": "Point", "coordinates": [ 131.411698, 32.0796985 ] } },
{ "type": "Feature", "properties": { "内容": "とのこおり荘デイサービスセンター【通所介護】宮崎県西都市大字岩爪１６４５", "url": "https://www.kaigokensaku.mhlw.go.jp/45/index.php?action_kouhyou_detail_004_kani=true&JigyosyoCd=4570800088-00&ServiceCd=150&Type=search", "url2": null }, "geometry": { "type": "Point", "coordinates": [ 131.384021, 32.0451788 ] } },
{ "type": "Feature", "properties": { "内容": "医療法人雅会　デイサービスさくらスクール【通所介護】1丁目66番地", "url": "https://www.kaigokensaku.mhlw.go.jp/45/index.php?action_kouhyou_detail_004_kani=true&JigyosyoCd=4570800476-00&ServiceCd=150&Type=search", "url2": "http://miyabi-kai.jp/" }, "geometry": { "type": "Point", "coordinates": [ 136.871622200000047, 35.2796749 ] } },
{ "type": "Feature", "properties": { "内容": "さくら苑京町デイサービス【通所介護】宮崎県えびの市島内６２７番地", "url": "https://www.kaigokensaku.mhlw.go.jp/45/index.php?action_kouhyou_detail_004_kani=true&JigyosyoCd=4570900276-00&ServiceCd=150&Type=search", "url2": "https://kyk.or.jp" }, "geometry": { "type": "Point", "coordinates": [ 130.777121099999931, 32.0573309 ] } },
{ "type": "Feature", "properties": { "内容": "加久藤デイサービスセンター【通所介護】宮崎県えびの市大字西郷字大溝原６４８－２", "url": "https://www.kaigokensaku.mhlw.go.jp/45/index.php?action_kouhyou_detail_004_kani=true&JigyosyoCd=4570900086-00&ServiceCd=150&Type=search", "url2": null }, "geometry": { "type": "Point", "coordinates": [ 130.792342601977595, 32.040733292068417 ] } },
{ "type": "Feature", "properties": { "内容": "さくら苑新館デイサービス【通所介護】宮崎県えびの市大字大河平4633-10", "url": "https://www.kaigokensaku.mhlw.go.jp/45/index.php?action_kouhyou_detail_004_kani=true&JigyosyoCd=4570900326-00&ServiceCd=150&Type=search", "url2": "https://kyk.or.jp" }, "geometry": { "type": "Point", "coordinates": [ 130.91139069999997, 32.0408058 ] } },
{ "type": "Feature", "properties": { "内容": "シルバーケアステーションほうよう【通所介護】宮崎県えびの市大字原田2216-10", "url": "https://www.kaigokensaku.mhlw.go.jp/45/index.php?action_kouhyou_detail_004_kani=true&JigyosyoCd=4570900151-00&ServiceCd=150&Type=search", "url2": "https://www.keiwakai-hoyo.com" }, "geometry": { "type": "Point", "coordinates": [ 130.8700308, 32.0308362 ] } },
{ "type": "Feature", "properties": { "内容": "医療法人　社団白水会　通所介護いきいき【通所介護】宮崎県北諸県郡三股町稗田４７－５", "url": "https://www.kaigokensaku.mhlw.go.jp/45/index.php?action_kouhyou_detail_004_kani=true&JigyosyoCd=4571700964-00&ServiceCd=150&Type=search", "url2": null }, "geometry": { "type": "Point", "coordinates": [ 131.105096099999969, 31.7335014 ] } },
{ "type": "Feature", "properties": { "内容": "コンパスウォーク三股【通所介護】宮崎県北諸県郡三股町樺山4268-6", "url": "https://www.kaigokensaku.mhlw.go.jp/45/index.php?action_kouhyou_detail_004_kani=true&JigyosyoCd=4571701244-00&ServiceCd=150&Type=search", "url2": null }, "geometry": { "type": "Point", "coordinates": [ 131.115508058010874, 31.737105621120133 ] } },
{ "type": "Feature", "properties": { "内容": "デイサービスセンターとしみ【通所介護】宮崎県北諸県三股町大字樺山4836番26", "url": "https://www.kaigokensaku.mhlw.go.jp/45/index.php?action_kouhyou_detail_004_kani=true&JigyosyoCd=4570201329-00&ServiceCd=150&Type=search", "url2": "https://www.heart-care.biz" }, "geometry": { "type": "Point", "coordinates": [ 131.102693499999987, 31.7347318 ] } },
{ "type": "Feature", "properties": { "内容": "江夏整形外科デイサービスセンターProp【通所介護】宮崎県北諸県郡三股町大字宮村2846-1", "url": "https://www.kaigokensaku.mhlw.go.jp/45/index.php?action_kouhyou_detail_004_kani=true&JigyosyoCd=4571701251-00&ServiceCd=150&Type=search", "url2": "http://enatsu-seikeigeka.com" }, "geometry": { "type": "Point", "coordinates": [ 131.10057414371866, 31.7193365873521 ] } },
{ "type": "Feature", "properties": { "内容": "エスプリ都城デイサービスセンター【通所介護】宮崎県北諸県郡三股町宮村一万城２７５１－２５エスプリ都城", "url": "https://www.kaigokensaku.mhlw.go.jp/45/index.php?action_kouhyou_detail_004_kani=true&JigyosyoCd=4571701004-00&ServiceCd=150&Type=search", "url2": "http://takachika.noblog.net/" }, "geometry": { "type": "Point", "coordinates": [ 131.099106300000017, 31.7204267 ] } },
{ "type": "Feature", "properties": { "内容": "ミューズの朝　三股　デイサービスセンター【通所介護】宮崎県北諸県郡三股町大字樺山４５６８番地１", "url": "https://www.kaigokensaku.mhlw.go.jp/45/index.php?action_kouhyou_detail_004_kani=true&JigyosyoCd=4571700873-00&ServiceCd=150&Type=search", "url2": "http://hoshakai.com/hanausagi/index.html" }, "geometry": { "type": "Point", "coordinates": [ 131.118572769558966, 31.73190158173345 ] } },
{ "type": "Feature", "properties": { "内容": "うぇりんぐデイサービスココ【通所介護】宮崎県北諸県郡三股町大字樺山1153番地4", "url": "https://www.kaigokensaku.mhlw.go.jp/45/index.php?action_kouhyou_detail_004_kani=true&JigyosyoCd=4571701160-00&ServiceCd=150&Type=search", "url2": "http://www.welling-npo.com" }, "geometry": { "type": "Point", "coordinates": [ 131.122469617555566, 31.714346759084513 ] } },
{ "type": "Feature", "properties": { "内容": "星空の都デイサービスセンターみまた【通所介護】宮崎県北諸県郡三股町大字長田1266番地1", "url": "https://www.kaigokensaku.mhlw.go.jp/45/index.php?action_kouhyou_detail_004_kani=true&JigyosyoCd=4571700279-00&ServiceCd=150&Type=search", "url2": "http://mimata.fujimoto.com" }, "geometry": { "type": "Point", "coordinates": [ 131.132191599999942, 31.7438455 ] } },
{ "type": "Feature", "properties": { "内容": "デイサービスセンター三股ひまわり【通所介護】宮崎県北諸県郡三股町大字樺山4717番地1", "url": "https://www.kaigokensaku.mhlw.go.jp/45/index.php?action_kouhyou_detail_004_kani=true&JigyosyoCd=4571700907-00&ServiceCd=150&Type=search", "url2": "https://stepup-m.jp/" }, "geometry": { "type": "Point", "coordinates": [ 131.11028599510658, 31.73317874039525 ] } },
{ "type": "Feature", "properties": { "内容": "デイサービスセンター　たでいけ至福の園【通所介護】宮崎県北諸県郡三股町大字蓼池３６３７番地１", "url": "https://www.kaigokensaku.mhlw.go.jp/45/index.php?action_kouhyou_detail_004_kani=true&JigyosyoCd=4571701061-00&ServiceCd=150&Type=search", "url2": "http://hara-care.com/" }, "geometry": { "type": "Point", "coordinates": [ 131.1131504, 31.762438 ] } },
{ "type": "Feature", "properties": { "内容": "野の花【通所介護】宮崎県北諸県郡三股町大字樺山4407-1", "url": "https://www.kaigokensaku.mhlw.go.jp/45/index.php?action_kouhyou_detail_004_kani=true&JigyosyoCd=4571701111-00&ServiceCd=150&Type=search", "url2": null }, "geometry": { "type": "Point", "coordinates": [ 131.118556399999989, 31.7358711 ] } },
{ "type": "Feature", "properties": { "内容": "デイサービス　ぽっぽフォーラム【通所介護】宮崎県北諸県郡三股町大字宮村2774-29", "url": "https://www.kaigokensaku.mhlw.go.jp/45/index.php?action_kouhyou_detail_004_kani=true&JigyosyoCd=4571701145-00&ServiceCd=150&Type=search", "url2": null }, "geometry": { "type": "Point", "coordinates": [ 131.1038369, 31.7200867 ] } },
{ "type": "Feature", "properties": { "内容": "デイサポート　明輝【通所介護】宮崎県北諸県郡三股町大字蓼池3536番地3", "url": "https://www.kaigokensaku.mhlw.go.jp/45/index.php?action_kouhyou_detail_004_kani=true&JigyosyoCd=4571701103-00&ServiceCd=150&Type=search", "url2": "https：//akiraday3588-work.wixsite.com/akiraday" }, "geometry": { "type": "Point", "coordinates": [ 131.120749899999964, 31.7631492 ] } },
{ "type": "Feature", "properties": { "内容": "デイサービス餅原【通所介護】宮崎県北諸県郡三股町大字餅原１２３８番地", "url": "https://www.kaigokensaku.mhlw.go.jp/45/index.php?action_kouhyou_detail_004_kani=true&JigyosyoCd=4571700899-00&ServiceCd=150&Type=search", "url2": null }, "geometry": { "type": "Point", "coordinates": [ 131.130019100000027, 31.7522893 ] } },
{ "type": "Feature", "properties": { "内容": "リハビリケアセンター音いろ【通所介護】宮崎県西諸県郡高原町大字広原2103", "url": "https://www.kaigokensaku.mhlw.go.jp/45/index.php?action_kouhyou_detail_004_kani=true&JigyosyoCd=4571800590-00&ServiceCd=150&Type=search", "url2": null }, "geometry": { "type": "Point", "coordinates": [ 130.988619798147624, 31.959013275061302 ] } },
{ "type": "Feature", "properties": { "内容": "ミューズの朝高原デイサービスセンター【通所介護】宮崎県西諸県郡高原町大字広原４９６５番地1", "url": "https://www.kaigokensaku.mhlw.go.jp/45/index.php?action_kouhyou_detail_004_kani=true&JigyosyoCd=4571800145-00&ServiceCd=150&Type=search", "url2": "http://hoshakai.com" }, "geometry": { "type": "Point", "coordinates": [ 130.988212699999963, 31.9590489 ] } },
{ "type": "Feature", "properties": { "内容": "ミューズの朝高原二番館デイサービスセンター【通所介護】宮崎県西諸県郡高原町大字蒲牟田7348番地2", "url": "https://www.kaigokensaku.mhlw.go.jp/45/index.php?action_kouhyou_detail_004_kani=true&JigyosyoCd=4571800582-00&ServiceCd=150&Type=search", "url2": "http://hoshakai.com" }, "geometry": { "type": "Point", "coordinates": [ 130.98956720000001, 31.8948077 ] } },
{ "type": "Feature", "properties": { "内容": "医療法人豊寿会川井田医院通所介護【通所介護】宮崎県西諸県郡高原町大字西麓１７３番地3", "url": "https://www.kaigokensaku.mhlw.go.jp/45/index.php?action_kouhyou_detail_004_kani=true&JigyosyoCd=4571800210-00&ServiceCd=150&Type=search", "url2": "https://kawaidaclinic.com/" }, "geometry": { "type": "Point", "coordinates": [ 131.0006763, 31.923683 ] } },
{ "type": "Feature", "properties": { "内容": "夢の村デイサービスセンター【通所介護】宮崎県西諸県郡高原町大字広原3821番地1", "url": "https://www.kaigokensaku.mhlw.go.jp/45/index.php?action_kouhyou_detail_004_kani=true&JigyosyoCd=4571800392-00&ServiceCd=150&Type=search", "url2": "http://www4.ocn.ne.jp/~ricskiri/mypage9.htm" }, "geometry": { "type": "Point", "coordinates": [ 130.9857852, 31.9356454 ] } },
{ "type": "Feature", "properties": { "内容": "デイサービス　風の杜【通所介護】宮崎県東諸県郡国富町大字宮王丸136", "url": "https://www.kaigokensaku.mhlw.go.jp/45/index.php?action_kouhyou_detail_004_kani=true&JigyosyoCd=4571900804-00&ServiceCd=150&Type=search", "url2": "http://care-net.biz/45/kazenomori/" }, "geometry": { "type": "Point", "coordinates": [ 131.344220700000051, 31.9889745 ] } },
{ "type": "Feature", "properties": { "内容": "あっぱれ　デイサービスセンター【通所介護】宮崎県東諸県郡国富町大字田尻49-1", "url": "https://www.kaigokensaku.mhlw.go.jp/45/index.php?action_kouhyou_detail_004_kani=true&JigyosyoCd=4571900994-00&ServiceCd=150&Type=search", "url2": null }, "geometry": { "type": "Point", "coordinates": [ 131.31848059999993, 31.9821856 ] } },
{ "type": "Feature", "properties": { "内容": "デイサービスセンター国富荘【通所介護】宮崎県東諸県郡国富町大字森永2466番地19", "url": "https://www.kaigokensaku.mhlw.go.jp/45/index.php?action_kouhyou_detail_004_kani=true&JigyosyoCd=4571900770-00&ServiceCd=150&Type=search", "url2": null }, "geometry": { "type": "Point", "coordinates": [ 131.281473600000027, 32.0015472 ] } },
{ "type": "Feature", "properties": { "内容": "さくら苑ふれあいホーム【通所介護】宮崎県東諸郡国富町大字三名2621番6", "url": "https://www.kaigokensaku.mhlw.go.jp/45/index.php?action_kouhyou_detail_004_kani=true&JigyosyoCd=4571900150-00&ServiceCd=150&Type=search", "url2": "http://www.keimeisw.or.jp/sakurafreai" }, "geometry": { "type": "Point", "coordinates": [ 131.349475000305773, 32.0079618 ] } },
{ "type": "Feature", "properties": { "内容": "ミューズの朝国富デイサービスセンター【通所介護】宮崎県東諸県郡国富町大字本庄６５２２番地１", "url": "https://www.kaigokensaku.mhlw.go.jp/45/index.php?action_kouhyou_detail_004_kani=true&JigyosyoCd=4571900853-00&ServiceCd=150&Type=search", "url2": "http://hoshakai.com" }, "geometry": { "type": "Point", "coordinates": [ 131.31197480000003, 31.992782 ] } },
{ "type": "Feature", "properties": { "内容": "介護予防中心デイサービス　宮王丸生きがい養成所【通所介護】大字宮王丸504－11", "url": "https://www.kaigokensaku.mhlw.go.jp/45/index.php?action_kouhyou_detail_004_kani=true&JigyosyoCd=4571900820-00&ServiceCd=150&Type=search", "url2": "http://www.ichigoichie-kunitomi.com" }, "geometry": { "type": "Point", "coordinates": [ 131.341473700000051, 31.9873801 ] } },
{ "type": "Feature", "properties": { "内容": "デイサービス　風の杜【通所介護】宮崎県東諸県郡国富町大字宮王丸136", "url": "https://www.kaigokensaku.mhlw.go.jp/45/index.php?action_kouhyou_detail_004_kani=true&JigyosyoCd=4571901158-00&ServiceCd=150&Type=search", "url2": "https：//amecs-estate.co.jp" }, "geometry": { "type": "Point", "coordinates": [ 131.3442714, 31.9887448 ] } },
{ "type": "Feature", "properties": { "内容": "国富町中央デイサービスセンター【通所介護】宮崎県東諸県郡国富町本庄８１０７番地", "url": "https://www.kaigokensaku.mhlw.go.jp/45/index.php?action_kouhyou_detail_004_kani=true&JigyosyoCd=4571900168-00&ServiceCd=150&Type=search", "url2": null }, "geometry": { "type": "Point", "coordinates": [ 131.329918099999986, 31.997262600000017 ] } },
{ "type": "Feature", "properties": { "内容": "古民家デイサービスやはた【通所介護】宮崎県東諸県郡国富町大字本庄7960-2", "url": "https://www.kaigokensaku.mhlw.go.jp/45/index.php?action_kouhyou_detail_004_kani=true&JigyosyoCd=4571900580-00&ServiceCd=150&Type=search", "url2": "https://www.kazenooka.net/古民家デイサービスやはた" }, "geometry": { "type": "Point", "coordinates": [ 131.328323700000027, 31.9982431 ] } },
{ "type": "Feature", "properties": { "内容": "不老閣デイサービスセンター【通所介護】宮崎県東諸県郡国富町大字八代南俣２０４７－１", "url": "https://www.kaigokensaku.mhlw.go.jp/45/index.php?action_kouhyou_detail_004_kani=true&JigyosyoCd=4571900465-00&ServiceCd=150&Type=search", "url2": null }, "geometry": { "type": "Point", "coordinates": [ 131.303473199999985, 32.029051 ] } },
{ "type": "Feature", "properties": { "内容": "国富町森永デイサービスセンター【通所介護】宮崎県東諸県郡国富町大字竹田１４１－１", "url": "https://www.kaigokensaku.mhlw.go.jp/45/index.php?action_kouhyou_detail_004_kani=true&JigyosyoCd=4571900127-00&ServiceCd=150&Type=search", "url2": null }, "geometry": { "type": "Point", "coordinates": [ 131.2879011, 31.9966283 ] } },
{ "type": "Feature", "properties": { "内容": "デイサービスひなた【通所介護】宮崎県東諸県郡綾町大字南俣622-3", "url": "https://www.kaigokensaku.mhlw.go.jp/45/index.php?action_kouhyou_detail_004_kani=true&JigyosyoCd=4571901182-00&ServiceCd=150&Type=search", "url2": null }, "geometry": { "type": "Point", "coordinates": [ 131.25255690000003, 31.99674120000001 ] } },
{ "type": "Feature", "properties": { "内容": "デイサービスひなた【通所介護】宮崎県東諸県郡綾町大字南俣622-3", "url": "https://www.kaigokensaku.mhlw.go.jp/45/index.php?action_kouhyou_detail_004_kani=true&JigyosyoCd=4571901083-00&ServiceCd=150&Type=search", "url2": null }, "geometry": { "type": "Point", "coordinates": [ 131.252230622090138, 31.9968984977553 ] } },
{ "type": "Feature", "properties": { "内容": "社会福祉法人綾町社会福祉協議会綾町デイサービスセンター【通所介護】宮崎県東諸県郡綾町大字南俣553-1", "url": "https://www.kaigokensaku.mhlw.go.jp/45/index.php?action_kouhyou_detail_004_kani=true&JigyosyoCd=4571900135-00&ServiceCd=150&Type=search", "url2": null }, "geometry": { "type": "Point", "coordinates": [ 131.255629099999965, 31.994880200000026 ] } },
{ "type": "Feature", "properties": { "内容": "デイサービスしゃちんぼの濱【通所介護】宮崎県児湯郡高鍋町大字蚊口浦6195番地6", "url": "https://www.kaigokensaku.mhlw.go.jp/45/index.php?action_kouhyou_detail_004_kani=true&JigyosyoCd=4572001735-00&ServiceCd=150&Type=search", "url2": "http://shachinbo.jp" }, "geometry": { "type": "Point", "coordinates": [ 131.535154499999976, 32.1252742 ] } },
{ "type": "Feature", "properties": { "内容": "通所介護事業所　めいりん【通所介護】宮崎県児湯郡高鍋町大字上江6649番地123", "url": "https://www.kaigokensaku.mhlw.go.jp/45/index.php?action_kouhyou_detail_004_kani=true&JigyosyoCd=4572001677-00&ServiceCd=150&Type=search", "url2": "https://care-line.jp/sakura-takanabe/" }, "geometry": { "type": "Point", "coordinates": [ 131.470267038817013, 32.114964391310899 ] } },
{ "type": "Feature", "properties": { "内容": "デイサービスエンゼルたかなべ【通所介護】宮崎県児湯郡高鍋町大字持田1741-3", "url": "https://www.kaigokensaku.mhlw.go.jp/45/index.php?action_kouhyou_detail_004_kani=true&JigyosyoCd=4572001099-00&ServiceCd=150&Type=search", "url2": null }, "geometry": { "type": "Point", "coordinates": [ 131.511609, 32.1391752 ] } },
{ "type": "Feature", "properties": { "内容": "通所介護　埴生の里【通所介護】宮崎県児湯郡高鍋町大字北高鍋4773番地", "url": "https://www.kaigokensaku.mhlw.go.jp/45/index.php?action_kouhyou_detail_004_kani=true&JigyosyoCd=4572000885-00&ServiceCd=150&Type=search", "url2": "http://www.sanjinkai.jp" }, "geometry": { "type": "Point", "coordinates": [ 131.521869599999945, 32.1260934 ] } },
{ "type": "Feature", "properties": { "内容": "アクティブリハスタジオELL'S【通所介護】宮崎県児湯郡高鍋町大字北高鍋5130", "url": "https://www.kaigokensaku.mhlw.go.jp/45/index.php?action_kouhyou_detail_004_kani=true&JigyosyoCd=4572002022-00&ServiceCd=150&Type=search", "url2": null }, "geometry": { "type": "Point", "coordinates": [ 131.5058773, 32.1309643 ] } },
{ "type": "Feature", "properties": { "内容": "しんとみデイサービスセンター【通所介護】宮崎県児湯郡新富町大字新田1928-1", "url": "https://www.kaigokensaku.mhlw.go.jp/45/index.php?action_kouhyou_detail_004_kani=true&JigyosyoCd=4572001917-00&ServiceCd=150&Type=search", "url2": null }, "geometry": { "type": "Point", "coordinates": [ 131.4556569, 32.0653437 ] } },
{ "type": "Feature", "properties": { "内容": "デイサービスセンター　優【通所介護】宮崎県児湯郡新富町大字上富田3809番地", "url": "https://www.kaigokensaku.mhlw.go.jp/45/index.php?action_kouhyou_detail_004_kani=true&JigyosyoCd=4572001412-00&ServiceCd=150&Type=search", "url2": "http://www.roujinhome-yuu.jp" }, "geometry": { "type": "Point", "coordinates": [ 131.489647900000023, 32.0625604 ] } },
{ "type": "Feature", "properties": { "内容": "デイサービス陽【通所介護】宮崎県児湯郡新富町大字上富田2933番地3", "url": "https://www.kaigokensaku.mhlw.go.jp/45/index.php?action_kouhyou_detail_004_kani=true&JigyosyoCd=4572000539-00&ServiceCd=150&Type=search", "url2": null }, "geometry": { "type": "Point", "coordinates": [ 131.478813259500043, 32.055887320350109 ] } },
{ "type": "Feature", "properties": { "内容": "デイサービスセンターにゅうた【通所介護】大字新田5859番地1", "url": "https://www.kaigokensaku.mhlw.go.jp/45/index.php?action_kouhyou_detail_004_kani=true&JigyosyoCd=4572001529-00&ServiceCd=150&Type=search", "url2": null }, "geometry": { "type": "Point", "coordinates": [ 131.445646063610099, 32.069172100160678 ] } },
{ "type": "Feature", "properties": { "内容": "しんとみ希望の里デイサービスセンター【通所介護】宮崎県児湯郡新富町大字下富田字小島江629-1", "url": "https://www.kaigokensaku.mhlw.go.jp/45/index.php?action_kouhyou_detail_004_kani=true&JigyosyoCd=4572000216-00&ServiceCd=150&Type=search", "url2": "http://www.kouseikai.biz/" }, "geometry": { "type": "Point", "coordinates": [ 131.49932638944091, 32.05531007581849 ] } },
{ "type": "Feature", "properties": { "内容": "木城町通所介護事業所【通所介護】宮崎県児湯郡木城町大字高城3064番地", "url": "https://www.kaigokensaku.mhlw.go.jp/45/index.php?action_kouhyou_detail_004_kani=true&JigyosyoCd=4572000315-00&ServiceCd=150&Type=search", "url2": null }, "geometry": { "type": "Point", "coordinates": [ 131.463409700000057, 32.1667912 ] } },
{ "type": "Feature", "properties": { "内容": "木城地域ふれあい館　輝らら【通所介護】宮崎県児湯郡木城町大字高城1427-1", "url": "https://www.kaigokensaku.mhlw.go.jp/45/index.php?action_kouhyou_detail_004_kani=true&JigyosyoCd=4572001776-00&ServiceCd=150&Type=search", "url2": null }, "geometry": { "type": "Point", "coordinates": [ 131.479245362303431, 32.167818965470914 ] } },
{ "type": "Feature", "properties": { "内容": "ケアポート木の瀬【通所介護】宮崎県児湯郡木城町大字椎木６０２７－１", "url": "https://www.kaigokensaku.mhlw.go.jp/45/index.php?action_kouhyou_detail_004_kani=true&JigyosyoCd=4572000828-00&ServiceCd=150&Type=search", "url2": null }, "geometry": { "type": "Point", "coordinates": [ 131.482266699999968, 32.154601 ] } },
{ "type": "Feature", "properties": { "内容": "デイサービスセンターはぴねす【通所介護】宮崎県児湯郡川南町大字川南27486番地１", "url": "https://www.kaigokensaku.mhlw.go.jp/45/index.php?action_kouhyou_detail_004_kani=true&JigyosyoCd=4572002006-00&ServiceCd=150&Type=search", "url2": null }, "geometry": { "type": "Point", "coordinates": [ 131.4858577, 32.1825238 ] } },
{ "type": "Feature", "properties": { "内容": "デイサービスセンター花ほたる【通所介護】宮崎県児湯郡川南町大字川南２０２０８番地１", "url": "https://www.kaigokensaku.mhlw.go.jp/45/index.php?action_kouhyou_detail_004_kani=true&JigyosyoCd=4572001552-00&ServiceCd=150&Type=search", "url2": "hanahotaru@sakumatsu.jp" }, "geometry": { "type": "Point", "coordinates": [ 131.544649464956706, 32.229690621694168 ] } },
{ "type": "Feature", "properties": { "内容": "デイサービスセンターかわみなみ【通所介護】宮崎県児湯郡川南町大字川南24773番地7", "url": "https://www.kaigokensaku.mhlw.go.jp/45/index.php?action_kouhyou_detail_004_kani=true&JigyosyoCd=4572001354-00&ServiceCd=150&Type=search", "url2": null }, "geometry": { "type": "Point", "coordinates": [ 131.5060552, 32.1714412 ] } },
{ "type": "Feature", "properties": { "内容": "番野地の家デイサービスセンター【通所介護】宮崎県児湯郡川南町大字川南23090番地", "url": "https://www.kaigokensaku.mhlw.go.jp/45/index.php?action_kouhyou_detail_004_kani=true&JigyosyoCd=4572000620-00&ServiceCd=150&Type=search", "url2": "http://www.suzunaminosato.com/" }, "geometry": { "type": "Point", "coordinates": [ 131.517931299999987, 32.1761051 ] } },
{ "type": "Feature", "properties": { "内容": "デイサービス湯癒亭【通所介護】宮崎県児湯郡川南町大字平田2379番地1", "url": "https://www.kaigokensaku.mhlw.go.jp/45/index.php?action_kouhyou_detail_004_kani=true&JigyosyoCd=4572001479-00&ServiceCd=150&Type=search", "url2": "https://yuuyuutei.jp/" }, "geometry": { "type": "Point", "coordinates": [ 131.528183992590357, 32.193816743450313 ] } },
{ "type": "Feature", "properties": { "内容": "鈴南の里デイサービスセンター【通所介護】宮崎県児湯郡川南町大字川南１２７０７番地", "url": "https://www.kaigokensaku.mhlw.go.jp/45/index.php?action_kouhyou_detail_004_kani=true&JigyosyoCd=4572000224-00&ServiceCd=150&Type=search", "url2": "http://www.suzunaminosato.com/" }, "geometry": { "type": "Point", "coordinates": [ 131.538358099999982, 32.2092444 ] } },
{ "type": "Feature", "properties": { "内容": "デイサービスセンターさくらの里【通所介護】宮崎県児湯郡川南町大字平田字卒手911-3", "url": "https://www.kaigokensaku.mhlw.go.jp/45/index.php?action_kouhyou_detail_004_kani=true&JigyosyoCd=4572001586-00&ServiceCd=150&Type=search", "url2": "http://www.maruyoshi-sakuranosato.jp" }, "geometry": { "type": "Point", "coordinates": [ 131.541885054631052, 32.202175923342537 ] } },
{ "type": "Feature", "properties": { "内容": "デイサービスみのり【通所介護】宮崎県児湯郡川南町大字川南19568番地", "url": "https://www.kaigokensaku.mhlw.go.jp/45/index.php?action_kouhyou_detail_004_kani=true&JigyosyoCd=4572001636-00&ServiceCd=150&Type=search", "url2": null }, "geometry": { "type": "Point", "coordinates": [ 131.530194124360037, 32.20682522571898 ] } },
{ "type": "Feature", "properties": { "内容": "尾鈴荘デイサービスセンター【通所介護】宮崎県児湯郡都農町大字川北18913番地18", "url": "https://www.kaigokensaku.mhlw.go.jp/45/index.php?action_kouhyou_detail_004_kani=true&JigyosyoCd=4572000414-00&ServiceCd=150&Type=search", "url2": null }, "geometry": { "type": "Point", "coordinates": [ 131.557584899999938, 32.2565595 ] } },
{ "type": "Feature", "properties": { "内容": "尾鈴荘デイサービスセンター2号館【通所介護】宮崎県児湯郡都農町大字川北1141-5", "url": "https://www.kaigokensaku.mhlw.go.jp/45/index.php?action_kouhyou_detail_004_kani=true&JigyosyoCd=4572001925-00&ServiceCd=150&Type=search", "url2": null }, "geometry": { "type": "Point", "coordinates": [ 131.552362499999987, 32.2487791 ] } },
{ "type": "Feature", "properties": { "内容": "医療法人浩洋会田中病院【通所介護】宮崎県東臼杵郡門川町宮ヶ原４丁目８０番地", "url": "https://www.kaigokensaku.mhlw.go.jp/45/index.php?action_kouhyou_detail_004_kani=true&JigyosyoCd=4512110281-00&ServiceCd=150&Type=search", "url2": "http://tanaka-hp.or.jp/" }, "geometry": { "type": "Point", "coordinates": [ 131.653799599999957, 32.4812277 ] } },
{ "type": "Feature", "properties": { "内容": "やわらぎデイサービス【通所介護】宮崎県東臼杵郡門川町南町4丁目131-１", "url": "https://www.kaigokensaku.mhlw.go.jp/45/index.php?action_kouhyou_detail_004_kani=true&JigyosyoCd=4572100990-00&ServiceCd=150&Type=search", "url2": null }, "geometry": { "type": "Point", "coordinates": [ 131.646584100000041, 32.4579494 ] } },
{ "type": "Feature", "properties": { "内容": "デイサービスあくた門川店【通所介護】宮崎県東臼杵郡門川町西栄町四丁目２０番地", "url": "https://www.kaigokensaku.mhlw.go.jp/45/index.php?action_kouhyou_detail_004_kani=true&JigyosyoCd=4572101253-00&ServiceCd=150&Type=search", "url2": "http://ds-acta.com" }, "geometry": { "type": "Point", "coordinates": [ 131.646789568122898, 32.479324226471057 ] } },
{ "type": "Feature", "properties": { "内容": "デイサービスひむか【通所介護】宮崎県東臼杵郡門川町大字加草１５４１番地１", "url": "https://www.kaigokensaku.mhlw.go.jp/45/index.php?action_kouhyou_detail_004_kani=true&JigyosyoCd=4572101279-00&ServiceCd=150&Type=search", "url2": "http://care-net.biz/45/himukafs/" }, "geometry": { "type": "Point", "coordinates": [ 131.6620385, 32.489065 ] } },
{ "type": "Feature", "properties": { "内容": "デイサービスふれあい【通所介護】宮崎県東臼杵郡門川町南町１丁目5", "url": "https://www.kaigokensaku.mhlw.go.jp/45/index.php?action_kouhyou_detail_004_kani=true&JigyosyoCd=4572101006-00&ServiceCd=150&Type=search", "url2": "https://fufu-fureai.com" }, "geometry": { "type": "Point", "coordinates": [ 131.646083911378497, 32.462601817780808 ] } },
{ "type": "Feature", "properties": { "内容": "社会福祉法人門川町社会福祉協議会【通所介護】宮崎県東臼杵郡門川町庵川西6丁目６０番地", "url": "https://www.kaigokensaku.mhlw.go.jp/45/index.php?action_kouhyou_detail_004_kani=true&JigyosyoCd=4572100313-00&ServiceCd=150&Type=search", "url2": "http://kadogawa-shakyo.org" }, "geometry": { "type": "Point", "coordinates": [ 131.67381469999998, 32.4826732 ] } },
{ "type": "Feature", "properties": { "内容": "いきいきデイサービス【通所介護】宮崎県東臼杵郡門川町須賀崎４丁目５２番地", "url": "https://www.kaigokensaku.mhlw.go.jp/45/index.php?action_kouhyou_detail_004_kani=true&JigyosyoCd=4572100867-00&ServiceCd=150&Type=search", "url2": "https://www.npo-ikiikikai.com" }, "geometry": { "type": "Point", "coordinates": [ 131.667673299999933, 32.489566600000018 ] } },
{ "type": "Feature", "properties": { "内容": "デイサービス　フェイス【通所介護】宮崎県東臼杵郡門川町大字門川尾末9099番地1", "url": "https://www.kaigokensaku.mhlw.go.jp/45/index.php?action_kouhyou_detail_004_kani=true&JigyosyoCd=4570600769-00&ServiceCd=150&Type=search", "url2": null }, "geometry": { "type": "Point", "coordinates": [ 131.622040700000071, 32.4708721 ] } },
{ "type": "Feature", "properties": { "内容": "特別養護老人ホーム平寿園【通所介護】宮崎県東臼杵郡椎葉村大字下福良54-337", "url": "https://www.kaigokensaku.mhlw.go.jp/45/index.php?action_kouhyou_detail_004_kani=true&JigyosyoCd=4572100453-00&ServiceCd=150&Type=search", "url2": null }, "geometry": { "type": "Point", "coordinates": [ 131.149654805322371, 32.446692867783014 ] } },
{ "type": "Feature", "properties": { "内容": "特別養護老人ホームシルバースターうなまの里通所介護事業所【通所介護】宮崎県東臼杵郡美郷町北郷宇納間170", "url": "https://www.kaigokensaku.mhlw.go.jp/45/index.php?action_kouhyou_detail_004_kani=true&JigyosyoCd=4572100347-00&ServiceCd=150&Type=search", "url2": "https://www.unamanosato.jp/" }, "geometry": { "type": "Point", "coordinates": [ 131.443688100000031, 32.5049572 ] } },
{ "type": "Feature", "properties": { "内容": "美郷町社会福祉協議会西郷事業所【通所介護】宮崎県東臼杵郡美郷町西郷田代１６６３番地西郷デイサービスセンター梅香園", "url": "https://www.kaigokensaku.mhlw.go.jp/45/index.php?action_kouhyou_detail_004_kani=true&JigyosyoCd=4572100297-00&ServiceCd=150&Type=search", "url2": "http://www.misato-syakyou.jp/" }, "geometry": { "type": "Point", "coordinates": [ 131.426720599999953, 32.4309959 ] } },
{ "type": "Feature", "properties": { "内容": "美郷町社会福祉協議会南郷事業所【通所介護】宮崎県東臼杵郡美郷町南郷神門1071番地5", "url": "https://www.kaigokensaku.mhlw.go.jp/45/index.php?action_kouhyou_detail_004_kani=true&JigyosyoCd=4572100305-00&ServiceCd=150&Type=search", "url2": "http://wwwmisato-syakyou.jp" }, "geometry": { "type": "Point", "coordinates": [ 131.422493, 32.4374035 ] } },
{ "type": "Feature", "properties": { "内容": "デイサービス喜楽館【通所介護】宮崎県西臼杵郡高千穂町大字押方941番地1有料老人ホーム鶺鴒", "url": "https://www.kaigokensaku.mhlw.go.jp/45/index.php?action_kouhyou_detail_004_kani=true&JigyosyoCd=4572200253-00&ServiceCd=150&Type=search", "url2": null }, "geometry": { "type": "Point", "coordinates": [ 131.291706077909851, 32.710048717760522 ] } },
{ "type": "Feature", "properties": { "内容": "株式会社　サン・ルーム　デイサービス　皇寿の里【通所介護】宮崎県西臼杵郡高千穂町大字三田井5152-1", "url": "https://www.kaigokensaku.mhlw.go.jp/45/index.php?action_kouhyou_detail_004_kani=true&JigyosyoCd=4572200204-00&ServiceCd=150&Type=search", "url2": "http://care-net.biz/45/sr-4611/index.php" }, "geometry": { "type": "Point", "coordinates": [ 131.339447899999982, 32.7165378 ] } },
{ "type": "Feature", "properties": { "内容": "デイサービスセンターふじ【通所介護】宮崎県西臼杵郡高千穂町大字三田井６５９３番地２", "url": "https://www.kaigokensaku.mhlw.go.jp/45/index.php?action_kouhyou_detail_004_kani=true&JigyosyoCd=4572200295-00&ServiceCd=150&Type=search", "url2": null }, "geometry": { "type": "Point", "coordinates": [ 131.31528609999998, 32.7029799 ] } },
{ "type": "Feature", "properties": { "内容": "株式会社サン・ルームデイサービス雲海【通所介護】宮崎県西臼杵郡高千穂町大字三田井6186－5", "url": "https://www.kaigokensaku.mhlw.go.jp/45/index.php?action_kouhyou_detail_004_kani=true&JigyosyoCd=4572200311-00&ServiceCd=150&Type=search", "url2": "http://care-net.biz/45/sun-room" }, "geometry": { "type": "Point", "coordinates": [ 131.321132700000021, 32.707263 ] } },
{ "type": "Feature", "properties": { "内容": "株式会社サン・ルーム西臼杵営業所【通所介護】宮崎県西臼杵郡日之影町大字七折12190-1", "url": "https://www.kaigokensaku.mhlw.go.jp/45/index.php?action_kouhyou_detail_004_kani=true&JigyosyoCd=4572200105-00&ServiceCd=150&Type=search", "url2": "http://care-net.biz/45/sun-room" }, "geometry": { "type": "Point", "coordinates": [ 131.364693838867197, 32.674628597341943 ] } },
{ "type": "Feature", "properties": { "内容": "デイサービス天神荘【通所介護】宮崎県西臼杵郡日之影町大字七折８８４０番地", "url": "https://www.kaigokensaku.mhlw.go.jp/45/index.php?action_kouhyou_detail_004_kani=true&JigyosyoCd=4572200089-00&ServiceCd=150&Type=search", "url2": "http://www.shakyo.or.jp/hp/1728/" }, "geometry": { "type": "Point", "coordinates": [ 131.38394059999996, 32.6586045 ] } },
{ "type": "Feature", "properties": { "内容": "社会福祉法人五ヶ瀬町社会福祉協議会【通所介護】〒882-1203宮崎県西臼杵郡五ヶ瀬町三ヶ所10725-5", "url": "https://www.kaigokensaku.mhlw.go.jp/45/index.php?action_kouhyou_detail_004_kani=true&JigyosyoCd=4572200378-00&ServiceCd=150&Type=search", "url2": "https://gokase-csw.or.jp/" }, "geometry": { "type": "Point", "coordinates": [ 131.1981633, 32.6854472 ] } }
]
}
