{
"type": "FeatureCollection",
"name": "geo_45_訪問介護",
"crs": { "type": "name", "properties": { "name": "urn:ogc:def:crs:OGC:1.3:CRS84" } },
"features": [
{ "type": "Feature", "properties": { "内容": "あかつきヘルパーサービス【訪問介護】宮崎県宮崎市大和町９０番地2　吉行ビル１Ｆ", "url": "https://www.kaigokensaku.mhlw.go.jp/45/index.php?action_kouhyou_detail_004_kani=true&JigyosyoCd=4570104358-00&ServiceCd=110&Type=search", "url2": null }, "geometry": { "type": "Point", "coordinates": [ 131.436069800000041, 31.9186729 ] } },
{ "type": "Feature", "properties": { "内容": "訪問介護しゅあ【訪問介護】宮崎県宮崎市江平東町９番地１７", "url": "https://www.kaigokensaku.mhlw.go.jp/45/index.php?action_kouhyou_detail_004_kani=true&JigyosyoCd=4570109282-00&ServiceCd=110&Type=search", "url2": null }, "geometry": { "type": "Point", "coordinates": [ 131.428613780582225, 31.926483216754807 ] } },
{ "type": "Feature", "properties": { "内容": "合同会社ヘルパーステーション木蓮【訪問介護】宮崎県宮崎市大字小松2687番地13", "url": "https://www.kaigokensaku.mhlw.go.jp/45/index.php?action_kouhyou_detail_004_kani=true&JigyosyoCd=4570104044-00&ServiceCd=110&Type=search", "url2": "http:" }, "geometry": { "type": "Point", "coordinates": [ 131.382893599999989, 31.9277254 ] } },
{ "type": "Feature", "properties": { "内容": "訪問介護ｽﾃｰｼｮﾝ　ｱﾝｼﾞｪﾛ【訪問介護】宮崎県宮崎市大字馬出島之内7043番地", "url": "https://www.kaigokensaku.mhlw.go.jp/45/index.php?action_kouhyou_detail_004_kani=true&JigyosyoCd=4570106650-00&ServiceCd=110&Type=search", "url2": null }, "geometry": { "type": "Point", "coordinates": [ 131.450517190260371, 31.987394427588985 ] } },
{ "type": "Feature", "properties": { "内容": "有限会社ケアセンターあい【訪問介護】宮崎県宮崎市大字熊野５２７９－３", "url": "https://www.kaigokensaku.mhlw.go.jp/45/index.php?action_kouhyou_detail_004_kani=true&JigyosyoCd=4570102006-00&ServiceCd=110&Type=search", "url2": null }, "geometry": { "type": "Point", "coordinates": [ 131.421246699999983, 31.8419178 ] } },
{ "type": "Feature", "properties": { "内容": "株式会社クローバー訪問介護センター【訪問介護】宮崎県宮崎市大字恒久4769番地16", "url": "https://www.kaigokensaku.mhlw.go.jp/45/index.php?action_kouhyou_detail_004_kani=true&JigyosyoCd=4570102642-00&ServiceCd=110&Type=search", "url2": "http://www.seibikai-group.or.jp/clover/yuryo_homu/about/index.html" }, "geometry": { "type": "Point", "coordinates": [ 131.42014164925277, 31.888272805257728 ] } },
{ "type": "Feature", "properties": { "内容": "訪問介護つばめ【訪問介護】宮崎県宮崎市高岡町内山3621", "url": "https://www.kaigokensaku.mhlw.go.jp/45/index.php?action_kouhyou_detail_004_kani=true&JigyosyoCd=4570103665-00&ServiceCd=110&Type=search", "url2": null }, "geometry": { "type": "Point", "coordinates": [ 131.230199099999936, 31.9153358 ] } },
{ "type": "Feature", "properties": { "内容": "訪問介護ステーション友愛【訪問介護】宮崎県宮崎市大字鏡洲１６８０－８", "url": "https://www.kaigokensaku.mhlw.go.jp/45/index.php?action_kouhyou_detail_004_kani=true&JigyosyoCd=4570105595-00&ServiceCd=110&Type=search", "url2": null }, "geometry": { "type": "Point", "coordinates": [ 131.391191700000036, 31.8221629 ] } },
{ "type": "Feature", "properties": { "内容": "訪問介護事業所　花水木の家【訪問介護】宮崎県宮崎市高岡町内山1032番地3", "url": "https://www.kaigokensaku.mhlw.go.jp/45/index.php?action_kouhyou_detail_004_kani=true&JigyosyoCd=4570106361-00&ServiceCd=110&Type=search", "url2": null }, "geometry": { "type": "Point", "coordinates": [ 131.302191880564948, 31.957881230201966 ] } },
{ "type": "Feature", "properties": { "内容": "合同会社訪問介護事業所マイペース【訪問介護】宮崎県宮崎市大塚町大塩道下4698-1VillaSmile１０５号", "url": "https://www.kaigokensaku.mhlw.go.jp/45/index.php?action_kouhyou_detail_004_kani=true&JigyosyoCd=4570109472-00&ServiceCd=110&Type=search", "url2": null }, "geometry": { "type": "Point", "coordinates": [ 131.391626499999973, 31.906797 ] } },
{ "type": "Feature", "properties": { "内容": "福祉サービス　Baseone【訪問介護】宮崎県宮崎市大字浮田1009-5", "url": "https://www.kaigokensaku.mhlw.go.jp/45/index.php?action_kouhyou_detail_004_kani=true&JigyosyoCd=4570110124-00&ServiceCd=110&Type=search", "url2": null }, "geometry": { "type": "Point", "coordinates": [ 131.3705282, 31.9259332 ] } },
{ "type": "Feature", "properties": { "内容": "ヘルパーセンターささえ【訪問介護】宮崎県宮崎市青島一丁目１０番２７号", "url": "https://www.kaigokensaku.mhlw.go.jp/45/index.php?action_kouhyou_detail_004_kani=true&JigyosyoCd=4570105306-00&ServiceCd=110&Type=search", "url2": "http://www.nagominosato.in/" }, "geometry": { "type": "Point", "coordinates": [ 131.463976399999979, 31.8028752 ] } },
{ "type": "Feature", "properties": { "内容": "訪問介護事業所　平和台の杜【訪問介護】宮崎市下北方町塚原5711番地1", "url": "https://www.kaigokensaku.mhlw.go.jp/45/index.php?action_kouhyou_detail_004_kani=true&JigyosyoCd=4570106452-00&ServiceCd=110&Type=search", "url2": "https://haru-miyazaki.jp/" }, "geometry": { "type": "Point", "coordinates": [ 131.410591700000026, 31.9414297 ] } },
{ "type": "Feature", "properties": { "内容": "ヘルパーステーション　そら【訪問介護】宮崎県宮崎市富吉迫内2308", "url": "https://www.kaigokensaku.mhlw.go.jp/45/index.php?action_kouhyou_detail_004_kani=true&JigyosyoCd=4570106155-00&ServiceCd=110&Type=search", "url2": null }, "geometry": { "type": "Point", "coordinates": [ 131.357058984445189, 31.94431120814588 ] } },
{ "type": "Feature", "properties": { "内容": "ヘルパーセンターもっときっと【訪問介護】宮崎県宮崎市大字恒久字上代1544番地1", "url": "https://www.kaigokensaku.mhlw.go.jp/45/index.php?action_kouhyou_detail_004_kani=true&JigyosyoCd=4570108516-00&ServiceCd=110&Type=search", "url2": "http://www.mottokitto.co.jp/" }, "geometry": { "type": "Point", "coordinates": [ 131.423633, 31.887359 ] } },
{ "type": "Feature", "properties": { "内容": "訪問介護事業所　いずみ【訪問介護】宮崎県宮崎市田野町甲2884番地11有料老人ホーム　いずみ", "url": "https://www.kaigokensaku.mhlw.go.jp/45/index.php?action_kouhyou_detail_004_kani=true&JigyosyoCd=4570108763-00&ServiceCd=110&Type=search", "url2": null }, "geometry": { "type": "Point", "coordinates": [ 131.305118599999986, 31.8370481 ] } },
{ "type": "Feature", "properties": { "内容": "有限会社　ケアサービスまごころ【訪問介護】北川内町乱橋３５８３番地２２", "url": "https://www.kaigokensaku.mhlw.go.jp/45/index.php?action_kouhyou_detail_004_kani=true&JigyosyoCd=4570102782-00&ServiceCd=110&Type=search", "url2": null }, "geometry": { "type": "Point", "coordinates": [ 131.391613199999938, 31.9042862 ] } },
{ "type": "Feature", "properties": { "内容": "社会福祉法人慶明会宮崎慶明会ヘルパーステーション【訪問介護】宮崎県宮崎市大字島之内6719-1オーシャンハイツ101号室", "url": "https://www.kaigokensaku.mhlw.go.jp/45/index.php?action_kouhyou_detail_004_kani=true&JigyosyoCd=4570106148-00&ServiceCd=110&Type=search", "url2": "http://www.keimeisw.or.jp/" }, "geometry": { "type": "Point", "coordinates": [ 131.447391292663724, 31.983271743128487 ] } },
{ "type": "Feature", "properties": { "内容": "訪問介護ステーション　りんごの里【訪問介護】宮崎県宮崎市吉村町西田甲647番地17", "url": "https://www.kaigokensaku.mhlw.go.jp/45/index.php?action_kouhyou_detail_004_kani=true&JigyosyoCd=4570108086-00&ServiceCd=110&Type=search", "url2": "http://www.ringo-nosato.com/" }, "geometry": { "type": "Point", "coordinates": [ 131.44275, 31.921225 ] } },
{ "type": "Feature", "properties": { "内容": "訪問介護ステーションくじら【訪問介護】宮崎県宮崎市霧島２丁目１２５番地", "url": "https://www.kaigokensaku.mhlw.go.jp/45/index.php?action_kouhyou_detail_004_kani=true&JigyosyoCd=4570108862-00&ServiceCd=110&Type=search", "url2": null }, "geometry": { "type": "Point", "coordinates": [ 131.416024500000049, 31.9289835 ] } },
{ "type": "Feature", "properties": { "内容": "訪問介護事業所こでまり【訪問介護】宮崎県宮崎市淀川2丁目7番32号淀川ビル101号", "url": "https://www.kaigokensaku.mhlw.go.jp/45/index.php?action_kouhyou_detail_004_kani=true&JigyosyoCd=4570106940-00&ServiceCd=110&Type=search", "url2": null }, "geometry": { "type": "Point", "coordinates": [ 131.416586100000018, 31.9014546 ] } },
{ "type": "Feature", "properties": { "内容": "社会福祉法人芳生会芳生苑ヘルパー派遣センター【訪問介護】宮崎県宮崎市平和が丘西町24番1", "url": "https://www.kaigokensaku.mhlw.go.jp/45/index.php?action_kouhyou_detail_004_kani=true&JigyosyoCd=4570100430-00&ServiceCd=110&Type=search", "url2": "http://www.houseien.jp/" }, "geometry": { "type": "Point", "coordinates": [ 131.379485599999953, 31.9842369 ] } },
{ "type": "Feature", "properties": { "内容": "ハートケア訪問介護ステーション【訪問介護】宮崎県宮崎市大字芳士平田７８５番地　山春ビル３　１０３", "url": "https://www.kaigokensaku.mhlw.go.jp/45/index.php?action_kouhyou_detail_004_kani=true&JigyosyoCd=4570104689-00&ServiceCd=110&Type=search", "url2": "www.care-okabe.com" }, "geometry": { "type": "Point", "coordinates": [ 131.411306800000034, 31.9590484 ] } },
{ "type": "Feature", "properties": { "内容": "訪問介護事業所ふくろうの郷【訪問介護】宮崎県宮崎市大塚町西ノ後3397-7", "url": "https://www.kaigokensaku.mhlw.go.jp/45/index.php?action_kouhyou_detail_004_kani=true&JigyosyoCd=4570107146-00&ServiceCd=110&Type=search", "url2": null }, "geometry": { "type": "Point", "coordinates": [ 131.392691924745122, 31.911574720978248 ] } },
{ "type": "Feature", "properties": { "内容": "アースサポート宮崎【訪問介護】宮崎県宮崎市高千穂通1丁目5番1号", "url": "https://www.kaigokensaku.mhlw.go.jp/45/index.php?action_kouhyou_detail_004_kani=true&JigyosyoCd=4570102469-00&ServiceCd=110&Type=search", "url2": "http://www.earthsupport.co.jp" }, "geometry": { "type": "Point", "coordinates": [ 131.426784699999985, 31.9183558 ] } },
{ "type": "Feature", "properties": { "内容": "訪問介護ステーション　いちごの里【訪問介護】宮崎県宮崎市新城町44有料老人ホームいちごの里柳丸", "url": "https://www.kaigokensaku.mhlw.go.jp/45/index.php?action_kouhyou_detail_004_kani=true&JigyosyoCd=4570105736-00&ServiceCd=110&Type=search", "url2": "https://ringo-ichigo.jp/" }, "geometry": { "type": "Point", "coordinates": [ 131.438734962565604, 31.926308023503054 ] } },
{ "type": "Feature", "properties": { "内容": "訪問介護　よりそい【訪問介護】宮崎県宮崎市大字恒久5313番地7", "url": "https://www.kaigokensaku.mhlw.go.jp/45/index.php?action_kouhyou_detail_004_kani=true&JigyosyoCd=4570109175-00&ServiceCd=110&Type=search", "url2": "http://www.kanae-kai.com/" }, "geometry": { "type": "Point", "coordinates": [ 131.41243510000001, 31.890653 ] } },
{ "type": "Feature", "properties": { "内容": "訪問介護ステーション　ギフト【訪問介護】大字恒久1027番地２トリニティK201号", "url": "https://www.kaigokensaku.mhlw.go.jp/45/index.php?action_kouhyou_detail_004_kani=true&JigyosyoCd=4570110173-00&ServiceCd=110&Type=search", "url2": null }, "geometry": { "type": "Point", "coordinates": [ 131.427817800000014, 31.8780641 ] } },
{ "type": "Feature", "properties": { "内容": "訪問介護事業所　夢叶の里【訪問介護】宮崎県宮崎市大字本郷北方4348-6", "url": "https://www.kaigokensaku.mhlw.go.jp/45/index.php?action_kouhyou_detail_004_kani=true&JigyosyoCd=4570108698-00&ServiceCd=110&Type=search", "url2": "yumekanosato＠miyazaki-catv.ne.jp" }, "geometry": { "type": "Point", "coordinates": [ 131.4309476, 31.8706376 ] } },
{ "type": "Feature", "properties": { "内容": "訪問介護事業所　みゆ【訪問介護】宮崎県i宮崎市吉村町平塚甲１８８１番地１４", "url": "https://www.kaigokensaku.mhlw.go.jp/45/index.php?action_kouhyou_detail_004_kani=true&JigyosyoCd=4570110421-00&ServiceCd=110&Type=search", "url2": null }, "geometry": { "type": "Point", "coordinates": [ 131.440337, 31.9201998 ] } },
{ "type": "Feature", "properties": { "内容": "訪問介護　春【訪問介護】宮崎県宮崎市恒久南3丁目2-13J-BOX恒久南101号", "url": "https://www.kaigokensaku.mhlw.go.jp/45/index.php?action_kouhyou_detail_004_kani=true&JigyosyoCd=4570110264-00&ServiceCd=110&Type=search", "url2": null }, "geometry": { "type": "Point", "coordinates": [ 131.428981933180609, 31.891943239541952 ] } },
{ "type": "Feature", "properties": { "内容": "ヘルパーステーションえがおの花【訪問介護】宮崎県宮崎市大字広原793番地10", "url": "https://www.kaigokensaku.mhlw.go.jp/45/index.php?action_kouhyou_detail_004_kani=true&JigyosyoCd=4570102931-00&ServiceCd=110&Type=search", "url2": "https://azisai-miyazaki.com" }, "geometry": { "type": "Point", "coordinates": [ 131.439519010367462, 31.99913084129749 ] } },
{ "type": "Feature", "properties": { "内容": "栄光園ヘルパー派遣センター【訪問介護】宮崎県宮崎市古城町柳町5157-1", "url": "https://www.kaigokensaku.mhlw.go.jp/45/index.php?action_kouhyou_detail_004_kani=true&JigyosyoCd=4570100414-00&ServiceCd=110&Type=search", "url2": "http://miyazaki-chojukai.com/" }, "geometry": { "type": "Point", "coordinates": [ 131.381760337945593, 31.894408461811423 ] } },
{ "type": "Feature", "properties": { "内容": "ホームヘルパーこころ【訪問介護】宮崎県宮崎市本郷南方2704番地", "url": "https://www.kaigokensaku.mhlw.go.jp/45/index.php?action_kouhyou_detail_004_kani=true&JigyosyoCd=4570106080-00&ServiceCd=110&Type=search", "url2": null }, "geometry": { "type": "Point", "coordinates": [ 131.4313362, 31.8557292 ] } },
{ "type": "Feature", "properties": { "内容": "ヘルパーステーション　エリア宮崎【訪問介護】宮崎県宮崎市佐土原町下田島12219-136", "url": "https://www.kaigokensaku.mhlw.go.jp/45/index.php?action_kouhyou_detail_004_kani=true&JigyosyoCd=4570105280-00&ServiceCd=110&Type=search", "url2": "http://www.area-m.jp" }, "geometry": { "type": "Point", "coordinates": [ 131.468976200000043, 32.0372324 ] } },
{ "type": "Feature", "properties": { "内容": "社協ケアサポートセンター宮崎訪問介護事業所【訪問介護】宮崎県宮崎市田野町2848番地1宮崎市田野総合福祉館", "url": "https://www.kaigokensaku.mhlw.go.jp/45/index.php?action_kouhyou_detail_004_kani=true&JigyosyoCd=4571500125-00&ServiceCd=110&Type=search", "url2": "tano-top@my-shakyo.jp" }, "geometry": { "type": "Point", "coordinates": [ 131.270817799999946, 31.834864 ] } },
{ "type": "Feature", "properties": { "内容": "訪問介護事業所　宮崎リハビリテーションセンター【訪問介護】宮崎県宮崎市清武町木原5719-2", "url": "https://www.kaigokensaku.mhlw.go.jp/45/index.php?action_kouhyou_detail_004_kani=true&JigyosyoCd=4570110454-00&ServiceCd=110&Type=search", "url2": "http://www.hp.fukushi-zenjinkai.jp/" }, "geometry": { "type": "Point", "coordinates": [ 131.3971628, 31.8352714 ] } },
{ "type": "Feature", "properties": { "内容": "ホームケア土屋宮崎【訪問介護】宮崎県宮崎市恒久南2丁目1-1城南センタービル2F", "url": "https://www.kaigokensaku.mhlw.go.jp/45/index.php?action_kouhyou_detail_004_kani=true&JigyosyoCd=4570110504-00&ServiceCd=110&Type=search", "url2": "https://homecare-tsuchiya.com/office/kyusyu/miyazaki/" }, "geometry": { "type": "Point", "coordinates": [ 131.424745300000012, 31.8937236 ] } },
{ "type": "Feature", "properties": { "内容": "介護サポート宮崎ヘルパー派遣センター【訪問介護】宮崎県宮崎市大字新名爪３２３番地２", "url": "https://www.kaigokensaku.mhlw.go.jp/45/index.php?action_kouhyou_detail_004_kani=true&JigyosyoCd=4571500687-00&ServiceCd=110&Type=search", "url2": null }, "geometry": { "type": "Point", "coordinates": [ 131.44277360000001, 31.9743591 ] } },
{ "type": "Feature", "properties": { "内容": "ハートケアＳＡＫＵＲＡ【訪問介護】宮崎県宮崎市大字本郷南方字上無田３４９８番地１２階", "url": "https://www.kaigokensaku.mhlw.go.jp/45/index.php?action_kouhyou_detail_004_kani=true&JigyosyoCd=4570109431-00&ServiceCd=110&Type=search", "url2": "http://hp.kaipoke.biz/t24/" }, "geometry": { "type": "Point", "coordinates": [ 131.432981920373692, 31.86927015799008 ] } },
{ "type": "Feature", "properties": { "内容": "ケアサービス陽【訪問介護】宮崎県宮崎市潮見町153番地2第2日高マンション102号", "url": "https://www.kaigokensaku.mhlw.go.jp/45/index.php?action_kouhyou_detail_004_kani=true&JigyosyoCd=4570104572-00&ServiceCd=110&Type=search", "url2": null }, "geometry": { "type": "Point", "coordinates": [ 131.44021139593724, 31.905297731748615 ] } },
{ "type": "Feature", "properties": { "内容": "訪問介護ステーションあじさい【訪問介護】宮崎県宮崎市佐土原町下田島7824-7", "url": "https://www.kaigokensaku.mhlw.go.jp/45/index.php?action_kouhyou_detail_004_kani=true&JigyosyoCd=4570109407-00&ServiceCd=110&Type=search", "url2": null }, "geometry": { "type": "Point", "coordinates": [ 131.4649775, 32.0368605 ] } },
{ "type": "Feature", "properties": { "内容": "なないろ介護サービス【訪問介護】宮崎県宮崎市天満2-2-6森アパート2-2", "url": "https://www.kaigokensaku.mhlw.go.jp/45/index.php?action_kouhyou_detail_004_kani=true&JigyosyoCd=4570109290-00&ServiceCd=110&Type=search", "url2": "https://www.nanairo-miyazaki.com/" }, "geometry": { "type": "Point", "coordinates": [ 131.414506100000011, 31.8987084 ] } },
{ "type": "Feature", "properties": { "内容": "ヘルパーステーション　オアシスケア宮崎【訪問介護】宮崎県宮崎市末広1丁目4番35号", "url": "https://www.kaigokensaku.mhlw.go.jp/45/index.php?action_kouhyou_detail_004_kani=true&JigyosyoCd=4570104630-00&ServiceCd=110&Type=search", "url2": "http://oasiscare.jp" }, "geometry": { "type": "Point", "coordinates": [ 131.419253593120629, 31.911574188090384 ] } },
{ "type": "Feature", "properties": { "内容": "ケアサービスはっぴー【訪問介護】宮崎県宮崎市佐土原町石崎3丁目7-13第1ピノキオコーポ107号", "url": "https://www.kaigokensaku.mhlw.go.jp/45/index.php?action_kouhyou_detail_004_kani=true&JigyosyoCd=4570108029-00&ServiceCd=110&Type=search", "url2": null }, "geometry": { "type": "Point", "coordinates": [ 131.477485500000057, 32.0084688 ] } },
{ "type": "Feature", "properties": { "内容": "ケアサービス葉月【訪問介護】宮崎県宮崎市佐土原町上田島143番地46", "url": "https://www.kaigokensaku.mhlw.go.jp/45/index.php?action_kouhyou_detail_004_kani=true&JigyosyoCd=4570108987-00&ServiceCd=110&Type=search", "url2": null }, "geometry": { "type": "Point", "coordinates": [ 131.437634, 32.0466468 ] } },
{ "type": "Feature", "properties": { "内容": "訪問介護ステーションとわ【訪問介護】宮崎市波島1丁目1-4", "url": "https://www.kaigokensaku.mhlw.go.jp/45/index.php?action_kouhyou_detail_004_kani=true&JigyosyoCd=4570110678-00&ServiceCd=110&Type=search", "url2": null }, "geometry": { "type": "Point", "coordinates": [ 131.444216991401674, 31.9373779046864 ] } },
{ "type": "Feature", "properties": { "内容": "ヘルパーオフィス音奏【訪問介護】宮崎県宮崎市阿波岐原町前浜４２７６番地８２２", "url": "https://www.kaigokensaku.mhlw.go.jp/45/index.php?action_kouhyou_detail_004_kani=true&JigyosyoCd=4570110496-00&ServiceCd=110&Type=search", "url2": null }, "geometry": { "type": "Point", "coordinates": [ 131.463249089637173, 31.941954182544361 ] } },
{ "type": "Feature", "properties": { "内容": "あいあい介護センター【訪問介護】宮崎県宮崎市清武町大字加納甲3285-3", "url": "https://www.kaigokensaku.mhlw.go.jp/45/index.php?action_kouhyou_detail_004_kani=true&JigyosyoCd=4570103210-00&ServiceCd=110&Type=search", "url2": "http://miyazakiomoya.web.fc2.com" }, "geometry": { "type": "Point", "coordinates": [ 131.387986865748644, 31.86358768876666 ] } },
{ "type": "Feature", "properties": { "内容": "ヘルパーステーション花笑み【訪問介護】宮崎県宮崎市柳丸町108-1", "url": "https://www.kaigokensaku.mhlw.go.jp/45/index.php?action_kouhyou_detail_004_kani=true&JigyosyoCd=4570109761-00&ServiceCd=110&Type=search", "url2": null }, "geometry": { "type": "Point", "coordinates": [ 131.433330480023756, 31.926676558864841 ] } },
{ "type": "Feature", "properties": { "内容": "さくら・介護ステーション宮崎中央【訪問介護】宮崎市波島２丁目１１－８", "url": "https://www.kaigokensaku.mhlw.go.jp/45/index.php?action_kouhyou_detail_004_kani=true&JigyosyoCd=4570104622-00&ServiceCd=110&Type=search", "url2": null }, "geometry": { "type": "Point", "coordinates": [ 131.44854259046366, 31.93753771563081 ] } },
{ "type": "Feature", "properties": { "内容": "訪問介護ステーション　めぐみ【訪問介護】宮崎県宮崎市中村東1丁目3番10号2F", "url": "https://www.kaigokensaku.mhlw.go.jp/45/index.php?action_kouhyou_detail_004_kani=true&JigyosyoCd=4570105561-00&ServiceCd=110&Type=search", "url2": null }, "geometry": { "type": "Point", "coordinates": [ 131.4197802, 31.9019159 ] } },
{ "type": "Feature", "properties": { "内容": "訪問介護　すずらん【訪問介護】清武町加納1丁目29番地3", "url": "https://www.kaigokensaku.mhlw.go.jp/45/index.php?action_kouhyou_detail_004_kani=true&JigyosyoCd=4570107567-00&ServiceCd=110&Type=search", "url2": "http://www.hukunaganaika-miyazaki.com" }, "geometry": { "type": "Point", "coordinates": [ 131.397063664418027, 31.872261366833687 ] } },
{ "type": "Feature", "properties": { "内容": "訪問介護ステーションにしぞの【訪問介護】宮崎県宮崎市高岡町飯田1丁目7番地3", "url": "https://www.kaigokensaku.mhlw.go.jp/45/index.php?action_kouhyou_detail_004_kani=true&JigyosyoCd=4570105397-00&ServiceCd=110&Type=search", "url2": "http://www.nishizononaika.jp/kougetsu" }, "geometry": { "type": "Point", "coordinates": [ 131.306596799999966, 31.9566649 ] } },
{ "type": "Feature", "properties": { "内容": "訪問介護さわやか【訪問介護】宮崎市本郷北方2118番地", "url": "https://www.kaigokensaku.mhlw.go.jp/45/index.php?action_kouhyou_detail_004_kani=true&JigyosyoCd=4570106197-00&ServiceCd=110&Type=search", "url2": "http://www.seiryo-t.or.jp" }, "geometry": { "type": "Point", "coordinates": [ 131.426706, 31.8776071 ] } },
{ "type": "Feature", "properties": { "内容": "ライフサポートＨＩＲＯ【訪問介護】宮崎市大字赤江１５７２番地６", "url": "https://www.kaigokensaku.mhlw.go.jp/45/index.php?action_kouhyou_detail_004_kani=true&JigyosyoCd=4570107047-00&ServiceCd=110&Type=search", "url2": "https://www.hiro-support.jp" }, "geometry": { "type": "Point", "coordinates": [ 131.442428439085802, 31.887124470990329 ] } },
{ "type": "Feature", "properties": { "内容": "訪問介護ステーション優【訪問介護】宮崎県宮崎市大字小松260番地", "url": "https://www.kaigokensaku.mhlw.go.jp/45/index.php?action_kouhyou_detail_004_kani=true&JigyosyoCd=4570107401-00&ServiceCd=110&Type=search", "url2": null }, "geometry": { "type": "Point", "coordinates": [ 131.402, 31.9400526 ] } },
{ "type": "Feature", "properties": { "内容": "びびっとホームヘルプサービス【訪問介護】宮崎県宮崎市大塚町笹原4853番地1", "url": "https://www.kaigokensaku.mhlw.go.jp/45/index.php?action_kouhyou_detail_004_kani=true&JigyosyoCd=4570107377-00&ServiceCd=110&Type=search", "url2": "http://vivid-homehelp.com/" }, "geometry": { "type": "Point", "coordinates": [ 131.393201600663787, 31.910962975000626 ] } },
{ "type": "Feature", "properties": { "内容": "ヘルパーステーションゆずり葉【訪問介護】宮崎県宮崎市大字新名爪4450-1", "url": "https://www.kaigokensaku.mhlw.go.jp/45/index.php?action_kouhyou_detail_004_kani=true&JigyosyoCd=4570108136-00&ServiceCd=110&Type=search", "url2": "http://www.yuzuriha-n.jp" }, "geometry": { "type": "Point", "coordinates": [ 131.437550971168093, 31.972968223401651 ] } },
{ "type": "Feature", "properties": { "内容": "訪問介護事業所　まりあーじゅ【訪問介護】宮崎県佐土原町西上那珂5622", "url": "https://www.kaigokensaku.mhlw.go.jp/45/index.php?action_kouhyou_detail_004_kani=true&JigyosyoCd=4570107609-00&ServiceCd=110&Type=search", "url2": "https://www.carelingmariage.jp/" }, "geometry": { "type": "Point", "coordinates": [ 131.395952986508178, 32.034202043655142 ] } },
{ "type": "Feature", "properties": { "内容": "ヘルパーセンター平和の森【訪問介護】宮崎県宮崎市清水3丁目8-7　301号", "url": "https://www.kaigokensaku.mhlw.go.jp/45/index.php?action_kouhyou_detail_004_kani=true&JigyosyoCd=4570106544-00&ServiceCd=110&Type=search", "url2": "www.enchante-wac.jp/" }, "geometry": { "type": "Point", "coordinates": [ 131.417261133677101, 31.920866618364599 ] } },
{ "type": "Feature", "properties": { "内容": "指定訪問介護事業所　　二ツ山安寿【訪問介護】宮崎市清武町正手2丁目56-1ネバーランド105号", "url": "https://www.kaigokensaku.mhlw.go.jp/45/index.php?action_kouhyou_detail_004_kani=true&JigyosyoCd=4570107104-00&ServiceCd=110&Type=search", "url2": "http://miyazaki-anju.com/" }, "geometry": { "type": "Point", "coordinates": [ 131.386805298789312, 31.858073907046656 ] } },
{ "type": "Feature", "properties": { "内容": "訪問介護ステーションここみ【訪問介護】宮崎県宮崎市清武町今泉甲3715-1ドリームズカムトゥル―沓掛Ⅱ103号", "url": "https://www.kaigokensaku.mhlw.go.jp/45/index.php?action_kouhyou_detail_004_kani=true&JigyosyoCd=4570106775-00&ServiceCd=110&Type=search", "url2": null }, "geometry": { "type": "Point", "coordinates": [ 131.350264474296608, 31.847985807015419 ] } },
{ "type": "Feature", "properties": { "内容": "訪問介護ステーションえいらく【訪問介護】宮崎県宮崎市永楽町１１４－１ホワイトパール１０１号", "url": "https://www.kaigokensaku.mhlw.go.jp/45/index.php?action_kouhyou_detail_004_kani=true&JigyosyoCd=4570106619-00&ServiceCd=110&Type=search", "url2": "http:/eiraku.cloud/" }, "geometry": { "type": "Point", "coordinates": [ 131.4331615276474, 31.906391187679219 ] } },
{ "type": "Feature", "properties": { "内容": "訪問介護事業所active【訪問介護】永楽町126番地6レーベンハイム202", "url": "https://www.kaigokensaku.mhlw.go.jp/45/index.php?action_kouhyou_detail_004_kani=true&JigyosyoCd=4570110116-00&ServiceCd=110&Type=search", "url2": "https://arcath-miyazaki.com" }, "geometry": { "type": "Point", "coordinates": [ 131.434721200000013, 31.9060639 ] } },
{ "type": "Feature", "properties": { "内容": "ホウモンカイゴステーション　オハナ【訪問介護】宮崎県宮崎市下北方町塚原5774-1", "url": "https://www.kaigokensaku.mhlw.go.jp/45/index.php?action_kouhyou_detail_004_kani=true&JigyosyoCd=4570109340-00&ServiceCd=110&Type=search", "url2": "www.hananoie.jp" }, "geometry": { "type": "Point", "coordinates": [ 131.411002976057432, 31.941799626359241 ] } },
{ "type": "Feature", "properties": { "内容": "どこでもホームヘルプサービス【訪問介護】宮崎県宮崎市花ヶ島町入道2230番地4イースヒルズ１F", "url": "https://www.kaigokensaku.mhlw.go.jp/45/index.php?action_kouhyou_detail_004_kani=true&JigyosyoCd=4570103293-00&ServiceCd=110&Type=search", "url2": "http://www.new-create.jp" }, "geometry": { "type": "Point", "coordinates": [ 131.432267672352651, 31.942361933618823 ] } },
{ "type": "Feature", "properties": { "内容": "ヘルパーステーションあさひ【訪問介護】宮崎県宮崎市中西町２０４番地４", "url": "https://www.kaigokensaku.mhlw.go.jp/45/index.php?action_kouhyou_detail_004_kani=true&JigyosyoCd=4570110074-00&ServiceCd=110&Type=search", "url2": null }, "geometry": { "type": "Point", "coordinates": [ 131.445559262463547, 31.903656519216529 ] } },
{ "type": "Feature", "properties": { "内容": "りんくる【訪問介護】宮崎市神宮2-1-302F", "url": "https://www.kaigokensaku.mhlw.go.jp/45/index.php?action_kouhyou_detail_004_kani=true&JigyosyoCd=4570110082-00&ServiceCd=110&Type=search", "url2": "http://www.spinner-linkle.com" }, "geometry": { "type": "Point", "coordinates": [ 131.423876978661383, 31.934497304257555 ] } },
{ "type": "Feature", "properties": { "内容": "訪問介護事業所　TUKI【訪問介護】宮崎県宮崎市大島町馬場尻1898番地１", "url": "https://www.kaigokensaku.mhlw.go.jp/45/index.php?action_kouhyou_detail_004_kani=true&JigyosyoCd=4570109621-00&ServiceCd=110&Type=search", "url2": "https：//valo-hikari.com" }, "geometry": { "type": "Point", "coordinates": [ 131.436487251203374, 31.938959200815848 ] } },
{ "type": "Feature", "properties": { "内容": "訪問介護ステーションささえ愛【訪問介護】宮崎県宮崎市大字島之内９６８６番９", "url": "https://www.kaigokensaku.mhlw.go.jp/45/index.php?action_kouhyou_detail_004_kani=true&JigyosyoCd=4570105496-00&ServiceCd=110&Type=search", "url2": "sasaeai@oasis.ocn.ne.jp" }, "geometry": { "type": "Point", "coordinates": [ 131.457988399999977, 31.9903443 ] } },
{ "type": "Feature", "properties": { "内容": "訪問介護事業所　まごころ荘【訪問介護】宮崎県宮崎市田野町甲6008-6あいらんど田野A棟102号室", "url": "https://www.kaigokensaku.mhlw.go.jp/45/index.php?action_kouhyou_detail_004_kani=true&JigyosyoCd=4570105355-00&ServiceCd=110&Type=search", "url2": null }, "geometry": { "type": "Point", "coordinates": [ 131.33653406665033, 31.840140537738925 ] } },
{ "type": "Feature", "properties": { "内容": "株式会社ふれあいケアセンター【訪問介護】宮崎県宮崎市大字島之内9706-6ぐみばるin102", "url": "https://www.kaigokensaku.mhlw.go.jp/45/index.php?action_kouhyou_detail_004_kani=true&JigyosyoCd=4570101974-00&ServiceCd=110&Type=search", "url2": null }, "geometry": { "type": "Point", "coordinates": [ 131.458899667459065, 31.989449546766512 ] } },
{ "type": "Feature", "properties": { "内容": "やよい苑【訪問介護】宮崎県宮崎市高岡町五町235番地高岡プロパン　302号", "url": "https://www.kaigokensaku.mhlw.go.jp/45/index.php?action_kouhyou_detail_004_kani=true&JigyosyoCd=4570105769-00&ServiceCd=110&Type=search", "url2": null }, "geometry": { "type": "Point", "coordinates": [ 131.300149722137064, 31.955531350705908 ] } },
{ "type": "Feature", "properties": { "内容": "ヘルパーステーションこのはなガーデン【訪問介護】宮崎市清武町木原3207-1住宅型有料老人ホームこのはなガーデンプレイス", "url": "https://www.kaigokensaku.mhlw.go.jp/45/index.php?action_kouhyou_detail_004_kani=true&JigyosyoCd=4570105918-00&ServiceCd=110&Type=search", "url2": null }, "geometry": { "type": "Point", "coordinates": [ 131.394020500000011, 31.8554518 ] } },
{ "type": "Feature", "properties": { "内容": "ニチイケアセンター神宮【訪問介護】宮崎県宮崎市神宮西２丁目１３８番地", "url": "https://www.kaigokensaku.mhlw.go.jp/45/index.php?action_kouhyou_detail_004_kani=true&JigyosyoCd=4570100265-00&ServiceCd=110&Type=search", "url2": "http://www.nichiigakkan.co.jp" }, "geometry": { "type": "Point", "coordinates": [ 131.421117900000013, 31.9385311 ] } },
{ "type": "Feature", "properties": { "内容": "ニチイケアセンター宮崎東【訪問介護】宮崎県宮崎市新城町２４番地１アーバンコート１番館Ａ号", "url": "https://www.kaigokensaku.mhlw.go.jp/45/index.php?action_kouhyou_detail_004_kani=true&JigyosyoCd=4570109241-00&ServiceCd=110&Type=search", "url2": "http://www.nichiigakkan.co.jp" }, "geometry": { "type": "Point", "coordinates": [ 131.4406156, 31.926146699999983 ] } },
{ "type": "Feature", "properties": { "内容": "ニチイケアセンター清武【訪問介護】宮崎県宮崎市清武町加納４丁目４３番地真方コーポⅡ１０３号", "url": "https://www.kaigokensaku.mhlw.go.jp/45/index.php?action_kouhyou_detail_004_kani=true&JigyosyoCd=4570109258-00&ServiceCd=110&Type=search", "url2": "http://www.nichiigakkan.co.jp" }, "geometry": { "type": "Point", "coordinates": [ 131.404288522228967, 31.876089015333129 ] } },
{ "type": "Feature", "properties": { "内容": "訪問介護事業所　花温【訪問介護】宮崎県宮崎市大字小松２００番地１", "url": "https://www.kaigokensaku.mhlw.go.jp/45/index.php?action_kouhyou_detail_004_kani=true&JigyosyoCd=4570105579-00&ServiceCd=110&Type=search", "url2": "http://plutino.pupu.jp/" }, "geometry": { "type": "Point", "coordinates": [ 131.404030400000011, 31.9394833 ] } },
{ "type": "Feature", "properties": { "内容": "訪問介護ステーションほっとかん【訪問介護】宮崎県宮崎市神宮1丁目196-1", "url": "https://www.kaigokensaku.mhlw.go.jp/45/index.php?action_kouhyou_detail_004_kani=true&JigyosyoCd=4570104937-00&ServiceCd=110&Type=search", "url2": null }, "geometry": { "type": "Point", "coordinates": [ 131.424046791451332, 31.933153886781849 ] } },
{ "type": "Feature", "properties": { "内容": "訪問介護サッチャン【訪問介護】宮崎県宮崎市霧島5-68平和台マンションⅡ　103", "url": "https://www.kaigokensaku.mhlw.go.jp/45/index.php?action_kouhyou_detail_004_kani=true&JigyosyoCd=4570109050-00&ServiceCd=110&Type=search", "url2": null }, "geometry": { "type": "Point", "coordinates": [ 131.413464299999987, 31.9379355 ] } },
{ "type": "Feature", "properties": { "内容": "三和ほのぼのケアサービス【訪問介護】宮崎県宮崎市鶴島3丁目24番地", "url": "https://www.kaigokensaku.mhlw.go.jp/45/index.php?action_kouhyou_detail_004_kani=true&JigyosyoCd=4570102394-00&ServiceCd=110&Type=search", "url2": "http://www.30-gr.co.jp" }, "geometry": { "type": "Point", "coordinates": [ 131.411322299999938, 31.9135919 ] } },
{ "type": "Feature", "properties": { "内容": "螢灯【訪問介護】宮崎県宮崎市佐土原町東上那珂15773-2", "url": "https://www.kaigokensaku.mhlw.go.jp/45/index.php?action_kouhyou_detail_004_kani=true&JigyosyoCd=4570107187-00&ServiceCd=110&Type=search", "url2": null }, "geometry": { "type": "Point", "coordinates": [ 131.428627252213147, 32.036085165380783 ] } },
{ "type": "Feature", "properties": { "内容": "ケアサポートぷろっぷ【訪問介護】宮崎県宮崎市新別府町211番地5ニューライフ新別府105", "url": "https://www.kaigokensaku.mhlw.go.jp/45/index.php?action_kouhyou_detail_004_kani=true&JigyosyoCd=4570109837-00&ServiceCd=110&Type=search", "url2": "https://www.caresupport-prop.com/" }, "geometry": { "type": "Point", "coordinates": [ 131.452764724919518, 31.927895046011681 ] } },
{ "type": "Feature", "properties": { "内容": "合同会社あおぞら介護・家政婦センター【訪問介護】宮崎県宮崎市花ヶ島町南赤江町2119", "url": "https://www.kaigokensaku.mhlw.go.jp/45/index.php?action_kouhyou_detail_004_kani=true&JigyosyoCd=4570104127-00&ServiceCd=110&Type=search", "url2": "http://aozorallc.web.fc2.com/" }, "geometry": { "type": "Point", "coordinates": [ 131.431478226844803, 31.944323494295567 ] } },
{ "type": "Feature", "properties": { "内容": "訪問介護ステーションなみしま【訪問介護】宮崎県宮崎市波島1丁目41-48", "url": "https://www.kaigokensaku.mhlw.go.jp/45/index.php?action_kouhyou_detail_004_kani=true&JigyosyoCd=4570109720-00&ServiceCd=110&Type=search", "url2": null }, "geometry": { "type": "Point", "coordinates": [ 131.446924599999988, 31.9405213 ] } },
{ "type": "Feature", "properties": { "内容": "合同会社美聖訪問介護センター【訪問介護】宮崎県宮崎市吉村町下別府乙7-5小川コーポ101-103号", "url": "https://www.kaigokensaku.mhlw.go.jp/45/index.php?action_kouhyou_detail_004_kani=true&JigyosyoCd=4570109969-00&ServiceCd=110&Type=search", "url2": "http://www.seibikai-group.or.jp/clover/yuryo_homu/index.html" }, "geometry": { "type": "Point", "coordinates": [ 131.4192811, 31.8885696 ] } },
{ "type": "Feature", "properties": { "内容": "社会医療法人如月会　訪問介護ステーションそら【訪問介護】宮崎市宮田町13番18号", "url": "https://www.kaigokensaku.mhlw.go.jp/45/index.php?action_kouhyou_detail_004_kani=true&JigyosyoCd=4570107518-00&ServiceCd=110&Type=search", "url2": "http://www.miyazaki-wakakusa.or.jp" }, "geometry": { "type": "Point", "coordinates": [ 131.427410760621683, 31.912685399393759 ] } },
{ "type": "Feature", "properties": { "内容": "宮崎南ヘルパー派遣センター【訪問介護】宮崎県宮崎市大字加江田字曽山寺４５４０－３", "url": "https://www.kaigokensaku.mhlw.go.jp/45/index.php?action_kouhyou_detail_004_kani=true&JigyosyoCd=4570100448-00&ServiceCd=110&Type=search", "url2": "https://www.aisinfukusikai.jp" }, "geometry": { "type": "Point", "coordinates": [ 131.448364699999956, 31.8133889 ] } },
{ "type": "Feature", "properties": { "内容": "特別養護老人ホームみやざき荘総合福祉支援センター【訪問介護】宮崎県宮崎市大字田吉４９７７－３７４", "url": "https://www.kaigokensaku.mhlw.go.jp/45/index.php?action_kouhyou_detail_004_kani=true&JigyosyoCd=4570100455-00&ServiceCd=110&Type=search", "url2": "http://www.m-sj.or.jp/miyazaki/" }, "geometry": { "type": "Point", "coordinates": [ 131.446992899999941, 31.8699745 ] } },
{ "type": "Feature", "properties": { "内容": "ケアトピアヘルパーセンター【訪問介護】宮崎県宮崎市大字郡司分丙9273番地", "url": "https://www.kaigokensaku.mhlw.go.jp/45/index.php?action_kouhyou_detail_004_kani=true&JigyosyoCd=4570100422-00&ServiceCd=110&Type=search", "url2": "http://www.care.or.jp" }, "geometry": { "type": "Point", "coordinates": [ 131.415896400000065, 31.86443 ] } },
{ "type": "Feature", "properties": { "内容": "社会福祉法人日向更生センター皇寿園在宅ケアセンター【訪問介護】宮崎県宮崎市阿波岐ヶ原町前浜４２７６番地６５０", "url": "https://www.kaigokensaku.mhlw.go.jp/45/index.php?action_kouhyou_detail_004_kani=true&JigyosyoCd=4570100570-00&ServiceCd=110&Type=search", "url2": "http://www.hyugakosei.jp/index.html" }, "geometry": { "type": "Point", "coordinates": [ 131.462565300000051, 31.9398452 ] } },
{ "type": "Feature", "properties": { "内容": "社会福祉法人凌雲堂介護ヘルパー派遣センター【訪問介護】宮崎県宮崎市大字跡江2366番地", "url": "https://www.kaigokensaku.mhlw.go.jp/45/index.php?action_kouhyou_detail_004_kani=true&JigyosyoCd=4570100091-00&ServiceCd=110&Type=search", "url2": "http://www.ryoundo.or.jp/" }, "geometry": { "type": "Point", "coordinates": [ 131.390806699999985, 31.9379969 ] } },
{ "type": "Feature", "properties": { "内容": "ハートフル・ケア小松【訪問介護】大字小松３２５９", "url": "https://www.kaigokensaku.mhlw.go.jp/45/index.php?action_kouhyou_detail_004_kani=true&JigyosyoCd=4570106213-00&ServiceCd=110&Type=search", "url2": "www.heartful-komatsu.com/" }, "geometry": { "type": "Point", "coordinates": [ 131.386801800000057, 31.9256479 ] } },
{ "type": "Feature", "properties": { "内容": "ヘルパーステーション月虹【訪問介護】宮崎県宮崎市大字恒久吉永1236番地住宅型有料老人ホーム月虹", "url": "https://www.kaigokensaku.mhlw.go.jp/45/index.php?action_kouhyou_detail_004_kani=true&JigyosyoCd=4570107195-00&ServiceCd=110&Type=search", "url2": "http://www.miyazakikaigo-gekkou.jp/" }, "geometry": { "type": "Point", "coordinates": [ 131.420601058783177, 31.88706840270406 ] } },
{ "type": "Feature", "properties": { "内容": "ヘルパーステーションさくらさん家【訪問介護】大字本郷北方2994番地ナーシングホームさくらさん家", "url": "https://www.kaigokensaku.mhlw.go.jp/45/index.php?action_kouhyou_detail_004_kani=true&JigyosyoCd=4570106437-00&ServiceCd=110&Type=search", "url2": "http://www.sakurasanchi.com/" }, "geometry": { "type": "Point", "coordinates": [ 131.418940300000031, 31.8732239 ] } },
{ "type": "Feature", "properties": { "内容": "あおしま優亜館【訪問介護】宮崎県宮崎市大字加江田4910番地", "url": "https://www.kaigokensaku.mhlw.go.jp/45/index.php?action_kouhyou_detail_004_kani=true&JigyosyoCd=4570102584-00&ServiceCd=110&Type=search", "url2": "http://a-yuakan.com/" }, "geometry": { "type": "Point", "coordinates": [ 131.454482800000051, 31.8127876 ] } },
{ "type": "Feature", "properties": { "内容": "有限会社ケアサービス田之上指定訪問介護事業所【訪問介護】宮崎県宮崎市船塚２丁目１８２-１", "url": "https://www.kaigokensaku.mhlw.go.jp/45/index.php?action_kouhyou_detail_004_kani=true&JigyosyoCd=4570100406-00&ServiceCd=110&Type=search", "url2": "http://tanoue-kaigo.jimdosite.com/" }, "geometry": { "type": "Point", "coordinates": [ 131.416454599999952, 31.9306985 ] } },
{ "type": "Feature", "properties": { "内容": "有限会社ケアホームやすらぎ荘ヘルパー派遣事業室【訪問介護】宮崎県宮崎市大字有田129番8", "url": "https://www.kaigokensaku.mhlw.go.jp/45/index.php?action_kouhyou_detail_004_kani=true&JigyosyoCd=4570100463-00&ServiceCd=110&Type=search", "url2": null }, "geometry": { "type": "Point", "coordinates": [ 131.379662, 31.952948 ] } },
{ "type": "Feature", "properties": { "内容": "訪問介護ステーションソライエ【訪問介護】宮崎県宮崎市大字本郷南方2916番地1", "url": "https://www.kaigokensaku.mhlw.go.jp/45/index.php?action_kouhyou_detail_004_kani=true&JigyosyoCd=4570109043-00&ServiceCd=110&Type=search", "url2": "http://soraie-cs.com" }, "geometry": { "type": "Point", "coordinates": [ 131.4367737, 31.8649186 ] } },
{ "type": "Feature", "properties": { "内容": "リバティ宮崎訪問介護事業所【訪問介護】大字芳士字五反田583-1", "url": "https://www.kaigokensaku.mhlw.go.jp/45/index.php?action_kouhyou_detail_004_kani=true&JigyosyoCd=4570103848-00&ServiceCd=110&Type=search", "url2": "http://www.libertymiyazaki.com" }, "geometry": { "type": "Point", "coordinates": [ 131.443982, 31.963854 ] } },
{ "type": "Feature", "properties": { "内容": "訪問介援隊あうん【訪問介護】宮崎県宮崎市祇園4丁目85", "url": "https://www.kaigokensaku.mhlw.go.jp/45/index.php?action_kouhyou_detail_004_kani=true&JigyosyoCd=4570103608-00&ServiceCd=110&Type=search", "url2": "http://www.aunsec.com/" }, "geometry": { "type": "Point", "coordinates": [ 131.41034732551725, 31.940406982771474 ] } },
{ "type": "Feature", "properties": { "内容": "有限会社介護支援ホームれんげ荘【訪問介護】宮崎県宮崎市大字金崎2537番地1", "url": "https://www.kaigokensaku.mhlw.go.jp/45/index.php?action_kouhyou_detail_004_kani=true&JigyosyoCd=4570102253-00&ServiceCd=110&Type=search", "url2": null }, "geometry": { "type": "Point", "coordinates": [ 131.35839, 31.974112 ] } },
{ "type": "Feature", "properties": { "内容": "はーとねっと【訪問介護】宮崎県宮崎市北川内町円光明6366番地1", "url": "https://www.kaigokensaku.mhlw.go.jp/45/index.php?action_kouhyou_detail_004_kani=true&JigyosyoCd=4570102709-00&ServiceCd=110&Type=search", "url2": null }, "geometry": { "type": "Point", "coordinates": [ 131.3904966, 31.905486 ] } },
{ "type": "Feature", "properties": { "内容": "籠の里　訪問介護事業所【訪問介護】宮崎県　宮崎市　本郷北方境田3026-1", "url": "https://www.kaigokensaku.mhlw.go.jp/45/index.php?action_kouhyou_detail_004_kani=true&JigyosyoCd=4570104903-00&ServiceCd=110&Type=search", "url2": null }, "geometry": { "type": "Point", "coordinates": [ 131.42952820000005, 31.8709855 ] } },
{ "type": "Feature", "properties": { "内容": "ファンライフ宮崎【訪問介護】宮崎市吉村町浮之城甲20-1", "url": "https://www.kaigokensaku.mhlw.go.jp/45/index.php?action_kouhyou_detail_004_kani=true&JigyosyoCd=4570105009-00&ServiceCd=110&Type=search", "url2": "http://www.sou-seniorcare.co.jp" }, "geometry": { "type": "Point", "coordinates": [ 131.4381219952148, 31.931560977297217 ] } },
{ "type": "Feature", "properties": { "内容": "セントケア宮崎【訪問介護】宮崎市祇園2丁目23-2", "url": "https://www.kaigokensaku.mhlw.go.jp/45/index.php?action_kouhyou_detail_004_kani=true&JigyosyoCd=4570106015-00&ServiceCd=110&Type=search", "url2": null }, "geometry": { "type": "Point", "coordinates": [ 131.409233247329666, 31.929242065513986 ] } },
{ "type": "Feature", "properties": { "内容": "医療法人　芳明会　訪問介護事業所　すばる【訪問介護】宮崎県宮崎市大坪町六月２１９７－１", "url": "https://www.kaigokensaku.mhlw.go.jp/45/index.php?action_kouhyou_detail_004_kani=true&JigyosyoCd=4570107211-00&ServiceCd=110&Type=search", "url2": "http://www.houmei.or.jp/" }, "geometry": { "type": "Point", "coordinates": [ 131.4070428, 31.8957101 ] } },
{ "type": "Feature", "properties": { "内容": "訪問介護ステーション　アルバ【訪問介護】宮崎県宮崎市小松1133番地カーサ・アルバ壱番館3階", "url": "https://www.kaigokensaku.mhlw.go.jp/45/index.php?action_kouhyou_detail_004_kani=true&JigyosyoCd=4570107427-00&ServiceCd=110&Type=search", "url2": "http://www.junwakai.com" }, "geometry": { "type": "Point", "coordinates": [ 131.40195276441807, 31.93489274559446 ] } },
{ "type": "Feature", "properties": { "内容": "訪問介護事業所　シルバーケア野崎【訪問介護】宮崎県宮崎市村角町高尊2105", "url": "https://www.kaigokensaku.mhlw.go.jp/45/index.php?action_kouhyou_detail_004_kani=true&JigyosyoCd=4570110298-00&ServiceCd=110&Type=search", "url2": "https://www.koujunkai.jp/scare" }, "geometry": { "type": "Point", "coordinates": [ 131.44662353677063, 31.957794964267769 ] } },
{ "type": "Feature", "properties": { "内容": "訪問介護ゆりの里【訪問介護】宮崎市佐土原町下田島19664-1", "url": "https://www.kaigokensaku.mhlw.go.jp/45/index.php?action_kouhyou_detail_004_kani=true&JigyosyoCd=4570105793-00&ServiceCd=110&Type=search", "url2": "http://care-net.biz/45/yurinosato/" }, "geometry": { "type": "Point", "coordinates": [ 131.479787990737918, 32.0137769448895 ] } },
{ "type": "Feature", "properties": { "内容": "訪問介護事業所こもれび【訪問介護】宮崎県宮崎市大島町前田３３８－１", "url": "https://www.kaigokensaku.mhlw.go.jp/45/index.php?action_kouhyou_detail_004_kani=true&JigyosyoCd=4570104762-00&ServiceCd=110&Type=search", "url2": null }, "geometry": { "type": "Point", "coordinates": [ 131.440316134085151, 31.94424035154892 ] } },
{ "type": "Feature", "properties": { "内容": "株式会社ほほのき【訪問介護】宮崎県宮崎市永楽町１０２－１外山ハイツ１０１", "url": "https://www.kaigokensaku.mhlw.go.jp/45/index.php?action_kouhyou_detail_004_kani=true&JigyosyoCd=4570102865-00&ServiceCd=110&Type=search", "url2": null }, "geometry": { "type": "Point", "coordinates": [ 131.432904083744802, 31.906673847068248 ] } },
{ "type": "Feature", "properties": { "内容": "訪問介護ステーション西の園【訪問介護】宮崎県宮崎市谷川2丁目3-3第1岡上ビル202号室", "url": "https://www.kaigokensaku.mhlw.go.jp/45/index.php?action_kouhyou_detail_004_kani=true&JigyosyoCd=4570103574-00&ServiceCd=110&Type=search", "url2": null }, "geometry": { "type": "Point", "coordinates": [ 131.415908299999955, 31.9032349 ] } },
{ "type": "Feature", "properties": { "内容": "訪問介護はくじゅ【訪問介護】宮崎県宮崎市大字赤江字飛江田1052-1住宅型有料老人ホームはくじゅ", "url": "https://www.kaigokensaku.mhlw.go.jp/45/index.php?action_kouhyou_detail_004_kani=true&JigyosyoCd=4570108672-00&ServiceCd=110&Type=search", "url2": "http://www.day-hakuju.jp/" }, "geometry": { "type": "Point", "coordinates": [ 131.445094790321406, 31.883999799563902 ] } },
{ "type": "Feature", "properties": { "内容": "ヘルパーステーション　わらわ【訪問介護】清武町今泉甲3785番地1", "url": "https://www.kaigokensaku.mhlw.go.jp/45/index.php?action_kouhyou_detail_004_kani=true&JigyosyoCd=4570109357-00&ServiceCd=110&Type=search", "url2": "http://www.warawa-kiyotake.com/" }, "geometry": { "type": "Point", "coordinates": [ 131.3560996, 31.8531345 ] } },
{ "type": "Feature", "properties": { "内容": "ニチイケアセンター南宮崎【訪問介護】宮崎県宮崎市花山手西１丁目５－１", "url": "https://www.kaigokensaku.mhlw.go.jp/45/index.php?action_kouhyou_detail_004_kani=true&JigyosyoCd=4570102477-00&ServiceCd=110&Type=search", "url2": "http://www.nichiigakkan.co.jp" }, "geometry": { "type": "Point", "coordinates": [ 131.40081239999995, 31.9041312 ] } },
{ "type": "Feature", "properties": { "内容": "ヘルパーステーション満天の星【訪問介護】宮崎県宮崎市大字本郷北方2589番地", "url": "https://www.kaigokensaku.mhlw.go.jp/45/index.php?action_kouhyou_detail_004_kani=true&JigyosyoCd=4570105090-00&ServiceCd=110&Type=search", "url2": null }, "geometry": { "type": "Point", "coordinates": [ 131.420531937107086, 31.874659806217966 ] } },
{ "type": "Feature", "properties": { "内容": "株式会社介護サービスかすみ草【訪問介護】宮崎県宮崎市大字糸原3277番地６", "url": "https://www.kaigokensaku.mhlw.go.jp/45/index.php?action_kouhyou_detail_004_kani=true&JigyosyoCd=4570105066-00&ServiceCd=110&Type=search", "url2": null }, "geometry": { "type": "Point", "coordinates": [ 131.360654563914864, 31.953939178784729 ] } },
{ "type": "Feature", "properties": { "内容": "訪問介護　ひなた【訪問介護】宮崎県宮崎市田吉６１８６番地５", "url": "https://www.kaigokensaku.mhlw.go.jp/45/index.php?action_kouhyou_detail_004_kani=true&JigyosyoCd=4570109571-00&ServiceCd=110&Type=search", "url2": null }, "geometry": { "type": "Point", "coordinates": [ 131.421127, 31.9386971 ] } },
{ "type": "Feature", "properties": { "内容": "訪問介護ステ－ション大淀まごころ【訪問介護】宮崎県宮崎市花山手1丁目20－1", "url": "https://www.kaigokensaku.mhlw.go.jp/45/index.php?action_kouhyou_detail_004_kani=true&JigyosyoCd=4570105256-00&ServiceCd=110&Type=search", "url2": null }, "geometry": { "type": "Point", "coordinates": [ 131.406002712458758, 31.90264523641936 ] } },
{ "type": "Feature", "properties": { "内容": "全労済在宅介護サービスセンターみやざき【訪問介護】宮崎県宮崎市広島1-11-17", "url": "https://www.kaigokensaku.mhlw.go.jp/45/index.php?action_kouhyou_detail_004_kani=true&JigyosyoCd=4570106692-00&ServiceCd=110&Type=search", "url2": "http://www.zenrosai-wic.co.jp" }, "geometry": { "type": "Point", "coordinates": [ 131.42648209999993, 31.9133176 ] } },
{ "type": "Feature", "properties": { "内容": "訪問介護ステーション美修苑【訪問介護】宮崎県宮崎市田野町甲2874番地5　コーポ稲穂B-1訪問介護ステーション美修苑", "url": "https://www.kaigokensaku.mhlw.go.jp/45/index.php?action_kouhyou_detail_004_kani=true&JigyosyoCd=4570105553-00&ServiceCd=110&Type=search", "url2": "https://sites.google.com/kabu-kura.com/bisyuen/" }, "geometry": { "type": "Point", "coordinates": [ 131.308974406904952, 31.835436062995612 ] } },
{ "type": "Feature", "properties": { "内容": "訪問介護事業所　笑福【訪問介護】宮崎県宮崎市大字芳士584-2　２階", "url": "https://www.kaigokensaku.mhlw.go.jp/45/index.php?action_kouhyou_detail_004_kani=true&JigyosyoCd=4570109811-00&ServiceCd=110&Type=search", "url2": "https://hukuwa-miyazaki.com/" }, "geometry": { "type": "Point", "coordinates": [ 131.4238767, 31.9090604 ] } },
{ "type": "Feature", "properties": { "内容": "生協ホームヘルプサービスれいんぼう【訪問介護】宮崎県宮崎市和知川原2丁目25-1　1階", "url": "https://www.kaigokensaku.mhlw.go.jp/45/index.php?action_kouhyou_detail_004_kani=true&JigyosyoCd=4570110157-00&ServiceCd=110&Type=search", "url2": "https://www.miyazaki-iryou.coop/" }, "geometry": { "type": "Point", "coordinates": [ 131.4115907, 31.9236839 ] } },
{ "type": "Feature", "properties": { "内容": "訪問介護事業所　Ｌサポート【訪問介護】宮崎県宮崎市京塚１丁目６－２レマンコーポ３０１号", "url": "https://www.kaigokensaku.mhlw.go.jp/45/index.php?action_kouhyou_detail_004_kani=true&JigyosyoCd=4570109688-00&ServiceCd=110&Type=search", "url2": "https://lsapo.net/" }, "geometry": { "type": "Point", "coordinates": [ 131.4133056, 31.8976014 ] } },
{ "type": "Feature", "properties": { "内容": "訪問介護事業所　ふく【訪問介護】宮崎県宮崎市船塚3丁目202みとよコーポ102", "url": "https://www.kaigokensaku.mhlw.go.jp/45/index.php?action_kouhyou_detail_004_kani=true&JigyosyoCd=4570109001-00&ServiceCd=110&Type=search", "url2": null }, "geometry": { "type": "Point", "coordinates": [ 131.416690303813169, 31.932454202861354 ] } },
{ "type": "Feature", "properties": { "内容": "社会福祉法人まほろば福祉会ももたろう【訪問介護】宮崎県宮崎市大字跡江609-1", "url": "https://www.kaigokensaku.mhlw.go.jp/45/index.php?action_kouhyou_detail_004_kani=true&JigyosyoCd=4570104069-00&ServiceCd=110&Type=search", "url2": "http://mahorobaweb.sakura.ne.jp/sakura.html" }, "geometry": { "type": "Point", "coordinates": [ 131.388183799999979, 31.9523233 ] } },
{ "type": "Feature", "properties": { "内容": "社会福祉法人グリーンコープ　ふくしサービスセンターぽれぽれ【訪問介護】宮崎市吉村町江田原甲２１８－２３", "url": "https://www.kaigokensaku.mhlw.go.jp/45/index.php?action_kouhyou_detail_004_kani=true&JigyosyoCd=4570106023-00&ServiceCd=110&Type=search", "url2": "http://www.fukushi-greencoop.or.jp/" }, "geometry": { "type": "Point", "coordinates": [ 131.445906142327857, 31.928650994358595 ] } },
{ "type": "Feature", "properties": { "内容": "国富ホームヘルプ【訪問介護】宮崎県宮崎市希望ヶ丘4丁目83", "url": "https://www.kaigokensaku.mhlw.go.jp/45/index.php?action_kouhyou_detail_004_kani=true&JigyosyoCd=4570101537-00&ServiceCd=110&Type=search", "url2": "http://www.kudomi.com" }, "geometry": { "type": "Point", "coordinates": [ 131.420466148519921, 31.856292580171846 ] } },
{ "type": "Feature", "properties": { "内容": "社会福祉法人巴会ケアセンターこんぱす【訪問介護】宮崎県宮崎市山崎町上ノ原1060番1", "url": "https://www.kaigokensaku.mhlw.go.jp/45/index.php?action_kouhyou_detail_004_kani=true&JigyosyoCd=4570102717-00&ServiceCd=110&Type=search", "url2": "http://conpasu.tomoe-kai.or.jp" }, "geometry": { "type": "Point", "coordinates": [ 131.461406799999963, 31.9549788 ] } },
{ "type": "Feature", "properties": { "内容": "ヘルパー派遣事業「やっど！」【訪問介護】宮崎県宮崎市青葉町５２番地１", "url": "https://www.kaigokensaku.mhlw.go.jp/45/index.php?action_kouhyou_detail_004_kani=true&JigyosyoCd=4570109928-00&ServiceCd=110&Type=search", "url2": "https://yah-do.com/category/pa/" }, "geometry": { "type": "Point", "coordinates": [ 131.433451403687485, 31.92154149948546 ] } },
{ "type": "Feature", "properties": { "内容": "訪問介護ステーションぱりおん【訪問介護】宮崎県宮崎市恒久2丁目１９－６", "url": "https://www.kaigokensaku.mhlw.go.jp/45/index.php?action_kouhyou_detail_004_kani=true&JigyosyoCd=4570103004-00&ServiceCd=110&Type=search", "url2": "http://www.npo-hhm.jp/" }, "geometry": { "type": "Point", "coordinates": [ 131.427741100000048, 31.8936085 ] } },
{ "type": "Feature", "properties": { "内容": "訪問介護ステーション　ふれあい【訪問介護】宮崎県宮崎市大字浮田3313番地1", "url": "https://www.kaigokensaku.mhlw.go.jp/45/index.php?action_kouhyou_detail_004_kani=true&JigyosyoCd=4570105447-00&ServiceCd=110&Type=search", "url2": "https://www.okada-seikeigeka.com/" }, "geometry": { "type": "Point", "coordinates": [ 131.378948834301809, 31.929923179412416 ] } },
{ "type": "Feature", "properties": { "内容": "訪問介護センターしおじ【訪問介護】大字塩路字江良ノ上2782-74", "url": "https://www.kaigokensaku.mhlw.go.jp/45/index.php?action_kouhyou_detail_004_kani=true&JigyosyoCd=4570108425-00&ServiceCd=110&Type=search", "url2": null }, "geometry": { "type": "Point", "coordinates": [ 131.4657621, 31.966819399999977 ] } },
{ "type": "Feature", "properties": { "内容": "ヘルパーステーション　グランマ【訪問介護】宮崎市生目156番地", "url": "https://www.kaigokensaku.mhlw.go.jp/45/index.php?action_kouhyou_detail_004_kani=true&JigyosyoCd=4570109878-00&ServiceCd=110&Type=search", "url2": null }, "geometry": { "type": "Point", "coordinates": [ 131.3797112, 31.9198829 ] } },
{ "type": "Feature", "properties": { "内容": "訪問介護事業所　神宮の杜【訪問介護】宮崎市矢の先町７８番地１", "url": "https://www.kaigokensaku.mhlw.go.jp/45/index.php?action_kouhyou_detail_004_kani=true&JigyosyoCd=4570104556-00&ServiceCd=110&Type=search", "url2": null }, "geometry": { "type": "Point", "coordinates": [ 131.419388300000037, 31.940523900000013 ] } },
{ "type": "Feature", "properties": { "内容": "訪問介護事業所ラポール宮崎【訪問介護】宮崎県宮崎市江平町11-6フラワーマンション江平805", "url": "https://www.kaigokensaku.mhlw.go.jp/45/index.php?action_kouhyou_detail_004_kani=true&JigyosyoCd=4570103822-00&ServiceCd=110&Type=search", "url2": null }, "geometry": { "type": "Point", "coordinates": [ 131.429745877144796, 31.927365653085207 ] } },
{ "type": "Feature", "properties": { "内容": "ヘルパーオフィス心笑【訪問介護】宮崎市神宮１丁目16", "url": "https://www.kaigokensaku.mhlw.go.jp/45/index.php?action_kouhyou_detail_004_kani=true&JigyosyoCd=4570108946-00&ServiceCd=110&Type=search", "url2": null }, "geometry": { "type": "Point", "coordinates": [ 131.421932763693121, 31.931155811782649 ] } },
{ "type": "Feature", "properties": { "内容": "ホームヘルパーステーション　ひまわりの杜【訪問介護】宮崎県宮崎市潮見町５０－１", "url": "https://www.kaigokensaku.mhlw.go.jp/45/index.php?action_kouhyou_detail_004_kani=true&JigyosyoCd=4570104663-00&ServiceCd=110&Type=search", "url2": null }, "geometry": { "type": "Point", "coordinates": [ 131.437889600000062, 31.9060382 ] } },
{ "type": "Feature", "properties": { "内容": "介護サービスげんき株式会社【訪問介護】宮崎県宮崎市高岡町花見107-3", "url": "https://www.kaigokensaku.mhlw.go.jp/45/index.php?action_kouhyou_detail_004_kani=true&JigyosyoCd=4571900317-00&ServiceCd=110&Type=search", "url2": "http://www.genki0203.com/" }, "geometry": { "type": "Point", "coordinates": [ 131.342989799999941, 31.9429089 ] } },
{ "type": "Feature", "properties": { "内容": "裕生園訪問介護ステーション【訪問介護】宮崎県宮崎市高岡町内山2407番地3", "url": "https://www.kaigokensaku.mhlw.go.jp/45/index.php?action_kouhyou_detail_004_kani=true&JigyosyoCd=4571900374-00&ServiceCd=110&Type=search", "url2": "http://www.sin-ai-kai.jp" }, "geometry": { "type": "Point", "coordinates": [ 131.295317415344272, 31.968521949423209 ] } },
{ "type": "Feature", "properties": { "内容": "いでの郷　訪問介護事業部【訪問介護】宮崎県宮崎市船引857番地", "url": "https://www.kaigokensaku.mhlw.go.jp/45/index.php?action_kouhyou_detail_004_kani=true&JigyosyoCd=4571500620-00&ServiceCd=110&Type=search", "url2": "http:" }, "geometry": { "type": "Point", "coordinates": [ 131.3847002, 31.8561448 ] } },
{ "type": "Feature", "properties": { "内容": "すこやか介護サービス【訪問介護】宮崎県宮崎市宮崎駅東1丁目1番地7", "url": "https://www.kaigokensaku.mhlw.go.jp/45/index.php?action_kouhyou_detail_004_kani=true&JigyosyoCd=4570103921-00&ServiceCd=110&Type=search", "url2": "http:" }, "geometry": { "type": "Point", "coordinates": [ 131.432939799999986, 31.9150508 ] } },
{ "type": "Feature", "properties": { "内容": "ヘルパーステーションすまいる【訪問介護】宮崎県宮崎市京塚町１０５番地コスモ京塚１階", "url": "https://www.kaigokensaku.mhlw.go.jp/45/index.php?action_kouhyou_detail_004_kani=true&JigyosyoCd=4570104473-00&ServiceCd=110&Type=search", "url2": null }, "geometry": { "type": "Point", "coordinates": [ 131.413350197778982, 31.896791277135247 ] } },
{ "type": "Feature", "properties": { "内容": "社会福祉法人まほろば福祉会ほっとすてーしょん翼訪問介護事業所【訪問介護】宮崎県宮崎市大字跡江528番地ハ号", "url": "https://www.kaigokensaku.mhlw.go.jp/45/index.php?action_kouhyou_detail_004_kani=true&JigyosyoCd=4570105231-00&ServiceCd=110&Type=search", "url2": "https://mahoweb.com/" }, "geometry": { "type": "Point", "coordinates": [ 131.386842335581946, 31.952275945828017 ] } },
{ "type": "Feature", "properties": { "内容": "訪問介護はまゆう赤江【訪問介護】宮崎県宮崎市大字赤江1406-2", "url": "https://www.kaigokensaku.mhlw.go.jp/45/index.php?action_kouhyou_detail_004_kani=true&JigyosyoCd=4570107914-00&ServiceCd=110&Type=search", "url2": "http://www.hamayuu.com/" }, "geometry": { "type": "Point", "coordinates": [ 131.449763, 31.8846537 ] } },
{ "type": "Feature", "properties": { "内容": "ポトス介護ステーション【訪問介護】大字恒久４４７７−３ベルヴィーユ恒久２階別棟", "url": "https://www.kaigokensaku.mhlw.go.jp/45/index.php?action_kouhyou_detail_004_kani=true&JigyosyoCd=4570109639-00&ServiceCd=110&Type=search", "url2": null }, "geometry": { "type": "Point", "coordinates": [ 131.4233597, 31.8893561 ] } },
{ "type": "Feature", "properties": { "内容": "この気なんの気大島センター【訪問介護】宮崎県宮崎市大島町北ノ原1017番地この気なんの気大島センター", "url": "https://www.kaigokensaku.mhlw.go.jp/45/index.php?action_kouhyou_detail_004_kani=true&JigyosyoCd=4570109662-00&ServiceCd=110&Type=search", "url2": null }, "geometry": { "type": "Point", "coordinates": [ 131.443782043567182, 31.935289056280141 ] } },
{ "type": "Feature", "properties": { "内容": "ヘルパーセンターささえ【訪問介護】宮崎県宮崎市青島1丁目10-27", "url": "https://www.kaigokensaku.mhlw.go.jp/45/index.php?action_kouhyou_detail_004_kani=true&JigyosyoCd=4570110371-00&ServiceCd=110&Type=search", "url2": null }, "geometry": { "type": "Point", "coordinates": [ 131.464198, 31.8030628 ] } },
{ "type": "Feature", "properties": { "内容": "訪問介護ステーション　ふわふわ【訪問介護】宮崎県宮崎市本郷北方４４８６番地４４ピュアドリームⅢ　１０２", "url": "https://www.kaigokensaku.mhlw.go.jp/45/index.php?action_kouhyou_detail_004_kani=true&JigyosyoCd=4570107948-00&ServiceCd=110&Type=search", "url2": "http://www.fuwa-home.com/" }, "geometry": { "type": "Point", "coordinates": [ 131.42805813815815, 31.869640817369078 ] } },
{ "type": "Feature", "properties": { "内容": "星空の都訪問介護センターさどわら【訪問介護】宮崎県宮崎市佐土原町下那珂3165番地1", "url": "https://www.kaigokensaku.mhlw.go.jp/45/index.php?action_kouhyou_detail_004_kani=true&JigyosyoCd=4571500067-00&ServiceCd=110&Type=search", "url2": "sadowara.info@fujimoto.or.jp" }, "geometry": { "type": "Point", "coordinates": [ 131.466331399999945, 32.0018854 ] } },
{ "type": "Feature", "properties": { "内容": "社会福祉法人明照福祉会明照ヘルパーステーション【訪問介護】宮崎県宮崎市佐土原町下田島４５６８", "url": "https://www.kaigokensaku.mhlw.go.jp/45/index.php?action_kouhyou_detail_004_kani=true&JigyosyoCd=4571500117-00&ServiceCd=110&Type=search", "url2": "http://www.meisyo-wa.jp/index.html" }, "geometry": { "type": "Point", "coordinates": [ 131.4419944, 32.0491494 ] } },
{ "type": "Feature", "properties": { "内容": "訪問介護ステーションＳｏｉｎ【訪問介護】宮崎県宮崎市中西町４２番地ステラコート　2A", "url": "https://www.kaigokensaku.mhlw.go.jp/45/index.php?action_kouhyou_detail_004_kani=true&JigyosyoCd=4570105413-00&ServiceCd=110&Type=search", "url2": null }, "geometry": { "type": "Point", "coordinates": [ 131.441983700000037, 31.9051076 ] } },
{ "type": "Feature", "properties": { "内容": "訪問介護事業所　わかば【訪問介護】宮崎県宮崎市本郷北方4486-90101コーポ本郷102号", "url": "https://www.kaigokensaku.mhlw.go.jp/45/index.php?action_kouhyou_detail_004_kani=true&JigyosyoCd=4570105371-00&ServiceCd=110&Type=search", "url2": "https://wakaba2601.com/" }, "geometry": { "type": "Point", "coordinates": [ 131.428605014294476, 31.87282196583249 ] } },
{ "type": "Feature", "properties": { "内容": "ビハーラ橘ヘルパー派遣センター【訪問介護】宮崎県宮崎市橘通東1丁目１０番１号", "url": "https://www.kaigokensaku.mhlw.go.jp/45/index.php?action_kouhyou_detail_004_kani=true&JigyosyoCd=4570103616-00&ServiceCd=110&Type=search", "url2": "http://www.tachibana-korin.com/helper/" }, "geometry": { "type": "Point", "coordinates": [ 131.423576899999944, 31.9088486 ] } },
{ "type": "Feature", "properties": { "内容": "有限会社ケアセンター高野【訪問介護】宮崎県宮崎市大橋２丁目２６番地", "url": "https://www.kaigokensaku.mhlw.go.jp/45/index.php?action_kouhyou_detail_004_kani=true&JigyosyoCd=4570101107-00&ServiceCd=110&Type=search", "url2": "http://www.care-takano.com" }, "geometry": { "type": "Point", "coordinates": [ 131.4109138, 31.9192746 ] } },
{ "type": "Feature", "properties": { "内容": "訪問介護ステーション　サンシティ【訪問介護】宮崎県宮崎市大塚町水流5124-1住宅型有料老人ホーム　風のガーデン", "url": "https://www.kaigokensaku.mhlw.go.jp/45/index.php?action_kouhyou_detail_004_kani=true&JigyosyoCd=4570105801-00&ServiceCd=110&Type=search", "url2": null }, "geometry": { "type": "Point", "coordinates": [ 131.401277887696779, 31.913097820677873 ] } },
{ "type": "Feature", "properties": { "内容": "ふれあい福祉サービス【訪問介護】宮崎県宮崎市小松１０３０－１", "url": "https://www.kaigokensaku.mhlw.go.jp/45/index.php?action_kouhyou_detail_004_kani=true&JigyosyoCd=4571900390-00&ServiceCd=110&Type=search", "url2": "https://fureai-fukushi.co.jp/" }, "geometry": { "type": "Point", "coordinates": [ 131.403600599999976, 31.937709 ] } },
{ "type": "Feature", "properties": { "内容": "ケアステーション　ほととぎす【訪問介護】宮崎市熊野９９１０番地４", "url": "https://www.kaigokensaku.mhlw.go.jp/45/index.php?action_kouhyou_detail_004_kani=true&JigyosyoCd=4570106247-00&ServiceCd=110&Type=search", "url2": "http://hototogisu-care.com/" }, "geometry": { "type": "Point", "coordinates": [ 131.4343986, 31.8329157 ] } },
{ "type": "Feature", "properties": { "内容": "指定訪問介護事業所　ふくちゃん【訪問介護】太田３丁目８番３１号", "url": "https://www.kaigokensaku.mhlw.go.jp/45/index.php?action_kouhyou_detail_004_kani=true&JigyosyoCd=4570107138-00&ServiceCd=110&Type=search", "url2": null }, "geometry": { "type": "Point", "coordinates": [ 131.421858, 31.8993773 ] } },
{ "type": "Feature", "properties": { "内容": "訪問介護　暖家【訪問介護】清武町船引146番地", "url": "https://www.kaigokensaku.mhlw.go.jp/45/index.php?action_kouhyou_detail_004_kani=true&JigyosyoCd=4570109704-00&ServiceCd=110&Type=search", "url2": null }, "geometry": { "type": "Point", "coordinates": [ 131.388312476057422, 31.854893988338368 ] } },
{ "type": "Feature", "properties": { "内容": "訪問介護事業所　スマイリー【訪問介護】宮崎県宮崎市田野町乙９４２１番地", "url": "https://www.kaigokensaku.mhlw.go.jp/45/index.php?action_kouhyou_detail_004_kani=true&JigyosyoCd=4570107203-00&ServiceCd=110&Type=search", "url2": null }, "geometry": { "type": "Point", "coordinates": [ 131.3008327, 31.8399068 ] } },
{ "type": "Feature", "properties": { "内容": "ケアセンターさくら【訪問介護】宮崎県宮崎市大字本郷北方字柳篭2708番地ケアタウン飛鳥内", "url": "https://www.kaigokensaku.mhlw.go.jp/45/index.php?action_kouhyou_detail_004_kani=true&JigyosyoCd=4571500422-00&ServiceCd=110&Type=search", "url2": "http://www.hijiri.biz/" }, "geometry": { "type": "Point", "coordinates": [ 131.411926699999981, 31.874692799999988 ] } },
{ "type": "Feature", "properties": { "内容": "訪問介護ステーションうみがめ【訪問介護】宮崎県宮崎市大字島之内6951番地", "url": "https://www.kaigokensaku.mhlw.go.jp/45/index.php?action_kouhyou_detail_004_kani=true&JigyosyoCd=4570110348-00&ServiceCd=110&Type=search", "url2": "https://umigame-nursinghome.com/" }, "geometry": { "type": "Point", "coordinates": [ 131.4480795, 31.986352 ] } },
{ "type": "Feature", "properties": { "内容": "医療法人社団　誠友会　訪問介護事業所　なんぶ【訪問介護】宮崎県宮崎市大字本郷北方字津和田3373-1住宅型有料老人ホーム　なんぶの杜", "url": "https://www.kaigokensaku.mhlw.go.jp/45/index.php?action_kouhyou_detail_004_kani=true&JigyosyoCd=4570108227-00&ServiceCd=110&Type=search", "url2": "http://nanbunomori.com/" }, "geometry": { "type": "Point", "coordinates": [ 131.426342070026067, 31.872610930662866 ] } },
{ "type": "Feature", "properties": { "内容": "訪問介護ステーションたちばな【訪問介護】宮崎市霧島2丁目87-3横山アパート203号室", "url": "https://www.kaigokensaku.mhlw.go.jp/45/index.php?action_kouhyou_detail_004_kani=true&JigyosyoCd=4570110090-00&ServiceCd=110&Type=search", "url2": "http://tachibana-miyazaki.com" }, "geometry": { "type": "Point", "coordinates": [ 131.417732599999965, 31.9117092 ] } },
{ "type": "Feature", "properties": { "内容": "訪問介護うみさち【訪問介護】宮崎県宮崎市青島４－５－２７", "url": "https://www.kaigokensaku.mhlw.go.jp/45/index.php?action_kouhyou_detail_004_kani=true&JigyosyoCd=4570108524-00&ServiceCd=110&Type=search", "url2": null }, "geometry": { "type": "Point", "coordinates": [ 131.4684125, 31.7964872 ] } },
{ "type": "Feature", "properties": { "内容": "訪問介護ステーション　まごの手【訪問介護】宮崎県宮崎市高岡町浦之名４３１５－６", "url": "https://www.kaigokensaku.mhlw.go.jp/45/index.php?action_kouhyou_detail_004_kani=true&JigyosyoCd=4570105363-00&ServiceCd=110&Type=search", "url2": null }, "geometry": { "type": "Point", "coordinates": [ 131.269886, 31.9508588 ] } },
{ "type": "Feature", "properties": { "内容": "訪問介護　田園【訪問介護】宮崎市小松1052番地", "url": "https://www.kaigokensaku.mhlw.go.jp/45/index.php?action_kouhyou_detail_004_kani=true&JigyosyoCd=4570108144-00&ServiceCd=110&Type=search", "url2": null }, "geometry": { "type": "Point", "coordinates": [ 131.403522400000014, 31.937227 ] } },
{ "type": "Feature", "properties": { "内容": "訪問介護事業所らくけあ【訪問介護】宮崎県宮崎市元宮町６番７号陽光マンション　１階", "url": "https://www.kaigokensaku.mhlw.go.jp/45/index.php?action_kouhyou_detail_004_kani=true&JigyosyoCd=4570109332-00&ServiceCd=110&Type=search", "url2": null }, "geometry": { "type": "Point", "coordinates": [ 131.4161407, 31.9134036 ] } },
{ "type": "Feature", "properties": { "内容": "訪問介護ルクリア【訪問介護】宮崎県宮崎市清武町池田台5－3", "url": "https://www.kaigokensaku.mhlw.go.jp/45/index.php?action_kouhyou_detail_004_kani=true&JigyosyoCd=4570105439-00&ServiceCd=110&Type=search", "url2": null }, "geometry": { "type": "Point", "coordinates": [ 131.390980727549731, 31.874482498037494 ] } },
{ "type": "Feature", "properties": { "内容": "医心館訪問介護ステーション宮崎【訪問介護】高千穂通一丁目８番14号", "url": "https://www.kaigokensaku.mhlw.go.jp/45/index.php?action_kouhyou_detail_004_kani=true&JigyosyoCd=4570110397-00&ServiceCd=110&Type=search", "url2": null }, "geometry": { "type": "Point", "coordinates": [ 131.4275245, 31.9178839 ] } },
{ "type": "Feature", "properties": { "内容": "訪問介護ステーション　敬寿【訪問介護】宮崎市本郷南方字西迫５４６５－６", "url": "https://www.kaigokensaku.mhlw.go.jp/45/index.php?action_kouhyou_detail_004_kani=true&JigyosyoCd=4570106122-00&ServiceCd=110&Type=search", "url2": null }, "geometry": { "type": "Point", "coordinates": [ 131.425122054729627, 31.863355390695816 ] } },
{ "type": "Feature", "properties": { "内容": "宮崎訪問介護サービス【訪問介護】恒久5丁目2-11　2F", "url": "https://www.kaigokensaku.mhlw.go.jp/45/index.php?action_kouhyou_detail_004_kani=true&JigyosyoCd=4570108805-00&ServiceCd=110&Type=search", "url2": null }, "geometry": { "type": "Point", "coordinates": [ 131.436847035190766, 31.893524615975803 ] } },
{ "type": "Feature", "properties": { "内容": "訪問介護ステーション　Viola【訪問介護】宮崎県宮崎市丸山２丁目３１番地", "url": "https://www.kaigokensaku.mhlw.go.jp/45/index.php?action_kouhyou_detail_004_kani=true&JigyosyoCd=4570110140-00&ServiceCd=110&Type=search", "url2": "https://www.medicalcare-viola.jp/" }, "geometry": { "type": "Point", "coordinates": [ 131.4221052, 31.9277684 ] } },
{ "type": "Feature", "properties": { "内容": "訪問介護　愛あい荘【訪問介護】宮崎市佐土原町上田島4049番地2", "url": "https://www.kaigokensaku.mhlw.go.jp/45/index.php?action_kouhyou_detail_004_kani=true&JigyosyoCd=4570106114-00&ServiceCd=110&Type=search", "url2": null }, "geometry": { "type": "Point", "coordinates": [ 131.421052144180294, 32.054309897738356 ] } },
{ "type": "Feature", "properties": { "内容": "ヘルパーステーションルミナス江田原【訪問介護】宮崎県宮崎市吉村町江田原甲１７７番地1", "url": "https://www.kaigokensaku.mhlw.go.jp/45/index.php?action_kouhyou_detail_004_kani=true&JigyosyoCd=4570107740-00&ServiceCd=110&Type=search", "url2": null }, "geometry": { "type": "Point", "coordinates": [ 131.441327900000033, 31.9231749 ] } },
{ "type": "Feature", "properties": { "内容": "訪問介護　こさい【訪問介護】宮崎県宮崎市大字島之内7063番地住吉コーポ　1‐Ａ", "url": "https://www.kaigokensaku.mhlw.go.jp/45/index.php?action_kouhyou_detail_004_kani=true&JigyosyoCd=4570108003-00&ServiceCd=110&Type=search", "url2": null }, "geometry": { "type": "Point", "coordinates": [ 131.450670970022543, 31.986934885545566 ] } },
{ "type": "Feature", "properties": { "内容": "こころケアセンター宮崎訪問介護サービス【訪問介護】恒久5丁目2-11　3F", "url": "https://www.kaigokensaku.mhlw.go.jp/45/index.php?action_kouhyou_detail_004_kani=true&JigyosyoCd=4570108276-00&ServiceCd=110&Type=search", "url2": null }, "geometry": { "type": "Point", "coordinates": [ 131.436854748368546, 31.893478975519439 ] } },
{ "type": "Feature", "properties": { "内容": "アネスト訪問介護サービス【訪問介護】宮崎県宮崎市松橋1丁目2-2クスト高松202", "url": "https://www.kaigokensaku.mhlw.go.jp/45/index.php?action_kouhyou_detail_004_kani=true&JigyosyoCd=4570109597-00&ServiceCd=110&Type=search", "url2": null }, "geometry": { "type": "Point", "coordinates": [ 131.4197407, 31.9094547 ] } },
{ "type": "Feature", "properties": { "内容": "はまゆうケアセンター【訪問介護】宮崎県宮崎市大橋2丁目17番地", "url": "https://www.kaigokensaku.mhlw.go.jp/45/index.php?action_kouhyou_detail_004_kani=true&JigyosyoCd=4570108508-00&ServiceCd=110&Type=search", "url2": null }, "geometry": { "type": "Point", "coordinates": [ 131.412370672016181, 31.919296335896004 ] } },
{ "type": "Feature", "properties": { "内容": "ヘルパーステーションハンナ【訪問介護】宮崎県宮崎市佐土原町上田島4990番地3", "url": "https://www.kaigokensaku.mhlw.go.jp/45/index.php?action_kouhyou_detail_004_kani=true&JigyosyoCd=4570109019-00&ServiceCd=110&Type=search", "url2": "http：//carehome-sion.com" }, "geometry": { "type": "Point", "coordinates": [ 131.419460174570531, 32.056944328933341 ] } },
{ "type": "Feature", "properties": { "内容": "企業組合介護福祉サービスひばり【訪問介護】宮崎県宮崎市高岡町花見５５３３番地１介護福祉サービスひばり", "url": "https://www.kaigokensaku.mhlw.go.jp/45/index.php?action_kouhyou_detail_004_kani=true&JigyosyoCd=4570103475-00&ServiceCd=110&Type=search", "url2": "https://hibari-service.com/" }, "geometry": { "type": "Point", "coordinates": [ 131.350259341323635, 31.9504030118202 ] } },
{ "type": "Feature", "properties": { "内容": "訪問介護事業所ゆたか【訪問介護】宮崎県宮崎市高岡町花見1943-5", "url": "https://www.kaigokensaku.mhlw.go.jp/45/index.php?action_kouhyou_detail_004_kani=true&JigyosyoCd=4571900523-00&ServiceCd=110&Type=search", "url2": "https://www.yutakasumirekai.com/" }, "geometry": { "type": "Point", "coordinates": [ 131.325058971584923, 31.937730756805585 ] } },
{ "type": "Feature", "properties": { "内容": "ヘルパーステーションチョコ【訪問介護】宮崎県宮崎市清武町加納乙78-3ルグラン加納801号", "url": "https://www.kaigokensaku.mhlw.go.jp/45/index.php?action_kouhyou_detail_004_kani=true&JigyosyoCd=4570110181-00&ServiceCd=110&Type=search", "url2": "https://sites.google.com/view/miyazakihomonkaigochoko/" }, "geometry": { "type": "Point", "coordinates": [ 131.408910967732368, 31.878459799043213 ] } },
{ "type": "Feature", "properties": { "内容": "はぴねすサポート【訪問介護】宮崎県都城市鷹尾５丁目6-5-10", "url": "https://www.kaigokensaku.mhlw.go.jp/45/index.php?action_kouhyou_detail_004_kani=true&JigyosyoCd=4570204653-00&ServiceCd=110&Type=search", "url2": null }, "geometry": { "type": "Point", "coordinates": [ 131.0376287, 31.7272125 ] } },
{ "type": "Feature", "properties": { "内容": "ヘルパーステーション　つきひ【訪問介護】都城市梅北町11829番地", "url": "https://www.kaigokensaku.mhlw.go.jp/45/index.php?action_kouhyou_detail_004_kani=true&JigyosyoCd=4570203127-00&ServiceCd=110&Type=search", "url2": null }, "geometry": { "type": "Point", "coordinates": [ 131.058933, 31.6737785 ] } },
{ "type": "Feature", "properties": { "内容": "高城園ホームヘルプサービス【訪問介護】宮崎県都城市高城町穂満坊3416番地", "url": "https://www.kaigokensaku.mhlw.go.jp/45/index.php?action_kouhyou_detail_004_kani=true&JigyosyoCd=4571700204-00&ServiceCd=110&Type=search", "url2": "https://www.takajyouen.jp/" }, "geometry": { "type": "Point", "coordinates": [ 131.127208399999972, 31.8192249 ] } },
{ "type": "Feature", "properties": { "内容": "訪問介護　アキノ【訪問介護】宮崎県都城市平塚町４１４２番地１", "url": "https://www.kaigokensaku.mhlw.go.jp/45/index.php?action_kouhyou_detail_004_kani=true&JigyosyoCd=4570202400-00&ServiceCd=110&Type=search", "url2": null }, "geometry": { "type": "Point", "coordinates": [ 131.018640499999947, 31.7068382 ] } },
{ "type": "Feature", "properties": { "内容": "高崎苑ヘルパーセンター【訪問介護】宮崎県都城市高崎町縄瀬１６２２番地１７", "url": "https://www.kaigokensaku.mhlw.go.jp/45/index.php?action_kouhyou_detail_004_kani=true&JigyosyoCd=4571700071-00&ServiceCd=110&Type=search", "url2": null }, "geometry": { "type": "Point", "coordinates": [ 131.086329400000068, 31.8526842 ] } },
{ "type": "Feature", "properties": { "内容": "訪問介護エンジェル【訪問介護】宮崎県都城市南鷹尾町20-24　南鷹尾店舗ビル１階", "url": "https://www.kaigokensaku.mhlw.go.jp/45/index.php?action_kouhyou_detail_004_kani=true&JigyosyoCd=4570203119-00&ServiceCd=110&Type=search", "url2": null }, "geometry": { "type": "Point", "coordinates": [ 131.038814196269584, 31.717791994735965 ] } },
{ "type": "Feature", "properties": { "内容": "指定訪問介護事業所あさひ【訪問介護】宮崎県都城市志比田町4717番地1", "url": "https://www.kaigokensaku.mhlw.go.jp/45/index.php?action_kouhyou_detail_004_kani=true&JigyosyoCd=4570203010-00&ServiceCd=110&Type=search", "url2": "http://asahi.pinoko.jp/index.html" }, "geometry": { "type": "Point", "coordinates": [ 131.049988699999972, 31.7348886 ] } },
{ "type": "Feature", "properties": { "内容": "訪問介護ステーションまりも【訪問介護】宮崎県都城市蓑原町2337番地19", "url": "https://www.kaigokensaku.mhlw.go.jp/45/index.php?action_kouhyou_detail_004_kani=true&JigyosyoCd=4570202673-00&ServiceCd=110&Type=search", "url2": null }, "geometry": { "type": "Point", "coordinates": [ 131.0320672, 31.7309369 ] } },
{ "type": "Feature", "properties": { "内容": "ライフサポートあいのて【訪問介護】高城町桜木1451-8", "url": "https://www.kaigokensaku.mhlw.go.jp/45/index.php?action_kouhyou_detail_004_kani=true&JigyosyoCd=4570204943-00&ServiceCd=110&Type=search", "url2": null }, "geometry": { "type": "Point", "coordinates": [ 131.121018160713163, 31.790494465828768 ] } },
{ "type": "Feature", "properties": { "内容": "ケアルーム　おとなり【訪問介護】宮崎県都城市高城町桜木386番地9", "url": "https://www.kaigokensaku.mhlw.go.jp/45/index.php?action_kouhyou_detail_004_kani=true&JigyosyoCd=4570204596-00&ServiceCd=110&Type=search", "url2": null }, "geometry": { "type": "Point", "coordinates": [ 131.1225197, 31.7820455 ] } },
{ "type": "Feature", "properties": { "内容": "スマイルライフ早水の杜訪問介護事業所【訪問介護】宮崎県都城市早水町4503番95スマイルライフ早水の杜", "url": "https://www.kaigokensaku.mhlw.go.jp/45/index.php?action_kouhyou_detail_004_kani=true&JigyosyoCd=4570201923-00&ServiceCd=110&Type=search", "url2": "https://hayamizu.0986green.com/" }, "geometry": { "type": "Point", "coordinates": [ 131.09226620000004, 31.7380034 ] } },
{ "type": "Feature", "properties": { "内容": "訪問介護事業所　ゆいまーる【訪問介護】宮崎県都城市志比田町４９８８番地１０", "url": "https://www.kaigokensaku.mhlw.go.jp/45/index.php?action_kouhyou_detail_004_kani=true&JigyosyoCd=4570203697-00&ServiceCd=110&Type=search", "url2": "https://yuimahru-fun.com" }, "geometry": { "type": "Point", "coordinates": [ 131.053176042167706, 31.735214097498112 ] } },
{ "type": "Feature", "properties": { "内容": "訪問介護　空と風【訪問介護】宮崎県都城市金田町1960番地1グランディールリロ２０１", "url": "https://www.kaigokensaku.mhlw.go.jp/45/index.php?action_kouhyou_detail_004_kani=true&JigyosyoCd=4570204745-00&ServiceCd=110&Type=search", "url2": null }, "geometry": { "type": "Point", "coordinates": [ 131.0795401, 31.7675291 ] } },
{ "type": "Feature", "properties": { "内容": "ホームヘルプふるる【訪問介護】宮崎県都城市安久町5596番地3", "url": "https://www.kaigokensaku.mhlw.go.jp/45/index.php?action_kouhyou_detail_004_kani=true&JigyosyoCd=4570200958-00&ServiceCd=110&Type=search", "url2": null }, "geometry": { "type": "Point", "coordinates": [ 131.079418135512583, 31.688469910946729 ] } },
{ "type": "Feature", "properties": { "内容": "訪問介護ステーション　千寿【訪問介護】宮崎県都城市梅北町9438番地1", "url": "https://www.kaigokensaku.mhlw.go.jp/45/index.php?action_kouhyou_detail_004_kani=true&JigyosyoCd=4570204182-00&ServiceCd=110&Type=search", "url2": null }, "geometry": { "type": "Point", "coordinates": [ 131.050458, 31.6622108 ] } },
{ "type": "Feature", "properties": { "内容": "くぼはら　訪問介護ステーション【訪問介護】都城市平塚町３１７２－１", "url": "https://www.kaigokensaku.mhlw.go.jp/45/index.php?action_kouhyou_detail_004_kani=true&JigyosyoCd=4570202962-00&ServiceCd=110&Type=search", "url2": null }, "geometry": { "type": "Point", "coordinates": [ 131.018909600000029, 31.7180591 ] } },
{ "type": "Feature", "properties": { "内容": "ヘルパーステーションてのひら【訪問介護】宮崎県都城市五十町1692-1　イーブンリバーⅢ２号棟", "url": "https://www.kaigokensaku.mhlw.go.jp/45/index.php?action_kouhyou_detail_004_kani=true&JigyosyoCd=4570204372-00&ServiceCd=110&Type=search", "url2": null }, "geometry": { "type": "Point", "coordinates": [ 131.038821475578686, 31.713742659465677 ] } },
{ "type": "Feature", "properties": { "内容": "訪問介護ステーション　めまる【訪問介護】都城市久保原町18街区14号", "url": "https://www.kaigokensaku.mhlw.go.jp/45/index.php?action_kouhyou_detail_004_kani=true&JigyosyoCd=4570204760-00&ServiceCd=110&Type=search", "url2": null }, "geometry": { "type": "Point", "coordinates": [ 131.031368, 31.7202003 ] } },
{ "type": "Feature", "properties": { "内容": "ホームヘルパーステーションさきがけ【訪問介護】宮崎県都城市松元町15街区10号", "url": "https://www.kaigokensaku.mhlw.go.jp/45/index.php?action_kouhyou_detail_004_kani=true&JigyosyoCd=4570200248-00&ServiceCd=110&Type=search", "url2": "http://konnichiwa-center.com" }, "geometry": { "type": "Point", "coordinates": [ 131.062771099999964, 31.7273813 ] } },
{ "type": "Feature", "properties": { "内容": "ホームヘルパーステーションウエルネス【訪問介護】宮崎県都城市上東町27街区16号", "url": "https://www.kaigokensaku.mhlw.go.jp/45/index.php?action_kouhyou_detail_004_kani=true&JigyosyoCd=4570200230-00&ServiceCd=110&Type=search", "url2": null }, "geometry": { "type": "Point", "coordinates": [ 131.074606600000038, 31.7234348 ] } },
{ "type": "Feature", "properties": { "内容": "株式会社トータル・ケアサービス【訪問介護】宮崎県都城市山之口町冨吉　２９０７番地", "url": "https://www.kaigokensaku.mhlw.go.jp/45/index.php?action_kouhyou_detail_004_kani=true&JigyosyoCd=4570200966-00&ServiceCd=110&Type=search", "url2": "http://www.totalcareservice.info/" }, "geometry": { "type": "Point", "coordinates": [ 131.140928199999962, 31.7777096 ] } },
{ "type": "Feature", "properties": { "内容": "心フォニー・山之口訪問介護事業所【訪問介護】宮崎県都城市山之口町花木１４８６番１心フォニー・山之口", "url": "https://www.kaigokensaku.mhlw.go.jp/45/index.php?action_kouhyou_detail_004_kani=true&JigyosyoCd=4570203424-00&ServiceCd=110&Type=search", "url2": "http://www.4heart-kaigo.com/" }, "geometry": { "type": "Point", "coordinates": [ 131.15296725396729, 31.777691266678328 ] } },
{ "type": "Feature", "properties": { "内容": "ライフヘルパーステーション【訪問介護】宮崎県都城市丸谷町653-2", "url": "https://www.kaigokensaku.mhlw.go.jp/45/index.php?action_kouhyou_detail_004_kani=true&JigyosyoCd=4570204901-00&ServiceCd=110&Type=search", "url2": null }, "geometry": { "type": "Point", "coordinates": [ 131.0584759, 31.8056291 ] } },
{ "type": "Feature", "properties": { "内容": "訪問介護事業所みらい【訪問介護】宮崎県都城市上川東四丁目２号８番地", "url": "https://www.kaigokensaku.mhlw.go.jp/45/index.php?action_kouhyou_detail_004_kani=true&JigyosyoCd=4570201717-00&ServiceCd=110&Type=search", "url2": null }, "geometry": { "type": "Point", "coordinates": [ 131.076842413136319, 31.744978125991793 ] } },
{ "type": "Feature", "properties": { "内容": "訪問介護ステーションまりあ【訪問介護】宮崎県都城市志比田町9573番地1", "url": "https://www.kaigokensaku.mhlw.go.jp/45/index.php?action_kouhyou_detail_004_kani=true&JigyosyoCd=4570203390-00&ServiceCd=110&Type=search", "url2": "http://www.maria-f.jp" }, "geometry": { "type": "Point", "coordinates": [ 131.047314741664081, 31.752031703862858 ] } },
{ "type": "Feature", "properties": { "内容": "さくらハウス横市訪問介護事業所【訪問介護】宮崎県都城市南横市町3682", "url": "https://www.kaigokensaku.mhlw.go.jp/45/index.php?action_kouhyou_detail_004_kani=true&JigyosyoCd=4570202657-00&ServiceCd=110&Type=search", "url2": "http://keijuen.net" }, "geometry": { "type": "Point", "coordinates": [ 131.031013887989417, 31.738497697307707 ] } },
{ "type": "Feature", "properties": { "内容": "都城市社会福祉協議会指定訪問介護事業所【訪問介護】宮崎県都城市上水流町１５４０番地都城市志和池福祉センター", "url": "https://www.kaigokensaku.mhlw.go.jp/45/index.php?action_kouhyou_detail_004_kani=true&JigyosyoCd=4570200263-00&ServiceCd=110&Type=search", "url2": "https://www.miyakonojoshakyo.or.jp" }, "geometry": { "type": "Point", "coordinates": [ 131.094250097588457, 31.807544604778087 ] } },
{ "type": "Feature", "properties": { "内容": "ミューズの朝志比田訪問ヘルパーステーション【訪問介護】宮崎県都城市志比田町４５２６－１", "url": "https://www.kaigokensaku.mhlw.go.jp/45/index.php?action_kouhyou_detail_004_kani=true&JigyosyoCd=4570202004-00&ServiceCd=110&Type=search", "url2": "http://hoshakai.com/" }, "geometry": { "type": "Point", "coordinates": [ 131.052091099999984, 31.742924 ] } },
{ "type": "Feature", "properties": { "内容": "ミューズの朝栄町訪問ヘルパーステーション【訪問介護】宮崎県都城市栄町２－２－１", "url": "https://www.kaigokensaku.mhlw.go.jp/45/index.php?action_kouhyou_detail_004_kani=true&JigyosyoCd=4570202202-00&ServiceCd=110&Type=search", "url2": "http://hoshakai.com" }, "geometry": { "type": "Point", "coordinates": [ 131.0781227, 31.7360698 ] } },
{ "type": "Feature", "properties": { "内容": "豊望園ホームヘルパーステーション【訪問介護】宮崎県都城市下長飯町1609番地", "url": "https://www.kaigokensaku.mhlw.go.jp/45/index.php?action_kouhyou_detail_004_kani=true&JigyosyoCd=4570200354-00&ServiceCd=110&Type=search", "url2": "http://www.houei.group.or.jp/" }, "geometry": { "type": "Point", "coordinates": [ 131.0696849063294, 31.700506983799688 ] } },
{ "type": "Feature", "properties": { "内容": "ウエルライフたか尾ヘルパーステーション【訪問介護】宮崎県都城市南鷹尾町11-4", "url": "https://www.kaigokensaku.mhlw.go.jp/45/index.php?action_kouhyou_detail_004_kani=true&JigyosyoCd=4570201139-00&ServiceCd=110&Type=search", "url2": "http://www.mwg.or.jp/" }, "geometry": { "type": "Point", "coordinates": [ 131.043214900000066, 31.719676 ] } },
{ "type": "Feature", "properties": { "内容": "まんまるケアセンター【訪問介護】宮崎県都城市都原町７２７９", "url": "https://www.kaigokensaku.mhlw.go.jp/45/index.php?action_kouhyou_detail_004_kani=true&JigyosyoCd=4570201287-00&ServiceCd=110&Type=search", "url2": "まごころ.jp" }, "geometry": { "type": "Point", "coordinates": [ 131.04331571264197, 31.737147045143903 ] } },
{ "type": "Feature", "properties": { "内容": "訪問介護事業所クローバー【訪問介護】宮崎県都城市関之尾町４２２１番地１", "url": "https://www.kaigokensaku.mhlw.go.jp/45/index.php?action_kouhyou_detail_004_kani=true&JigyosyoCd=4570201303-00&ServiceCd=110&Type=search", "url2": "http://www5.ocn.ne.jp/~yotuba/" }, "geometry": { "type": "Point", "coordinates": [ 131.024352, 31.7637963 ] } },
{ "type": "Feature", "properties": { "内容": "ヘルパーST庄内の杜【訪問介護】宮崎県都城市庄内町8610番地", "url": "https://www.kaigokensaku.mhlw.go.jp/45/index.php?action_kouhyou_detail_004_kani=true&JigyosyoCd=4570204380-00&ServiceCd=110&Type=search", "url2": null }, "geometry": { "type": "Point", "coordinates": [ 131.020729499999987, 31.7695339 ] } },
{ "type": "Feature", "properties": { "内容": "ヘルパーステーションcocoro美【訪問介護】宮崎県都城市上長飯町５８号１３番地", "url": "https://www.kaigokensaku.mhlw.go.jp/45/index.php?action_kouhyou_detail_004_kani=true&JigyosyoCd=4570204869-00&ServiceCd=110&Type=search", "url2": "https://cocoromi-nurse.com/" }, "geometry": { "type": "Point", "coordinates": [ 131.090511591401679, 31.717551810272841 ] } },
{ "type": "Feature", "properties": { "内容": "株式会社　LuanaLino【訪問介護】宮崎県都城市梅北町12439番地", "url": "https://www.kaigokensaku.mhlw.go.jp/45/index.php?action_kouhyou_detail_004_kani=true&JigyosyoCd=4570204919-00&ServiceCd=110&Type=search", "url2": null }, "geometry": { "type": "Point", "coordinates": [ 131.0598542, 31.6822087 ] } },
{ "type": "Feature", "properties": { "内容": "ニチイケアセンター都城【訪問介護】宮崎県都城市北原町５街区１号レジデンスアサヒ１階", "url": "https://www.kaigokensaku.mhlw.go.jp/45/index.php?action_kouhyou_detail_004_kani=true&JigyosyoCd=4570201295-00&ServiceCd=110&Type=search", "url2": "http://www.nichiigakkan.co.jp" }, "geometry": { "type": "Point", "coordinates": [ 131.074205527226695, 31.731625732174297 ] } },
{ "type": "Feature", "properties": { "内容": "高齢者総合福祉施設恵寿苑【訪問介護】宮崎県都城市太郎坊町５６３－１", "url": "https://www.kaigokensaku.mhlw.go.jp/45/index.php?action_kouhyou_detail_004_kani=true&JigyosyoCd=4570200099-00&ServiceCd=110&Type=search", "url2": "http://www.keijuen.net" }, "geometry": { "type": "Point", "coordinates": [ 131.093595199999982, 31.7891627 ] } },
{ "type": "Feature", "properties": { "内容": "アイルホームサポート【訪問介護】宮崎県都城市野々美谷町　２２０６－３", "url": "https://www.kaigokensaku.mhlw.go.jp/45/index.php?action_kouhyou_detail_004_kani=true&JigyosyoCd=4570202855-00&ServiceCd=110&Type=search", "url2": "https://iwill0213azuregr.wixsite.com/willbe" }, "geometry": { "type": "Point", "coordinates": [ 131.062449900000047, 31.7944391 ] } },
{ "type": "Feature", "properties": { "内容": "ヘルパーステーション　優癒【訪問介護】都城市山之口町花木2183番地2", "url": "https://www.kaigokensaku.mhlw.go.jp/45/index.php?action_kouhyou_detail_004_kani=true&JigyosyoCd=4570202350-00&ServiceCd=110&Type=search", "url2": "https://thoughtful-yuyu.com/" }, "geometry": { "type": "Point", "coordinates": [ 131.152455100511162, 31.784027382967409 ] } },
{ "type": "Feature", "properties": { "内容": "ヘルパーステーション　つわぶき【訪問介護】宮崎県都城市鷹尾３丁目１９街区２", "url": "https://www.kaigokensaku.mhlw.go.jp/45/index.php?action_kouhyou_detail_004_kani=true&JigyosyoCd=4570202715-00&ServiceCd=110&Type=search", "url2": null }, "geometry": { "type": "Point", "coordinates": [ 131.044903252311883, 31.724281498662439 ] } },
{ "type": "Feature", "properties": { "内容": "訪問介護事業所　侑久之里【訪問介護】都城市平江町26－20第一中村アパート102号", "url": "https://www.kaigokensaku.mhlw.go.jp/45/index.php?action_kouhyou_detail_004_kani=true&JigyosyoCd=4570202772-00&ServiceCd=110&Type=search", "url2": null }, "geometry": { "type": "Point", "coordinates": [ 131.068109706745872, 31.737169337723568 ] } },
{ "type": "Feature", "properties": { "内容": "フォーラム介護支援センター【訪問介護】宮崎県都城市一万城町49号4-6", "url": "https://www.kaigokensaku.mhlw.go.jp/45/index.php?action_kouhyou_detail_004_kani=true&JigyosyoCd=4570204315-00&ServiceCd=110&Type=search", "url2": null }, "geometry": { "type": "Point", "coordinates": [ 131.094527186399802, 31.724710491179454 ] } },
{ "type": "Feature", "properties": { "内容": "霧島介護サービスステーション【訪問介護】宮崎県都城市立野町3655-2シルバータウンたての2号棟", "url": "https://www.kaigokensaku.mhlw.go.jp/45/index.php?action_kouhyou_detail_004_kani=true&JigyosyoCd=4570204448-00&ServiceCd=110&Type=search", "url2": "http://www.fukushitateno.jp/" }, "geometry": { "type": "Point", "coordinates": [ 131.1034435, 31.7286641 ] } },
{ "type": "Feature", "properties": { "内容": "すまいる１ホームヘルパーステーション【訪問介護】妻ヶ丘町40街区3号", "url": "https://www.kaigokensaku.mhlw.go.jp/45/index.php?action_kouhyou_detail_004_kani=true&JigyosyoCd=4570203655-00&ServiceCd=110&Type=search", "url2": null }, "geometry": { "type": "Point", "coordinates": [ 131.078166962417527, 31.727929826575132 ] } },
{ "type": "Feature", "properties": { "内容": "訪問介護事業所　手と手【訪問介護】宮崎県都城市神之山町１９２７番地５", "url": "https://www.kaigokensaku.mhlw.go.jp/45/index.php?action_kouhyou_detail_004_kani=true&JigyosyoCd=4571701079-00&ServiceCd=110&Type=search", "url2": "http://hara-care.com/" }, "geometry": { "type": "Point", "coordinates": [ 131.1131504, 31.762438 ] } },
{ "type": "Feature", "properties": { "内容": "速見泌尿器科医院【訪問介護】宮崎県都城市妻ヶ丘町4009番5号", "url": "https://www.kaigokensaku.mhlw.go.jp/45/index.php?action_kouhyou_detail_004_kani=true&JigyosyoCd=4510212147-00&ServiceCd=110&Type=search", "url2": "http://www.btvm.ne.jp/~hayami-hp/" }, "geometry": { "type": "Point", "coordinates": [ 131.07438036770634, 31.726349663887611 ] } },
{ "type": "Feature", "properties": { "内容": "訪問介護ステーション・シエル【訪問介護】宮崎県都城市平江町７街区２号", "url": "https://www.kaigokensaku.mhlw.go.jp/45/index.php?action_kouhyou_detail_004_kani=true&JigyosyoCd=4570202426-00&ServiceCd=110&Type=search", "url2": null }, "geometry": { "type": "Point", "coordinates": [ 131.067181161376993, 31.733960362435017 ] } },
{ "type": "Feature", "properties": { "内容": "訪問介護事業所　　つくし【訪問介護】宮崎県都城市姫城町40-8", "url": "https://www.kaigokensaku.mhlw.go.jp/45/index.php?action_kouhyou_detail_004_kani=true&JigyosyoCd=4570203101-00&ServiceCd=110&Type=search", "url2": null }, "geometry": { "type": "Point", "coordinates": [ 131.065496625078026, 31.712566413681063 ] } },
{ "type": "Feature", "properties": { "内容": "訪問介護　有縁千里【訪問介護】宮崎県都城市高城町桜木1426番地4", "url": "https://www.kaigokensaku.mhlw.go.jp/45/index.php?action_kouhyou_detail_004_kani=true&JigyosyoCd=4570205064-00&ServiceCd=110&Type=search", "url2": "https://sites.google.com/view/yuensenri" }, "geometry": { "type": "Point", "coordinates": [ 131.1214933, 31.7915061 ] } },
{ "type": "Feature", "properties": { "内容": "訪問介護ステーションほっこりはうす都城【訪問介護】宮崎県都城市太郎坊町1979-4学校前コーポ101号", "url": "https://www.kaigokensaku.mhlw.go.jp/45/index.php?action_kouhyou_detail_004_kani=true&JigyosyoCd=4570205072-00&ServiceCd=110&Type=search", "url2": "info@hokkorihouse.com" }, "geometry": { "type": "Point", "coordinates": [ 131.0918065, 31.777275499999984 ] } },
{ "type": "Feature", "properties": { "内容": "訪問介護　フルール【訪問介護】宮崎県都城市都北町920-39", "url": "https://www.kaigokensaku.mhlw.go.jp/45/index.php?action_kouhyou_detail_004_kani=true&JigyosyoCd=4570204059-00&ServiceCd=110&Type=search", "url2": null }, "geometry": { "type": "Point", "coordinates": [ 131.08849639999994, 31.7591431 ] } },
{ "type": "Feature", "properties": { "内容": "レモン【訪問介護】宮崎県都城市一万城町70-8-1", "url": "https://www.kaigokensaku.mhlw.go.jp/45/index.php?action_kouhyou_detail_004_kani=true&JigyosyoCd=4570204844-00&ServiceCd=110&Type=search", "url2": null }, "geometry": { "type": "Point", "coordinates": [ 131.098821, 31.7239466 ] } },
{ "type": "Feature", "properties": { "内容": "リハケアへるぷ【訪問介護】宮崎県都城市上長飯町38号1番地", "url": "https://www.kaigokensaku.mhlw.go.jp/45/index.php?action_kouhyou_detail_004_kani=true&JigyosyoCd=4570204695-00&ServiceCd=110&Type=search", "url2": "http://rehacare-will.jp" }, "geometry": { "type": "Point", "coordinates": [ 131.087272899999988, 31.7106948 ] } },
{ "type": "Feature", "properties": { "内容": "訪問介護事業所　櫻【訪問介護】宮崎県延岡市下伊形町5972-1", "url": "https://www.kaigokensaku.mhlw.go.jp/45/index.php?action_kouhyou_detail_004_kani=true&JigyosyoCd=4570302952-00&ServiceCd=110&Type=search", "url2": "https://care-line.jp/sakura-igatamachi/" }, "geometry": { "type": "Point", "coordinates": [ 131.673198830688506, 32.526098498901071 ] } },
{ "type": "Feature", "properties": { "内容": "ホームヘルプサービス　桜華【訪問介護】宮崎県延岡市恒富町3丁目5番地6", "url": "https://www.kaigokensaku.mhlw.go.jp/45/index.php?action_kouhyou_detail_004_kani=true&JigyosyoCd=4570302176-00&ServiceCd=110&Type=search", "url2": null }, "geometry": { "type": "Point", "coordinates": [ 131.662602, 32.5688175 ] } },
{ "type": "Feature", "properties": { "内容": "訪問介護事業所「レインボー」【訪問介護】宮崎県延岡市山下町２丁目3998番地115", "url": "https://www.kaigokensaku.mhlw.go.jp/45/index.php?action_kouhyou_detail_004_kani=true&JigyosyoCd=4570301509-00&ServiceCd=110&Type=search", "url2": null }, "geometry": { "type": "Point", "coordinates": [ 131.668019800000025, 32.590177400000016 ] } },
{ "type": "Feature", "properties": { "内容": "アドニス訪問介護サービス【訪問介護】宮崎県延岡市三須町1221番地", "url": "https://www.kaigokensaku.mhlw.go.jp/45/index.php?action_kouhyou_detail_004_kani=true&JigyosyoCd=4570301137-00&ServiceCd=110&Type=search", "url2": "http://www.adonis-kaigo.com/" }, "geometry": { "type": "Point", "coordinates": [ 131.648356400000011, 32.5581459 ] } },
{ "type": "Feature", "properties": { "内容": "あさがおの会訪問介護サービス【訪問介護】宮崎県延岡市古城町２丁目１０－４", "url": "https://www.kaigokensaku.mhlw.go.jp/45/index.php?action_kouhyou_detail_004_kani=true&JigyosyoCd=4570300733-00&ServiceCd=110&Type=search", "url2": null }, "geometry": { "type": "Point", "coordinates": [ 131.659565300000054, 32.5689023 ] } },
{ "type": "Feature", "properties": { "内容": "稲穂の郷【訪問介護】宮崎県延岡市稲葉崎町五丁目691番地1", "url": "https://www.kaigokensaku.mhlw.go.jp/45/index.php?action_kouhyou_detail_004_kani=true&JigyosyoCd=4570301640-00&ServiceCd=110&Type=search", "url2": null }, "geometry": { "type": "Point", "coordinates": [ 131.675737499999968, 32.6145316 ] } },
{ "type": "Feature", "properties": { "内容": "東海ホームヘルプサービスセンター【訪問介護】宮崎県延岡市無鹿町1-2031-5", "url": "https://www.kaigokensaku.mhlw.go.jp/45/index.php?action_kouhyou_detail_004_kani=true&JigyosyoCd=4570300154-00&ServiceCd=110&Type=search", "url2": "http://www.mitubakai.jp/kaedesou/visit-nursing" }, "geometry": { "type": "Point", "coordinates": [ 131.683300899999949, 32.6144374 ] } },
{ "type": "Feature", "properties": { "内容": "訪問介護事業所　すこやか【訪問介護】宮崎県延岡市博労町3番地4", "url": "https://www.kaigokensaku.mhlw.go.jp/45/index.php?action_kouhyou_detail_004_kani=true&JigyosyoCd=4570301764-00&ServiceCd=110&Type=search", "url2": "http://yuryukai.jp" }, "geometry": { "type": "Point", "coordinates": [ 131.6698116, 32.5863222 ] } },
{ "type": "Feature", "properties": { "内容": "訪問介護つなぐ本舗【訪問介護】宮崎県延岡市三須町1143", "url": "https://www.kaigokensaku.mhlw.go.jp/45/index.php?action_kouhyou_detail_004_kani=true&JigyosyoCd=4570303026-00&ServiceCd=110&Type=search", "url2": null }, "geometry": { "type": "Point", "coordinates": [ 131.647526068016248, 32.559340451646037 ] } },
{ "type": "Feature", "properties": { "内容": "訪問介護事業所　櫻【訪問介護】宮崎県延岡市下伊形町5972-1", "url": "https://www.kaigokensaku.mhlw.go.jp/45/index.php?action_kouhyou_detail_004_kani=true&JigyosyoCd=4570303091-00&ServiceCd=110&Type=search", "url2": "https://care-line.jp/sakura-igatamachi/" }, "geometry": { "type": "Point", "coordinates": [ 131.673113, 32.5260397 ] } },
{ "type": "Feature", "properties": { "内容": "訪問介護サービストトロ【訪問介護】土々呂町3丁目759－4コーポマキタ1階西側101", "url": "https://www.kaigokensaku.mhlw.go.jp/45/index.php?action_kouhyou_detail_004_kani=true&JigyosyoCd=4570303067-00&ServiceCd=110&Type=search", "url2": null }, "geometry": { "type": "Point", "coordinates": [ 131.679649469311499, 32.510355786604954 ] } },
{ "type": "Feature", "properties": { "内容": "訪問介護事業所　たたら【訪問介護】宮崎県延岡市古川町365番地", "url": "https://www.kaigokensaku.mhlw.go.jp/45/index.php?action_kouhyou_detail_004_kani=true&JigyosyoCd=4570302564-00&ServiceCd=110&Type=search", "url2": null }, "geometry": { "type": "Point", "coordinates": [ 131.652246, 32.5886408 ] } },
{ "type": "Feature", "properties": { "内容": "ホームヘルプサービス　誠【訪問介護】宮崎県延岡市恒富町3丁目7番地3", "url": "https://www.kaigokensaku.mhlw.go.jp/45/index.php?action_kouhyou_detail_004_kani=true&JigyosyoCd=4570303109-00&ServiceCd=110&Type=search", "url2": null }, "geometry": { "type": "Point", "coordinates": [ 131.6619313, 32.5682119 ] } },
{ "type": "Feature", "properties": { "内容": "ホームヘルプサービス　桜華【訪問介護】宮崎県延岡市恒富町3丁目５番地6", "url": "https://www.kaigokensaku.mhlw.go.jp/45/index.php?action_kouhyou_detail_004_kani=true&JigyosyoCd=4570303125-00&ServiceCd=110&Type=search", "url2": null }, "geometry": { "type": "Point", "coordinates": [ 131.6624816, 32.5683519 ] } },
{ "type": "Feature", "properties": { "内容": "ワンウォーク指定訪問介護事業所【訪問介護】宮崎県延岡市伊形町5216番地13", "url": "https://www.kaigokensaku.mhlw.go.jp/45/index.php?action_kouhyou_detail_004_kani=true&JigyosyoCd=4570303182-00&ServiceCd=110&Type=search", "url2": "https://onewalk-ds.com/" }, "geometry": { "type": "Point", "coordinates": [ 131.6749792, 32.5311093 ] } },
{ "type": "Feature", "properties": { "内容": "訪問介護かぐら【訪問介護】宮崎県延岡市緑ヶ丘2丁目5-5コーポ山本Ⅲ102", "url": "https://www.kaigokensaku.mhlw.go.jp/45/index.php?action_kouhyou_detail_004_kani=true&JigyosyoCd=4570303174-00&ServiceCd=110&Type=search", "url2": null }, "geometry": { "type": "Point", "coordinates": [ 131.6847292, 32.558076 ] } },
{ "type": "Feature", "properties": { "内容": "ヘルパーステーション　アリア【訪問介護】宮崎県延岡市北川町川内名7055番地13", "url": "https://www.kaigokensaku.mhlw.go.jp/45/index.php?action_kouhyou_detail_004_kani=true&JigyosyoCd=4570302416-00&ServiceCd=110&Type=search", "url2": null }, "geometry": { "type": "Point", "coordinates": [ 131.693883300000039, 32.686416600000015 ] } },
{ "type": "Feature", "properties": { "内容": "ホームヘルプサービス　誠【訪問介護】恒富町3丁目7番地3", "url": "https://www.kaigokensaku.mhlw.go.jp/45/index.php?action_kouhyou_detail_004_kani=true&JigyosyoCd=4570302036-00&ServiceCd=110&Type=search", "url2": null }, "geometry": { "type": "Point", "coordinates": [ 131.661952, 32.5685064 ] } },
{ "type": "Feature", "properties": { "内容": "ホームヘルプサービスきずな【訪問介護】宮崎県延岡市北浦町古江2594番地1", "url": "https://www.kaigokensaku.mhlw.go.jp/45/index.php?action_kouhyou_detail_004_kani=true&JigyosyoCd=4572100545-00&ServiceCd=110&Type=search", "url2": null }, "geometry": { "type": "Point", "coordinates": [ 131.813289700000041, 32.7071659 ] } },
{ "type": "Feature", "properties": { "内容": "訪問介護　ひかり【訪問介護】宮崎県桜ヶ丘二丁目506-16", "url": "https://www.kaigokensaku.mhlw.go.jp/45/index.php?action_kouhyou_detail_004_kani=true&JigyosyoCd=4570302895-00&ServiceCd=110&Type=search", "url2": null }, "geometry": { "type": "Point", "coordinates": [ 131.669773699999979, 32.613363400000011 ] } },
{ "type": "Feature", "properties": { "内容": "セントケア延岡【訪問介護】延岡市緑ヶ丘5丁目11-25", "url": "https://www.kaigokensaku.mhlw.go.jp/45/index.php?action_kouhyou_detail_004_kani=true&JigyosyoCd=4570301889-00&ServiceCd=110&Type=search", "url2": null }, "geometry": { "type": "Point", "coordinates": [ 131.681613047013116, 32.547913825796222 ] } },
{ "type": "Feature", "properties": { "内容": "笑む笑む会ホームヘルプサービス【訪問介護】宮崎県延岡市中川原町2丁目4591番地2", "url": "https://www.kaigokensaku.mhlw.go.jp/45/index.php?action_kouhyou_detail_004_kani=true&JigyosyoCd=4570300170-00&ServiceCd=110&Type=search", "url2": null }, "geometry": { "type": "Point", "coordinates": [ 131.67141659999993, 32.5946522 ] } },
{ "type": "Feature", "properties": { "内容": "株式会社サン・ルーム延岡営業所【訪問介護】宮崎県延岡市松山町1221-33", "url": "https://www.kaigokensaku.mhlw.go.jp/45/index.php?action_kouhyou_detail_004_kani=true&JigyosyoCd=4570300675-00&ServiceCd=110&Type=search", "url2": "https://sunroom-kaigo.com" }, "geometry": { "type": "Point", "coordinates": [ 131.636245, 32.5830712 ] } },
{ "type": "Feature", "properties": { "内容": "ニチイケアセンター延岡【訪問介護】宮崎県延岡市古城町４丁目１４０番地", "url": "https://www.kaigokensaku.mhlw.go.jp/45/index.php?action_kouhyou_detail_004_kani=true&JigyosyoCd=4570300402-00&ServiceCd=110&Type=search", "url2": "http://www.nichiigakkan.co.jp" }, "geometry": { "type": "Point", "coordinates": [ 131.656660800000026, 32.5663953 ] } },
{ "type": "Feature", "properties": { "内容": "訪問介護ステーション　しらさぎ【訪問介護】土々呂町６丁目１７７６番地２住宅型有料老人ホーム　コリドールくしつ内", "url": "https://www.kaigokensaku.mhlw.go.jp/45/index.php?action_kouhyou_detail_004_kani=true&JigyosyoCd=4570301608-00&ServiceCd=110&Type=search", "url2": null }, "geometry": { "type": "Point", "coordinates": [ 131.672747699999945, 32.50535720000002 ] } },
{ "type": "Feature", "properties": { "内容": "訪問介護事業所日豊福祉サービス【訪問介護】宮崎県延岡市古川町377番地有料老人ホーム緑の苑ふるかわ", "url": "https://www.kaigokensaku.mhlw.go.jp/45/index.php?action_kouhyou_detail_004_kani=true&JigyosyoCd=4570302648-00&ServiceCd=110&Type=search", "url2": null }, "geometry": { "type": "Point", "coordinates": [ 131.653632, 32.589777 ] } },
{ "type": "Feature", "properties": { "内容": "生協ホームヘルプサービスそれいゆ【訪問介護】宮崎県延岡市浜砂１丁目5-6", "url": "https://www.kaigokensaku.mhlw.go.jp/45/index.php?action_kouhyou_detail_004_kani=true&JigyosyoCd=4570300410-00&ServiceCd=110&Type=search", "url2": "https://www.miyazaki-iryou.coop/" }, "geometry": { "type": "Point", "coordinates": [ 131.680764100000033, 32.5799316 ] } },
{ "type": "Feature", "properties": { "内容": "訪問介護サービスおりーぶ【訪問介護】宮崎県延岡市大貫町4丁目2982番地2", "url": "https://www.kaigokensaku.mhlw.go.jp/45/index.php?action_kouhyou_detail_004_kani=true&JigyosyoCd=4570302937-00&ServiceCd=110&Type=search", "url2": "https://premiumcareolive.amebaownd.com" }, "geometry": { "type": "Point", "coordinates": [ 131.653693699999963, 32.5788904 ] } },
{ "type": "Feature", "properties": { "内容": "ひまわりヘルパー【訪問介護】宮崎県延岡市野地町3丁目3456番地", "url": "https://www.kaigokensaku.mhlw.go.jp/45/index.php?action_kouhyou_detail_004_kani=true&JigyosyoCd=4570302697-00&ServiceCd=110&Type=search", "url2": "https://himawari-nobenisi.com/wp/" }, "geometry": { "type": "Point", "coordinates": [ 131.6471105, 32.5795764 ] } },
{ "type": "Feature", "properties": { "内容": "延岡市社会福祉協議会指定訪問介護事業所【訪問介護】宮崎県延岡市三ツ瀬町１丁目１２番地４", "url": "https://www.kaigokensaku.mhlw.go.jp/45/index.php?action_kouhyou_detail_004_kani=true&JigyosyoCd=4570300188-00&ServiceCd=110&Type=search", "url2": "http://nobesha.net/" }, "geometry": { "type": "Point", "coordinates": [ 131.666012499999965, 32.5748784 ] } },
{ "type": "Feature", "properties": { "内容": "敬寿園ホームヘルプサービスセンター【訪問介護】宮崎県延岡市桜小路３５６番地１１", "url": "https://www.kaigokensaku.mhlw.go.jp/45/index.php?action_kouhyou_detail_004_kani=true&JigyosyoCd=4570300162-00&ServiceCd=110&Type=search", "url2": "http://kousei-kai.jp/" }, "geometry": { "type": "Point", "coordinates": [ 131.663704100000018, 32.5784002 ] } },
{ "type": "Feature", "properties": { "内容": "有限会社はーと介護【訪問介護】宮崎県延岡市古川町57番地1", "url": "https://www.kaigokensaku.mhlw.go.jp/45/index.php?action_kouhyou_detail_004_kani=true&JigyosyoCd=4570300584-00&ServiceCd=110&Type=search", "url2": "http://www.kaigo@heartcare.link" }, "geometry": { "type": "Point", "coordinates": [ 131.643843260188305, 32.586561503392495 ] } },
{ "type": "Feature", "properties": { "内容": "みやはら介護保険企画【訪問介護】宮崎県延岡市浜町5110番地1", "url": "https://www.kaigokensaku.mhlw.go.jp/45/index.php?action_kouhyou_detail_004_kani=true&JigyosyoCd=4570300683-00&ServiceCd=110&Type=search", "url2": "http://miyaharakaigo.co.jp/" }, "geometry": { "type": "Point", "coordinates": [ 131.680023140444547, 32.559769390385341 ] } },
{ "type": "Feature", "properties": { "内容": "むくの木ヘルパーステーション【訪問介護】宮崎県延岡市平原町３丁目１２２２－４", "url": "https://www.kaigokensaku.mhlw.go.jp/45/index.php?action_kouhyou_detail_004_kani=true&JigyosyoCd=4570300741-00&ServiceCd=110&Type=search", "url2": "https://www.midori-naganuma.com/" }, "geometry": { "type": "Point", "coordinates": [ 131.673410500000045, 32.5493147 ] } },
{ "type": "Feature", "properties": { "内容": "平和介護サービス【訪問介護】宮崎県延岡市旭町1丁目5-3", "url": "https://www.kaigokensaku.mhlw.go.jp/45/index.php?action_kouhyou_detail_004_kani=true&JigyosyoCd=4570300014-00&ServiceCd=110&Type=search", "url2": null }, "geometry": { "type": "Point", "coordinates": [ 131.669845600000031, 32.575148 ] } },
{ "type": "Feature", "properties": { "内容": "ホームヘルプサービス「たんぽぽ」【訪問介護】宮崎県延岡市野地町１丁目４０７０－１", "url": "https://www.kaigokensaku.mhlw.go.jp/45/index.php?action_kouhyou_detail_004_kani=true&JigyosyoCd=4570300576-00&ServiceCd=110&Type=search", "url2": "http://www.yu-ryu.co.jp/" }, "geometry": { "type": "Point", "coordinates": [ 131.643532819891988, 32.573856499076648 ] } },
{ "type": "Feature", "properties": { "内容": "訪問介護事業所さくら【訪問介護】宮崎県延岡市北川町長井7548番地1有料老人ホームえのたけ内", "url": "https://www.kaigokensaku.mhlw.go.jp/45/index.php?action_kouhyou_detail_004_kani=true&JigyosyoCd=4570302358-00&ServiceCd=110&Type=search", "url2": "http://shinryuukai.or.jp/" }, "geometry": { "type": "Point", "coordinates": [ 131.687920644583073, 32.642564665118194 ] } },
{ "type": "Feature", "properties": { "内容": "特定非営利活動法人延岡市しょうがい者大輪の会【訪問介護】宮崎県延岡市安賀多町2丁目2番地3", "url": "https://www.kaigokensaku.mhlw.go.jp/45/index.php?action_kouhyou_detail_004_kani=true&JigyosyoCd=4570301335-00&ServiceCd=110&Type=search", "url2": "http://www.tairin.jp/#wrap" }, "geometry": { "type": "Point", "coordinates": [ 131.670015, 32.5762202 ] } },
{ "type": "Feature", "properties": { "内容": "有限会社あい愛ライフ【訪問介護】宮崎県延岡市出北3丁目　11-14", "url": "https://www.kaigokensaku.mhlw.go.jp/45/index.php?action_kouhyou_detail_004_kani=true&JigyosyoCd=4570300592-00&ServiceCd=110&Type=search", "url2": null }, "geometry": { "type": "Point", "coordinates": [ 131.682414399999971, 32.5735988 ] } },
{ "type": "Feature", "properties": { "内容": "訪問介護　マイヘルプ【訪問介護】宮崎県延岡市萩町６２番地", "url": "https://www.kaigokensaku.mhlw.go.jp/45/index.php?action_kouhyou_detail_004_kani=true&JigyosyoCd=4570301715-00&ServiceCd=110&Type=search", "url2": null }, "geometry": { "type": "Point", "coordinates": [ 131.672283399999969, 32.5916025 ] } },
{ "type": "Feature", "properties": { "内容": "ホームヘルプサービスだんだん【訪問介護】宮崎県延岡市稲葉崎町5丁目7421-27", "url": "https://www.kaigokensaku.mhlw.go.jp/45/index.php?action_kouhyou_detail_004_kani=true&JigyosyoCd=4570302119-00&ServiceCd=110&Type=search", "url2": "https://dandans8.wixsite.com/dandan" }, "geometry": { "type": "Point", "coordinates": [ 131.671157655819684, 32.616108473397382 ] } },
{ "type": "Feature", "properties": { "内容": "みのり園指定訪問介護事業所【訪問介護】宮崎県延岡市岡元町789番地3", "url": "https://www.kaigokensaku.mhlw.go.jp/45/index.php?action_kouhyou_detail_004_kani=true&JigyosyoCd=4570300147-00&ServiceCd=110&Type=search", "url2": null }, "geometry": { "type": "Point", "coordinates": [ 131.559591637533089, 32.56749904938215 ] } },
{ "type": "Feature", "properties": { "内容": "サンハート延岡訪問介護ステーション【訪問介護】宮崎県延岡市浜町5090番地", "url": "https://www.kaigokensaku.mhlw.go.jp/45/index.php?action_kouhyou_detail_004_kani=true&JigyosyoCd=4570301368-00&ServiceCd=110&Type=search", "url2": null }, "geometry": { "type": "Point", "coordinates": [ 131.6793735, 32.5603888 ] } },
{ "type": "Feature", "properties": { "内容": "グランドヒル鶴ケ丘訪問介護事業所【訪問介護】宮崎県延岡市鶴ヶ丘2丁目2002番地2", "url": "https://www.kaigokensaku.mhlw.go.jp/45/index.php?action_kouhyou_detail_004_kani=true&JigyosyoCd=4570301939-00&ServiceCd=110&Type=search", "url2": null }, "geometry": { "type": "Point", "coordinates": [ 131.670794300000011, 32.5448484 ] } },
{ "type": "Feature", "properties": { "内容": "訪問介護事業所あたご【訪問介護】宮崎県延岡市愛宕町3丁目23番地サービス付き高齢者向け住宅あたご", "url": "https://www.kaigokensaku.mhlw.go.jp/45/index.php?action_kouhyou_detail_004_kani=true&JigyosyoCd=4570302275-00&ServiceCd=110&Type=search", "url2": "http://www.houkai@ａｔａｇｏ-seikei.com" }, "geometry": { "type": "Point", "coordinates": [ 131.668218645097483, 32.567580890522393 ] } },
{ "type": "Feature", "properties": { "内容": "訪問介護事業所　暖の家【訪問介護】宮崎県延岡市北一ヶ岡２丁目8－8", "url": "https://www.kaigokensaku.mhlw.go.jp/45/index.php?action_kouhyou_detail_004_kani=true&JigyosyoCd=4570302325-00&ServiceCd=110&Type=search", "url2": null }, "geometry": { "type": "Point", "coordinates": [ 131.676777876806796, 32.52606018621573 ] } },
{ "type": "Feature", "properties": { "内容": "大貫リバーサイド訪問介護事業所【訪問介護】宮崎県延岡市大貫町5丁目1713番地", "url": "https://www.kaigokensaku.mhlw.go.jp/45/index.php?action_kouhyou_detail_004_kani=true&JigyosyoCd=4570302812-00&ServiceCd=110&Type=search", "url2": "https://www.tokyu.from.tv/riversaide/" }, "geometry": { "type": "Point", "coordinates": [ 131.649194599999987, 32.5696659 ] } },
{ "type": "Feature", "properties": { "内容": "ニチイケアセンター平原【訪問介護】宮崎県延岡市平原町５丁目１５０５番地７１", "url": "https://www.kaigokensaku.mhlw.go.jp/45/index.php?action_kouhyou_detail_004_kani=true&JigyosyoCd=4570302754-00&ServiceCd=110&Type=search", "url2": "http://www.nichiigakkan.co.jp" }, "geometry": { "type": "Point", "coordinates": [ 131.677519606339359, 32.547719583756411 ] } },
{ "type": "Feature", "properties": { "内容": "ひえいの郷訪問介護事業所【訪問介護】宮崎県延岡市北方町川水流卯１８１０番地８６", "url": "https://www.kaigokensaku.mhlw.go.jp/45/index.php?action_kouhyou_detail_004_kani=true&JigyosyoCd=4572100255-00&ServiceCd=110&Type=search", "url2": "s-hiei@oregano.ocn.ne.jp" }, "geometry": { "type": "Point", "coordinates": [ 131.5158851, 32.5726662 ] } },
{ "type": "Feature", "properties": { "内容": "訪問介護サービスななせ【訪問介護】宮崎県延岡市日の出町２丁目３番地２", "url": "https://www.kaigokensaku.mhlw.go.jp/45/index.php?action_kouhyou_detail_004_kani=true&JigyosyoCd=4570303208-00&ServiceCd=110&Type=search", "url2": "http://www.nanase777.co.jp" }, "geometry": { "type": "Point", "coordinates": [ 131.67485929999998, 32.590934 ] } },
{ "type": "Feature", "properties": { "内容": "けあビジョンホーム延岡訪問介護【訪問介護】宮崎県延岡市櫛津町3320-1", "url": "https://www.kaigokensaku.mhlw.go.jp/45/index.php?action_kouhyou_detail_004_kani=true&JigyosyoCd=4570302903-00&ServiceCd=110&Type=search", "url2": "http://www.visualvision.co.jp" }, "geometry": { "type": "Point", "coordinates": [ 131.6766508, 32.5043076 ] } },
{ "type": "Feature", "properties": { "内容": "ヘルパーステーション　びろうの里【訪問介護】宮崎県日南市南郷町中村乙6947-2", "url": "https://www.kaigokensaku.mhlw.go.jp/45/index.php?action_kouhyou_detail_004_kani=true&JigyosyoCd=4570400699-00&ServiceCd=110&Type=search", "url2": null }, "geometry": { "type": "Point", "coordinates": [ 131.365051558860841, 31.529448524781852 ] } },
{ "type": "Feature", "properties": { "内容": "特別養護老人ホームくろしおの里【訪問介護】宮崎県日南市南郷町中村乙7051番地111", "url": "https://www.kaigokensaku.mhlw.go.jp/45/index.php?action_kouhyou_detail_004_kani=true&JigyosyoCd=4571600032-00&ServiceCd=110&Type=search", "url2": "https://kurosionosato.or.jp/" }, "geometry": { "type": "Point", "coordinates": [ 131.3776322, 31.5216095 ] } },
{ "type": "Feature", "properties": { "内容": "合同会社ほほえみの里【訪問介護】宮崎県日南市大字東弁分乙2153番地", "url": "https://www.kaigokensaku.mhlw.go.jp/45/index.php?action_kouhyou_detail_004_kani=true&JigyosyoCd=4570401291-00&ServiceCd=110&Type=search", "url2": null }, "geometry": { "type": "Point", "coordinates": [ 131.4092394, 31.6322544 ] } },
{ "type": "Feature", "properties": { "内容": "はまゆう農業協同組合生活福祉課【訪問介護】宮崎県日南市吾田東2丁目5番15号", "url": "https://www.kaigokensaku.mhlw.go.jp/45/index.php?action_kouhyou_detail_004_kani=true&JigyosyoCd=4570400095-00&ServiceCd=110&Type=search", "url2": null }, "geometry": { "type": "Point", "coordinates": [ 131.3829247, 31.6073315 ] } },
{ "type": "Feature", "properties": { "内容": "飫肥造林有限会社　プラスケア心【訪問介護】日南市大字酒谷乙7404番地1", "url": "https://www.kaigokensaku.mhlw.go.jp/45/index.php?action_kouhyou_detail_004_kani=true&JigyosyoCd=4570401622-00&ServiceCd=110&Type=search", "url2": "http://hp.kaipoke.biz/w7y/" }, "geometry": { "type": "Point", "coordinates": [ 131.295308566270478, 31.617715725730079 ] } },
{ "type": "Feature", "properties": { "内容": "訪問介護事業所SORA【訪問介護】宮崎県日南市南郷町中村甲3160-16", "url": "https://www.kaigokensaku.mhlw.go.jp/45/index.php?action_kouhyou_detail_004_kani=true&JigyosyoCd=4570401143-00&ServiceCd=110&Type=search", "url2": null }, "geometry": { "type": "Point", "coordinates": [ 131.366549163555959, 31.542065378425846 ] } },
{ "type": "Feature", "properties": { "内容": "訪問介護ステーションオアシス【訪問介護】宮崎県日南市戸高4丁目6-3石井ビル１Ｆ", "url": "https://www.kaigokensaku.mhlw.go.jp/45/index.php?action_kouhyou_detail_004_kani=true&JigyosyoCd=4570400459-00&ServiceCd=110&Type=search", "url2": "http:" }, "geometry": { "type": "Point", "coordinates": [ 131.382355415344222, 31.596805861651958 ] } },
{ "type": "Feature", "properties": { "内容": "ヘルパーステーション　ひまわり【訪問介護】上平野町一丁目1-9", "url": "https://www.kaigokensaku.mhlw.go.jp/45/index.php?action_kouhyou_detail_004_kani=true&JigyosyoCd=4570401374-00&ServiceCd=110&Type=search", "url2": null }, "geometry": { "type": "Point", "coordinates": [ 131.381221919546419, 31.599068794780184 ] } },
{ "type": "Feature", "properties": { "内容": "みなと訪問介護事業所【訪問介護】宮崎県日南市中央通１丁目５－１１", "url": "https://www.kaigokensaku.mhlw.go.jp/45/index.php?action_kouhyou_detail_004_kani=true&JigyosyoCd=4570401408-00&ServiceCd=110&Type=search", "url2": null }, "geometry": { "type": "Point", "coordinates": [ 131.38139769999998, 31.6019792 ] } },
{ "type": "Feature", "properties": { "内容": "訪問介護ステーション　ほっこりはうす【訪問介護】宮崎県日南市南郷町東町10-12　東アパート6号訪問介護ステーション　ほっこりはうす", "url": "https://www.kaigokensaku.mhlw.go.jp/45/index.php?action_kouhyou_detail_004_kani=true&JigyosyoCd=4570401200-00&ServiceCd=110&Type=search", "url2": null }, "geometry": { "type": "Point", "coordinates": [ 131.365971299999956, 31.5428871 ] } },
{ "type": "Feature", "properties": { "内容": "訪問介護事業所　フルール【訪問介護】宮崎県日南市大字東弁分甲2546-3", "url": "https://www.kaigokensaku.mhlw.go.jp/45/index.php?action_kouhyou_detail_004_kani=true&JigyosyoCd=4570401598-00&ServiceCd=110&Type=search", "url2": null }, "geometry": { "type": "Point", "coordinates": [ 131.404318991159272, 31.623599427140931 ] } },
{ "type": "Feature", "properties": { "内容": "ヘルパーステーション　はなたて【訪問介護】宮崎県日南市北郷町郷之原甲３５９８番地１", "url": "https://www.kaigokensaku.mhlw.go.jp/45/index.php?action_kouhyou_detail_004_kani=true&JigyosyoCd=4570401275-00&ServiceCd=110&Type=search", "url2": "https://www.hanatate.com/" }, "geometry": { "type": "Point", "coordinates": [ 131.375435120901528, 31.697396542356653 ] } },
{ "type": "Feature", "properties": { "内容": "社会福祉法人慶明会日南慶明会ヘルパーステーション【訪問介護】宮崎県日南市飫肥1丁目4番36号", "url": "https://www.kaigokensaku.mhlw.go.jp/45/index.php?action_kouhyou_detail_004_kani=true&JigyosyoCd=4570401028-00&ServiceCd=110&Type=search", "url2": "http://www.keimeisw.or.jp" }, "geometry": { "type": "Point", "coordinates": [ 131.356642142605551, 31.625255814877249 ] } },
{ "type": "Feature", "properties": { "内容": "昭寿園訪問介護事業所【訪問介護】宮崎県日南市大字風田3224番地", "url": "https://www.kaigokensaku.mhlw.go.jp/45/index.php?action_kouhyou_detail_004_kani=true&JigyosyoCd=4570400087-00&ServiceCd=110&Type=search", "url2": "http://shojuen.jp/" }, "geometry": { "type": "Point", "coordinates": [ 131.415685964418032, 31.61233737358388 ] } },
{ "type": "Feature", "properties": { "内容": "はまゆうの里訪問介護サービス【訪問介護】宮崎県日南市中央通１丁目4番地16号", "url": "https://www.kaigokensaku.mhlw.go.jp/45/index.php?action_kouhyou_detail_004_kani=true&JigyosyoCd=4570400186-00&ServiceCd=110&Type=search", "url2": null }, "geometry": { "type": "Point", "coordinates": [ 131.380599594442771, 31.603612876942947 ] } },
{ "type": "Feature", "properties": { "内容": "心の芽　ヘルパーステーション【訪問介護】大字板敷816番地", "url": "https://www.kaigokensaku.mhlw.go.jp/45/index.php?action_kouhyou_detail_004_kani=true&JigyosyoCd=4570400806-00&ServiceCd=110&Type=search", "url2": null }, "geometry": { "type": "Point", "coordinates": [ 131.375763400000011, 31.6291605 ] } },
{ "type": "Feature", "properties": { "内容": "ヘルパーステーションにじ【訪問介護】宮崎県日南市大字平山2237-3", "url": "https://www.kaigokensaku.mhlw.go.jp/45/index.php?action_kouhyou_detail_004_kani=true&JigyosyoCd=4570400848-00&ServiceCd=110&Type=search", "url2": null }, "geometry": { "type": "Point", "coordinates": [ 131.415125699999976, 31.6021826 ] } },
{ "type": "Feature", "properties": { "内容": "訪問介護ふきのとう【訪問介護】宮崎県日南市南郷町中村乙７０５１－４０１宮崎県日南市南郷町中村乙７０５１－４０１", "url": "https://www.kaigokensaku.mhlw.go.jp/45/index.php?action_kouhyou_detail_004_kani=true&JigyosyoCd=4570401077-00&ServiceCd=110&Type=search", "url2": "ｆｕｋｉｎｏｔｏｕ＠ｉａ７．ｉｔｋｅｅｐｅｒ．ｎｅ．ｊｐ" }, "geometry": { "type": "Point", "coordinates": [ 131.37354890000006, 31.5269754 ] } },
{ "type": "Feature", "properties": { "内容": "ヘルパーステーション　はいびすかす【訪問介護】宮崎県日南市北郷町北河内5754", "url": "https://www.kaigokensaku.mhlw.go.jp/45/index.php?action_kouhyou_detail_004_kani=true&JigyosyoCd=4570401473-00&ServiceCd=110&Type=search", "url2": "https://www.hanatate.com/" }, "geometry": { "type": "Point", "coordinates": [ 131.3293416, 31.7242629 ] } },
{ "type": "Feature", "properties": { "内容": "有限会社なのはな【訪問介護】宮崎県日南市大堂津２丁目１６－４", "url": "https://www.kaigokensaku.mhlw.go.jp/45/index.php?action_kouhyou_detail_004_kani=true&JigyosyoCd=4570400244-00&ServiceCd=110&Type=search", "url2": null }, "geometry": { "type": "Point", "coordinates": [ 131.386904666335653, 31.56052743999404 ] } },
{ "type": "Feature", "properties": { "内容": "ヘルパーステーション　ファミリー【訪問介護】宮崎県日南市南郷町中村甲2367番地3", "url": "https://www.kaigokensaku.mhlw.go.jp/45/index.php?action_kouhyou_detail_004_kani=true&JigyosyoCd=4570400624-00&ServiceCd=110&Type=search", "url2": "http://www.family-nichinan.com/" }, "geometry": { "type": "Point", "coordinates": [ 131.359997696288787, 31.543866046580689 ] } },
{ "type": "Feature", "properties": { "内容": "よつば訪問介護事業所【訪問介護】平野1512番地3", "url": "https://www.kaigokensaku.mhlw.go.jp/45/index.php?action_kouhyou_detail_004_kani=true&JigyosyoCd=4570400764-00&ServiceCd=110&Type=search", "url2": null }, "geometry": { "type": "Point", "coordinates": [ 131.385524499999974, 31.6096897 ] } },
{ "type": "Feature", "properties": { "内容": "訪問介護事業所　和顔愛語【訪問介護】宮崎県日南市大字星倉3丁目8-9あまのハイツ１０１号室あまのハイツ101号室", "url": "https://www.kaigokensaku.mhlw.go.jp/45/index.php?action_kouhyou_detail_004_kani=true&JigyosyoCd=4570400798-00&ServiceCd=110&Type=search", "url2": null }, "geometry": { "type": "Point", "coordinates": [ 131.369880915274848, 31.623596126828652 ] } },
{ "type": "Feature", "properties": { "内容": "よりべ【訪問介護】大字平山２１２１－２", "url": "https://www.kaigokensaku.mhlw.go.jp/45/index.php?action_kouhyou_detail_004_kani=true&JigyosyoCd=4570400905-00&ServiceCd=110&Type=search", "url2": null }, "geometry": { "type": "Point", "coordinates": [ 131.417150399999969, 31.6070852 ] } },
{ "type": "Feature", "properties": { "内容": "ヘルパーステーション　貴崇【訪問介護】南郷町谷之口2384番地7", "url": "https://www.kaigokensaku.mhlw.go.jp/45/index.php?action_kouhyou_detail_004_kani=true&JigyosyoCd=4570400947-00&ServiceCd=110&Type=search", "url2": null }, "geometry": { "type": "Point", "coordinates": [ 131.339867700000013, 31.531082300000019 ] } },
{ "type": "Feature", "properties": { "内容": "ヘルパーステーション　心の里【訪問介護】大字平野1498番地８", "url": "https://www.kaigokensaku.mhlw.go.jp/45/index.php?action_kouhyou_detail_004_kani=true&JigyosyoCd=4570401093-00&ServiceCd=110&Type=search", "url2": null }, "geometry": { "type": "Point", "coordinates": [ 131.381560191259723, 31.614574321674265 ] } },
{ "type": "Feature", "properties": { "内容": "訪問介護センター日南【訪問介護】宮崎県日南市吾田東２丁目7-27", "url": "https://www.kaigokensaku.mhlw.go.jp/45/index.php?action_kouhyou_detail_004_kani=true&JigyosyoCd=4570401119-00&ServiceCd=110&Type=search", "url2": null }, "geometry": { "type": "Point", "coordinates": [ 131.38468229577029, 31.607792361878161 ] } },
{ "type": "Feature", "properties": { "内容": "南風の丘訪問介護事業所【訪問介護】南郷町中村甲3528番地2", "url": "https://www.kaigokensaku.mhlw.go.jp/45/index.php?action_kouhyou_detail_004_kani=true&JigyosyoCd=4570401192-00&ServiceCd=110&Type=search", "url2": "https://www.taijukai.biz/" }, "geometry": { "type": "Point", "coordinates": [ 131.365971299999956, 31.5428871 ] } },
{ "type": "Feature", "properties": { "内容": "訪問サービス　せんだんの樹【訪問介護】宮崎県日南市大字吉野方7363-1", "url": "https://www.kaigokensaku.mhlw.go.jp/45/index.php?action_kouhyou_detail_004_kani=true&JigyosyoCd=4570401432-00&ServiceCd=110&Type=search", "url2": null }, "geometry": { "type": "Point", "coordinates": [ 131.31873571163942, 31.63147793737458 ] } },
{ "type": "Feature", "properties": { "内容": "訪問介護ステーション　ふく【訪問介護】宮崎県日南市吾田2丁目2-25", "url": "https://www.kaigokensaku.mhlw.go.jp/45/index.php?action_kouhyou_detail_004_kani=true&JigyosyoCd=4570401499-00&ServiceCd=110&Type=search", "url2": null }, "geometry": { "type": "Point", "coordinates": [ 131.384452113725786, 31.606057447629027 ] } },
{ "type": "Feature", "properties": { "内容": "心の家介護サービス【訪問介護】宮崎県日南市大字平野4195-1", "url": "https://www.kaigokensaku.mhlw.go.jp/45/index.php?action_kouhyou_detail_004_kani=true&JigyosyoCd=4570400319-00&ServiceCd=110&Type=search", "url2": null }, "geometry": { "type": "Point", "coordinates": [ 131.394938563459107, 31.587096882996441 ] } },
{ "type": "Feature", "properties": { "内容": "ひなもり園ヘルパーセンター【訪問介護】宮崎県小林市堤3702番地2有料老人ホームソレイユの丘内", "url": "https://www.kaigokensaku.mhlw.go.jp/45/index.php?action_kouhyou_detail_004_kani=true&JigyosyoCd=4570500092-00&ServiceCd=110&Type=search", "url2": "http://www.tokiwa-kai.or.jp/helper/" }, "geometry": { "type": "Point", "coordinates": [ 131.00840544746859, 31.962228997687362 ] } },
{ "type": "Feature", "properties": { "内容": "本町ヘルパーセンター【訪問介護】宮崎県小林市細野246番地1", "url": "https://www.kaigokensaku.mhlw.go.jp/45/index.php?action_kouhyou_detail_004_kani=true&JigyosyoCd=4570500563-00&ServiceCd=110&Type=search", "url2": null }, "geometry": { "type": "Point", "coordinates": [ 130.990328399999953, 31.9838356 ] } },
{ "type": "Feature", "properties": { "内容": "訪問介護ステーションあゆみ【訪問介護】宮崎県小林市細野2202番地3ボヌール上町1号", "url": "https://www.kaigokensaku.mhlw.go.jp/45/index.php?action_kouhyou_detail_004_kani=true&JigyosyoCd=4571800541-00&ServiceCd=110&Type=search", "url2": null }, "geometry": { "type": "Point", "coordinates": [ 130.984140499999967, 31.9914359 ] } },
{ "type": "Feature", "properties": { "内容": "とわのみ指定訪問介護事業所【訪問介護】宮崎県小林市真方560-1有料老人ホーム丘の家", "url": "https://www.kaigokensaku.mhlw.go.jp/45/index.php?action_kouhyou_detail_004_kani=true&JigyosyoCd=4570500779-00&ServiceCd=110&Type=search", "url2": null }, "geometry": { "type": "Point", "coordinates": [ 130.98939497459105, 31.992624536401731 ] } },
{ "type": "Feature", "properties": { "内容": "アメックスヘルパーステーション【訪問介護】宮崎県小林市野尻町三ヶ野山３２７２－２", "url": "https://www.kaigokensaku.mhlw.go.jp/45/index.php?action_kouhyou_detail_004_kani=true&JigyosyoCd=4571800350-00&ServiceCd=110&Type=search", "url2": "http://www.welcourt.jp" }, "geometry": { "type": "Point", "coordinates": [ 131.0268565, 31.9734179 ] } },
{ "type": "Feature", "properties": { "内容": "陽光の里ヘルパーセンター【訪問介護】宮崎県小林市真方5038番地1", "url": "https://www.kaigokensaku.mhlw.go.jp/45/index.php?action_kouhyou_detail_004_kani=true&JigyosyoCd=4570501116-00&ServiceCd=110&Type=search", "url2": null }, "geometry": { "type": "Point", "coordinates": [ 130.9957885, 32.0014114 ] } },
{ "type": "Feature", "properties": { "内容": "ミューズの朝小林訪問ヘルパーステーション【訪問介護】宮崎県小林市細野1478番地1", "url": "https://www.kaigokensaku.mhlw.go.jp/45/index.php?action_kouhyou_detail_004_kani=true&JigyosyoCd=4570500639-00&ServiceCd=110&Type=search", "url2": "managers@hoshakai.com" }, "geometry": { "type": "Point", "coordinates": [ 130.969690899999932, 31.9879182 ] } },
{ "type": "Feature", "properties": { "内容": "有限会社みぃーこホーム【訪問介護】宮崎県小林市細野105番地", "url": "https://www.kaigokensaku.mhlw.go.jp/45/index.php?action_kouhyou_detail_004_kani=true&JigyosyoCd=4570501025-00&ServiceCd=110&Type=search", "url2": null }, "geometry": { "type": "Point", "coordinates": [ 130.979837301188695, 31.993503178335207 ] } },
{ "type": "Feature", "properties": { "内容": "ホームライフひむか訪問介護【訪問介護】宮崎県小林市堤2077-8", "url": "https://www.kaigokensaku.mhlw.go.jp/45/index.php?action_kouhyou_detail_004_kani=true&JigyosyoCd=4570500738-00&ServiceCd=110&Type=search", "url2": null }, "geometry": { "type": "Point", "coordinates": [ 131.00411114662711, 31.960755979788907 ] } },
{ "type": "Feature", "properties": { "内容": "訪問介護ステーションくわの美【訪問介護】宮崎県小林市堤3101番地4", "url": "https://www.kaigokensaku.mhlw.go.jp/45/index.php?action_kouhyou_detail_004_kani=true&JigyosyoCd=4570500308-00&ServiceCd=110&Type=search", "url2": null }, "geometry": { "type": "Point", "coordinates": [ 131.003296300000017, 31.927177899999982 ] } },
{ "type": "Feature", "properties": { "内容": "小林市社会福祉協議会【訪問介護】宮崎県小林市細野367番地1", "url": "https://www.kaigokensaku.mhlw.go.jp/45/index.php?action_kouhyou_detail_004_kani=true&JigyosyoCd=4570500043-00&ServiceCd=110&Type=search", "url2": "http://kobayashi-syakyo.jimdo.com/" }, "geometry": { "type": "Point", "coordinates": [ 130.969968706745902, 31.999224097293784 ] } },
{ "type": "Feature", "properties": { "内容": "ヘルパーステーション　やわらぎ【訪問介護】宮崎県小林市野尻町東麓1085番地2", "url": "https://www.kaigokensaku.mhlw.go.jp/45/index.php?action_kouhyou_detail_004_kani=true&JigyosyoCd=4571800442-00&ServiceCd=110&Type=search", "url2": null }, "geometry": { "type": "Point", "coordinates": [ 131.095104399999968, 31.9615901 ] } },
{ "type": "Feature", "properties": { "内容": "訪問介護事業所へいわ【訪問介護】宮崎県小林市野尻町東麓字羽加堂1035番地2", "url": "https://www.kaigokensaku.mhlw.go.jp/45/index.php?action_kouhyou_detail_004_kani=true&JigyosyoCd=4571800426-00&ServiceCd=110&Type=search", "url2": "http:" }, "geometry": { "type": "Point", "coordinates": [ 131.084770890710075, 31.964426576622365 ] } },
{ "type": "Feature", "properties": { "内容": "ヘルパーセンター悠【訪問介護】宮崎県小林市水流迫569-13", "url": "https://www.kaigokensaku.mhlw.go.jp/45/index.php?action_kouhyou_detail_004_kani=true&JigyosyoCd=4570500514-00&ServiceCd=110&Type=search", "url2": "https://www.haruka-fukushi.com" }, "geometry": { "type": "Point", "coordinates": [ 130.998575796142603, 31.987426735300851 ] } },
{ "type": "Feature", "properties": { "内容": "ヘルパーステーション幸ちゃんの家【訪問介護】野尻町東麓2657-2", "url": "https://www.kaigokensaku.mhlw.go.jp/45/index.php?action_kouhyou_detail_004_kani=true&JigyosyoCd=4570500712-00&ServiceCd=110&Type=search", "url2": "http：//yukichannoie.info" }, "geometry": { "type": "Point", "coordinates": [ 131.083277800000019, 31.9575039 ] } },
{ "type": "Feature", "properties": { "内容": "訪問介護ステーションジリーノ【訪問介護】宮崎県小林市野尻町東麓１２０８番地2住宅型有料老人ホームジリーノ内", "url": "https://www.kaigokensaku.mhlw.go.jp/45/index.php?action_kouhyou_detail_004_kani=true&JigyosyoCd=4570500969-00&ServiceCd=110&Type=search", "url2": "http://jiri-no.com/." }, "geometry": { "type": "Point", "coordinates": [ 131.099118, 31.9595683 ] } },
{ "type": "Feature", "properties": { "内容": "メゾンドニシモロ【訪問介護】宮崎県小林市細野9-2", "url": "https://www.kaigokensaku.mhlw.go.jp/45/index.php?action_kouhyou_detail_004_kani=true&JigyosyoCd=4570501181-00&ServiceCd=110&Type=search", "url2": "https://kobayashi-buhin.com" }, "geometry": { "type": "Point", "coordinates": [ 130.9837104, 31.991765 ] } },
{ "type": "Feature", "properties": { "内容": "ヘルパーステーション　のーまる【訪問介護】宮崎県小林市細野84-7　2", "url": "https://www.kaigokensaku.mhlw.go.jp/45/index.php?action_kouhyou_detail_004_kani=true&JigyosyoCd=4570501199-00&ServiceCd=110&Type=search", "url2": "http://heart-normal.com" }, "geometry": { "type": "Point", "coordinates": [ 130.9805877, 31.9941057 ] } },
{ "type": "Feature", "properties": { "内容": "訪問介護センター　ヨシムラ【訪問介護】宮崎県小林市細野1604番地5", "url": "https://www.kaigokensaku.mhlw.go.jp/45/index.php?action_kouhyou_detail_004_kani=true&JigyosyoCd=4570500548-00&ServiceCd=110&Type=search", "url2": null }, "geometry": { "type": "Point", "coordinates": [ 130.974354100000028, 31.9933066 ] } },
{ "type": "Feature", "properties": { "内容": "小林市社会福祉協議会須木支所【訪問介護】宮崎県小林市須木中原1741番地1須木総合ふるさとセンター", "url": "https://www.kaigokensaku.mhlw.go.jp/45/index.php?action_kouhyou_detail_004_kani=true&JigyosyoCd=4571800012-00&ServiceCd=110&Type=search", "url2": "https://kobayashi-syakyo.jimdofree.com/" }, "geometry": { "type": "Point", "coordinates": [ 131.072786299999962, 32.0755927 ] } },
{ "type": "Feature", "properties": { "内容": "特別養護老人ホームきりしまの園【訪問介護】宮崎県小林市野尻町三ヶ野山４３３６番地７４", "url": "https://www.kaigokensaku.mhlw.go.jp/45/index.php?action_kouhyou_detail_004_kani=true&JigyosyoCd=4571800053-00&ServiceCd=110&Type=search", "url2": "http://www.kirishimanosono.com/sb/" }, "geometry": { "type": "Point", "coordinates": [ 131.077678099999957, 31.963678 ] } },
{ "type": "Feature", "properties": { "内容": "永寿園ホームヘルプサービスセンター【訪問介護】宮崎県日向市大字富高字岩崎５４６番地１", "url": "https://www.kaigokensaku.mhlw.go.jp/45/index.php?action_kouhyou_detail_004_kani=true&JigyosyoCd=4570600116-00&ServiceCd=110&Type=search", "url2": "www.himawarikai.or.jp/" }, "geometry": { "type": "Point", "coordinates": [ 131.617593199999988, 32.420834800000016 ] } },
{ "type": "Feature", "properties": { "内容": "ヘルパーステーションこころ【訪問介護】宮崎県日向市大字日知屋１２００２番地９３オーシャンビューⅡ１０３号室", "url": "https://www.kaigokensaku.mhlw.go.jp/45/index.php?action_kouhyou_detail_004_kani=true&JigyosyoCd=4570601478-00&ServiceCd=110&Type=search", "url2": null }, "geometry": { "type": "Point", "coordinates": [ 131.640913655400936, 32.441378173890058 ] } },
{ "type": "Feature", "properties": { "内容": "訪問介護ほそしま【訪問介護】宮崎県日向市大字日知屋古田町10-1", "url": "https://www.kaigokensaku.mhlw.go.jp/45/index.php?action_kouhyou_detail_004_kani=true&JigyosyoCd=4570600587-00&ServiceCd=110&Type=search", "url2": "http://www.haradagr-dp.co.jp/" }, "geometry": { "type": "Point", "coordinates": [ 131.6544738, 32.4251588 ] } },
{ "type": "Feature", "properties": { "内容": "訪問介護センター竹島【訪問介護】宮崎県日向市竹島町1番地47有料老人ホームたけしま", "url": "https://www.kaigokensaku.mhlw.go.jp/45/index.php?action_kouhyou_detail_004_kani=true&JigyosyoCd=4570601080-00&ServiceCd=110&Type=search", "url2": "www.hikarien-grp.co.jp/" }, "geometry": { "type": "Point", "coordinates": [ 131.6548537, 32.4357301 ] } },
{ "type": "Feature", "properties": { "内容": "ケアステーション日向【訪問介護】宮崎県日向市原町2丁目4番15号", "url": "https://www.kaigokensaku.mhlw.go.jp/45/index.php?action_kouhyou_detail_004_kani=true&JigyosyoCd=4570600942-00&ServiceCd=110&Type=search", "url2": null }, "geometry": { "type": "Point", "coordinates": [ 131.631005088885303, 32.423324406551991 ] } },
{ "type": "Feature", "properties": { "内容": "医療法人杏林会　訪問介護みみつ【訪問介護】美々津町3870番地", "url": "https://www.kaigokensaku.mhlw.go.jp/45/index.php?action_kouhyou_detail_004_kani=true&JigyosyoCd=4570601403-00&ServiceCd=110&Type=search", "url2": null }, "geometry": { "type": "Point", "coordinates": [ 131.604862588734932, 32.331243807086899 ] } },
{ "type": "Feature", "properties": { "内容": "有限会社むらやん介護サービス【訪問介護】宮崎県日向市永江町３丁目１２２番地", "url": "https://www.kaigokensaku.mhlw.go.jp/45/index.php?action_kouhyou_detail_004_kani=true&JigyosyoCd=4570600512-00&ServiceCd=110&Type=search", "url2": "murayan810kaigo@gmail.com" }, "geometry": { "type": "Point", "coordinates": [ 131.6408083, 32.4237335 ] } },
{ "type": "Feature", "properties": { "内容": "株式会社サン・ルーム日向営業所【訪問介護】宮崎県日向市大字財光寺長江426-1", "url": "https://www.kaigokensaku.mhlw.go.jp/45/index.php?action_kouhyou_detail_004_kani=true&JigyosyoCd=4570600322-00&ServiceCd=110&Type=search", "url2": "care-net.biz/45/sr-1007/" }, "geometry": { "type": "Point", "coordinates": [ 131.630581635228765, 32.412856381958683 ] } },
{ "type": "Feature", "properties": { "内容": "ファーストカラーホームヘルパーステーション【訪問介護】宮崎県日向市都町９番１２号", "url": "https://www.kaigokensaku.mhlw.go.jp/45/index.php?action_kouhyou_detail_004_kani=true&JigyosyoCd=4570601221-00&ServiceCd=110&Type=search", "url2": null }, "geometry": { "type": "Point", "coordinates": [ 131.625194553967276, 32.427083511188606 ] } },
{ "type": "Feature", "properties": { "内容": "サンマリン日向訪問介護事業所【訪問介護】宮崎県日向市大字平岩448番地", "url": "https://www.kaigokensaku.mhlw.go.jp/45/index.php?action_kouhyou_detail_004_kani=true&JigyosyoCd=4570600876-00&ServiceCd=110&Type=search", "url2": null }, "geometry": { "type": "Point", "coordinates": [ 131.6289673, 32.3702999 ] } },
{ "type": "Feature", "properties": { "内容": "ＪＡみやざき日向地区本部【訪問介護】宮崎県日向市鶴町14番地", "url": "https://www.kaigokensaku.mhlw.go.jp/45/index.php?action_kouhyou_detail_004_kani=true&JigyosyoCd=4570600124-00&ServiceCd=110&Type=search", "url2": null }, "geometry": { "type": "Point", "coordinates": [ 131.628795200000013, 32.426419 ] } },
{ "type": "Feature", "properties": { "内容": "訪問介護センタージャカランダ【訪問介護】宮崎県日向市浜町3丁目57番地", "url": "https://www.kaigokensaku.mhlw.go.jp/45/index.php?action_kouhyou_detail_004_kani=true&JigyosyoCd=4570600496-00&ServiceCd=110&Type=search", "url2": null }, "geometry": { "type": "Point", "coordinates": [ 131.648958916518723, 32.415542028974826 ] } },
{ "type": "Feature", "properties": { "内容": "ラフィネ介護支援センター【訪問介護】宮崎県日向市原町３丁目１－２４", "url": "https://www.kaigokensaku.mhlw.go.jp/45/index.php?action_kouhyou_detail_004_kani=true&JigyosyoCd=4570600314-00&ServiceCd=110&Type=search", "url2": "http://raffinenasu.wixsite.com/raffine" }, "geometry": { "type": "Point", "coordinates": [ 131.631962577857848, 32.423635779483561 ] } },
{ "type": "Feature", "properties": { "内容": "ニチイケアセンター日向【訪問介護】宮崎県日向市向江町１丁目３０番地１愛ビル１階Ｄ号室", "url": "https://www.kaigokensaku.mhlw.go.jp/45/index.php?action_kouhyou_detail_004_kani=true&JigyosyoCd=4570600819-00&ServiceCd=110&Type=search", "url2": "http://www.nichiigakkann.co.jp" }, "geometry": { "type": "Point", "coordinates": [ 131.63085010290132, 32.429417149500651 ] } },
{ "type": "Feature", "properties": { "内容": "訪問介護支援事業所つどい【訪問介護】日向市永江町2丁目50番地", "url": "https://www.kaigokensaku.mhlw.go.jp/45/index.php?action_kouhyou_detail_004_kani=true&JigyosyoCd=4570601379-00&ServiceCd=110&Type=search", "url2": null }, "geometry": { "type": "Point", "coordinates": [ 131.620883155675557, 32.425080880704165 ] } },
{ "type": "Feature", "properties": { "内容": "ヘルパーステーション　あやめ【訪問介護】宮崎県日向市大字財光寺972番地10", "url": "https://www.kaigokensaku.mhlw.go.jp/45/index.php?action_kouhyou_detail_004_kani=true&JigyosyoCd=4570601338-00&ServiceCd=110&Type=search", "url2": null }, "geometry": { "type": "Point", "coordinates": [ 131.631139634368765, 32.406629240939125 ] } },
{ "type": "Feature", "properties": { "内容": "社会福祉法人日向市社会福祉協議会東郷支所【訪問介護】宮崎県日向市東郷町山陰丙1265番地2", "url": "https://www.kaigokensaku.mhlw.go.jp/45/index.php?action_kouhyou_detail_004_kani=true&JigyosyoCd=4572100180-00&ServiceCd=110&Type=search", "url2": "http://hyuga-shakyo.or.jp/" }, "geometry": { "type": "Point", "coordinates": [ 131.5313049, 32.3940304 ] } },
{ "type": "Feature", "properties": { "内容": "ヘルパーステーションだんらん【訪問介護】宮崎県日向市日知屋3389番地15", "url": "https://www.kaigokensaku.mhlw.go.jp/45/index.php?action_kouhyou_detail_004_kani=true&JigyosyoCd=4570600835-00&ServiceCd=110&Type=search", "url2": "http://danran-pokapoka.jp/index.php/flow/" }, "geometry": { "type": "Point", "coordinates": [ 131.6516904, 32.4295861 ] } },
{ "type": "Feature", "properties": { "内容": "訪問介護事業所　親和【訪問介護】宮崎県日向市大字財光寺２９９２－イハイツＫ＆Ｋ　101号室", "url": "https://www.kaigokensaku.mhlw.go.jp/45/index.php?action_kouhyou_detail_004_kani=true&JigyosyoCd=4570601429-00&ServiceCd=110&Type=search", "url2": null }, "geometry": { "type": "Point", "coordinates": [ 131.629019200000016, 32.4020425 ] } },
{ "type": "Feature", "properties": { "内容": "みほこがうら訪問介護事業所【訪問介護】宮崎県日向市細島９１－１", "url": "https://www.kaigokensaku.mhlw.go.jp/45/index.php?action_kouhyou_detail_004_kani=true&JigyosyoCd=4570600777-00&ServiceCd=110&Type=search", "url2": "mihokogaura123@outlook.jp" }, "geometry": { "type": "Point", "coordinates": [ 131.675017, 32.4212456 ] } },
{ "type": "Feature", "properties": { "内容": "訪問介護　緑の風【訪問介護】日向市東郷町山陰辛264番2", "url": "https://www.kaigokensaku.mhlw.go.jp/45/index.php?action_kouhyou_detail_004_kani=true&JigyosyoCd=4570601114-00&ServiceCd=110&Type=search", "url2": "http://bozanso.main.jp/　　望山荘で検索" }, "geometry": { "type": "Point", "coordinates": [ 131.513931299999967, 32.3913413 ] } },
{ "type": "Feature", "properties": { "内容": "日向市東臼杵郡医師会立ヘルパーステーション【訪問介護】宮崎県日向市鶴町１丁目６番2号", "url": "https://www.kaigokensaku.mhlw.go.jp/45/index.php?action_kouhyou_detail_004_kani=true&JigyosyoCd=4570600256-00&ServiceCd=110&Type=search", "url2": "https://hyuga-ishikai.jp/" }, "geometry": { "type": "Point", "coordinates": [ 131.6293313, 32.4266023 ] } },
{ "type": "Feature", "properties": { "内容": "ＪＡはまゆう串間訪問介護事業所【訪問介護】宮崎県串間市東町７番地7はまゆう農協協同組合　串間支所", "url": "https://www.kaigokensaku.mhlw.go.jp/45/index.php?action_kouhyou_detail_004_kani=true&JigyosyoCd=4570700478-00&ServiceCd=110&Type=search", "url2": null }, "geometry": { "type": "Point", "coordinates": [ 131.230719799999946, 31.462839 ] } },
{ "type": "Feature", "properties": { "内容": "めぐみの郷介護ヘルパー【訪問介護】大字北方1599", "url": "https://www.kaigokensaku.mhlw.go.jp/45/index.php?action_kouhyou_detail_004_kani=true&JigyosyoCd=4570700312-00&ServiceCd=110&Type=search", "url2": "http://www.kuroshiokai.com/" }, "geometry": { "type": "Point", "coordinates": [ 131.253143200000068, 31.4811469 ] } },
{ "type": "Feature", "properties": { "内容": "ヘルパーステーション　ちゅら【訪問介護】宮崎県串間市大字西方7311-8番地コーポ前田２０２号室", "url": "https://www.kaigokensaku.mhlw.go.jp/45/index.php?action_kouhyou_detail_004_kani=true&JigyosyoCd=4570700569-00&ServiceCd=110&Type=search", "url2": "https://www.myquestchura.com/" }, "geometry": { "type": "Point", "coordinates": [ 131.2252897, 31.4611128 ] } },
{ "type": "Feature", "properties": { "内容": "ヘルパーステーション稲の穂【訪問介護】宮崎県串間市大字西方6785-2", "url": "https://www.kaigokensaku.mhlw.go.jp/45/index.php?action_kouhyou_detail_004_kani=true&JigyosyoCd=4570700353-00&ServiceCd=110&Type=search", "url2": null }, "geometry": { "type": "Point", "coordinates": [ 131.221734171827762, 31.456695213463885 ] } },
{ "type": "Feature", "properties": { "内容": "ヘルパーステーションほっと【訪問介護】宮崎県串間市大字北方６１１９", "url": "https://www.kaigokensaku.mhlw.go.jp/45/index.php?action_kouhyou_detail_004_kani=true&JigyosyoCd=4570700494-00&ServiceCd=110&Type=search", "url2": null }, "geometry": { "type": "Point", "coordinates": [ 131.241593592065442, 31.466136146559489 ] } },
{ "type": "Feature", "properties": { "内容": "訪問介護事業所　縁【訪問介護】宮崎県串間市大字西方6597－6", "url": "https://www.kaigokensaku.mhlw.go.jp/45/index.php?action_kouhyou_detail_004_kani=true&JigyosyoCd=4570700577-00&ServiceCd=110&Type=search", "url2": null }, "geometry": { "type": "Point", "coordinates": [ 131.22751310000001, 31.461126 ] } },
{ "type": "Feature", "properties": { "内容": "株式会社プラスワン介護ヘルパーひむか【訪問介護】宮崎県西都市大字右松2503番地1", "url": "https://www.kaigokensaku.mhlw.go.jp/45/index.php?action_kouhyou_detail_004_kani=true&JigyosyoCd=4571500281-00&ServiceCd=110&Type=search", "url2": null }, "geometry": { "type": "Point", "coordinates": [ 131.402522, 32.1047319 ] } },
{ "type": "Feature", "properties": { "内容": "訪問介護サービス事業所　喜びの家【訪問介護】宮崎県西都市大字上三財字5700番地3", "url": "https://www.kaigokensaku.mhlw.go.jp/45/index.php?action_kouhyou_detail_004_kani=true&JigyosyoCd=4570800690-00&ServiceCd=110&Type=search", "url2": null }, "geometry": { "type": "Point", "coordinates": [ 131.323444377242822, 32.069888606646998 ] } },
{ "type": "Feature", "properties": { "内容": "ライフケアかがやき【訪問介護】宮崎県西都市平郡549-3", "url": "https://www.kaigokensaku.mhlw.go.jp/45/index.php?action_kouhyou_detail_004_kani=true&JigyosyoCd=4570800856-00&ServiceCd=110&Type=search", "url2": null }, "geometry": { "type": "Point", "coordinates": [ 131.37492180000001, 32.0895022 ] } },
{ "type": "Feature", "properties": { "内容": "訪問介護ステーション高台【訪問介護】宮崎県西都市大字都於郡町５６６６番地", "url": "https://www.kaigokensaku.mhlw.go.jp/45/index.php?action_kouhyou_detail_004_kani=true&JigyosyoCd=4570800682-00&ServiceCd=110&Type=search", "url2": "http://kunnhann.jp/" }, "geometry": { "type": "Point", "coordinates": [ 131.377694780812163, 32.056212250929178 ] } },
{ "type": "Feature", "properties": { "内容": "訪問介護並木【訪問介護】宮崎県西都市大字下三財８１２４－８", "url": "https://www.kaigokensaku.mhlw.go.jp/45/index.php?action_kouhyou_detail_004_kani=true&JigyosyoCd=4570800062-00&ServiceCd=110&Type=search", "url2": "https://gyoseikai-med.jp/" }, "geometry": { "type": "Point", "coordinates": [ 131.344877600000018, 32.0693458 ] } },
{ "type": "Feature", "properties": { "内容": "幸楽荘ホームヘルパー派遣センター【訪問介護】宮崎県西都市大字茶臼原字轟941番地1", "url": "https://www.kaigokensaku.mhlw.go.jp/45/index.php?action_kouhyou_detail_004_kani=true&JigyosyoCd=4570800054-00&ServiceCd=110&Type=search", "url2": "http://www.m-shinwakai.jp/" }, "geometry": { "type": "Point", "coordinates": [ 131.417381189102116, 32.140239656825138 ] } },
{ "type": "Feature", "properties": { "内容": "ミューズの朝西都訪問ヘルパーステーション【訪問介護】宮崎県西都市大字岡富６５８番地２", "url": "https://www.kaigokensaku.mhlw.go.jp/45/index.php?action_kouhyou_detail_004_kani=true&JigyosyoCd=4570800518-00&ServiceCd=110&Type=search", "url2": "http://hoshakai.com/" }, "geometry": { "type": "Point", "coordinates": [ 131.410528900000031, 32.0747046 ] } },
{ "type": "Feature", "properties": { "内容": "社会福祉法人西都市社会福祉協議会【訪問介護】宮崎県西都市大字清水１０３５番地1", "url": "https://www.kaigokensaku.mhlw.go.jp/45/index.php?action_kouhyou_detail_004_kani=true&JigyosyoCd=4570800039-00&ServiceCd=110&Type=search", "url2": "https://saito-shakyo.jp/" }, "geometry": { "type": "Point", "coordinates": [ 131.379348599999958, 32.1012627 ] } },
{ "type": "Feature", "properties": { "内容": "ヘルパーステーションこすもす【訪問介護】宮崎県西都市御舟町1丁目93番地2", "url": "https://www.kaigokensaku.mhlw.go.jp/45/index.php?action_kouhyou_detail_004_kani=true&JigyosyoCd=4570800179-00&ServiceCd=110&Type=search", "url2": "cosmos＠ryutoku.or.jp" }, "geometry": { "type": "Point", "coordinates": [ 131.403127300000079, 32.111159100000016 ] } },
{ "type": "Feature", "properties": { "内容": "訪問介護ひなた【訪問介護】宮崎県西都市大字下三財1548番地", "url": "https://www.kaigokensaku.mhlw.go.jp/45/index.php?action_kouhyou_detail_004_kani=true&JigyosyoCd=4570800807-00&ServiceCd=110&Type=search", "url2": null }, "geometry": { "type": "Point", "coordinates": [ 131.3634812, 32.0780416 ] } },
{ "type": "Feature", "properties": { "内容": "訪問介護事業所　つれづれ庵【訪問介護】宮崎県西都市大字加勢5408-1訪問介護事業所　つれづれ庵", "url": "https://www.kaigokensaku.mhlw.go.jp/45/index.php?action_kouhyou_detail_004_kani=true&JigyosyoCd=4571900655-00&ServiceCd=110&Type=search", "url2": null }, "geometry": { "type": "Point", "coordinates": [ 131.367919, 32.086152399999982 ] } },
{ "type": "Feature", "properties": { "内容": "ヘルパーステーション京町温泉【訪問介護】宮崎県えびの市大字亀沢２７２番地", "url": "https://www.kaigokensaku.mhlw.go.jp/45/index.php?action_kouhyou_detail_004_kani=true&JigyosyoCd=4570900508-00&ServiceCd=110&Type=search", "url2": null }, "geometry": { "type": "Point", "coordinates": [ 130.752503299999972, 32.037777800000015 ] } },
{ "type": "Feature", "properties": { "内容": "訪問介護ステーションえいわ【訪問介護】大字浦365番地83", "url": "https://www.kaigokensaku.mhlw.go.jp/45/index.php?action_kouhyou_detail_004_kani=true&JigyosyoCd=4570900367-00&ServiceCd=110&Type=search", "url2": null }, "geometry": { "type": "Point", "coordinates": [ 130.780989299999987, 32.0234788 ] } },
{ "type": "Feature", "properties": { "内容": "えびの涼風園指定訪問介護事業所【訪問介護】宮崎県えびの市大字岡松１番地", "url": "https://www.kaigokensaku.mhlw.go.jp/45/index.php?action_kouhyou_detail_004_kani=true&JigyosyoCd=4570900052-00&ServiceCd=110&Type=search", "url2": "http://ryofuen.com" }, "geometry": { "type": "Point", "coordinates": [ 130.753847036492971, 32.041960510561218 ] } },
{ "type": "Feature", "properties": { "内容": "社会福祉法人えびの市社会福祉協議会【訪問介護】宮崎県えびの市大字栗下６７番地", "url": "https://www.kaigokensaku.mhlw.go.jp/45/index.php?action_kouhyou_detail_004_kani=true&JigyosyoCd=4570900045-00&ServiceCd=110&Type=search", "url2": "https://www.ebino-shakyo.jp" }, "geometry": { "type": "Point", "coordinates": [ 130.813695899999971, 32.0450554 ] } },
{ "type": "Feature", "properties": { "内容": "ケアステーションすまいりんぐ【訪問介護】宮崎県えびの市原田2139番地", "url": "https://www.kaigokensaku.mhlw.go.jp/45/index.php?action_kouhyou_detail_004_kani=true&JigyosyoCd=4570900524-00&ServiceCd=110&Type=search", "url2": "https://arismiling.life/" }, "geometry": { "type": "Point", "coordinates": [ 130.875882142327896, 32.034971990195913 ] } },
{ "type": "Feature", "properties": { "内容": "ヘルパーステーション　はらっぱ【訪問介護】宮崎県北諸県郡三股町大字樺山３４７２番地１１", "url": "https://www.kaigokensaku.mhlw.go.jp/45/index.php?action_kouhyou_detail_004_kani=true&JigyosyoCd=4571701038-00&ServiceCd=110&Type=search", "url2": null }, "geometry": { "type": "Point", "coordinates": [ 131.124186799999961, 31.7319743 ] } },
{ "type": "Feature", "properties": { "内容": "企業組合居宅介護サービス太陽【訪問介護】宮崎県北諸県郡三股町大字樺山５０９７－２", "url": "https://www.kaigokensaku.mhlw.go.jp/45/index.php?action_kouhyou_detail_004_kani=true&JigyosyoCd=4571700600-00&ServiceCd=110&Type=search", "url2": null }, "geometry": { "type": "Point", "coordinates": [ 131.111126300000024, 31.7362625 ] } },
{ "type": "Feature", "properties": { "内容": "ミューズの朝三股訪問ヘルパーステーション【訪問介護】宮崎県北諸県郡三股町大字樺山字射場前４５６８番地１", "url": "https://www.kaigokensaku.mhlw.go.jp/45/index.php?action_kouhyou_detail_004_kani=true&JigyosyoCd=4571700857-00&ServiceCd=110&Type=search", "url2": "managars@hoshakai.com" }, "geometry": { "type": "Point", "coordinates": [ 131.118689809686714, 31.731925854311047 ] } },
{ "type": "Feature", "properties": { "内容": "うぇりんぐホームヘルプステーション【訪問介護】宮崎県北諸県郡三股町大字樺山1321番地2うぇりんぐホームヘルプステーション", "url": "https://www.kaigokensaku.mhlw.go.jp/45/index.php?action_kouhyou_detail_004_kani=true&JigyosyoCd=4571700568-00&ServiceCd=110&Type=search", "url2": "http://www.welling-npo.com" }, "geometry": { "type": "Point", "coordinates": [ 131.122377805890295, 31.717436654276792 ] } },
{ "type": "Feature", "properties": { "内容": "社会福祉法人　三股町社会福祉協議会【訪問介護】宮崎県北諸県郡三股町大字樺山３３８４番地２", "url": "https://www.kaigokensaku.mhlw.go.jp/45/index.php?action_kouhyou_detail_004_kani=true&JigyosyoCd=4571700089-00&ServiceCd=110&Type=search", "url2": "http://www.mimata-syakyou.or.jp/" }, "geometry": { "type": "Point", "coordinates": [ 131.121520299999929, 31.728894 ] } },
{ "type": "Feature", "properties": { "内容": "星空の都訪問介護センターみまた【訪問介護】宮崎県北諸県郡三股町大字長田1266-1", "url": "https://www.kaigokensaku.mhlw.go.jp/45/index.php?action_kouhyou_detail_004_kani=true&JigyosyoCd=4571700394-00&ServiceCd=110&Type=search", "url2": "http://mimata.fujimoto.com" }, "geometry": { "type": "Point", "coordinates": [ 131.132191599999942, 31.7438455 ] } },
{ "type": "Feature", "properties": { "内容": "医療法人社団牧会　ふれあい指定訪問介護事業所【訪問介護】宮崎県北諸県郡三股町大字蓼池660番地", "url": "https://www.kaigokensaku.mhlw.go.jp/45/index.php?action_kouhyou_detail_004_kani=true&JigyosyoCd=4571700162-00&ServiceCd=110&Type=search", "url2": null }, "geometry": { "type": "Point", "coordinates": [ 131.1145368, 31.748667 ] } },
{ "type": "Feature", "properties": { "内容": "ミューズの朝　高原　訪問ヘルパーステーション【訪問介護】宮崎県西諸県郡高原町大字広原4965番地1", "url": "https://www.kaigokensaku.mhlw.go.jp/45/index.php?action_kouhyou_detail_004_kani=true&JigyosyoCd=4571800517-00&ServiceCd=110&Type=search", "url2": "managers@hoshakai.com" }, "geometry": { "type": "Point", "coordinates": [ 130.988212699999963, 31.9590489 ] } },
{ "type": "Feature", "properties": { "内容": "社会福祉法人高原町社会福祉協議会【訪問介護】宮崎県西諸県郡高原町大字西麓360番地１", "url": "https://www.kaigokensaku.mhlw.go.jp/45/index.php?action_kouhyou_detail_004_kani=true&JigyosyoCd=4571800111-00&ServiceCd=110&Type=search", "url2": "http://www.takaharu⁻shakyo.jp/" }, "geometry": { "type": "Point", "coordinates": [ 131.004575899999963, 31.9269606 ] } },
{ "type": "Feature", "properties": { "内容": "訪問介護ステーション　風の杜【訪問介護】宮崎県東諸県郡国富町大字宮王丸136", "url": "https://www.kaigokensaku.mhlw.go.jp/45/index.php?action_kouhyou_detail_004_kani=true&JigyosyoCd=4571900713-00&ServiceCd=110&Type=search", "url2": "http://care-net.biz/45/kazenomori/" }, "geometry": { "type": "Point", "coordinates": [ 131.344220700000051, 31.9889745 ] } },
{ "type": "Feature", "properties": { "内容": "企業組合福祉サービスみちくさ【訪問介護】宮崎県東諸県郡国富町大字向高字和田1402-3", "url": "https://www.kaigokensaku.mhlw.go.jp/45/index.php?action_kouhyou_detail_004_kani=true&JigyosyoCd=4571900499-00&ServiceCd=110&Type=search", "url2": null }, "geometry": { "type": "Point", "coordinates": [ 131.285230579345409, 31.988516945651579 ] } },
{ "type": "Feature", "properties": { "内容": "訪問介護事業所なずな【訪問介護】宮崎県東諸県郡国富町大字本庄2060番地７TKコーポ１０１号室", "url": "https://www.kaigokensaku.mhlw.go.jp/45/index.php?action_kouhyou_detail_004_kani=true&JigyosyoCd=4571900739-00&ServiceCd=110&Type=search", "url2": null }, "geometry": { "type": "Point", "coordinates": [ 131.339361223313489, 31.986032537586489 ] } },
{ "type": "Feature", "properties": { "内容": "訪問介護ふたば【訪問介護】宮崎県東諸県郡国富町大字本庄1975番地1KMKコーポ103号", "url": "https://www.kaigokensaku.mhlw.go.jp/45/index.php?action_kouhyou_detail_004_kani=true&JigyosyoCd=4571901042-00&ServiceCd=110&Type=search", "url2": null }, "geometry": { "type": "Point", "coordinates": [ 131.33630117153325, 31.988092035736159 ] } },
{ "type": "Feature", "properties": { "内容": "ヘルパーステーション温家【訪問介護】宮崎県東諸県郡国富町大字八代南俣字川上2055番地", "url": "https://www.kaigokensaku.mhlw.go.jp/45/index.php?action_kouhyou_detail_004_kani=true&JigyosyoCd=4571901091-00&ServiceCd=110&Type=search", "url2": "attaka8246@gmail.com" }, "geometry": { "type": "Point", "coordinates": [ 131.2507325, 32.0690266 ] } },
{ "type": "Feature", "properties": { "内容": "中央ヘルパーステーション【訪問介護】宮崎県東諸県郡国富町大字本庄1696番地", "url": "https://www.kaigokensaku.mhlw.go.jp/45/index.php?action_kouhyou_detail_004_kani=true&JigyosyoCd=4571901117-00&ServiceCd=110&Type=search", "url2": null }, "geometry": { "type": "Point", "coordinates": [ 131.332712884655706, 31.991269162935541 ] } },
{ "type": "Feature", "properties": { "内容": "ミューズの朝国富訪問ヘルパーステーション【訪問介護】宮崎県東諸県郡国富町大字本庄6522-1", "url": "https://www.kaigokensaku.mhlw.go.jp/45/index.php?action_kouhyou_detail_004_kani=true&JigyosyoCd=4571900846-00&ServiceCd=110&Type=search", "url2": "managers@hoshakai.com" }, "geometry": { "type": "Point", "coordinates": [ 131.311950964604193, 31.992916846943768 ] } },
{ "type": "Feature", "properties": { "内容": "ケアセンター一期一会ホームヘルプサービス【訪問介護】東諸県郡国富町大字本庄4832-7", "url": "https://www.kaigokensaku.mhlw.go.jp/45/index.php?action_kouhyou_detail_004_kani=true&JigyosyoCd=4571900226-00&ServiceCd=110&Type=search", "url2": "http://www.ichigoichie-kunitomi.com/" }, "geometry": { "type": "Point", "coordinates": [ 131.293580799999972, 32.0038558 ] } },
{ "type": "Feature", "properties": { "内容": "訪問介護ステーション風の杜【訪問介護】宮崎県東諸県郡国富町大字宮王丸136", "url": "https://www.kaigokensaku.mhlw.go.jp/45/index.php?action_kouhyou_detail_004_kani=true&JigyosyoCd=4571901141-00&ServiceCd=110&Type=search", "url2": "https：//amecs‐estate.co.jp" }, "geometry": { "type": "Point", "coordinates": [ 131.3473266, 31.9849621 ] } },
{ "type": "Feature", "properties": { "内容": "サポートセンター　愛Ｌｉｆｅ【訪問介護】宮崎県東諸県郡国富町大字三名１１６２番地２", "url": "https://www.kaigokensaku.mhlw.go.jp/45/index.php?action_kouhyou_detail_004_kani=true&JigyosyoCd=4571900911-00&ServiceCd=110&Type=search", "url2": null }, "geometry": { "type": "Point", "coordinates": [ 131.341331299999979, 32.0036761 ] } },
{ "type": "Feature", "properties": { "内容": "紫雲台ヘルパーステーション【訪問介護】宮崎県東諸県郡国富町大字八代南俣2046-1", "url": "https://www.kaigokensaku.mhlw.go.jp/45/index.php?action_kouhyou_detail_004_kani=true&JigyosyoCd=4571900622-00&ServiceCd=110&Type=search", "url2": "http:" }, "geometry": { "type": "Point", "coordinates": [ 131.298632448104854, 32.030593992198177 ] } },
{ "type": "Feature", "properties": { "内容": "社会福祉法人慶明会国富慶明会ヘルパーステーション【訪問介護】宮崎県東諸県国富町大字岩知野字明久３５７番地", "url": "https://www.kaigokensaku.mhlw.go.jp/45/index.php?action_kouhyou_detail_004_kani=true&JigyosyoCd=4571900051-00&ServiceCd=110&Type=search", "url2": "http:/www.keimeisw.or.jp" }, "geometry": { "type": "Point", "coordinates": [ 131.36996709999994, 31.9730293 ] } },
{ "type": "Feature", "properties": { "内容": "訪問介護事業所やすらぎ【訪問介護】宮崎県東諸県郡綾町大字入野3282-1やすらぎの杜", "url": "https://www.kaigokensaku.mhlw.go.jp/45/index.php?action_kouhyou_detail_004_kani=true&JigyosyoCd=4571900044-00&ServiceCd=110&Type=search", "url2": "http://yasuragi-sato.main.jp" }, "geometry": { "type": "Point", "coordinates": [ 131.270748581359726, 31.998112087917537 ] } },
{ "type": "Feature", "properties": { "内容": "訪問介護事業所　ひらり【訪問介護】宮崎県東諸県郡綾町大字南俣617番地1", "url": "https://www.kaigokensaku.mhlw.go.jp/45/index.php?action_kouhyou_detail_004_kani=true&JigyosyoCd=4571900945-00&ServiceCd=110&Type=search", "url2": "https://mahoweb.com" }, "geometry": { "type": "Point", "coordinates": [ 131.253185422338419, 31.997168691761448 ] } },
{ "type": "Feature", "properties": { "内容": "株式会社のあ　訪問介護事業所【訪問介護】宮崎県東諸県郡綾町大字南俣671番地　ｴﾊﾞｰｸﾞﾘｰﾝ202", "url": "https://www.kaigokensaku.mhlw.go.jp/45/index.php?action_kouhyou_detail_004_kani=true&JigyosyoCd=4571900689-00&ServiceCd=110&Type=search", "url2": null }, "geometry": { "type": "Point", "coordinates": [ 131.252763776980146, 31.998328380531436 ] } },
{ "type": "Feature", "properties": { "内容": "訪問介護ステーションしゃちんぼの濱【訪問介護】宮崎県児湯郡高鍋町大字蚊口浦6036番地", "url": "https://www.kaigokensaku.mhlw.go.jp/45/index.php?action_kouhyou_detail_004_kani=true&JigyosyoCd=4572001743-00&ServiceCd=110&Type=search", "url2": "www.technomix-miyazaki.jp" }, "geometry": { "type": "Point", "coordinates": [ 131.5311216, 32.1249186 ] } },
{ "type": "Feature", "properties": { "内容": "訪問介護事業所　めいりん【訪問介護】宮崎県児湯郡高鍋町大字上江6649番地123", "url": "https://www.kaigokensaku.mhlw.go.jp/45/index.php?action_kouhyou_detail_004_kani=true&JigyosyoCd=4572001685-00&ServiceCd=110&Type=search", "url2": "https://care-line.jp/sakura-takanabe/" }, "geometry": { "type": "Point", "coordinates": [ 131.469280300000037, 32.1154045 ] } },
{ "type": "Feature", "properties": { "内容": "社会福祉法人高鍋町社会福祉協議会訪問介護事業所【訪問介護】宮崎県児湯郡高鍋町北高鍋３００番地", "url": "https://www.kaigokensaku.mhlw.go.jp/45/index.php?action_kouhyou_detail_004_kani=true&JigyosyoCd=4572000174-00&ServiceCd=110&Type=search", "url2": "http://www.takanabe-shakyo.or.ip" }, "geometry": { "type": "Point", "coordinates": [ 131.506415599999968, 32.1258766 ] } },
{ "type": "Feature", "properties": { "内容": "訪問介護センター新富【訪問介護】大字新田字羽広1928番1", "url": "https://www.kaigokensaku.mhlw.go.jp/45/index.php?action_kouhyou_detail_004_kani=true&JigyosyoCd=4572001370-00&ServiceCd=110&Type=search", "url2": null }, "geometry": { "type": "Point", "coordinates": [ 131.459669100000013, 32.0652762 ] } },
{ "type": "Feature", "properties": { "内容": "訪問介護事業所　リンクケア【訪問介護】宮崎県児湯郡新富町富田西2丁目10番サングリーン102号室", "url": "https://www.kaigokensaku.mhlw.go.jp/45/index.php?action_kouhyou_detail_004_kani=true&JigyosyoCd=4572001974-00&ServiceCd=110&Type=search", "url2": null }, "geometry": { "type": "Point", "coordinates": [ 131.487216, 32.065002 ] } },
{ "type": "Feature", "properties": { "内容": "花と緑のヘルパーステーション【訪問介護】宮崎県児湯郡新冨町大字上富田7058-3Sコーポ101号", "url": "https://www.kaigokensaku.mhlw.go.jp/45/index.php?action_kouhyou_detail_004_kani=true&JigyosyoCd=4572001305-00&ServiceCd=110&Type=search", "url2": "http://hana-midori.jp/gennki-info.html" }, "geometry": { "type": "Point", "coordinates": [ 131.486214150482112, 32.065062258058305 ] } },
{ "type": "Feature", "properties": { "内容": "訪問介護　優【訪問介護】宮崎県児湯郡新富町大字上富田3805番地", "url": "https://www.kaigokensaku.mhlw.go.jp/45/index.php?action_kouhyou_detail_004_kani=true&JigyosyoCd=4572001628-00&ServiceCd=110&Type=search", "url2": "http://www.roujinhome-yuu.jp" }, "geometry": { "type": "Point", "coordinates": [ 131.482806799999906, 32.0630489 ] } },
{ "type": "Feature", "properties": { "内容": "ケアサービス・オーシャン【訪問介護】宮崎県児湯郡新富町大字新田3693-1ナーシングホーム・オーシャン", "url": "https://www.kaigokensaku.mhlw.go.jp/45/index.php?action_kouhyou_detail_004_kani=true&JigyosyoCd=4572001784-00&ServiceCd=110&Type=search", "url2": null }, "geometry": { "type": "Point", "coordinates": [ 131.446395451342852, 32.059732396136226 ] } },
{ "type": "Feature", "properties": { "内容": "ヘルパーステーションにゅうた【訪問介護】宮崎県児湯郡新富町大字新田5859番地", "url": "https://www.kaigokensaku.mhlw.go.jp/45/index.php?action_kouhyou_detail_004_kani=true&JigyosyoCd=4572001529-00&ServiceCd=110&Type=search", "url2": null }, "geometry": { "type": "Point", "coordinates": [ 131.445783002104832, 32.069073906974751 ] } },
{ "type": "Feature", "properties": { "内容": "合同会社ケアハンドたぶの木坂【訪問介護】宮崎県児湯郡新富町大字新田16357番地2", "url": "https://www.kaigokensaku.mhlw.go.jp/45/index.php?action_kouhyou_detail_004_kani=true&JigyosyoCd=4572001750-00&ServiceCd=110&Type=search", "url2": null }, "geometry": { "type": "Point", "coordinates": [ 131.4453599, 32.0986227 ] } },
{ "type": "Feature", "properties": { "内容": "社会福祉法人新富町社会福祉協議会【訪問介護】宮崎県新富町大字上富田７４８５－１４", "url": "https://www.kaigokensaku.mhlw.go.jp/45/index.php?action_kouhyou_detail_004_kani=true&JigyosyoCd=4572000075-00&ServiceCd=110&Type=search", "url2": null }, "geometry": { "type": "Point", "coordinates": [ 131.486742847360262, 32.069267216391545 ] } },
{ "type": "Feature", "properties": { "内容": "訪問介護事業所みなみ【訪問介護】大字新田１９３６４-７", "url": "https://www.kaigokensaku.mhlw.go.jp/45/index.php?action_kouhyou_detail_004_kani=true&JigyosyoCd=4572001271-00&ServiceCd=110&Type=search", "url2": "http:carehome373.wed.fc2.com" }, "geometry": { "type": "Point", "coordinates": [ 131.468856499999987, 32.0921483 ] } },
{ "type": "Feature", "properties": { "内容": "社会福祉法人木城町社会福祉協議会居宅介護サービス事業所【訪問介護】宮崎県児湯郡木城町大字椎木2140番地の1木城町福祉保健センター", "url": "https://www.kaigokensaku.mhlw.go.jp/45/index.php?action_kouhyou_detail_004_kani=true&JigyosyoCd=4572000182-00&ServiceCd=110&Type=search", "url2": "https://www.kijo-shakyo.jp/" }, "geometry": { "type": "Point", "coordinates": [ 131.466678017057802, 32.162852515082477 ] } },
{ "type": "Feature", "properties": { "内容": "訪問介護ステーション　いきいき【訪問介護】宮崎県児湯郡木城町中之又359", "url": "https://www.kaigokensaku.mhlw.go.jp/45/index.php?action_kouhyou_detail_004_kani=true&JigyosyoCd=4572001404-00&ServiceCd=110&Type=search", "url2": null }, "geometry": { "type": "Point", "coordinates": [ 131.356793022124862, 32.304244491776004 ] } },
{ "type": "Feature", "properties": { "内容": "訪問介護ステーション煌【訪問介護】大字椎木4511-1-2", "url": "https://www.kaigokensaku.mhlw.go.jp/45/index.php?action_kouhyou_detail_004_kani=true&JigyosyoCd=4572001669-00&ServiceCd=110&Type=search", "url2": null }, "geometry": { "type": "Point", "coordinates": [ 131.456264199999964, 32.152191 ] } },
{ "type": "Feature", "properties": { "内容": "合同会社　ケアセンターこころ【訪問介護】宮崎県児湯郡木城町大字椎木4249番地7", "url": "https://www.kaigokensaku.mhlw.go.jp/45/index.php?action_kouhyou_detail_004_kani=true&JigyosyoCd=4572001511-00&ServiceCd=110&Type=search", "url2": null }, "geometry": { "type": "Point", "coordinates": [ 131.471224305075168, 32.157066983781505 ] } },
{ "type": "Feature", "properties": { "内容": "ケアサポート　向日葵【訪問介護】宮崎県児湯郡木城町大字高城3888番地1住宅型有料老人ホーム　結芽", "url": "https://www.kaigokensaku.mhlw.go.jp/45/index.php?action_kouhyou_detail_004_kani=true&JigyosyoCd=4572001651-00&ServiceCd=110&Type=search", "url2": null }, "geometry": { "type": "Point", "coordinates": [ 131.472754016567563, 32.165290365211234 ] } },
{ "type": "Feature", "properties": { "内容": "訪問介護事業所さくらの里【訪問介護】宮崎県児湯郡川南町大字平田字卒手911-3", "url": "https://www.kaigokensaku.mhlw.go.jp/45/index.php?action_kouhyou_detail_004_kani=true&JigyosyoCd=4572001578-00&ServiceCd=110&Type=search", "url2": "http://www.maruyoshi-sakuranosato.jp/index" }, "geometry": { "type": "Point", "coordinates": [ 131.54169730000001, 32.2023121 ] } },
{ "type": "Feature", "properties": { "内容": "ヘルパーステーションはぴねす【訪問介護】宮崎県児湯郡川南町大字川南27486番地1住宅型有料老人ホーム多賀の家", "url": "https://www.kaigokensaku.mhlw.go.jp/45/index.php?action_kouhyou_detail_004_kani=true&JigyosyoCd=4572001826-00&ServiceCd=110&Type=search", "url2": null }, "geometry": { "type": "Point", "coordinates": [ 131.485848598147584, 32.18252254980672 ] } },
{ "type": "Feature", "properties": { "内容": "川南町社協ヘルプサービス【訪問介護】宮崎県児湯郡川南町大字川南13680-1", "url": "https://www.kaigokensaku.mhlw.go.jp/45/index.php?action_kouhyou_detail_004_kani=true&JigyosyoCd=4572000018-00&ServiceCd=110&Type=search", "url2": "http://www.kawasyakyo.com/" }, "geometry": { "type": "Point", "coordinates": [ 131.526101599999947, 32.1927511 ] } },
{ "type": "Feature", "properties": { "内容": "ケアステーション湯癒亭【訪問介護】宮崎県児湯郡川南町大字平田2379番地1", "url": "https://www.kaigokensaku.mhlw.go.jp/45/index.php?action_kouhyou_detail_004_kani=true&JigyosyoCd=4572001438-00&ServiceCd=110&Type=search", "url2": null }, "geometry": { "type": "Point", "coordinates": [ 131.528068816146856, 32.193893401432206 ] } },
{ "type": "Feature", "properties": { "内容": "訪問介護事業所　ひだまり【訪問介護】宮崎県児湯郡都農町大字川北1003番地12", "url": "https://www.kaigokensaku.mhlw.go.jp/45/index.php?action_kouhyou_detail_004_kani=true&JigyosyoCd=4572001867-00&ServiceCd=110&Type=search", "url2": null }, "geometry": { "type": "Point", "coordinates": [ 131.544638899384267, 32.250248558975073 ] } },
{ "type": "Feature", "properties": { "内容": "ニチイケアセンター門川【訪問介護】宮崎県東臼杵郡門川町宮ヶ原１丁目５５番地ワタナベテナント", "url": "https://www.kaigokensaku.mhlw.go.jp/45/index.php?action_kouhyou_detail_004_kani=true&JigyosyoCd=4572101261-00&ServiceCd=110&Type=search", "url2": "http://www.nichiigakkan.co.jp" }, "geometry": { "type": "Point", "coordinates": [ 131.64796750000005, 32.481778274779415 ] } },
{ "type": "Feature", "properties": { "内容": "夢くらぶ２４介護福祉サービス【訪問介護】宮崎県東臼杵郡門川町加草１６２９番地", "url": "https://www.kaigokensaku.mhlw.go.jp/45/index.php?action_kouhyou_detail_004_kani=true&JigyosyoCd=4572100792-00&ServiceCd=110&Type=search", "url2": null }, "geometry": { "type": "Point", "coordinates": [ 131.660391957116616, 32.48720832028409 ] } },
{ "type": "Feature", "properties": { "内容": "ヘルパーステーション　フリーダム【訪問介護】宮崎県東臼杵郡門川町西栄町1丁目5-14", "url": "https://www.kaigokensaku.mhlw.go.jp/45/index.php?action_kouhyou_detail_004_kani=true&JigyosyoCd=4572101212-00&ServiceCd=110&Type=search", "url2": null }, "geometry": { "type": "Point", "coordinates": [ 131.648034100562654, 32.478609758044939 ] } },
{ "type": "Feature", "properties": { "内容": "悠ライフ　訪問介護事業所【訪問介護】宮崎県東臼杵郡門川町大字門川尾末9272", "url": "https://www.kaigokensaku.mhlw.go.jp/45/index.php?action_kouhyou_detail_004_kani=true&JigyosyoCd=4572100941-00&ServiceCd=110&Type=search", "url2": "http://youyou-kobo.jp/" }, "geometry": { "type": "Point", "coordinates": [ 131.654610700000035, 32.4776031 ] } },
{ "type": "Feature", "properties": { "内容": "訪問介護事業所　すずらん【訪問介護】東臼杵郡門川町城ヶ丘20-70", "url": "https://www.kaigokensaku.mhlw.go.jp/45/index.php?action_kouhyou_detail_004_kani=true&JigyosyoCd=4572101113-00&ServiceCd=110&Type=search", "url2": null }, "geometry": { "type": "Point", "coordinates": [ 131.64525330604215, 32.477504285906363 ] } },
{ "type": "Feature", "properties": { "内容": "ほっとステーション虹【訪問介護】宮崎県東臼杵郡門川町大字門川尾末8781番地", "url": "https://www.kaigokensaku.mhlw.go.jp/45/index.php?action_kouhyou_detail_004_kani=true&JigyosyoCd=4572101105-00&ServiceCd=110&Type=search", "url2": null }, "geometry": { "type": "Point", "coordinates": [ 131.654874800000016, 32.4726063 ] } },
{ "type": "Feature", "properties": { "内容": "そよ風ステーション【訪問介護】宮崎県東臼杵郡門川町西栄町３丁目2-12", "url": "https://www.kaigokensaku.mhlw.go.jp/45/index.php?action_kouhyou_detail_004_kani=true&JigyosyoCd=4572101196-00&ServiceCd=110&Type=search", "url2": null }, "geometry": { "type": "Point", "coordinates": [ 131.651006, 32.4808873 ] } },
{ "type": "Feature", "properties": { "内容": "訪問介護事業所ひなた【訪問介護】宮崎県東臼杵郡門川町大字加草１５４１番地１", "url": "https://www.kaigokensaku.mhlw.go.jp/45/index.php?action_kouhyou_detail_004_kani=true&JigyosyoCd=4572100834-00&ServiceCd=110&Type=search", "url2": "http://care-net.biz/45/himukafs/" }, "geometry": { "type": "Point", "coordinates": [ 131.662054300000023, 32.4891719 ] } },
{ "type": "Feature", "properties": { "内容": "社会福祉法人門川町社会福祉協議会【訪問介護】宮崎県東臼杵郡門川町庵川西６丁目６０番地", "url": "https://www.kaigokensaku.mhlw.go.jp/45/index.php?action_kouhyou_detail_004_kani=true&JigyosyoCd=4572100271-00&ServiceCd=110&Type=search", "url2": null }, "geometry": { "type": "Point", "coordinates": [ 131.673763940628049, 32.482630289325421 ] } },
{ "type": "Feature", "properties": { "内容": "椎葉村社会福祉協議会訪問介護事業所【訪問介護】宮崎県東臼杵郡椎葉村大字下福良１７６２－１保健センター", "url": "https://www.kaigokensaku.mhlw.go.jp/45/index.php?action_kouhyou_detail_004_kani=true&JigyosyoCd=4572100487-00&ServiceCd=110&Type=search", "url2": "http://shiiba-shakyo.or.jp" }, "geometry": { "type": "Point", "coordinates": [ 131.158653700000059, 32.4673558 ] } },
{ "type": "Feature", "properties": { "内容": "特別養護老人ホームシルバースターうなまの里訪問介護事業所【訪問介護】宮崎県東臼杵郡美郷町北郷宇納間170", "url": "https://www.kaigokensaku.mhlw.go.jp/45/index.php?action_kouhyou_detail_004_kani=true&JigyosyoCd=4572100016-00&ServiceCd=110&Type=search", "url2": null }, "geometry": { "type": "Point", "coordinates": [ 131.443688100000031, 32.5049572 ] } },
{ "type": "Feature", "properties": { "内容": "株式会社サン・ルーム高千穂【訪問介護】宮崎県西臼杵郡高千穂町大字三田井3380-1有料老人ホーム皇寿", "url": "https://www.kaigokensaku.mhlw.go.jp/45/index.php?action_kouhyou_detail_004_kani=true&JigyosyoCd=4572200238-00&ServiceCd=110&Type=search", "url2": "http://sunroom-kaigo.com" }, "geometry": { "type": "Point", "coordinates": [ 131.317381681150778, 32.7192642909597 ] } },
{ "type": "Feature", "properties": { "内容": "ヘルパーステーション　あんず【訪問介護】宮崎県西臼杵郡高千穂町大字押方1303番地3", "url": "https://www.kaigokensaku.mhlw.go.jp/45/index.php?action_kouhyou_detail_004_kani=true&JigyosyoCd=4572200261-00&ServiceCd=110&Type=search", "url2": null }, "geometry": { "type": "Point", "coordinates": [ 131.292618976196309, 32.708689722641701 ] } },
{ "type": "Feature", "properties": { "内容": "株式会社サン・ルーム西臼杵営業所【訪問介護】宮崎県西臼杵郡日之影町大字七折12190-1", "url": "https://www.kaigokensaku.mhlw.go.jp/45/index.php?action_kouhyou_detail_004_kani=true&JigyosyoCd=4572200105-00&ServiceCd=110&Type=search", "url2": "http://care-net.biz/45/sun-room" }, "geometry": { "type": "Point", "coordinates": [ 131.430494, 32.619977 ] } },
{ "type": "Feature", "properties": { "内容": "社会福祉法人五ヶ瀬町社会福祉協議会【訪問介護】宮崎県西臼杵郡五ヶ瀬町大字三ケ所１０７２５－５", "url": "https://www.kaigokensaku.mhlw.go.jp/45/index.php?action_kouhyou_detail_004_kani=true&JigyosyoCd=4572200022-00&ServiceCd=110&Type=search", "url2": "http//gokase-csw.or.jp" }, "geometry": { "type": "Point", "coordinates": [ 131.198741688957085, 32.685528386812855 ] } },
{ "type": "Feature", "properties": { "内容": "ヘルパーステーション和音【訪問介護】宮崎県西臼杵郡五ヶ瀬町大字鞍岡6478番地", "url": "https://www.kaigokensaku.mhlw.go.jp/45/index.php?action_kouhyou_detail_004_kani=true&JigyosyoCd=4572200345-00&ServiceCd=110&Type=search", "url2": null }, "geometry": { "type": "Point", "coordinates": [ 131.176990479566939, 32.654236975533316 ] } }
]
}
