{
"type": "FeatureCollection",
"name": "geo_45_3",
"crs": { "type": "name", "properties": { "name": "urn:ogc:def:crs:OGC:1.3:CRS84" } },
"features": [
{ "type": "Feature", "properties": { "ID": 4530930215, "正式名称": "はまだ歯科医院", "機関区分": 3, "都道府県コード": 45, "市区町村コード": 209, "所在地": "宮崎県えびの市原田３２１６－１８", "緯度": 32.044108, "経度": 130.865467, "url": "https://www.iryou.teikyouseido.mhlw.go.jp/znk-web/juminkanja/S2430/initialize?prefCd=45&kikanCd=0930215&kikanKbn=3", "url2": null, "内容": "はまだ歯科医院【3:歯科】宮崎県えびの市原田３２１６－１８" }, "geometry": { "type": "Point", "coordinates": [ 130.865467, 32.044108 ] } },
{ "type": "Feature", "properties": { "ID": 4533450100320, "正式名称": "黒木歯科医院", "機関区分": 3, "都道府県コード": 45, "市区町村コード": 201, "所在地": "宮崎県宮崎市広島１−４−３", "緯度": 31.915375, "経度": 131.425503, "url": "https://www.iryou.teikyouseido.mhlw.go.jp/znk-web/juminkanja/S2430/initialize?prefCd=45&kikanCd=3450100320&kikanKbn=3", "url2": null, "内容": "黒木歯科医院【3:歯科】宮崎県宮崎市広島１−４−３" }, "geometry": { "type": "Point", "coordinates": [ 131.425503, 31.915375 ] } },
{ "type": "Feature", "properties": { "ID": 4533450100580, "正式名称": "シゲシロ歯科医院", "機関区分": 3, "都道府県コード": 45, "市区町村コード": 201, "所在地": "宮崎県宮崎市中村西１丁目３－１", "緯度": 31.90228, "経度": 131.41875, "url": "https://www.iryou.teikyouseido.mhlw.go.jp/znk-web/juminkanja/S2430/initialize?prefCd=45&kikanCd=3450100580&kikanKbn=3", "url2": null, "内容": "シゲシロ歯科医院【3:歯科】宮崎県宮崎市中村西１丁目３－１" }, "geometry": { "type": "Point", "coordinates": [ 131.41875, 31.90228 ] } },
{ "type": "Feature", "properties": { "ID": 4533450100870, "正式名称": "田島歯科医院", "機関区分": 3, "都道府県コード": 45, "市区町村コード": 201, "所在地": "宮崎県宮崎市中村東２丁目６番２７号", "緯度": 31.897877, "経度": 131.419133, "url": "https://www.iryou.teikyouseido.mhlw.go.jp/znk-web/juminkanja/S2430/initialize?prefCd=45&kikanCd=3450100870&kikanKbn=3", "url2": null, "内容": "田島歯科医院【3:歯科】宮崎県宮崎市中村東２丁目６番２７号" }, "geometry": { "type": "Point", "coordinates": [ 131.419133, 31.897877 ] } },
{ "type": "Feature", "properties": { "ID": 4533450100900, "正式名称": "新原歯科医院", "機関区分": 3, "都道府県コード": 45, "市区町村コード": 201, "所在地": "宮崎県宮崎市清水２丁目１１番２０号", "緯度": 31.921203, "経度": 131.420736, "url": "https://www.iryou.teikyouseido.mhlw.go.jp/znk-web/juminkanja/S2430/initialize?prefCd=45&kikanCd=3450100900&kikanKbn=3", "url2": null, "内容": "新原歯科医院【3:歯科】宮崎県宮崎市清水２丁目１１番２０号" }, "geometry": { "type": "Point", "coordinates": [ 131.420736, 31.921203 ] } },
{ "type": "Feature", "properties": { "ID": 4533450101590, "正式名称": "丸山歯科医院", "機関区分": 3, "都道府県コード": 45, "市区町村コード": 201, "所在地": "宮崎県宮崎市橘通東４−１１−９", "緯度": 31.919567, "経度": 131.425149, "url": "https://www.iryou.teikyouseido.mhlw.go.jp/znk-web/juminkanja/S2430/initialize?prefCd=45&kikanCd=3450101590&kikanKbn=3", "url2": null, "内容": "丸山歯科医院【3:歯科】宮崎県宮崎市橘通東４−１１−９" }, "geometry": { "type": "Point", "coordinates": [ 131.425149, 31.919567 ] } },
{ "type": "Feature", "properties": { "ID": 4533450101880, "正式名称": "相馬歯科医院", "機関区分": 3, "都道府県コード": 45, "市区町村コード": 201, "所在地": "宮崎県宮崎市太田１丁目１−４２", "緯度": 31.903432, "経度": 131.420399, "url": "https://www.iryou.teikyouseido.mhlw.go.jp/znk-web/juminkanja/S2430/initialize?prefCd=45&kikanCd=3450101880&kikanKbn=3", "url2": null, "内容": "相馬歯科医院【3:歯科】宮崎県宮崎市太田１丁目１−４２" }, "geometry": { "type": "Point", "coordinates": [ 131.420399, 31.903432 ] } },
{ "type": "Feature", "properties": { "ID": 4533450101910, "正式名称": "新坂歯科医院", "機関区分": 3, "都道府県コード": 45, "市区町村コード": 201, "所在地": "宮崎県宮崎市旭１−６−１８", "緯度": 31.908413, "経度": 131.427618, "url": "https://www.iryou.teikyouseido.mhlw.go.jp/znk-web/juminkanja/S2430/initialize?prefCd=45&kikanCd=3450101910&kikanKbn=3", "url2": null, "内容": "新坂歯科医院【3:歯科】宮崎県宮崎市旭１−６−１８" }, "geometry": { "type": "Point", "coordinates": [ 131.427618, 31.908413 ] } },
{ "type": "Feature", "properties": { "ID": 4533450102050, "正式名称": "池田歯科医院", "機関区分": 3, "都道府県コード": 45, "市区町村コード": 201, "所在地": "宮崎県宮崎市中村西２丁目７−５", "緯度": 31.898544, "経度": 131.417728, "url": "https://www.iryou.teikyouseido.mhlw.go.jp/znk-web/juminkanja/S2430/initialize?prefCd=45&kikanCd=3450102050&kikanKbn=3", "url2": null, "内容": "池田歯科医院【3:歯科】宮崎県宮崎市中村西２丁目７−５" }, "geometry": { "type": "Point", "coordinates": [ 131.417728, 31.898544 ] } },
{ "type": "Feature", "properties": { "ID": 4533450102180, "正式名称": "医療法人至誠会　松井歯科医院", "機関区分": 3, "都道府県コード": 45, "市区町村コード": 201, "所在地": "宮崎県宮崎市清水１−５−８", "緯度": 31.918478, "経度": 131.421877, "url": "https://www.iryou.teikyouseido.mhlw.go.jp/znk-web/juminkanja/S2430/initialize?prefCd=45&kikanCd=3450102180&kikanKbn=3", "url2": "http://dental-matsui.com/", "内容": "医療法人至誠会　松井歯科医院【3:歯科】宮崎県宮崎市清水１−５−８" }, "geometry": { "type": "Point", "coordinates": [ 131.421877, 31.918478 ] } },
{ "type": "Feature", "properties": { "ID": 4533450102340, "正式名称": "黒木歯科医院", "機関区分": 3, "都道府県コード": 45, "市区町村コード": 201, "所在地": "宮崎県宮崎市旭１−３−１８", "緯度": 31.910126, "経度": 131.426013, "url": "https://www.iryou.teikyouseido.mhlw.go.jp/znk-web/juminkanja/S2430/initialize?prefCd=45&kikanCd=3450102340&kikanKbn=3", "url2": "http://kuroki-dental.net", "内容": "黒木歯科医院【3:歯科】宮崎県宮崎市旭１−３−１８" }, "geometry": { "type": "Point", "coordinates": [ 131.426013, 31.910126 ] } },
{ "type": "Feature", "properties": { "ID": 4533450102630, "正式名称": "西山歯科医院", "機関区分": 3, "都道府県コード": 45, "市区町村コード": 201, "所在地": "宮崎県宮崎市神宮西２丁目１８３", "緯度": 31.940295, "経度": 131.420782, "url": "https://www.iryou.teikyouseido.mhlw.go.jp/znk-web/juminkanja/S2430/initialize?prefCd=45&kikanCd=3450102630&kikanKbn=3", "url2": null, "内容": "西山歯科医院【3:歯科】宮崎県宮崎市神宮西２丁目１８３" }, "geometry": { "type": "Point", "coordinates": [ 131.420782, 31.940295 ] } },
{ "type": "Feature", "properties": { "ID": 4533450102760, "正式名称": "いわた歯科医院", "機関区分": 3, "都道府県コード": 45, "市区町村コード": 201, "所在地": "宮崎県宮崎市橘通東４丁目５−２", "緯度": 31.917845, "経度": 131.42431, "url": "https://www.iryou.teikyouseido.mhlw.go.jp/znk-web/juminkanja/S2430/initialize?prefCd=45&kikanCd=3450102760&kikanKbn=3", "url2": null, "内容": "いわた歯科医院【3:歯科】宮崎県宮崎市橘通東４丁目５−２" }, "geometry": { "type": "Point", "coordinates": [ 131.42431, 31.917845 ] } },
{ "type": "Feature", "properties": { "ID": 4533450102920, "正式名称": "かまた歯科・かまたキッズデンタルパーク", "機関区分": 3, "都道府県コード": 45, "市区町村コード": 201, "所在地": "宮崎県宮崎市青葉町１２１−２", "緯度": 31.920087, "経度": 131.436083, "url": "https://www.iryou.teikyouseido.mhlw.go.jp/znk-web/juminkanja/S2430/initialize?prefCd=45&kikanCd=3450102920&kikanKbn=3", "url2": "http://kamata-sika.com", "内容": "かまた歯科・かまたキッズデンタルパーク【3:歯科】宮崎県宮崎市青葉町１２１−２" }, "geometry": { "type": "Point", "coordinates": [ 131.436083, 31.920087 ] } },
{ "type": "Feature", "properties": { "ID": 4533450103930, "正式名称": "太田歯科医院", "機関区分": 3, "都道府県コード": 45, "市区町村コード": 201, "所在地": "宮崎県宮崎市橘通東３丁目４−２６", "緯度": 31.915699, "経度": 131.423894, "url": "https://www.iryou.teikyouseido.mhlw.go.jp/znk-web/juminkanja/S2430/initialize?prefCd=45&kikanCd=3450103930&kikanKbn=3", "url2": "http://www.ohta-dc.jp/", "内容": "太田歯科医院【3:歯科】宮崎県宮崎市橘通東３丁目４−２６" }, "geometry": { "type": "Point", "coordinates": [ 131.423894, 31.915699 ] } },
{ "type": "Feature", "properties": { "ID": 4533450104940, "正式名称": "新田歯科医院", "機関区分": 3, "都道府県コード": 45, "市区町村コード": 201, "所在地": "宮崎県宮崎市橘通西５丁目２番２号", "緯度": 31.920333, "経度": 131.423224, "url": "https://www.iryou.teikyouseido.mhlw.go.jp/znk-web/juminkanja/S2430/initialize?prefCd=45&kikanCd=3450104940&kikanKbn=3", "url2": null, "内容": "新田歯科医院【3:歯科】宮崎県宮崎市橘通西５丁目２番２号" }, "geometry": { "type": "Point", "coordinates": [ 131.423224, 31.920333 ] } },
{ "type": "Feature", "properties": { "ID": 4533450105110, "正式名称": "タナカデンタルクリニック", "機関区分": 3, "都道府県コード": 45, "市区町村コード": 201, "所在地": "宮崎県宮崎市橘通東２－４－２３", "緯度": 31.911583, "経度": 131.423071, "url": "https://www.iryou.teikyouseido.mhlw.go.jp/znk-web/juminkanja/S2430/initialize?prefCd=45&kikanCd=3450105110&kikanKbn=3", "url2": null, "内容": "タナカデンタルクリニック【3:歯科】宮崎県宮崎市橘通東２－４－２３" }, "geometry": { "type": "Point", "coordinates": [ 131.423071, 31.911583 ] } },
{ "type": "Feature", "properties": { "ID": 4533450105820, "正式名称": "医療法人　誠英会　土田歯科医院", "機関区分": 3, "都道府県コード": 45, "市区町村コード": 201, "所在地": "宮崎県宮崎市宮崎駅東１丁目３番地６", "緯度": 31.915431, "経度": 131.435751, "url": "https://www.iryou.teikyouseido.mhlw.go.jp/znk-web/juminkanja/S2430/initialize?prefCd=45&kikanCd=3450105820&kikanKbn=3", "url2": "http://www.tsuchida-dent.com", "内容": "医療法人　誠英会　土田歯科医院【3:歯科】宮崎県宮崎市宮崎駅東１丁目３番地６" }, "geometry": { "type": "Point", "coordinates": [ 131.435751, 31.915431 ] } },
{ "type": "Feature", "properties": { "ID": 4533450105950, "正式名称": "武田歯科医院", "機関区分": 3, "都道府県コード": 45, "市区町村コード": 201, "所在地": "宮崎県宮崎市高千穂通１－８－２", "緯度": 31.917824, "経度": 131.427778, "url": "https://www.iryou.teikyouseido.mhlw.go.jp/znk-web/juminkanja/S2430/initialize?prefCd=45&kikanCd=3450105950&kikanKbn=3", "url2": null, "内容": "武田歯科医院【3:歯科】宮崎県宮崎市高千穂通１－８－２" }, "geometry": { "type": "Point", "coordinates": [ 131.427778, 31.917824 ] } },
{ "type": "Feature", "properties": { "ID": 4533450106090, "正式名称": "中島歯科", "機関区分": 3, "都道府県コード": 45, "市区町村コード": 201, "所在地": "宮崎県宮崎市島之内７１７０番地", "緯度": 31.988294, "経度": 131.451772, "url": "https://www.iryou.teikyouseido.mhlw.go.jp/znk-web/juminkanja/S2430/initialize?prefCd=45&kikanCd=3450106090&kikanKbn=3", "url2": "http://www.nakashima-dental.net/", "内容": "中島歯科【3:歯科】宮崎県宮崎市島之内７１７０番地" }, "geometry": { "type": "Point", "coordinates": [ 131.451772, 31.988294 ] } },
{ "type": "Feature", "properties": { "ID": 4533450106250, "正式名称": "押川歯科医院", "機関区分": 3, "都道府県コード": 45, "市区町村コード": 201, "所在地": "宮崎県宮崎市船塚２−８７", "緯度": 31.930457, "経度": 131.420971, "url": "https://www.iryou.teikyouseido.mhlw.go.jp/znk-web/juminkanja/S2430/initialize?prefCd=45&kikanCd=3450106250&kikanKbn=3", "url2": "http://www.oshikawa-dc.jp", "内容": "押川歯科医院【3:歯科】宮崎県宮崎市船塚２−８７" }, "geometry": { "type": "Point", "coordinates": [ 131.420971, 31.930457 ] } },
{ "type": "Feature", "properties": { "ID": 4533450106830, "正式名称": "弓場歯科医院", "機関区分": 3, "都道府県コード": 45, "市区町村コード": 201, "所在地": "宮崎県宮崎市花ケ島町赤江町１３６６−２", "緯度": 31.947719, "経度": 131.433181, "url": "https://www.iryou.teikyouseido.mhlw.go.jp/znk-web/juminkanja/S2430/initialize?prefCd=45&kikanCd=3450106830&kikanKbn=3", "url2": null, "内容": "弓場歯科医院【3:歯科】宮崎県宮崎市花ケ島町赤江町１３６６−２" }, "geometry": { "type": "Point", "coordinates": [ 131.433181, 31.947719 ] } },
{ "type": "Feature", "properties": { "ID": 4533450107390, "正式名称": "黒木歯科医院", "機関区分": 3, "都道府県コード": 45, "市区町村コード": 201, "所在地": "宮崎県宮崎市天満２丁目４の２", "緯度": 31.898088, "経度": 131.413995, "url": "https://www.iryou.teikyouseido.mhlw.go.jp/znk-web/juminkanja/S2430/initialize?prefCd=45&kikanCd=3450107390&kikanKbn=3", "url2": null, "内容": "黒木歯科医院【3:歯科】宮崎県宮崎市天満２丁目４の２" }, "geometry": { "type": "Point", "coordinates": [ 131.413995, 31.898088 ] } },
{ "type": "Feature", "properties": { "ID": 4533450107550, "正式名称": "あみ歯科医院", "機関区分": 3, "都道府県コード": 45, "市区町村コード": 201, "所在地": "宮崎県宮崎市霧島３－１８３－２", "緯度": 31.933216, "経度": 131.412481, "url": "https://www.iryou.teikyouseido.mhlw.go.jp/znk-web/juminkanja/S2430/initialize?prefCd=45&kikanCd=3450107550&kikanKbn=3", "url2": "http://www.ami-dental.jp/", "内容": "あみ歯科医院【3:歯科】宮崎県宮崎市霧島３－１８３－２" }, "geometry": { "type": "Point", "coordinates": [ 131.412481, 31.933216 ] } },
{ "type": "Feature", "properties": { "ID": 4533450107680, "正式名称": "ごとう歯科医院", "機関区分": 3, "都道府県コード": 45, "市区町村コード": 201, "所在地": "宮崎県宮崎市芳士７０８－１", "緯度": 31.961146, "経度": 131.438102, "url": "https://www.iryou.teikyouseido.mhlw.go.jp/znk-web/juminkanja/S2430/initialize?prefCd=45&kikanCd=3450107680&kikanKbn=3", "url2": null, "内容": "ごとう歯科医院【3:歯科】宮崎県宮崎市芳士７０８－１" }, "geometry": { "type": "Point", "coordinates": [ 131.438102, 31.961146 ] } },
{ "type": "Feature", "properties": { "ID": 4533450107970, "正式名称": "ひえじま歯科", "機関区分": 3, "都道府県コード": 45, "市区町村コード": 201, "所在地": "宮崎県宮崎市霧島１－１４", "緯度": 31.925557, "経度": 131.412575, "url": "https://www.iryou.teikyouseido.mhlw.go.jp/znk-web/juminkanja/S2430/initialize?prefCd=45&kikanCd=3450107970&kikanKbn=3", "url2": null, "内容": "ひえじま歯科【3:歯科】宮崎県宮崎市霧島１－１４" }, "geometry": { "type": "Point", "coordinates": [ 131.412575, 31.925557 ] } },
{ "type": "Feature", "properties": { "ID": 4533450108560, "正式名称": "稲田歯科医院", "機関区分": 3, "都道府県コード": 45, "市区町村コード": 201, "所在地": "宮崎県宮崎市恒久南２丁目９−１３", "緯度": 31.892917, "経度": 131.42615, "url": "https://www.iryou.teikyouseido.mhlw.go.jp/znk-web/juminkanja/S2430/initialize?prefCd=45&kikanCd=3450108560&kikanKbn=3", "url2": "http://www.inada-shika.com/", "内容": "稲田歯科医院【3:歯科】宮崎県宮崎市恒久南２丁目９−１３" }, "geometry": { "type": "Point", "coordinates": [ 131.42615, 31.892917 ] } },
{ "type": "Feature", "properties": { "ID": 4533450108720, "正式名称": "加藤歯科医院", "機関区分": 3, "都道府県コード": 45, "市区町村コード": 201, "所在地": "宮崎県宮崎市神宮東２丁目１−８", "緯度": 31.934768, "経度": 131.429151, "url": "https://www.iryou.teikyouseido.mhlw.go.jp/znk-web/juminkanja/S2430/initialize?prefCd=45&kikanCd=3450108720&kikanKbn=3", "url2": null, "内容": "加藤歯科医院【3:歯科】宮崎県宮崎市神宮東２丁目１−８" }, "geometry": { "type": "Point", "coordinates": [ 131.429151, 31.934768 ] } },
{ "type": "Feature", "properties": { "ID": 4533450109020, "正式名称": "中川歯科医院", "機関区分": 3, "都道府県コード": 45, "市区町村コード": 201, "所在地": "宮崎県宮崎市大塚町馬場崎３５４６−１", "緯度": 31.913869, "経度": 131.392141, "url": "https://www.iryou.teikyouseido.mhlw.go.jp/znk-web/juminkanja/S2430/initialize?prefCd=45&kikanCd=3450109020&kikanKbn=3", "url2": "http://nakagawa-dental-clinic.jp", "内容": "中川歯科医院【3:歯科】宮崎県宮崎市大塚町馬場崎３５４６−１" }, "geometry": { "type": "Point", "coordinates": [ 131.392141, 31.913869 ] } },
{ "type": "Feature", "properties": { "ID": 4533450109730, "正式名称": "末原デンタルクリニック", "機関区分": 3, "都道府県コード": 45, "市区町村コード": 201, "所在地": "宮崎県宮崎市清武町船引２０７−１", "緯度": 31.85571, "経度": 131.389121, "url": "https://www.iryou.teikyouseido.mhlw.go.jp/znk-web/juminkanja/S2430/initialize?prefCd=45&kikanCd=3450109730&kikanKbn=3", "url2": null, "内容": "末原デンタルクリニック【3:歯科】宮崎県宮崎市清武町船引２０７−１" }, "geometry": { "type": "Point", "coordinates": [ 131.389121, 31.85571 ] } },
{ "type": "Feature", "properties": { "ID": 4533450109990, "正式名称": "湯田歯科医院", "機関区分": 3, "都道府県コード": 45, "市区町村コード": 201, "所在地": "宮崎県宮崎市田野町甲２８１６－１", "緯度": 31.839002, "経度": 131.301856, "url": "https://www.iryou.teikyouseido.mhlw.go.jp/znk-web/juminkanja/S2430/initialize?prefCd=45&kikanCd=3450109990&kikanKbn=3", "url2": null, "内容": "湯田歯科医院【3:歯科】宮崎県宮崎市田野町甲２８１６－１" }, "geometry": { "type": "Point", "coordinates": [ 131.301856, 31.839002 ] } },
{ "type": "Feature", "properties": { "ID": 4533450110680, "正式名称": "つねよし歯科医院", "機関区分": 3, "都道府県コード": 45, "市区町村コード": 201, "所在地": "宮崎県宮崎市佐土原町上田島３９５７番地１", "緯度": 32.051549, "経度": 131.428229, "url": "https://www.iryou.teikyouseido.mhlw.go.jp/znk-web/juminkanja/S2430/initialize?prefCd=45&kikanCd=3450110680&kikanKbn=3", "url2": "https://www.tsuneyoshi-shika.jp/ctrl-tsuneyoshi/login_60603?loggedout=true&wp_lang=ja", "内容": "つねよし歯科医院【3:歯科】宮崎県宮崎市佐土原町上田島３９５７番地１" }, "geometry": { "type": "Point", "coordinates": [ 131.428229, 32.051549 ] } },
{ "type": "Feature", "properties": { "ID": 4533450110710, "正式名称": "後藤歯科医院", "機関区分": 3, "都道府県コード": 45, "市区町村コード": 201, "所在地": "宮崎県宮崎市佐土原町下田島８９７５－３", "緯度": 32.034652, "経度": 131.468838, "url": "https://www.iryou.teikyouseido.mhlw.go.jp/znk-web/juminkanja/S2430/initialize?prefCd=45&kikanCd=3450110710&kikanKbn=3", "url2": null, "内容": "後藤歯科医院【3:歯科】宮崎県宮崎市佐土原町下田島８９７５－３" }, "geometry": { "type": "Point", "coordinates": [ 131.468838, 32.034652 ] } },
{ "type": "Feature", "properties": { "ID": 4533450111140, "正式名称": "西山歯科医院", "機関区分": 3, "都道府県コード": 45, "市区町村コード": 382, "所在地": "宮崎県東諸県郡国富町大字本庄５００３－１", "緯度": 31.990485, "経度": 131.318619, "url": "https://www.iryou.teikyouseido.mhlw.go.jp/znk-web/juminkanja/S2430/initialize?prefCd=45&kikanCd=3450111140&kikanKbn=3", "url2": null, "内容": "西山歯科医院【3:歯科】宮崎県東諸県郡国富町大字本庄５００３－１" }, "geometry": { "type": "Point", "coordinates": [ 131.318619, 31.990485 ] } },
{ "type": "Feature", "properties": { "ID": 4533450111690, "正式名称": "くにた歯科医院", "機関区分": 3, "都道府県コード": 45, "市区町村コード": 201, "所在地": "宮崎県宮崎市江平東１丁目２−７", "緯度": 31.926227, "経度": 131.426212, "url": "https://www.iryou.teikyouseido.mhlw.go.jp/znk-web/juminkanja/S2430/initialize?prefCd=45&kikanCd=3450111690&kikanKbn=3", "url2": null, "内容": "くにた歯科医院【3:歯科】宮崎県宮崎市江平東１丁目２−７" }, "geometry": { "type": "Point", "coordinates": [ 131.426212, 31.926227 ] } },
{ "type": "Feature", "properties": { "ID": 4533450112440, "正式名称": "木尾歯科医院", "機関区分": 3, "都道府県コード": 45, "市区町村コード": 201, "所在地": "宮崎県宮崎市江平中町３番地１３", "緯度": 31.921392, "経度": 131.42759, "url": "https://www.iryou.teikyouseido.mhlw.go.jp/znk-web/juminkanja/S2430/initialize?prefCd=45&kikanCd=3450112440&kikanKbn=3", "url2": "http://www.dental-land.com/net/sugio/", "内容": "木尾歯科医院【3:歯科】宮崎県宮崎市江平中町３番地１３" }, "geometry": { "type": "Point", "coordinates": [ 131.42759, 31.921392 ] } },
{ "type": "Feature", "properties": { "ID": 4533450112570, "正式名称": "医療法人清水歯科医院", "機関区分": 3, "都道府県コード": 45, "市区町村コード": 201, "所在地": "宮崎県宮崎市高岡町五町１８５－１", "緯度": 31.956254, "経度": 131.301461, "url": "https://www.iryou.teikyouseido.mhlw.go.jp/znk-web/juminkanja/S2430/initialize?prefCd=45&kikanCd=3450112570&kikanKbn=3", "url2": "https://shimizu-dc-takaoka.com/", "内容": "医療法人清水歯科医院【3:歯科】宮崎県宮崎市高岡町五町１８５－１" }, "geometry": { "type": "Point", "coordinates": [ 131.301461, 31.956254 ] } },
{ "type": "Feature", "properties": { "ID": 4533450112730, "正式名称": "田口歯科医院", "機関区分": 3, "都道府県コード": 45, "市区町村コード": 383, "所在地": "宮崎県東諸県郡綾町大字南俣４４３－６", "緯度": 31.997288, "経度": 131.256318, "url": "https://www.iryou.teikyouseido.mhlw.go.jp/znk-web/juminkanja/S2430/initialize?prefCd=45&kikanCd=3450112730&kikanKbn=3", "url2": null, "内容": "田口歯科医院【3:歯科】宮崎県東諸県郡綾町大字南俣４４３－６" }, "geometry": { "type": "Point", "coordinates": [ 131.256318, 31.997288 ] } },
{ "type": "Feature", "properties": { "ID": 4533450114330, "正式名称": "くろき歯科医院", "機関区分": 3, "都道府県コード": 45, "市区町村コード": 201, "所在地": "宮崎県宮崎市柳丸町１４５−２", "緯度": 31.927702, "経度": 131.435984, "url": "https://www.iryou.teikyouseido.mhlw.go.jp/znk-web/juminkanja/S2430/initialize?prefCd=45&kikanCd=3450114330&kikanKbn=3", "url2": null, "内容": "くろき歯科医院【3:歯科】宮崎県宮崎市柳丸町１４５−２" }, "geometry": { "type": "Point", "coordinates": [ 131.435984, 31.927702 ] } },
{ "type": "Feature", "properties": { "ID": 4533450114460, "正式名称": "郡司歯科医院", "機関区分": 3, "都道府県コード": 45, "市区町村コード": 201, "所在地": "宮崎県宮崎市佐土原町下那珂３３５１－３", "緯度": 32.003155, "経度": 131.469725, "url": "https://www.iryou.teikyouseido.mhlw.go.jp/znk-web/juminkanja/S2430/initialize?prefCd=45&kikanCd=3450114460&kikanKbn=3", "url2": null, "内容": "郡司歯科医院【3:歯科】宮崎県宮崎市佐土原町下那珂３３５１－３" }, "geometry": { "type": "Point", "coordinates": [ 131.469725, 32.003155 ] } },
{ "type": "Feature", "properties": { "ID": 453345011459, "正式名称": "上山歯科医院", "機関区分": 3, "都道府県コード": 45, "市区町村コード": 201, "所在地": "宮崎県宮崎市恒久３丁目６番地１１号", "緯度": 31.895259, "経度": 131.429213, "url": "https://www.iryou.teikyouseido.mhlw.go.jp/znk-web/juminkanja/S2430/initialize?prefCd=45&kikanCd=345011459&kikanKbn=3", "url2": "https://ueyamashika.com/", "内容": "上山歯科医院【3:歯科】宮崎県宮崎市恒久３丁目６番地１１号" }, "geometry": { "type": "Point", "coordinates": [ 131.429213, 31.895259 ] } },
{ "type": "Feature", "properties": { "ID": 4533450114590, "正式名称": "上山歯科医院", "機関区分": 3, "都道府県コード": 45, "市区町村コード": 201, "所在地": "宮崎県宮崎市恒久３−６−１１", "緯度": 31.895272, "経度": 131.429169, "url": "https://www.iryou.teikyouseido.mhlw.go.jp/znk-web/juminkanja/S2430/initialize?prefCd=45&kikanCd=3450114590&kikanKbn=3", "url2": "http://www.ueyamashika.com/", "内容": "上山歯科医院【3:歯科】宮崎県宮崎市恒久３−６−１１" }, "geometry": { "type": "Point", "coordinates": [ 131.429169, 31.895272 ] } },
{ "type": "Feature", "properties": { "ID": 4533450114880, "正式名称": "山田歯科医院", "機関区分": 3, "都道府県コード": 45, "市区町村コード": 201, "所在地": "宮崎県宮崎市大字赤江４１４－３", "緯度": 31.885034, "経度": 131.437752, "url": "https://www.iryou.teikyouseido.mhlw.go.jp/znk-web/juminkanja/S2430/initialize?prefCd=45&kikanCd=3450114880&kikanKbn=3", "url2": "http://www.redbay-dc.jp", "内容": "山田歯科医院【3:歯科】宮崎県宮崎市大字赤江４１４－３" }, "geometry": { "type": "Point", "coordinates": [ 131.437752, 31.885034 ] } },
{ "type": "Feature", "properties": { "ID": 4533450114910, "正式名称": "にしな歯科医院", "機関区分": 3, "都道府県コード": 45, "市区町村コード": 201, "所在地": "宮崎県宮崎市大塚町池ノ内１１２３−２０", "緯度": 31.924373, "経度": 131.390879, "url": "https://www.iryou.teikyouseido.mhlw.go.jp/znk-web/juminkanja/S2430/initialize?prefCd=45&kikanCd=3450114910&kikanKbn=3", "url2": null, "内容": "にしな歯科医院【3:歯科】宮崎県宮崎市大塚町池ノ内１１２３−２０" }, "geometry": { "type": "Point", "coordinates": [ 131.390879, 31.924373 ] } },
{ "type": "Feature", "properties": { "ID": 4533450115180, "正式名称": "長友歯科医院", "機関区分": 3, "都道府県コード": 45, "市区町村コード": 201, "所在地": "宮崎県宮崎市学園木花台桜１丁目７−６", "緯度": 31.827969, "経度": 131.420328, "url": "https://www.iryou.teikyouseido.mhlw.go.jp/znk-web/juminkanja/S2430/initialize?prefCd=45&kikanCd=3450115180&kikanKbn=3", "url2": "https://nagatomo-sika.com/", "内容": "長友歯科医院【3:歯科】宮崎県宮崎市学園木花台桜１丁目７−６" }, "geometry": { "type": "Point", "coordinates": [ 131.420328, 31.827969 ] } },
{ "type": "Feature", "properties": { "ID": 4533450115470, "正式名称": "川野歯科医院", "機関区分": 3, "都道府県コード": 45, "市区町村コード": 201, "所在地": "宮崎県宮崎市松橋", "緯度": 31.91163, "経度": 131.414573, "url": "https://www.iryou.teikyouseido.mhlw.go.jp/znk-web/juminkanja/S2430/initialize?prefCd=45&kikanCd=3450115470&kikanKbn=3", "url2": "https://kawanosika.com/", "内容": "川野歯科医院【3:歯科】宮崎県宮崎市松橋" }, "geometry": { "type": "Point", "coordinates": [ 131.414573, 31.91163 ] } },
{ "type": "Feature", "properties": { "ID": 4533450115890, "正式名称": "宮田歯科クリニック", "機関区分": 3, "都道府県コード": 45, "市区町村コード": 201, "所在地": "宮崎県宮崎市大淀４－８－３７", "緯度": 31.896755, "経度": 131.418875, "url": "https://www.iryou.teikyouseido.mhlw.go.jp/znk-web/juminkanja/S2430/initialize?prefCd=45&kikanCd=3450115890&kikanKbn=3", "url2": null, "内容": "宮田歯科クリニック【3:歯科】宮崎県宮崎市大淀４－８－３７" }, "geometry": { "type": "Point", "coordinates": [ 131.418875, 31.896755 ] } },
{ "type": "Feature", "properties": { "ID": 4533450115920, "正式名称": "田村歯科医院", "機関区分": 3, "都道府県コード": 45, "市区町村コード": 201, "所在地": "宮崎県宮崎市大淀２丁目６番１９号", "緯度": 31.899638, "経度": 131.423883, "url": "https://www.iryou.teikyouseido.mhlw.go.jp/znk-web/juminkanja/S2430/initialize?prefCd=45&kikanCd=3450115920&kikanKbn=3", "url2": null, "内容": "田村歯科医院【3:歯科】宮崎県宮崎市大淀２丁目６番１９号" }, "geometry": { "type": "Point", "coordinates": [ 131.423883, 31.899638 ] } },
{ "type": "Feature", "properties": { "ID": 4533450116060, "正式名称": "松岡歯科医院", "機関区分": 3, "都道府県コード": 45, "市区町村コード": 201, "所在地": "宮崎県宮崎市大字恒久５０７５番地", "緯度": 31.88958, "経度": 131.414059, "url": "https://www.iryou.teikyouseido.mhlw.go.jp/znk-web/juminkanja/S2430/initialize?prefCd=45&kikanCd=3450116060&kikanKbn=3", "url2": null, "内容": "松岡歯科医院【3:歯科】宮崎県宮崎市大字恒久５０７５番地" }, "geometry": { "type": "Point", "coordinates": [ 131.414059, 31.88958 ] } },
{ "type": "Feature", "properties": { "ID": 4533450116770, "正式名称": "島井歯科医院", "機関区分": 3, "都道府県コード": 45, "市区町村コード": 201, "所在地": "宮崎県宮崎市清武町加納乙２４１−５", "緯度": 31.879414, "経度": 131.406966, "url": "https://www.iryou.teikyouseido.mhlw.go.jp/znk-web/juminkanja/S2430/initialize?prefCd=45&kikanCd=3450116770&kikanKbn=3", "url2": null, "内容": "島井歯科医院【3:歯科】宮崎県宮崎市清武町加納乙２４１−５" }, "geometry": { "type": "Point", "coordinates": [ 131.406966, 31.879414 ] } },
{ "type": "Feature", "properties": { "ID": 4533450116930, "正式名称": "いずみ歯科医院", "機関区分": 3, "都道府県コード": 45, "市区町村コード": 201, "所在地": "宮崎県宮崎市大橋２丁目２２番地", "緯度": 31.919244, "経度": 131.411669, "url": "https://www.iryou.teikyouseido.mhlw.go.jp/znk-web/juminkanja/S2430/initialize?prefCd=45&kikanCd=3450116930&kikanKbn=3", "url2": null, "内容": "いずみ歯科医院【3:歯科】宮崎県宮崎市大橋２丁目２２番地" }, "geometry": { "type": "Point", "coordinates": [ 131.411669, 31.919244 ] } },
{ "type": "Feature", "properties": { "ID": 453345011736, "正式名称": "宮路歯科医院", "機関区分": 3, "都道府県コード": 45, "市区町村コード": 201, "所在地": "宮崎県宮崎市大字田吉字赤江１４８番地", "緯度": 31.87826, "経度": 131.428804, "url": "https://www.iryou.teikyouseido.mhlw.go.jp/znk-web/juminkanja/S2430/initialize?prefCd=45&kikanCd=345011736&kikanKbn=3", "url2": null, "内容": "宮路歯科医院【3:歯科】宮崎県宮崎市大字田吉字赤江１４８番地" }, "geometry": { "type": "Point", "coordinates": [ 131.428804, 31.87826 ] } },
{ "type": "Feature", "properties": { "ID": 4533450117360, "正式名称": "宮路歯科医院", "機関区分": 3, "都道府県コード": 45, "市区町村コード": 201, "所在地": "宮崎県宮崎市大字田吉字赤江１４８番地", "緯度": 31.878257, "経度": 131.428786, "url": "https://www.iryou.teikyouseido.mhlw.go.jp/znk-web/juminkanja/S2430/initialize?prefCd=45&kikanCd=3450117360&kikanKbn=3", "url2": null, "内容": "宮路歯科医院【3:歯科】宮崎県宮崎市大字田吉字赤江１４８番地" }, "geometry": { "type": "Point", "coordinates": [ 131.428786, 31.878257 ] } },
{ "type": "Feature", "properties": { "ID": 4533450117650, "正式名称": "福沢歯科医院", "機関区分": 3, "都道府県コード": 45, "市区町村コード": 201, "所在地": "宮崎県宮崎市小松２６８８の３", "緯度": 31.927923, "経度": 131.381524, "url": "https://www.iryou.teikyouseido.mhlw.go.jp/znk-web/juminkanja/S2430/initialize?prefCd=45&kikanCd=3450117650&kikanKbn=3", "url2": null, "内容": "福沢歯科医院【3:歯科】宮崎県宮崎市小松２６８８の３" }, "geometry": { "type": "Point", "coordinates": [ 131.381524, 31.927923 ] } },
{ "type": "Feature", "properties": { "ID": 4533450117780, "正式名称": "河﨑歯科医院", "機関区分": 3, "都道府県コード": 45, "市区町村コード": 201, "所在地": "宮崎県宮崎市恒久４丁目１２番地", "緯度": 31.894998, "経度": 131.432653, "url": "https://www.iryou.teikyouseido.mhlw.go.jp/znk-web/juminkanja/S2430/initialize?prefCd=45&kikanCd=3450117780&kikanKbn=3", "url2": null, "内容": "河﨑歯科医院【3:歯科】宮崎県宮崎市恒久４丁目１２番地" }, "geometry": { "type": "Point", "coordinates": [ 131.432653, 31.894998 ] } },
{ "type": "Feature", "properties": { "ID": 4533450117940, "正式名称": "医療法人秀明会　岩谷歯科医院", "機関区分": 3, "都道府県コード": 45, "市区町村コード": 201, "所在地": "宮崎県宮崎市吉村町西田甲６４７−９", "緯度": 31.921225, "経度": 131.442775, "url": "https://www.iryou.teikyouseido.mhlw.go.jp/znk-web/juminkanja/S2430/initialize?prefCd=45&kikanCd=3450117940&kikanKbn=3", "url2": null, "内容": "医療法人秀明会　岩谷歯科医院【3:歯科】宮崎県宮崎市吉村町西田甲６４７−９" }, "geometry": { "type": "Point", "coordinates": [ 131.442775, 31.921225 ] } },
{ "type": "Feature", "properties": { "ID": 4533450118240, "正式名称": "わかば小児歯科", "機関区分": 3, "都道府県コード": 45, "市区町村コード": 201, "所在地": "宮崎県宮崎市永楽町２０７－１", "緯度": 31.904902, "経度": 131.435112, "url": "https://www.iryou.teikyouseido.mhlw.go.jp/znk-web/juminkanja/S2430/initialize?prefCd=45&kikanCd=3450118240&kikanKbn=3", "url2": "http://wakaba-cdc.com/", "内容": "わかば小児歯科【3:歯科】宮崎県宮崎市永楽町２０７－１" }, "geometry": { "type": "Point", "coordinates": [ 131.435112, 31.904902 ] } },
{ "type": "Feature", "properties": { "ID": 4533450118400, "正式名称": "むた歯科医院", "機関区分": 3, "都道府県コード": 45, "市区町村コード": 201, "所在地": "宮崎県宮崎市大字富吉８０４番地", "緯度": 31.941323, "経度": 131.359383, "url": "https://www.iryou.teikyouseido.mhlw.go.jp/znk-web/juminkanja/S2430/initialize?prefCd=45&kikanCd=3450118400&kikanKbn=3", "url2": null, "内容": "むた歯科医院【3:歯科】宮崎県宮崎市大字富吉８０４番地" }, "geometry": { "type": "Point", "coordinates": [ 131.359383, 31.941323 ] } },
{ "type": "Feature", "properties": { "ID": 4533450118790, "正式名称": "うえむら矯正歯科", "機関区分": 3, "都道府県コード": 45, "市区町村コード": 201, "所在地": "宮崎県宮崎市橘通西１−５−３０ＴＩＰビル２０１", "緯度": 31.909673, "経度": 131.420514, "url": "https://www.iryou.teikyouseido.mhlw.go.jp/znk-web/juminkanja/S2430/initialize?prefCd=45&kikanCd=3450118790&kikanKbn=3", "url2": "http://uemura-ortho.jp", "内容": "うえむら矯正歯科【3:歯科】宮崎県宮崎市橘通西１−５−３０ＴＩＰビル２０１" }, "geometry": { "type": "Point", "coordinates": [ 131.420514, 31.909673 ] } },
{ "type": "Feature", "properties": { "ID": 4533450118820, "正式名称": "宮崎北歯科医院", "機関区分": 3, "都道府県コード": 45, "市区町村コード": 201, "所在地": "宮崎県宮崎市大字芳士１０９８－６", "緯度": 31.962954, "経度": 131.443507, "url": "https://www.iryou.teikyouseido.mhlw.go.jp/znk-web/juminkanja/S2430/initialize?prefCd=45&kikanCd=3450118820&kikanKbn=3", "url2": "https://miyazaki-kitashika.jp/", "内容": "宮崎北歯科医院【3:歯科】宮崎県宮崎市大字芳士１０９８－６" }, "geometry": { "type": "Point", "coordinates": [ 131.443507, 31.962954 ] } },
{ "type": "Feature", "properties": { "ID": 4533450119090, "正式名称": "真鍋歯科医院", "機関区分": 3, "都道府県コード": 45, "市区町村コード": 201, "所在地": "宮崎県宮崎市広原１８８−４", "緯度": 31.994135, "経度": 131.439456, "url": "https://www.iryou.teikyouseido.mhlw.go.jp/znk-web/juminkanja/S2430/initialize?prefCd=45&kikanCd=3450119090&kikanKbn=3", "url2": null, "内容": "真鍋歯科医院【3:歯科】宮崎県宮崎市広原１８８−４" }, "geometry": { "type": "Point", "coordinates": [ 131.439456, 31.994135 ] } },
{ "type": "Feature", "properties": { "ID": 4533450119120, "正式名称": "月見ケ丘くろき歯科医院", "機関区分": 3, "都道府県コード": 45, "市区町村コード": 201, "所在地": "宮崎県宮崎市月見ケ丘５丁目８番５号", "緯度": 31.880806, "経度": 131.416799, "url": "https://www.iryou.teikyouseido.mhlw.go.jp/znk-web/juminkanja/S2430/initialize?prefCd=45&kikanCd=3450119120&kikanKbn=3", "url2": null, "内容": "月見ケ丘くろき歯科医院【3:歯科】宮崎県宮崎市月見ケ丘５丁目８番５号" }, "geometry": { "type": "Point", "coordinates": [ 131.416799, 31.880806 ] } },
{ "type": "Feature", "properties": { "ID": 4533450119250, "正式名称": "医療法人あおぞら　ニコ歯科クリニック", "機関区分": 3, "都道府県コード": 45, "市区町村コード": 201, "所在地": "宮崎県宮崎市本郷北方字山崎３５８７−１", "緯度": 31.869486, "経度": 131.422401, "url": "https://www.iryou.teikyouseido.mhlw.go.jp/znk-web/juminkanja/S2430/initialize?prefCd=45&kikanCd=3450119250&kikanKbn=3", "url2": "https://nico-miyazaki.com", "内容": "医療法人あおぞら　ニコ歯科クリニック【3:歯科】宮崎県宮崎市本郷北方字山崎３５８７−１" }, "geometry": { "type": "Point", "coordinates": [ 131.422401, 31.869486 ] } },
{ "type": "Feature", "properties": { "ID": 4533450119670, "正式名称": "ねい歯科医院", "機関区分": 3, "都道府県コード": 45, "市区町村コード": 201, "所在地": "宮崎県宮崎市大島町原ノ前１４４５−３５", "緯度": 31.934541, "経度": 131.437629, "url": "https://www.iryou.teikyouseido.mhlw.go.jp/znk-web/juminkanja/S2430/initialize?prefCd=45&kikanCd=3450119670&kikanKbn=3", "url2": null, "内容": "ねい歯科医院【3:歯科】宮崎県宮崎市大島町原ノ前１４４５−３５" }, "geometry": { "type": "Point", "coordinates": [ 131.437629, 31.934541 ] } },
{ "type": "Feature", "properties": { "ID": 4533450119700, "正式名称": "神宮歯科医院", "機関区分": 3, "都道府県コード": 45, "市区町村コード": 201, "所在地": "宮崎県宮崎市神宮東１丁目７番２５号", "緯度": 31.934623, "経度": 131.425687, "url": "https://www.iryou.teikyouseido.mhlw.go.jp/znk-web/juminkanja/S2430/initialize?prefCd=45&kikanCd=3450119700&kikanKbn=3", "url2": null, "内容": "神宮歯科医院【3:歯科】宮崎県宮崎市神宮東１丁目７番２５号" }, "geometry": { "type": "Point", "coordinates": [ 131.425687, 31.934623 ] } },
{ "type": "Feature", "properties": { "ID": 4533450119960, "正式名称": "さきやま歯科医院", "機関区分": 3, "都道府県コード": 45, "市区町村コード": 201, "所在地": "宮崎県宮崎市熊野９９５７－２", "緯度": 31.834216, "経度": 131.432138, "url": "https://www.iryou.teikyouseido.mhlw.go.jp/znk-web/juminkanja/S2430/initialize?prefCd=45&kikanCd=3450119960&kikanKbn=3", "url2": "http://nttbj.itp.ne.jp/0985583111/", "内容": "さきやま歯科医院【3:歯科】宮崎県宮崎市熊野９９５７－２" }, "geometry": { "type": "Point", "coordinates": [ 131.432138, 31.834216 ] } },
{ "type": "Feature", "properties": { "ID": 4533450120100, "正式名称": "大山歯科医院", "機関区分": 3, "都道府県コード": 45, "市区町村コード": 201, "所在地": "宮崎県宮崎市村角町折口３７４−１", "緯度": 31.95696, "経度": 131.444935, "url": "https://www.iryou.teikyouseido.mhlw.go.jp/znk-web/juminkanja/S2430/initialize?prefCd=45&kikanCd=3450120100&kikanKbn=3", "url2": null, "内容": "大山歯科医院【3:歯科】宮崎県宮崎市村角町折口３７４−１" }, "geometry": { "type": "Point", "coordinates": [ 131.444935, 31.95696 ] } },
{ "type": "Feature", "properties": { "ID": 453345012049, "正式名称": "高松歯科クリニック", "機関区分": 3, "都道府県コード": 45, "市区町村コード": 201, "所在地": "宮崎県宮崎市大工２丁目５６番地", "緯度": 31.915645, "経度": 131.409107, "url": "https://www.iryou.teikyouseido.mhlw.go.jp/znk-web/juminkanja/S2430/initialize?prefCd=45&kikanCd=345012049&kikanKbn=3", "url2": null, "内容": "高松歯科クリニック【3:歯科】宮崎県宮崎市大工２丁目５６番地" }, "geometry": { "type": "Point", "coordinates": [ 131.409107, 31.915645 ] } },
{ "type": "Feature", "properties": { "ID": 4533450120490, "正式名称": "高松歯科クリニック", "機関区分": 3, "都道府県コード": 45, "市区町村コード": 201, "所在地": "宮崎県宮崎市大工２丁目５６番地", "緯度": 31.915628, "経度": 131.4091, "url": "https://www.iryou.teikyouseido.mhlw.go.jp/znk-web/juminkanja/S2430/initialize?prefCd=45&kikanCd=3450120490&kikanKbn=3", "url2": null, "内容": "高松歯科クリニック【3:歯科】宮崎県宮崎市大工２丁目５６番地" }, "geometry": { "type": "Point", "coordinates": [ 131.4091, 31.915628 ] } },
{ "type": "Feature", "properties": { "ID": 4533450120520, "正式名称": "さいしょ歯科", "機関区分": 3, "都道府県コード": 45, "市区町村コード": 201, "所在地": "宮崎県宮崎市桜ケ丘町４１９－１", "緯度": 31.931081, "経度": 131.399274, "url": "https://www.iryou.teikyouseido.mhlw.go.jp/znk-web/juminkanja/S2430/initialize?prefCd=45&kikanCd=3450120520&kikanKbn=3", "url2": null, "内容": "さいしょ歯科【3:歯科】宮崎県宮崎市桜ケ丘町４１９－１" }, "geometry": { "type": "Point", "coordinates": [ 131.399274, 31.931081 ] } },
{ "type": "Feature", "properties": { "ID": 4533450120810, "正式名称": "くつかけ歯科", "機関区分": 3, "都道府県コード": 45, "市区町村コード": 201, "所在地": "宮崎県宮崎市清武町今泉下ノ原甲２８２５－１", "緯度": 31.850526, "経度": 131.355051, "url": "https://www.iryou.teikyouseido.mhlw.go.jp/znk-web/juminkanja/S2430/initialize?prefCd=45&kikanCd=3450120810&kikanKbn=3", "url2": "https://www.kutsukake-dc.jp/", "内容": "くつかけ歯科【3:歯科】宮崎県宮崎市清武町今泉下ノ原甲２８２５－１" }, "geometry": { "type": "Point", "coordinates": [ 131.355051, 31.850526 ] } },
{ "type": "Feature", "properties": { "ID": 4533450121080, "正式名称": "いりの歯科医院", "機関区分": 3, "都道府県コード": 45, "市区町村コード": 201, "所在地": "宮崎県宮崎市大塚町権現昔７６４－１", "緯度": 31.923332, "経度": 131.397451, "url": "https://www.iryou.teikyouseido.mhlw.go.jp/znk-web/juminkanja/S2430/initialize?prefCd=45&kikanCd=3450121080&kikanKbn=3", "url2": null, "内容": "いりの歯科医院【3:歯科】宮崎県宮崎市大塚町権現昔７６４－１" }, "geometry": { "type": "Point", "coordinates": [ 131.397451, 31.923332 ] } },
{ "type": "Feature", "properties": { "ID": 4533450121240, "正式名称": "医療法人社団秀歌会青山歯科医院", "機関区分": 3, "都道府県コード": 45, "市区町村コード": 201, "所在地": "宮崎県宮崎市本郷南方２０４０−６", "緯度": 31.855595, "経度": 131.434864, "url": "https://www.iryou.teikyouseido.mhlw.go.jp/znk-web/juminkanja/S2430/initialize?prefCd=45&kikanCd=3450121240&kikanKbn=3", "url2": "https://www.aoyamasika-kyosei.com", "内容": "医療法人社団秀歌会青山歯科医院【3:歯科】宮崎県宮崎市本郷南方２０４０−６" }, "geometry": { "type": "Point", "coordinates": [ 131.434864, 31.855595 ] } },
{ "type": "Feature", "properties": { "ID": 4533450121370, "正式名称": "高岡歯科医院", "機関区分": 3, "都道府県コード": 45, "市区町村コード": 201, "所在地": "宮崎県宮崎市清水３丁目３番３０号", "緯度": 31.919075, "経度": 131.418669, "url": "https://www.iryou.teikyouseido.mhlw.go.jp/znk-web/juminkanja/S2430/initialize?prefCd=45&kikanCd=3450121370&kikanKbn=3", "url2": "http://dentaltakaoka.main.jp/", "内容": "高岡歯科医院【3:歯科】宮崎県宮崎市清水３丁目３番３０号" }, "geometry": { "type": "Point", "coordinates": [ 131.418669, 31.919075 ] } },
{ "type": "Feature", "properties": { "ID": 4533450121660, "正式名称": "あさひヶ丘歯科医院", "機関区分": 3, "都道府県コード": 45, "市区町村コード": 201, "所在地": "宮崎県宮崎市本郷北方２５２０−９０", "緯度": 31.876212, "経度": 131.414315, "url": "https://www.iryou.teikyouseido.mhlw.go.jp/znk-web/juminkanja/S2430/initialize?prefCd=45&kikanCd=3450121660&kikanKbn=3", "url2": null, "内容": "あさひヶ丘歯科医院【3:歯科】宮崎県宮崎市本郷北方２５２０−９０" }, "geometry": { "type": "Point", "coordinates": [ 131.414315, 31.876212 ] } },
{ "type": "Feature", "properties": { "ID": 4533450121950, "正式名称": "医療法人社団美徳会たけさき歯科医院", "機関区分": 3, "都道府県コード": 45, "市区町村コード": 201, "所在地": "宮崎県宮崎市生目４６５８−１", "緯度": 31.919984, "経度": 131.375736, "url": "https://www.iryou.teikyouseido.mhlw.go.jp/znk-web/juminkanja/S2430/initialize?prefCd=45&kikanCd=3450121950&kikanKbn=3", "url2": "http://blog.goo.ne.jp/white-mikarin", "内容": "医療法人社団美徳会たけさき歯科医院【3:歯科】宮崎県宮崎市生目４６５８−１" }, "geometry": { "type": "Point", "coordinates": [ 131.375736, 31.919984 ] } },
{ "type": "Feature", "properties": { "ID": 4533450122250, "正式名称": "医療法人　松永歯科クリニック", "機関区分": 3, "都道府県コード": 45, "市区町村コード": 201, "所在地": "宮崎県宮崎市中津瀬町７番地", "緯度": 31.921505, "経度": 131.417585, "url": "https://www.iryou.teikyouseido.mhlw.go.jp/znk-web/juminkanja/S2430/initialize?prefCd=45&kikanCd=3450122250&kikanKbn=3", "url2": "http://www.31-0030.com", "内容": "医療法人　松永歯科クリニック【3:歯科】宮崎県宮崎市中津瀬町７番地" }, "geometry": { "type": "Point", "coordinates": [ 131.417585, 31.921505 ] } },
{ "type": "Feature", "properties": { "ID": 4533450122410, "正式名称": "たのなか歯科医院", "機関区分": 3, "都道府県コード": 45, "市区町村コード": 382, "所在地": "宮崎県東諸県郡国富町本庄１７４４－６", "緯度": 31.988041, "経度": 131.33851, "url": "https://www.iryou.teikyouseido.mhlw.go.jp/znk-web/juminkanja/S2430/initialize?prefCd=45&kikanCd=3450122410&kikanKbn=3", "url2": null, "内容": "たのなか歯科医院【3:歯科】宮崎県東諸県郡国富町本庄１７４４－６" }, "geometry": { "type": "Point", "coordinates": [ 131.33851, 31.988041 ] } },
{ "type": "Feature", "properties": { "ID": 4533450122540, "正式名称": "森迫デンタルクリニック", "機関区分": 3, "都道府県コード": 45, "市区町村コード": 201, "所在地": "宮崎県宮崎市学園木花台南３－１２－１", "緯度": 31.829255, "経度": 131.426113, "url": "https://www.iryou.teikyouseido.mhlw.go.jp/znk-web/juminkanja/S2430/initialize?prefCd=45&kikanCd=3450122540&kikanKbn=3", "url2": null, "内容": "森迫デンタルクリニック【3:歯科】宮崎県宮崎市学園木花台南３－１２－１" }, "geometry": { "type": "Point", "coordinates": [ 131.426113, 31.829255 ] } },
{ "type": "Feature", "properties": { "ID": 4533450123000, "正式名称": "小城歯科", "機関区分": 3, "都道府県コード": 45, "市区町村コード": 201, "所在地": "宮崎県宮崎市大字島之内永池９２１３番５２", "緯度": 31.982784, "経度": 131.456753, "url": "https://www.iryou.teikyouseido.mhlw.go.jp/znk-web/juminkanja/S2430/initialize?prefCd=45&kikanCd=3450123000&kikanKbn=3", "url2": null, "内容": "小城歯科【3:歯科】宮崎県宮崎市大字島之内永池９２１３番５２" }, "geometry": { "type": "Point", "coordinates": [ 131.456753, 31.982784 ] } },
{ "type": "Feature", "properties": { "ID": 4533450123130, "正式名称": "いわきり歯科", "機関区分": 3, "都道府県コード": 45, "市区町村コード": 201, "所在地": "宮崎県宮崎市吉村町下り松甲２４９７番地２", "緯度": 31.908035, "経度": 131.445475, "url": "https://www.iryou.teikyouseido.mhlw.go.jp/znk-web/juminkanja/S2430/initialize?prefCd=45&kikanCd=3450123130&kikanKbn=3", "url2": "https://www.iwakiri-dc.net", "内容": "いわきり歯科【3:歯科】宮崎県宮崎市吉村町下り松甲２４９７番地２" }, "geometry": { "type": "Point", "coordinates": [ 131.445475, 31.908035 ] } },
{ "type": "Feature", "properties": { "ID": 4533450123260, "正式名称": "いの歯科医院", "機関区分": 3, "都道府県コード": 45, "市区町村コード": 201, "所在地": "宮崎県宮崎市大字赤江１３２２番地１", "緯度": 31.885715, "経度": 131.443312, "url": "https://www.iryou.teikyouseido.mhlw.go.jp/znk-web/juminkanja/S2430/initialize?prefCd=45&kikanCd=3450123260&kikanKbn=3", "url2": null, "内容": "いの歯科医院【3:歯科】宮崎県宮崎市大字赤江１３２２番地１" }, "geometry": { "type": "Point", "coordinates": [ 131.443312, 31.885715 ] } },
{ "type": "Feature", "properties": { "ID": 4533450123390, "正式名称": "木田歯科医院", "機関区分": 3, "都道府県コード": 45, "市区町村コード": 201, "所在地": "宮崎県宮崎市小松３２３９−２", "緯度": 31.926151, "経度": 131.38608, "url": "https://www.iryou.teikyouseido.mhlw.go.jp/znk-web/juminkanja/S2430/initialize?prefCd=45&kikanCd=3450123390&kikanKbn=3", "url2": null, "内容": "木田歯科医院【3:歯科】宮崎県宮崎市小松３２３９−２" }, "geometry": { "type": "Point", "coordinates": [ 131.38608, 31.926151 ] } },
{ "type": "Feature", "properties": { "ID": 4533450123550, "正式名称": "森田歯科医院", "機関区分": 3, "都道府県コード": 45, "市区町村コード": 201, "所在地": "宮崎県宮崎市橘通東３丁目２番３４号", "緯度": 31.91437, "経度": 131.423371, "url": "https://www.iryou.teikyouseido.mhlw.go.jp/znk-web/juminkanja/S2430/initialize?prefCd=45&kikanCd=3450123550&kikanKbn=3", "url2": null, "内容": "森田歯科医院【3:歯科】宮崎県宮崎市橘通東３丁目２番３４号" }, "geometry": { "type": "Point", "coordinates": [ 131.423371, 31.91437 ] } },
{ "type": "Feature", "properties": { "ID": 4533450123710, "正式名称": "のざき歯科", "機関区分": 3, "都道府県コード": 45, "市区町村コード": 201, "所在地": "宮崎県宮崎市佐土原町下田島２１６１９−５０", "緯度": 32.019867, "経度": 131.466858, "url": "https://www.iryou.teikyouseido.mhlw.go.jp/znk-web/juminkanja/S2430/initialize?prefCd=45&kikanCd=3450123710&kikanKbn=3", "url2": null, "内容": "のざき歯科【3:歯科】宮崎県宮崎市佐土原町下田島２１６１９−５０" }, "geometry": { "type": "Point", "coordinates": [ 131.466858, 32.019867 ] } },
{ "type": "Feature", "properties": { "ID": 4533450124010, "正式名称": "医療法人大昌会　こだま歯科医院", "機関区分": 3, "都道府県コード": 45, "市区町村コード": 201, "所在地": "宮崎県宮崎市佐土原町東上那珂１５８４４－１１", "緯度": 32.03362, "経度": 131.429099, "url": "https://www.iryou.teikyouseido.mhlw.go.jp/znk-web/juminkanja/S2430/initialize?prefCd=45&kikanCd=3450124010&kikanKbn=3", "url2": null, "内容": "医療法人大昌会　こだま歯科医院【3:歯科】宮崎県宮崎市佐土原町東上那珂１５８４４－１１" }, "geometry": { "type": "Point", "coordinates": [ 131.429099, 32.03362 ] } },
{ "type": "Feature", "properties": { "ID": 4533450124300, "正式名称": "若林歯科", "機関区分": 3, "都道府県コード": 45, "市区町村コード": 201, "所在地": "宮崎県宮崎市大字島之内１７６９－３", "緯度": 31.991294, "経度": 131.457444, "url": "https://www.iryou.teikyouseido.mhlw.go.jp/znk-web/juminkanja/S2430/initialize?prefCd=45&kikanCd=3450124300&kikanKbn=3", "url2": null, "内容": "若林歯科【3:歯科】宮崎県宮崎市大字島之内１７６９－３" }, "geometry": { "type": "Point", "coordinates": [ 131.457444, 31.991294 ] } },
{ "type": "Feature", "properties": { "ID": 4533450124560, "正式名称": "坂元歯科クリニック", "機関区分": 3, "都道府県コード": 45, "市区町村コード": 201, "所在地": "宮崎県宮崎市阿波岐ヶ原町２３５０－１", "緯度": 31.932606, "経度": 131.454656, "url": "https://www.iryou.teikyouseido.mhlw.go.jp/znk-web/juminkanja/S2430/initialize?prefCd=45&kikanCd=3450124560&kikanKbn=3", "url2": null, "内容": "坂元歯科クリニック【3:歯科】宮崎県宮崎市阿波岐ヶ原町２３５０－１" }, "geometry": { "type": "Point", "coordinates": [ 131.454656, 31.932606 ] } },
{ "type": "Feature", "properties": { "ID": 4533450124690, "正式名称": "大浦歯科", "機関区分": 3, "都道府県コード": 45, "市区町村コード": 201, "所在地": "宮崎県宮崎市池内町城代８００−２", "緯度": 31.960696, "経度": 131.415184, "url": "https://www.iryou.teikyouseido.mhlw.go.jp/znk-web/juminkanja/S2430/initialize?prefCd=45&kikanCd=3450124690&kikanKbn=3", "url2": "https://oura-dental.jp", "内容": "大浦歯科【3:歯科】宮崎県宮崎市池内町城代８００−２" }, "geometry": { "type": "Point", "coordinates": [ 131.415184, 31.960696 ] } },
{ "type": "Feature", "properties": { "ID": 4533450124980, "正式名称": "ふじさき歯科医院", "機関区分": 3, "都道府県コード": 45, "市区町村コード": 201, "所在地": "宮崎県宮崎市大塚町窪田３３１６－１", "緯度": 31.913822, "経度": 131.395621, "url": "https://www.iryou.teikyouseido.mhlw.go.jp/znk-web/juminkanja/S2430/initialize?prefCd=45&kikanCd=3450124980&kikanKbn=3", "url2": null, "内容": "ふじさき歯科医院【3:歯科】宮崎県宮崎市大塚町窪田３３１６－１" }, "geometry": { "type": "Point", "coordinates": [ 131.395621, 31.913822 ] } },
{ "type": "Feature", "properties": { "ID": 4533450125020, "正式名称": "加納歯科医院", "機関区分": 3, "都道府県コード": 45, "市区町村コード": 201, "所在地": "宮崎県宮崎市清武町加納甲１９２９−１１", "緯度": 31.87514, "経度": 131.405394, "url": "https://www.iryou.teikyouseido.mhlw.go.jp/znk-web/juminkanja/S2430/initialize?prefCd=45&kikanCd=3450125020&kikanKbn=3", "url2": null, "内容": "加納歯科医院【3:歯科】宮崎県宮崎市清武町加納甲１９２９−１１" }, "geometry": { "type": "Point", "coordinates": [ 131.405394, 31.87514 ] } },
{ "type": "Feature", "properties": { "ID": 4533450125150, "正式名称": "佐野歯科", "機関区分": 3, "都道府県コード": 45, "市区町村コード": 201, "所在地": "宮崎県宮崎市鶴島１−９−１９", "緯度": 31.910228, "経度": 131.4144, "url": "https://www.iryou.teikyouseido.mhlw.go.jp/znk-web/juminkanja/S2430/initialize?prefCd=45&kikanCd=3450125150&kikanKbn=3", "url2": null, "内容": "佐野歯科【3:歯科】宮崎県宮崎市鶴島１−９−１９" }, "geometry": { "type": "Point", "coordinates": [ 131.4144, 31.910228 ] } },
{ "type": "Feature", "properties": { "ID": 4533450125280, "正式名称": "野村歯科医院", "機関区分": 3, "都道府県コード": 45, "市区町村コード": 201, "所在地": "宮崎県宮崎市神宮１丁目　４５−２", "緯度": 31.930804, "経度": 131.424893, "url": "https://www.iryou.teikyouseido.mhlw.go.jp/znk-web/juminkanja/S2430/initialize?prefCd=45&kikanCd=3450125280&kikanKbn=3", "url2": "http://nomuradc.com/", "内容": "野村歯科医院【3:歯科】宮崎県宮崎市神宮１丁目　４５−２" }, "geometry": { "type": "Point", "coordinates": [ 131.424893, 31.930804 ] } },
{ "type": "Feature", "properties": { "ID": 4533450125440, "正式名称": "ありま歯科医院", "機関区分": 3, "都道府県コード": 45, "市区町村コード": 201, "所在地": "宮崎県宮崎市新別府町堂前８５２番地４", "緯度": 31.925094, "経度": 131.452312, "url": "https://www.iryou.teikyouseido.mhlw.go.jp/znk-web/juminkanja/S2430/initialize?prefCd=45&kikanCd=3450125440&kikanKbn=3", "url2": "https://www.arima-dc-miyazaki.com", "内容": "ありま歯科医院【3:歯科】宮崎県宮崎市新別府町堂前８５２番地４" }, "geometry": { "type": "Point", "coordinates": [ 131.452312, 31.925094 ] } },
{ "type": "Feature", "properties": { "ID": 4533450125570, "正式名称": "奥野歯科", "機関区分": 3, "都道府県コード": 45, "市区町村コード": 201, "所在地": "宮崎県宮崎市下北方町上田々９６９−３", "緯度": 31.941714, "経度": 131.424615, "url": "https://www.iryou.teikyouseido.mhlw.go.jp/znk-web/juminkanja/S2430/initialize?prefCd=45&kikanCd=3450125570&kikanKbn=3", "url2": "http://okuno-dc.com/", "内容": "奥野歯科【3:歯科】宮崎県宮崎市下北方町上田々９６９−３" }, "geometry": { "type": "Point", "coordinates": [ 131.424615, 31.941714 ] } },
{ "type": "Feature", "properties": { "ID": 4533450125600, "正式名称": "タカハシ歯科医院", "機関区分": 3, "都道府県コード": 45, "市区町村コード": 201, "所在地": "宮崎県宮崎市大塚町地蔵田４６１２−５", "緯度": 31.908839, "経度": 131.393829, "url": "https://www.iryou.teikyouseido.mhlw.go.jp/znk-web/juminkanja/S2430/initialize?prefCd=45&kikanCd=3450125600&kikanKbn=3", "url2": null, "内容": "タカハシ歯科医院【3:歯科】宮崎県宮崎市大塚町地蔵田４６１２−５" }, "geometry": { "type": "Point", "coordinates": [ 131.393829, 31.908839 ] } },
{ "type": "Feature", "properties": { "ID": 4533450126030, "正式名称": "すが歯科医院", "機関区分": 3, "都道府県コード": 45, "市区町村コード": 201, "所在地": "宮崎県宮崎市新名爪１８８−３５", "緯度": 31.976548, "経度": 131.440571, "url": "https://www.iryou.teikyouseido.mhlw.go.jp/znk-web/juminkanja/S2430/initialize?prefCd=45&kikanCd=3450126030&kikanKbn=3", "url2": "https://sugashika-clinic.com", "内容": "すが歯科医院【3:歯科】宮崎県宮崎市新名爪１８８−３５" }, "geometry": { "type": "Point", "coordinates": [ 131.440571, 31.976548 ] } },
{ "type": "Feature", "properties": { "ID": 4533450126160, "正式名称": "吉岡歯科医院", "機関区分": 3, "都道府県コード": 45, "市区町村コード": 201, "所在地": "宮崎県宮崎市花山手西１丁目４−２", "緯度": 31.904548, "経度": 131.401482, "url": "https://www.iryou.teikyouseido.mhlw.go.jp/znk-web/juminkanja/S2430/initialize?prefCd=45&kikanCd=3450126160&kikanKbn=3", "url2": null, "内容": "吉岡歯科医院【3:歯科】宮崎県宮崎市花山手西１丁目４−２" }, "geometry": { "type": "Point", "coordinates": [ 131.401482, 31.904548 ] } },
{ "type": "Feature", "properties": { "ID": 4533450126320, "正式名称": "陶山歯科医院", "機関区分": 3, "都道府県コード": 45, "市区町村コード": 201, "所在地": "宮崎県宮崎市和知川原２丁目６−１", "緯度": 31.922552, "経度": 131.412936, "url": "https://www.iryou.teikyouseido.mhlw.go.jp/znk-web/juminkanja/S2430/initialize?prefCd=45&kikanCd=3450126320&kikanKbn=3", "url2": null, "内容": "陶山歯科医院【3:歯科】宮崎県宮崎市和知川原２丁目６−１" }, "geometry": { "type": "Point", "coordinates": [ 131.412936, 31.922552 ] } },
{ "type": "Feature", "properties": { "ID": 4533450126450, "正式名称": "いのうえ小児歯科", "機関区分": 3, "都道府県コード": 45, "市区町村コード": 201, "所在地": "宮崎県宮崎市佐土原町下田島１９２７６−９", "緯度": 32.014282, "経度": 131.482449, "url": "https://www.iryou.teikyouseido.mhlw.go.jp/znk-web/juminkanja/S2430/initialize?prefCd=45&kikanCd=3450126450&kikanKbn=3", "url2": null, "内容": "いのうえ小児歯科【3:歯科】宮崎県宮崎市佐土原町下田島１９２７６−９" }, "geometry": { "type": "Point", "coordinates": [ 131.482449, 32.014282 ] } },
{ "type": "Feature", "properties": { "ID": 4533450126580, "正式名称": "小松くろき歯科", "機関区分": 3, "都道府県コード": 45, "市区町村コード": 201, "所在地": "宮崎県宮崎市小松１２０３番地６９", "緯度": 31.933284, "経度": 131.403856, "url": "https://www.iryou.teikyouseido.mhlw.go.jp/znk-web/juminkanja/S2430/initialize?prefCd=45&kikanCd=3450126580&kikanKbn=3", "url2": "https://komatsukuroki-dc.com", "内容": "小松くろき歯科【3:歯科】宮崎県宮崎市小松１２０３番地６９" }, "geometry": { "type": "Point", "coordinates": [ 131.403856, 31.933284 ] } },
{ "type": "Feature", "properties": { "ID": 4533450126740, "正式名称": "ますだ歯科", "機関区分": 3, "都道府県コード": 45, "市区町村コード": 201, "所在地": "宮崎県宮崎市吉村町曽師中甲３１００", "緯度": 31.909036, "経度": 131.43902, "url": "https://www.iryou.teikyouseido.mhlw.go.jp/znk-web/juminkanja/S2430/initialize?prefCd=45&kikanCd=3450126740&kikanKbn=3", "url2": null, "内容": "ますだ歯科【3:歯科】宮崎県宮崎市吉村町曽師中甲３１００" }, "geometry": { "type": "Point", "coordinates": [ 131.43902, 31.909036 ] } },
{ "type": "Feature", "properties": { "ID": 4533450126870, "正式名称": "えぐち歯科医院", "機関区分": 3, "都道府県コード": 45, "市区町村コード": 382, "所在地": "宮崎県東諸県郡国富町大字本庄６７３２－６", "緯度": 31.991535, "経度": 131.313794, "url": "https://www.iryou.teikyouseido.mhlw.go.jp/znk-web/juminkanja/S2430/initialize?prefCd=45&kikanCd=3450126870&kikanKbn=3", "url2": "https://eguchi-shika.jp/", "内容": "えぐち歯科医院【3:歯科】宮崎県東諸県郡国富町大字本庄６７３２－６" }, "geometry": { "type": "Point", "coordinates": [ 131.313794, 31.991535 ] } },
{ "type": "Feature", "properties": { "ID": 4533450126900, "正式名称": "なかむら歯科医院", "機関区分": 3, "都道府県コード": 45, "市区町村コード": 201, "所在地": "宮崎県宮崎市清武町加納甲１４０８－１", "緯度": 31.87322, "経度": 131.394703, "url": "https://www.iryou.teikyouseido.mhlw.go.jp/znk-web/juminkanja/S2430/initialize?prefCd=45&kikanCd=3450126900&kikanKbn=3", "url2": null, "内容": "なかむら歯科医院【3:歯科】宮崎県宮崎市清武町加納甲１４０８－１" }, "geometry": { "type": "Point", "coordinates": [ 131.394703, 31.87322 ] } },
{ "type": "Feature", "properties": { "ID": 4533450127040, "正式名称": "はまだ歯科医院", "機関区分": 3, "都道府県コード": 45, "市区町村コード": 201, "所在地": "宮崎県宮崎市佐土原町下那珂５０５２−１", "緯度": 32.009498, "経度": 131.464681, "url": "https://www.iryou.teikyouseido.mhlw.go.jp/znk-web/juminkanja/S2430/initialize?prefCd=45&kikanCd=3450127040&kikanKbn=3", "url2": "https://hamada-miyazaki.com/", "内容": "はまだ歯科医院【3:歯科】宮崎県宮崎市佐土原町下那珂５０５２−１" }, "geometry": { "type": "Point", "coordinates": [ 131.464681, 32.009498 ] } },
{ "type": "Feature", "properties": { "ID": 4533450127170, "正式名称": "さどわら中央歯科医院", "機関区分": 3, "都道府県コード": 45, "市区町村コード": 201, "所在地": "宮崎県宮崎市佐土原町松小路４番７", "緯度": 32.023365, "経度": 131.475826, "url": "https://www.iryou.teikyouseido.mhlw.go.jp/znk-web/juminkanja/S2430/initialize?prefCd=45&kikanCd=3450127170&kikanKbn=3", "url2": null, "内容": "さどわら中央歯科医院【3:歯科】宮崎県宮崎市佐土原町松小路４番７" }, "geometry": { "type": "Point", "coordinates": [ 131.475826, 32.023365 ] } },
{ "type": "Feature", "properties": { "ID": 4533450127330, "正式名称": "ゆきえ歯科医院", "機関区分": 3, "都道府県コード": 45, "市区町村コード": 201, "所在地": "宮崎県宮崎市清武町正手１丁目１０５番地", "緯度": 31.859248, "経度": 131.385263, "url": "https://www.iryou.teikyouseido.mhlw.go.jp/znk-web/juminkanja/S2430/initialize?prefCd=45&kikanCd=3450127330&kikanKbn=3", "url2": "http://yukie-shika.com", "内容": "ゆきえ歯科医院【3:歯科】宮崎県宮崎市清武町正手１丁目１０５番地" }, "geometry": { "type": "Point", "coordinates": [ 131.385263, 31.859248 ] } },
{ "type": "Feature", "properties": { "ID": 4533450127460, "正式名称": "聖歯科医院", "機関区分": 3, "都道府県コード": 45, "市区町村コード": 201, "所在地": "宮崎県宮崎市高岡町下倉永字本町２５５−１", "緯度": 31.94169, "経度": 131.34414, "url": "https://www.iryou.teikyouseido.mhlw.go.jp/znk-web/juminkanja/S2430/initialize?prefCd=45&kikanCd=3450127460&kikanKbn=3", "url2": null, "内容": "聖歯科医院【3:歯科】宮崎県宮崎市高岡町下倉永字本町２５５−１" }, "geometry": { "type": "Point", "coordinates": [ 131.34414, 31.94169 ] } },
{ "type": "Feature", "properties": { "ID": 4533450127590, "正式名称": "太田歯科クリニック", "機関区分": 3, "都道府県コード": 45, "市区町村コード": 201, "所在地": "宮崎県宮崎市佐土原町下那珂字仁王作１２４７−２２", "緯度": 32.003047, "経度": 131.476511, "url": "https://www.iryou.teikyouseido.mhlw.go.jp/znk-web/juminkanja/S2430/initialize?prefCd=45&kikanCd=3450127590&kikanKbn=3", "url2": "http://www.ota-dc-lagoon.com", "内容": "太田歯科クリニック【3:歯科】宮崎県宮崎市佐土原町下那珂字仁王作１２４７−２２" }, "geometry": { "type": "Point", "coordinates": [ 131.476511, 32.003047 ] } },
{ "type": "Feature", "properties": { "ID": 4533450127880, "正式名称": "かさはら歯科医院", "機関区分": 3, "都道府県コード": 45, "市区町村コード": 201, "所在地": "宮崎県宮崎市佐土原町上田島字樋ノ口１３－２", "緯度": 32.048259, "経度": 131.439762, "url": "https://www.iryou.teikyouseido.mhlw.go.jp/znk-web/juminkanja/S2430/initialize?prefCd=45&kikanCd=3450127880&kikanKbn=3", "url2": null, "内容": "かさはら歯科医院【3:歯科】宮崎県宮崎市佐土原町上田島字樋ノ口１３－２" }, "geometry": { "type": "Point", "coordinates": [ 131.439762, 32.048259 ] } },
{ "type": "Feature", "properties": { "ID": 4533450127910, "正式名称": "やまもと歯科", "機関区分": 3, "都道府県コード": 45, "市区町村コード": 201, "所在地": "宮崎県宮崎市清武町池田台北３４−８８", "緯度": 31.880466, "経度": 131.394933, "url": "https://www.iryou.teikyouseido.mhlw.go.jp/znk-web/juminkanja/S2430/initialize?prefCd=45&kikanCd=3450127910&kikanKbn=3", "url2": "http://www.rie-dental.com", "内容": "やまもと歯科【3:歯科】宮崎県宮崎市清武町池田台北３４−８８" }, "geometry": { "type": "Point", "coordinates": [ 131.394933, 31.880466 ] } },
{ "type": "Feature", "properties": { "ID": 4533450130040, "正式名称": "なるせファミリー歯科", "機関区分": 3, "都道府県コード": 45, "市区町村コード": 383, "所在地": "宮崎県東諸県郡綾町大字入野３４５０－４", "緯度": 31.99936, "経度": 131.268366, "url": "https://www.iryou.teikyouseido.mhlw.go.jp/znk-web/juminkanja/S2430/initialize?prefCd=45&kikanCd=3450130040&kikanKbn=3", "url2": null, "内容": "なるせファミリー歯科【3:歯科】宮崎県東諸県郡綾町大字入野３４５０－４" }, "geometry": { "type": "Point", "coordinates": [ 131.268366, 31.99936 ] } },
{ "type": "Feature", "properties": { "ID": 4533450200480, "正式名称": "医療法人　永仁会　永井歯科医院", "機関区分": 3, "都道府県コード": 45, "市区町村コード": 202, "所在地": "宮崎県都城市八幡町１２街区２８号", "緯度": 31.719821, "経度": 131.059383, "url": "https://www.iryou.teikyouseido.mhlw.go.jp/znk-web/juminkanja/S2430/initialize?prefCd=45&kikanCd=3450200480&kikanKbn=3", "url2": "http://www.snagai.jp/", "内容": "医療法人　永仁会　永井歯科医院【3:歯科】宮崎県都城市八幡町１２街区２８号" }, "geometry": { "type": "Point", "coordinates": [ 131.059383, 31.719821 ] } },
{ "type": "Feature", "properties": { "ID": 4533450200640, "正式名称": "医療法人雄康会　浜田歯科医院", "機関区分": 3, "都道府県コード": 45, "市区町村コード": 202, "所在地": "宮崎県都城市牟田町２街区１０号", "緯度": 31.72519, "経度": 131.061738, "url": "https://www.iryou.teikyouseido.mhlw.go.jp/znk-web/juminkanja/S2430/initialize?prefCd=45&kikanCd=3450200640&kikanKbn=3", "url2": null, "内容": "医療法人雄康会　浜田歯科医院【3:歯科】宮崎県都城市牟田町２街区１０号" }, "geometry": { "type": "Point", "coordinates": [ 131.061738, 31.72519 ] } },
{ "type": "Feature", "properties": { "ID": 4533450201070, "正式名称": "庄内おとなこども歯科", "機関区分": 3, "都道府県コード": 45, "市区町村コード": 202, "所在地": "宮崎県都城市庄内町１２６９０－３", "緯度": 31.772662, "経度": 131.018752, "url": "https://www.iryou.teikyouseido.mhlw.go.jp/znk-web/juminkanja/S2430/initialize?prefCd=45&kikanCd=3450201070&kikanKbn=3", "url2": "http://www.btvm.ne.jp/~shonaiotonakodomo-dc/", "内容": "庄内おとなこども歯科【3:歯科】宮崎県都城市庄内町１２６９０－３" }, "geometry": { "type": "Point", "coordinates": [ 131.018752, 31.772662 ] } },
{ "type": "Feature", "properties": { "ID": 4533450201780, "正式名称": "安楽歯科医院", "機関区分": 3, "都道府県コード": 45, "市区町村コード": 202, "所在地": "宮崎県都城市年見町１７−４", "緯度": 31.732795, "経度": 131.086142, "url": "https://www.iryou.teikyouseido.mhlw.go.jp/znk-web/juminkanja/S2430/initialize?prefCd=45&kikanCd=3450201780&kikanKbn=3", "url2": null, "内容": "安楽歯科医院【3:歯科】宮崎県都城市年見町１７−４" }, "geometry": { "type": "Point", "coordinates": [ 131.086142, 31.732795 ] } },
{ "type": "Feature", "properties": { "ID": 4533450202240, "正式名称": "タケザキデンタルクリニック", "機関区分": 3, "都道府県コード": 45, "市区町村コード": 202, "所在地": "宮崎県都城市北原町１２－１３", "緯度": 31.732917, "経度": 131.07627, "url": "https://www.iryou.teikyouseido.mhlw.go.jp/znk-web/juminkanja/S2430/initialize?prefCd=45&kikanCd=3450202240&kikanKbn=3", "url2": null, "内容": "タケザキデンタルクリニック【3:歯科】宮崎県都城市北原町１２－１３" }, "geometry": { "type": "Point", "coordinates": [ 131.07627, 31.732917 ] } },
{ "type": "Feature", "properties": { "ID": 4533450202370, "正式名称": "山崎歯科医院", "機関区分": 3, "都道府県コード": 45, "市区町村コード": 202, "所在地": "宮崎県都城市松元町９－１５", "緯度": 31.723657, "経度": 131.05913, "url": "https://www.iryou.teikyouseido.mhlw.go.jp/znk-web/juminkanja/S2430/initialize?prefCd=45&kikanCd=3450202370&kikanKbn=3", "url2": "http://www.yamasakishika.jp/", "内容": "山崎歯科医院【3:歯科】宮崎県都城市松元町９－１５" }, "geometry": { "type": "Point", "coordinates": [ 131.05913, 31.723657 ] } },
{ "type": "Feature", "properties": { "ID": 4533450202660, "正式名称": "医療法人継尚会園田鷹尾歯科医院", "機関区分": 3, "都道府県コード": 45, "市区町村コード": 202, "所在地": "宮崎県都城市南鷹尾町１８街区８号", "緯度": 31.719665, "経度": 131.042071, "url": "https://www.iryou.teikyouseido.mhlw.go.jp/znk-web/juminkanja/S2430/initialize?prefCd=45&kikanCd=3450202660&kikanKbn=3", "url2": null, "内容": "医療法人継尚会園田鷹尾歯科医院【3:歯科】宮崎県都城市南鷹尾町１８街区８号" }, "geometry": { "type": "Point", "coordinates": [ 131.042071, 31.719665 ] } },
{ "type": "Feature", "properties": { "ID": 4533450202790, "正式名称": "井上歯科医院", "機関区分": 3, "都道府県コード": 45, "市区町村コード": 202, "所在地": "宮崎県都城市前田町８－２３", "緯度": 31.728862, "経度": 131.068018, "url": "https://www.iryou.teikyouseido.mhlw.go.jp/znk-web/juminkanja/S2430/initialize?prefCd=45&kikanCd=3450202790&kikanKbn=3", "url2": null, "内容": "井上歯科医院【3:歯科】宮崎県都城市前田町８－２３" }, "geometry": { "type": "Point", "coordinates": [ 131.068018, 31.728862 ] } },
{ "type": "Feature", "properties": { "ID": 4533450203250, "正式名称": "中央歯科", "機関区分": 3, "都道府県コード": 45, "市区町村コード": 202, "所在地": "宮崎県都城市牟田町８街区２号　濵田エーディックビル２Ｆ", "緯度": 31.725574, "経度": 131.062401, "url": "https://www.iryou.teikyouseido.mhlw.go.jp/znk-web/juminkanja/S2430/initialize?prefCd=45&kikanCd=3450203250&kikanKbn=3", "url2": "http://www.chuou-shika.net/index.html", "内容": "中央歯科【3:歯科】宮崎県都城市牟田町８街区２号　濵田エーディックビル２Ｆ" }, "geometry": { "type": "Point", "coordinates": [ 131.062401, 31.725574 ] } },
{ "type": "Feature", "properties": { "ID": 4533450204710, "正式名称": "医療法人社団時任歯科医院", "機関区分": 3, "都道府県コード": 45, "市区町村コード": 202, "所在地": "宮崎県都城市鷹尾５丁目１−１０", "緯度": 31.725156, "経度": 131.03699, "url": "https://www.iryou.teikyouseido.mhlw.go.jp/znk-web/juminkanja/S2430/initialize?prefCd=45&kikanCd=3450204710&kikanKbn=3", "url2": null, "内容": "医療法人社団時任歯科医院【3:歯科】宮崎県都城市鷹尾５丁目１−１０" }, "geometry": { "type": "Point", "coordinates": [ 131.03699, 31.725156 ] } },
{ "type": "Feature", "properties": { "ID": 4533450204840, "正式名称": "山田歯科医院", "機関区分": 3, "都道府県コード": 45, "市区町村コード": 202, "所在地": "宮崎県都城市上長飯町４１−１６", "緯度": 31.717508, "経度": 131.089211, "url": "https://www.iryou.teikyouseido.mhlw.go.jp/znk-web/juminkanja/S2430/initialize?prefCd=45&kikanCd=3450204840&kikanKbn=3", "url2": "https://sites.google.com/site/yamadadentaloffice/home", "内容": "山田歯科医院【3:歯科】宮崎県都城市上長飯町４１−１６" }, "geometry": { "type": "Point", "coordinates": [ 131.089211, 31.717508 ] } },
{ "type": "Feature", "properties": { "ID": 4533450205270, "正式名称": "たぐち歯科医院", "機関区分": 3, "都道府県コード": 45, "市区町村コード": 202, "所在地": "宮崎県都城市太郎坊町１９５９の１", "緯度": 31.777811, "経度": 131.091865, "url": "https://www.iryou.teikyouseido.mhlw.go.jp/znk-web/juminkanja/S2430/initialize?prefCd=45&kikanCd=3450205270&kikanKbn=3", "url2": null, "内容": "たぐち歯科医院【3:歯科】宮崎県都城市太郎坊町１９５９の１" }, "geometry": { "type": "Point", "coordinates": [ 131.091865, 31.777811 ] } },
{ "type": "Feature", "properties": { "ID": 4533450205560, "正式名称": "土持歯科医院", "機関区分": 3, "都道府県コード": 45, "市区町村コード": 202, "所在地": "宮崎県都城市上川東１－１８－１０", "緯度": 31.738386, "経度": 131.074351, "url": "https://www.iryou.teikyouseido.mhlw.go.jp/znk-web/juminkanja/S2430/initialize?prefCd=45&kikanCd=3450205560&kikanKbn=3", "url2": "http://www.tsuchimochi-dental-office.com", "内容": "土持歯科医院【3:歯科】宮崎県都城市上川東１－１８－１０" }, "geometry": { "type": "Point", "coordinates": [ 131.074351, 31.738386 ] } },
{ "type": "Feature", "properties": { "ID": 4533450205850, "正式名称": "稲田歯科医院", "機関区分": 3, "都道府県コード": 45, "市区町村コード": 202, "所在地": "宮崎県都城市山之口町花木２５６５", "緯度": 31.782979, "経度": 131.156096, "url": "https://www.iryou.teikyouseido.mhlw.go.jp/znk-web/juminkanja/S2430/initialize?prefCd=45&kikanCd=3450205850&kikanKbn=3", "url2": null, "内容": "稲田歯科医院【3:歯科】宮崎県都城市山之口町花木２５６５" }, "geometry": { "type": "Point", "coordinates": [ 131.156096, 31.782979 ] } },
{ "type": "Feature", "properties": { "ID": 4533450206020, "正式名称": "広瀬歯科医院", "機関区分": 3, "都道府県コード": 45, "市区町村コード": 202, "所在地": "宮崎県都城市妻ケ丘町２４－９", "緯度": 31.727551, "経度": 131.076156, "url": "https://www.iryou.teikyouseido.mhlw.go.jp/znk-web/juminkanja/S2430/initialize?prefCd=45&kikanCd=3450206020&kikanKbn=3", "url2": "http://www.hirosesika.com/", "内容": "広瀬歯科医院【3:歯科】宮崎県都城市妻ケ丘町２４－９" }, "geometry": { "type": "Point", "coordinates": [ 131.076156, 31.727551 ] } },
{ "type": "Feature", "properties": { "ID": 4533450206280, "正式名称": "医療法人真誠会井上歯科", "機関区分": 3, "都道府県コード": 45, "市区町村コード": 202, "所在地": "宮崎県都城市姫城町２５街区３８号", "緯度": 31.714291, "経度": 131.066369, "url": "https://www.iryou.teikyouseido.mhlw.go.jp/znk-web/juminkanja/S2430/initialize?prefCd=45&kikanCd=3450206280&kikanKbn=3", "url2": "https://h-inoue-dc.com", "内容": "医療法人真誠会井上歯科【3:歯科】宮崎県都城市姫城町２５街区３８号" }, "geometry": { "type": "Point", "coordinates": [ 131.066369, 31.714291 ] } },
{ "type": "Feature", "properties": { "ID": 4533450206310, "正式名称": "片平歯科医院", "機関区分": 3, "都道府県コード": 45, "市区町村コード": 202, "所在地": "宮崎県都城市祝吉１丁目２２－１３", "緯度": 31.739451, "経度": 131.082703, "url": "https://www.iryou.teikyouseido.mhlw.go.jp/znk-web/juminkanja/S2430/initialize?prefCd=45&kikanCd=3450206310&kikanKbn=3", "url2": null, "内容": "片平歯科医院【3:歯科】宮崎県都城市祝吉１丁目２２－１３" }, "geometry": { "type": "Point", "coordinates": [ 131.082703, 31.739451 ] } },
{ "type": "Feature", "properties": { "ID": 4533450206440, "正式名称": "五反田歯科医院", "機関区分": 3, "都道府県コード": 45, "市区町村コード": 202, "所在地": "宮崎県都城市平江町２３－１", "緯度": 31.736731, "経度": 131.068837, "url": "https://www.iryou.teikyouseido.mhlw.go.jp/znk-web/juminkanja/S2430/initialize?prefCd=45&kikanCd=3450206440&kikanKbn=3", "url2": null, "内容": "五反田歯科医院【3:歯科】宮崎県都城市平江町２３－１" }, "geometry": { "type": "Point", "coordinates": [ 131.068837, 31.736731 ] } },
{ "type": "Feature", "properties": { "ID": 4533450206570, "正式名称": "花森　歯科医院", "機関区分": 3, "都道府県コード": 45, "市区町村コード": 202, "所在地": "宮崎県都城市都原町１９－３", "緯度": 31.739082, "経度": 131.039895, "url": "https://www.iryou.teikyouseido.mhlw.go.jp/znk-web/juminkanja/S2430/initialize?prefCd=45&kikanCd=3450206570&kikanKbn=3", "url2": null, "内容": "花森　歯科医院【3:歯科】宮崎県都城市都原町１９－３" }, "geometry": { "type": "Point", "coordinates": [ 131.039895, 31.739082 ] } },
{ "type": "Feature", "properties": { "ID": 4533450206860, "正式名称": "医療法人東歯科医院", "機関区分": 3, "都道府県コード": 45, "市区町村コード": 341, "所在地": "宮崎県北諸県郡三股町花見原６番地５", "緯度": 31.73722, "経度": 131.103746, "url": "https://www.iryou.teikyouseido.mhlw.go.jp/znk-web/juminkanja/S2430/initialize?prefCd=45&kikanCd=3450206860&kikanKbn=3", "url2": null, "内容": "医療法人東歯科医院【3:歯科】宮崎県北諸県郡三股町花見原６番地５" }, "geometry": { "type": "Point", "coordinates": [ 131.103746, 31.73722 ] } },
{ "type": "Feature", "properties": { "ID": 4533450207160, "正式名称": "財部　歯科医院", "機関区分": 3, "都道府県コード": 45, "市区町村コード": 202, "所在地": "宮崎県都城市都北町５６２０－２", "緯度": 31.763329, "経度": 131.089602, "url": "https://www.iryou.teikyouseido.mhlw.go.jp/znk-web/juminkanja/S2430/initialize?prefCd=45&kikanCd=3450207160&kikanKbn=3", "url2": null, "内容": "財部　歯科医院【3:歯科】宮崎県都城市都北町５６２０－２" }, "geometry": { "type": "Point", "coordinates": [ 131.089602, 31.763329 ] } },
{ "type": "Feature", "properties": { "ID": 4533450207320, "正式名称": "内之浦歯科医院", "機関区分": 3, "都道府県コード": 45, "市区町村コード": 202, "所在地": "宮崎県都城市中原町１４街区１１号", "緯度": 31.727054, "経度": 131.07095, "url": "https://www.iryou.teikyouseido.mhlw.go.jp/znk-web/juminkanja/S2430/initialize?prefCd=45&kikanCd=3450207320&kikanKbn=3", "url2": null, "内容": "内之浦歯科医院【3:歯科】宮崎県都城市中原町１４街区１１号" }, "geometry": { "type": "Point", "coordinates": [ 131.07095, 31.727054 ] } },
{ "type": "Feature", "properties": { "ID": 4533450207580, "正式名称": "稲田歯科医院", "機関区分": 3, "都道府県コード": 45, "市区町村コード": 202, "所在地": "宮崎県都城市祝吉１－３０－９", "緯度": 31.744028, "経度": 131.08275, "url": "https://www.iryou.teikyouseido.mhlw.go.jp/znk-web/juminkanja/S2430/initialize?prefCd=45&kikanCd=3450207580&kikanKbn=3", "url2": null, "内容": "稲田歯科医院【3:歯科】宮崎県都城市祝吉１－３０－９" }, "geometry": { "type": "Point", "coordinates": [ 131.08275, 31.744028 ] } },
{ "type": "Feature", "properties": { "ID": 4533450207610, "正式名称": "土持矯正歯科医院", "機関区分": 3, "都道府県コード": 45, "市区町村コード": 202, "所在地": "宮崎県都城市上町１５－３", "緯度": 31.722385, "経度": 131.063518, "url": "https://www.iryou.teikyouseido.mhlw.go.jp/znk-web/juminkanja/S2430/initialize?prefCd=45&kikanCd=3450207610&kikanKbn=3", "url2": "http://www.tsuchimochi-ortho.jp", "内容": "土持矯正歯科医院【3:歯科】宮崎県都城市上町１５－３" }, "geometry": { "type": "Point", "coordinates": [ 131.063518, 31.722385 ] } },
{ "type": "Feature", "properties": { "ID": 4533450207740, "正式名称": "医療法人　デンタル・ファイン", "機関区分": 3, "都道府県コード": 45, "市区町村コード": 341, "所在地": "宮崎県北諸県郡三股町蓼池３６０７−９", "緯度": 31.761482, "経度": 131.114247, "url": "https://www.iryou.teikyouseido.mhlw.go.jp/znk-web/juminkanja/S2430/initialize?prefCd=45&kikanCd=3450207740&kikanKbn=3", "url2": null, "内容": "医療法人　デンタル・ファイン【3:歯科】宮崎県北諸県郡三股町蓼池３６０７−９" }, "geometry": { "type": "Point", "coordinates": [ 131.114247, 31.761482 ] } },
{ "type": "Feature", "properties": { "ID": 4533450208880, "正式名称": "土持歯科クリニック", "機関区分": 3, "都道府県コード": 45, "市区町村コード": 202, "所在地": "宮崎県都城市南鷹尾町１５番地３２", "緯度": 31.718112, "経度": 131.036974, "url": "https://www.iryou.teikyouseido.mhlw.go.jp/znk-web/juminkanja/S2430/initialize?prefCd=45&kikanCd=3450208880&kikanKbn=3", "url2": "http://tdc.9syu.net/", "内容": "土持歯科クリニック【3:歯科】宮崎県都城市南鷹尾町１５番地３２" }, "geometry": { "type": "Point", "coordinates": [ 131.036974, 31.718112 ] } },
{ "type": "Feature", "properties": { "ID": 4533450208910, "正式名称": "柴田歯科医院", "機関区分": 3, "都道府県コード": 45, "市区町村コード": 202, "所在地": "宮崎県都城市平江町３−７", "緯度": 31.732395, "経度": 131.069151, "url": "https://www.iryou.teikyouseido.mhlw.go.jp/znk-web/juminkanja/S2430/initialize?prefCd=45&kikanCd=3450208910&kikanKbn=3", "url2": null, "内容": "柴田歯科医院【3:歯科】宮崎県都城市平江町３−７" }, "geometry": { "type": "Point", "coordinates": [ 131.069151, 31.732395 ] } },
{ "type": "Feature", "properties": { "ID": 4533450209180, "正式名称": "中崎歯科医院", "機関区分": 3, "都道府県コード": 45, "市区町村コード": 202, "所在地": "宮崎県都城市高崎町大牟田１９５０−５", "緯度": 31.867152, "経度": 131.076579, "url": "https://www.iryou.teikyouseido.mhlw.go.jp/znk-web/juminkanja/S2430/initialize?prefCd=45&kikanCd=3450209180&kikanKbn=3", "url2": null, "内容": "中崎歯科医院【3:歯科】宮崎県都城市高崎町大牟田１９５０−５" }, "geometry": { "type": "Point", "coordinates": [ 131.076579, 31.867152 ] } },
{ "type": "Feature", "properties": { "ID": 4533450209210, "正式名称": "まえの歯科医院", "機関区分": 3, "都道府県コード": 45, "市区町村コード": 341, "所在地": "宮崎県北諸県郡三股町大字宮村２８６０－５", "緯度": 31.723958, "経度": 131.100788, "url": "https://www.iryou.teikyouseido.mhlw.go.jp/znk-web/juminkanja/S2430/initialize?prefCd=45&kikanCd=3450209210&kikanKbn=3", "url2": null, "内容": "まえの歯科医院【3:歯科】宮崎県北諸県郡三股町大字宮村２８６０－５" }, "geometry": { "type": "Point", "coordinates": [ 131.100788, 31.723958 ] } },
{ "type": "Feature", "properties": { "ID": 4533450209470, "正式名称": "かわごえ矯正歯科医院", "機関区分": 3, "都道府県コード": 45, "市区町村コード": 202, "所在地": "宮崎県都城市吉尾町９３５−６", "緯度": 31.759759, "経度": 131.076917, "url": "https://www.iryou.teikyouseido.mhlw.go.jp/znk-web/juminkanja/S2430/initialize?prefCd=45&kikanCd=3450209470&kikanKbn=3", "url2": "https://www.k-ortho.jp/", "内容": "かわごえ矯正歯科医院【3:歯科】宮崎県都城市吉尾町９３５−６" }, "geometry": { "type": "Point", "coordinates": [ 131.076917, 31.759759 ] } },
{ "type": "Feature", "properties": { "ID": 4533450209500, "正式名称": "とほく歯科医院", "機関区分": 3, "都道府県コード": 45, "市区町村コード": 202, "所在地": "宮崎県都城市都北町５７５７−５", "緯度": 31.759782, "経度": 131.088666, "url": "https://www.iryou.teikyouseido.mhlw.go.jp/znk-web/juminkanja/S2430/initialize?prefCd=45&kikanCd=3450209500&kikanKbn=3", "url2": null, "内容": "とほく歯科医院【3:歯科】宮崎県都城市都北町５７５７−５" }, "geometry": { "type": "Point", "coordinates": [ 131.088666, 31.759782 ] } },
{ "type": "Feature", "properties": { "ID": 4533450209760, "正式名称": "トキワ歯科医院", "機関区分": 3, "都道府県コード": 45, "市区町村コード": 202, "所在地": "宮崎県都城市野々美谷町２２２３−３", "緯度": 31.793825, "経度": 131.055503, "url": "https://www.iryou.teikyouseido.mhlw.go.jp/znk-web/juminkanja/S2430/initialize?prefCd=45&kikanCd=3450209760&kikanKbn=3", "url2": null, "内容": "トキワ歯科医院【3:歯科】宮崎県都城市野々美谷町２２２３−３" }, "geometry": { "type": "Point", "coordinates": [ 131.055503, 31.793825 ] } },
{ "type": "Feature", "properties": { "ID": 4533450209890, "正式名称": "とだか歯科医院", "機関区分": 3, "都道府県コード": 45, "市区町村コード": 202, "所在地": "宮崎県都城市鷹尾３丁目１４−２４", "緯度": 31.723273, "経度": 131.044626, "url": "https://www.iryou.teikyouseido.mhlw.go.jp/znk-web/juminkanja/S2430/initialize?prefCd=45&kikanCd=3450209890&kikanKbn=3", "url2": null, "内容": "とだか歯科医院【3:歯科】宮崎県都城市鷹尾３丁目１４−２４" }, "geometry": { "type": "Point", "coordinates": [ 131.044626, 31.723273 ] } },
{ "type": "Feature", "properties": { "ID": 4533450209920, "正式名称": "あさお歯科", "機関区分": 3, "都道府県コード": 45, "市区町村コード": 341, "所在地": "宮崎県北諸県郡三股町樺山４５２３－１", "緯度": 31.732607, "経度": 131.116779, "url": "https://www.iryou.teikyouseido.mhlw.go.jp/znk-web/juminkanja/S2430/initialize?prefCd=45&kikanCd=3450209920&kikanKbn=3", "url2": "http://asaoshika.net/", "内容": "あさお歯科【3:歯科】宮崎県北諸県郡三股町樺山４５２３－１" }, "geometry": { "type": "Point", "coordinates": [ 131.116779, 31.732607 ] } },
{ "type": "Feature", "properties": { "ID": 4533450210030, "正式名称": "いままち歯科医院", "機関区分": 3, "都道府県コード": 45, "市区町村コード": 202, "所在地": "宮崎県都城市今町７０４８番１", "緯度": 31.699834, "経度": 131.042755, "url": "https://www.iryou.teikyouseido.mhlw.go.jp/znk-web/juminkanja/S2430/initialize?prefCd=45&kikanCd=3450210030&kikanKbn=3", "url2": null, "内容": "いままち歯科医院【3:歯科】宮崎県都城市今町７０４８番１" }, "geometry": { "type": "Point", "coordinates": [ 131.042755, 31.699834 ] } },
{ "type": "Feature", "properties": { "ID": 4533450210160, "正式名称": "さいとう歯科", "機関区分": 3, "都道府県コード": 45, "市区町村コード": 202, "所在地": "宮崎県都城市志比田町４７１３－１", "緯度": 31.734691, "経度": 131.05015, "url": "https://www.iryou.teikyouseido.mhlw.go.jp/znk-web/juminkanja/S2430/initialize?prefCd=45&kikanCd=3450210160&kikanKbn=3", "url2": null, "内容": "さいとう歯科【3:歯科】宮崎県都城市志比田町４７１３－１" }, "geometry": { "type": "Point", "coordinates": [ 131.05015, 31.734691 ] } },
{ "type": "Feature", "properties": { "ID": 4533450210290, "正式名称": "やすひさ歯科医院", "機関区分": 3, "都道府県コード": 45, "市区町村コード": 202, "所在地": "宮崎県都城市安久町６０６１－１", "緯度": 31.699393, "経度": 131.077996, "url": "https://www.iryou.teikyouseido.mhlw.go.jp/znk-web/juminkanja/S2430/initialize?prefCd=45&kikanCd=3450210290&kikanKbn=3", "url2": null, "内容": "やすひさ歯科医院【3:歯科】宮崎県都城市安久町６０６１－１" }, "geometry": { "type": "Point", "coordinates": [ 131.077996, 31.699393 ] } },
{ "type": "Feature", "properties": { "ID": 4533450210320, "正式名称": "ときわ歯科医院", "機関区分": 3, "都道府県コード": 45, "市区町村コード": 202, "所在地": "宮崎県都城市平塚町３０３７番地１号", "緯度": 31.720023, "経度": 131.026636, "url": "https://www.iryou.teikyouseido.mhlw.go.jp/znk-web/juminkanja/S2430/initialize?prefCd=45&kikanCd=3450210320&kikanKbn=3", "url2": null, "内容": "ときわ歯科医院【3:歯科】宮崎県都城市平塚町３０３７番地１号" }, "geometry": { "type": "Point", "coordinates": [ 131.026636, 31.720023 ] } },
{ "type": "Feature", "properties": { "ID": 4533450210580, "正式名称": "医療法人社団きんじょう歯科医院", "機関区分": 3, "都道府県コード": 45, "市区町村コード": 202, "所在地": "宮崎県都城市金田町３１３２−７", "緯度": 31.774125, "経度": 131.086671, "url": "https://www.iryou.teikyouseido.mhlw.go.jp/znk-web/juminkanja/S2430/initialize?prefCd=45&kikanCd=3450210580&kikanKbn=3", "url2": "http://www.kinjo-dc.com/", "内容": "医療法人社団きんじょう歯科医院【3:歯科】宮崎県都城市金田町３１３２−７" }, "geometry": { "type": "Point", "coordinates": [ 131.086671, 31.774125 ] } },
{ "type": "Feature", "properties": { "ID": 4533450210870, "正式名称": "医療法人シゲシロ歯科医院", "機関区分": 3, "都道府県コード": 45, "市区町村コード": 202, "所在地": "宮崎県都城市早鈴町１１街区１８号", "緯度": 31.719385, "経度": 131.070076, "url": "https://www.iryou.teikyouseido.mhlw.go.jp/znk-web/juminkanja/S2430/initialize?prefCd=45&kikanCd=3450210870&kikanKbn=3", "url2": "http://www.btvm.ne.jp/~shige/", "内容": "医療法人シゲシロ歯科医院【3:歯科】宮崎県都城市早鈴町１１街区１８号" }, "geometry": { "type": "Point", "coordinates": [ 131.070076, 31.719385 ] } },
{ "type": "Feature", "properties": { "ID": 4533450210900, "正式名称": "ほりのうちデンタルクリニック", "機関区分": 3, "都道府県コード": 45, "市区町村コード": 202, "所在地": "宮崎県都城市志比田町４５７４－７", "緯度": 31.740613, "経度": 131.053044, "url": "https://www.iryou.teikyouseido.mhlw.go.jp/znk-web/juminkanja/S2430/initialize?prefCd=45&kikanCd=3450210900&kikanKbn=3", "url2": "https://itp.ne.jp", "内容": "ほりのうちデンタルクリニック【3:歯科】宮崎県都城市志比田町４５７４－７" }, "geometry": { "type": "Point", "coordinates": [ 131.053044, 31.740613 ] } },
{ "type": "Feature", "properties": { "ID": 4533450211330, "正式名称": "大岐歯科医院", "機関区分": 3, "都道府県コード": 45, "市区町村コード": 202, "所在地": "宮崎県都城市中町１２街区１６号", "緯度": 31.726451, "経度": 131.06641, "url": "https://www.iryou.teikyouseido.mhlw.go.jp/znk-web/juminkanja/S2430/initialize?prefCd=45&kikanCd=3450211330&kikanKbn=3", "url2": null, "内容": "大岐歯科医院【3:歯科】宮崎県都城市中町１２街区１６号" }, "geometry": { "type": "Point", "coordinates": [ 131.06641, 31.726451 ] } },
{ "type": "Feature", "properties": { "ID": 4533450211590, "正式名称": "デンタルオフィス松田", "機関区分": 3, "都道府県コード": 45, "市区町村コード": 202, "所在地": "宮崎県都城市鷹尾３丁目３街区８", "緯度": 31.721659, "経度": 131.04129, "url": "https://www.iryou.teikyouseido.mhlw.go.jp/znk-web/juminkanja/S2430/initialize?prefCd=45&kikanCd=3450211590&kikanKbn=3", "url2": null, "内容": "デンタルオフィス松田【3:歯科】宮崎県都城市鷹尾３丁目３街区８" }, "geometry": { "type": "Point", "coordinates": [ 131.04129, 31.721659 ] } },
{ "type": "Feature", "properties": { "ID": 4533450211620, "正式名称": "さくら歯科・小児歯科", "機関区分": 3, "都道府県コード": 45, "市区町村コード": 202, "所在地": "宮崎県都城市都原町", "緯度": 31.736505, "経度": 131.044264, "url": "https://www.iryou.teikyouseido.mhlw.go.jp/znk-web/juminkanja/S2430/initialize?prefCd=45&kikanCd=3450211620&kikanKbn=3", "url2": null, "内容": "さくら歯科・小児歯科【3:歯科】宮崎県都城市都原町" }, "geometry": { "type": "Point", "coordinates": [ 131.044264, 31.736505 ] } },
{ "type": "Feature", "properties": { "ID": 4533450211910, "正式名称": "医療法人　社団　ハートデンタルクリニック", "機関区分": 3, "都道府県コード": 45, "市区町村コード": 202, "所在地": "宮崎県都城市天神町１９街区２１号", "緯度": 31.726865, "経度": 131.069192, "url": "https://www.iryou.teikyouseido.mhlw.go.jp/znk-web/juminkanja/S2430/initialize?prefCd=45&kikanCd=3450211910&kikanKbn=3", "url2": "https://www.heartdental.net", "内容": "医療法人　社団　ハートデンタルクリニック【3:歯科】宮崎県都城市天神町１９街区２１号" }, "geometry": { "type": "Point", "coordinates": [ 131.069192, 31.726865 ] } },
{ "type": "Feature", "properties": { "ID": 4533450212210, "正式名称": "もちなが歯科医院", "機関区分": 3, "都道府県コード": 45, "市区町村コード": 202, "所在地": "宮崎県都城市早水町４５０３番１", "緯度": 31.737862, "経度": 131.091802, "url": "https://www.iryou.teikyouseido.mhlw.go.jp/znk-web/juminkanja/S2430/initialize?prefCd=45&kikanCd=3450212210&kikanKbn=3", "url2": null, "内容": "もちなが歯科医院【3:歯科】宮崎県都城市早水町４５０３番１" }, "geometry": { "type": "Point", "coordinates": [ 131.091802, 31.737862 ] } },
{ "type": "Feature", "properties": { "ID": 4533450212340, "正式名称": "オリーブ歯科都城", "機関区分": 3, "都道府県コード": 45, "市区町村コード": 202, "所在地": "宮崎県都城市栄町４６７２番５", "緯度": 31.735298, "経度": 131.080045, "url": "https://www.iryou.teikyouseido.mhlw.go.jp/znk-web/juminkanja/S2430/initialize?prefCd=45&kikanCd=3450212340&kikanKbn=3", "url2": "http://www.olive-m.net/", "内容": "オリーブ歯科都城【3:歯科】宮崎県都城市栄町４６７２番５" }, "geometry": { "type": "Point", "coordinates": [ 131.080045, 31.735298 ] } },
{ "type": "Feature", "properties": { "ID": 4533450212470, "正式名称": "三股歯科", "機関区分": 3, "都道府県コード": 45, "市区町村コード": 341, "所在地": "宮崎県北諸県郡三股町稗田９－７", "緯度": 31.73051, "経度": 131.11226, "url": "https://www.iryou.teikyouseido.mhlw.go.jp/znk-web/juminkanja/S2430/initialize?prefCd=45&kikanCd=3450212470&kikanKbn=3", "url2": null, "内容": "三股歯科【3:歯科】宮崎県北諸県郡三股町稗田９－７" }, "geometry": { "type": "Point", "coordinates": [ 131.11226, 31.73051 ] } },
{ "type": "Feature", "properties": { "ID": 4533450212760, "正式名称": "ウィーンデンタルオフィス", "機関区分": 3, "都道府県コード": 45, "市区町村コード": 202, "所在地": "宮崎県都城市年見町１４－１－７", "緯度": 31.735076, "経度": 131.086094, "url": "https://www.iryou.teikyouseido.mhlw.go.jp/znk-web/juminkanja/S2430/initialize?prefCd=45&kikanCd=3450212760&kikanKbn=3", "url2": "http://www.wiendentaloffice.p-kit.com", "内容": "ウィーンデンタルオフィス【3:歯科】宮崎県都城市年見町１４－１－７" }, "geometry": { "type": "Point", "coordinates": [ 131.086094, 31.735076 ] } },
{ "type": "Feature", "properties": { "ID": 4533450213060, "正式名称": "やすだ歯科", "機関区分": 3, "都道府県コード": 45, "市区町村コード": 202, "所在地": "宮崎県都城市高城町穂満坊１４６４－１", "緯度": 31.80616, "経度": 131.124087, "url": "https://www.iryou.teikyouseido.mhlw.go.jp/znk-web/juminkanja/S2430/initialize?prefCd=45&kikanCd=3450213060&kikanKbn=3", "url2": null, "内容": "やすだ歯科【3:歯科】宮崎県都城市高城町穂満坊１４６４－１" }, "geometry": { "type": "Point", "coordinates": [ 131.124087, 31.80616 ] } },
{ "type": "Feature", "properties": { "ID": 4533450213220, "正式名称": "いちご歯科", "機関区分": 3, "都道府県コード": 45, "市区町村コード": 202, "所在地": "宮崎県都城市乙房町１６６５ー１１", "緯度": 31.769042, "経度": 131.058341, "url": "https://www.iryou.teikyouseido.mhlw.go.jp/znk-web/juminkanja/S2430/initialize?prefCd=45&kikanCd=3450213220&kikanKbn=3", "url2": "http://www.ichigosika.jp/", "内容": "いちご歯科【3:歯科】宮崎県都城市乙房町１６６５ー１１" }, "geometry": { "type": "Point", "coordinates": [ 131.058341, 31.769042 ] } },
{ "type": "Feature", "properties": { "ID": 4533450213480, "正式名称": "こうだい歯科", "機関区分": 3, "都道府県コード": 45, "市区町村コード": 202, "所在地": "宮崎県都城市菖蒲原町２５－８", "緯度": 31.7272, "経度": 131.086, "url": "https://www.iryou.teikyouseido.mhlw.go.jp/znk-web/juminkanja/S2430/initialize?prefCd=45&kikanCd=3450213480&kikanKbn=3", "url2": "http://www.koudaishika.jp", "内容": "こうだい歯科【3:歯科】宮崎県都城市菖蒲原町２５－８" }, "geometry": { "type": "Point", "coordinates": [ 131.086, 31.7272 ] } },
{ "type": "Feature", "properties": { "ID": 4533450213510, "正式名称": "いわよし歯科クリニック", "機関区分": 3, "都道府県コード": 45, "市区町村コード": 202, "所在地": "宮崎県都城市郡元１丁目２−２２", "緯度": 31.7, "経度": 131.0, "url": "https://www.iryou.teikyouseido.mhlw.go.jp/znk-web/juminkanja/S2430/initialize?prefCd=45&kikanCd=3450213510&kikanKbn=3", "url2": "http://www.iwayoshi-dc.com", "内容": "いわよし歯科クリニック【3:歯科】宮崎県都城市郡元１丁目２−２２" }, "geometry": { "type": "Point", "coordinates": [ 131.0, 31.7 ] } },
{ "type": "Feature", "properties": { "ID": 4533450213550, "正式名称": "よしお歯科医院", "機関区分": 3, "都道府県コード": 45, "市区町村コード": 202, "所在地": "宮崎県都城市吉尾町７２３－９２", "緯度": 31.758495, "経度": 131.078503, "url": "https://www.iryou.teikyouseido.mhlw.go.jp/znk-web/juminkanja/S2430/initialize?prefCd=45&kikanCd=3450213550&kikanKbn=3", "url2": null, "内容": "よしお歯科医院【3:歯科】宮崎県都城市吉尾町７２３－９２" }, "geometry": { "type": "Point", "coordinates": [ 131.078503, 31.758495 ] } },
{ "type": "Feature", "properties": { "ID": 4533450213930, "正式名称": "みまた陽だまり歯科", "機関区分": 3, "都道府県コード": 45, "市区町村コード": 341, "所在地": "宮崎県北諸県郡三股町稗田４８－６", "緯度": 31.733569, "経度": 131.103827, "url": "https://www.iryou.teikyouseido.mhlw.go.jp/znk-web/juminkanja/S2430/initialize?prefCd=45&kikanCd=3450213930&kikanKbn=3", "url2": "https://mimata-hidamari.com/", "内容": "みまた陽だまり歯科【3:歯科】宮崎県北諸県郡三股町稗田４８－６" }, "geometry": { "type": "Point", "coordinates": [ 131.103827, 31.733569 ] } },
{ "type": "Feature", "properties": { "ID": 4533450214070, "正式名称": "医療法人けやきの杜　小児・矯正歯科クリニック", "機関区分": 3, "都道府県コード": 45, "市区町村コード": 202, "所在地": "宮崎県都城市郡元町３３３２－３５", "緯度": 31.743711, "経度": 131.09833, "url": "https://www.iryou.teikyouseido.mhlw.go.jp/znk-web/juminkanja/S2430/initialize?prefCd=45&kikanCd=3450214070&kikanKbn=3", "url2": null, "内容": "医療法人けやきの杜　小児・矯正歯科クリニック【3:歯科】宮崎県都城市郡元町３３３２－３５" }, "geometry": { "type": "Point", "coordinates": [ 131.09833, 31.743711 ] } },
{ "type": "Feature", "properties": { "ID": 4533450214100, "正式名称": "是枝歯科医院", "機関区分": 3, "都道府県コード": 45, "市区町村コード": 202, "所在地": "宮崎県都城市上水流町１６８４－２", "緯度": 31.810854, "経度": 131.097021, "url": "https://www.iryou.teikyouseido.mhlw.go.jp/znk-web/juminkanja/S2430/initialize?prefCd=45&kikanCd=3450214100&kikanKbn=3", "url2": null, "内容": "是枝歯科医院【3:歯科】宮崎県都城市上水流町１６８４－２" }, "geometry": { "type": "Point", "coordinates": [ 131.097021, 31.810854 ] } },
{ "type": "Feature", "properties": { "ID": 4533450214520, "正式名称": "一万城安楽歯科医院", "機関区分": 3, "都道府県コード": 45, "市区町村コード": 202, "所在地": "宮崎県都城市一万城町２９号３２番１", "緯度": 31.722046, "経度": 131.091625, "url": "https://www.iryou.teikyouseido.mhlw.go.jp/znk-web/juminkanja/S2430/initialize?prefCd=45&kikanCd=3450214520&kikanKbn=3", "url2": "http://i-anraku.com", "内容": "一万城安楽歯科医院【3:歯科】宮崎県都城市一万城町２９号３２番１" }, "geometry": { "type": "Point", "coordinates": [ 131.091625, 31.722046 ] } },
{ "type": "Feature", "properties": { "ID": 4533450214650, "正式名称": "はた歯科医院", "機関区分": 3, "都道府県コード": 45, "市区町村コード": 202, "所在地": "宮崎県都城市南横市町３７８７−８", "緯度": 31.740363, "経度": 131.035026, "url": "https://www.iryou.teikyouseido.mhlw.go.jp/znk-web/juminkanja/S2430/initialize?prefCd=45&kikanCd=3450214650&kikanKbn=3", "url2": "https://www.hatadental.net", "内容": "はた歯科医院【3:歯科】宮崎県都城市南横市町３７８７−８" }, "geometry": { "type": "Point", "coordinates": [ 131.035026, 31.740363 ] } },
{ "type": "Feature", "properties": { "ID": 4533450214780, "正式名称": "今西歯科クリニック", "機関区分": 3, "都道府県コード": 45, "市区町村コード": 202, "所在地": "宮崎県都城市高崎町大牟田７８９－７", "緯度": 38.0, "経度": 135.0, "url": "https://www.iryou.teikyouseido.mhlw.go.jp/znk-web/juminkanja/S2430/initialize?prefCd=45&kikanCd=3450214780&kikanKbn=3", "url2": "http://www.btvm.ne.jp/~imanishi-dc/index.html", "内容": "今西歯科クリニック【3:歯科】宮崎県都城市高崎町大牟田７８９－７" }, "geometry": { "type": "Point", "coordinates": [ 135.0, 38.0 ] } },
{ "type": "Feature", "properties": { "ID": 4533450301000, "正式名称": "松下歯科医院", "機関区分": 3, "都道府県コード": 45, "市区町村コード": 203, "所在地": "宮崎県延岡市安賀多町２丁目５の３", "緯度": 32.575887, "経度": 131.670001, "url": "https://www.iryou.teikyouseido.mhlw.go.jp/znk-web/juminkanja/S2430/initialize?prefCd=45&kikanCd=3450301000&kikanKbn=3", "url2": null, "内容": "松下歯科医院【3:歯科】宮崎県延岡市安賀多町２丁目５の３" }, "geometry": { "type": "Point", "coordinates": [ 131.670001, 32.575887 ] } },
{ "type": "Feature", "properties": { "ID": 4533450301390, "正式名称": "髙濱歯科医院", "機関区分": 3, "都道府県コード": 45, "市区町村コード": 203, "所在地": "宮崎県延岡市船倉町１丁目４番地１１", "緯度": 32.581959, "経度": 131.670012, "url": "https://www.iryou.teikyouseido.mhlw.go.jp/znk-web/juminkanja/S2430/initialize?prefCd=45&kikanCd=3450301390&kikanKbn=3", "url2": null, "内容": "髙濱歯科医院【3:歯科】宮崎県延岡市船倉町１丁目４番地１１" }, "geometry": { "type": "Point", "coordinates": [ 131.670012, 32.581959 ] } },
{ "type": "Feature", "properties": { "ID": 4533450301550, "正式名称": "簗瀬歯科医院", "機関区分": 3, "都道府県コード": 45, "市区町村コード": 203, "所在地": "宮崎県延岡市西小路６－１３", "緯度": 32.571567, "経度": 131.663763, "url": "https://www.iryou.teikyouseido.mhlw.go.jp/znk-web/juminkanja/S2430/initialize?prefCd=45&kikanCd=3450301550&kikanKbn=3", "url2": null, "内容": "簗瀬歯科医院【3:歯科】宮崎県延岡市西小路６－１３" }, "geometry": { "type": "Point", "coordinates": [ 131.663763, 32.571567 ] } },
{ "type": "Feature", "properties": { "ID": 4533450301840, "正式名称": "鈴木歯科医院", "機関区分": 3, "都道府県コード": 45, "市区町村コード": 203, "所在地": "宮崎県延岡市伊達町３丁目１２－１", "緯度": 32.560294, "経度": 131.675554, "url": "https://www.iryou.teikyouseido.mhlw.go.jp/znk-web/juminkanja/S2430/initialize?prefCd=45&kikanCd=3450301840&kikanKbn=3", "url2": "http://suzukidc.jp/", "内容": "鈴木歯科医院【3:歯科】宮崎県延岡市伊達町３丁目１２－１" }, "geometry": { "type": "Point", "coordinates": [ 131.675554, 32.560294 ] } },
{ "type": "Feature", "properties": { "ID": 4533450302300, "正式名称": "医療法人社団大司会　吉田歯科医院", "機関区分": 3, "都道府県コード": 45, "市区町村コード": 203, "所在地": "宮崎県延岡市昭和町１丁目１８－１", "緯度": 32.585556, "経度": 131.673753, "url": "https://www.iryou.teikyouseido.mhlw.go.jp/znk-web/juminkanja/S2430/initialize?prefCd=45&kikanCd=3450302300&kikanKbn=3", "url2": null, "内容": "医療法人社団大司会　吉田歯科医院【3:歯科】宮崎県延岡市昭和町１丁目１８－１" }, "geometry": { "type": "Point", "coordinates": [ 131.673753, 32.585556 ] } },
{ "type": "Feature", "properties": { "ID": 4533450302430, "正式名称": "四倉歯科医院", "機関区分": 3, "都道府県コード": 45, "市区町村コード": 203, "所在地": "宮崎県延岡市東本小路１２９", "緯度": 32.579675, "経度": 131.664504, "url": "https://www.iryou.teikyouseido.mhlw.go.jp/znk-web/juminkanja/S2430/initialize?prefCd=45&kikanCd=3450302430&kikanKbn=3", "url2": null, "内容": "四倉歯科医院【3:歯科】宮崎県延岡市東本小路１２９" }, "geometry": { "type": "Point", "coordinates": [ 131.664504, 32.579675 ] } },
{ "type": "Feature", "properties": { "ID": 4533450302560, "正式名称": "津野田歯科医院", "機関区分": 3, "都道府県コード": 45, "市区町村コード": 203, "所在地": "宮崎県延岡市伊達町３丁目７１番地", "緯度": 32.56055, "経度": 131.676057, "url": "https://www.iryou.teikyouseido.mhlw.go.jp/znk-web/juminkanja/S2430/initialize?prefCd=45&kikanCd=3450302560&kikanKbn=3", "url2": "http://www.tsunoda-clinic.com", "内容": "津野田歯科医院【3:歯科】宮崎県延岡市伊達町３丁目７１番地" }, "geometry": { "type": "Point", "coordinates": [ 131.676057, 32.56055 ] } },
{ "type": "Feature", "properties": { "ID": 4533450302850, "正式名称": "甲斐歯科医院", "機関区分": 3, "都道府県コード": 45, "市区町村コード": 203, "所在地": "宮崎県延岡市北一ケ岡４丁目３－１５", "緯度": 32.524381, "経度": 131.678458, "url": "https://www.iryou.teikyouseido.mhlw.go.jp/znk-web/juminkanja/S2430/initialize?prefCd=45&kikanCd=3450302850&kikanKbn=3", "url2": "https://k-kai3.wixsite.com/-site", "内容": "甲斐歯科医院【3:歯科】宮崎県延岡市北一ケ岡４丁目３－１５" }, "geometry": { "type": "Point", "coordinates": [ 131.678458, 32.524381 ] } },
{ "type": "Feature", "properties": { "ID": 4533450303570, "正式名称": "赤坂歯科医院", "機関区分": 3, "都道府県コード": 45, "市区町村コード": 203, "所在地": "宮崎県延岡市平原町１４２１の１", "緯度": 32.552506, "経度": 131.67571, "url": "https://www.iryou.teikyouseido.mhlw.go.jp/znk-web/juminkanja/S2430/initialize?prefCd=45&kikanCd=3450303570&kikanKbn=3", "url2": null, "内容": "赤坂歯科医院【3:歯科】宮崎県延岡市平原町１４２１の１" }, "geometry": { "type": "Point", "coordinates": [ 131.67571, 32.552506 ] } },
{ "type": "Feature", "properties": { "ID": 4533450304030, "正式名称": "医療法人社団秀歯会診療所　岩木歯科医院", "機関区分": 3, "都道府県コード": 45, "市区町村コード": 203, "所在地": "宮崎県延岡市山下町２丁目５－１１", "緯度": 32.590161, "経度": 131.670195, "url": "https://www.iryou.teikyouseido.mhlw.go.jp/znk-web/juminkanja/S2430/initialize?prefCd=45&kikanCd=3450304030&kikanKbn=3", "url2": null, "内容": "医療法人社団秀歯会診療所　岩木歯科医院【3:歯科】宮崎県延岡市山下町２丁目５－１１" }, "geometry": { "type": "Point", "coordinates": [ 131.670195, 32.590161 ] } },
{ "type": "Feature", "properties": { "ID": 4533450304320, "正式名称": "医療法人社団光洋会竹尾歯科大貫診療所", "機関区分": 3, "都道府県コード": 45, "市区町村コード": 203, "所在地": "宮崎県延岡市大貫町３丁目９７０番地１", "緯度": 32.575106, "経度": 131.65443, "url": "https://www.iryou.teikyouseido.mhlw.go.jp/znk-web/juminkanja/S2430/initialize?prefCd=45&kikanCd=3450304320&kikanKbn=3", "url2": "http://www.dental-takeo.com/", "内容": "医療法人社団光洋会竹尾歯科大貫診療所【3:歯科】宮崎県延岡市大貫町３丁目９７０番地１" }, "geometry": { "type": "Point", "coordinates": [ 131.65443, 32.575106 ] } },
{ "type": "Feature", "properties": { "ID": 4533450304450, "正式名称": "山本歯科医院", "機関区分": 3, "都道府県コード": 45, "市区町村コード": 203, "所在地": "宮崎県延岡市構口町２－１０１７", "緯度": 32.557208, "経度": 131.675353, "url": "https://www.iryou.teikyouseido.mhlw.go.jp/znk-web/juminkanja/S2430/initialize?prefCd=45&kikanCd=3450304450&kikanKbn=3", "url2": null, "内容": "山本歯科医院【3:歯科】宮崎県延岡市構口町２－１０１７" }, "geometry": { "type": "Point", "coordinates": [ 131.675353, 32.557208 ] } },
{ "type": "Feature", "properties": { "ID": 4533450304580, "正式名称": "井上歯科", "機関区分": 3, "都道府県コード": 45, "市区町村コード": 203, "所在地": "宮崎県延岡市桜園町１３２－１", "緯度": 32.595086, "経度": 131.676602, "url": "https://www.iryou.teikyouseido.mhlw.go.jp/znk-web/juminkanja/S2430/initialize?prefCd=45&kikanCd=3450304580&kikanKbn=3", "url2": "http://www.inoue-dental-cl.jp/", "内容": "井上歯科【3:歯科】宮崎県延岡市桜園町１３２－１" }, "geometry": { "type": "Point", "coordinates": [ 131.676602, 32.595086 ] } },
{ "type": "Feature", "properties": { "ID": 4533450304870, "正式名称": "斎藤歯科医院", "機関区分": 3, "都道府県コード": 45, "市区町村コード": 203, "所在地": "宮崎県延岡市土々呂町４丁目４０８５番地１", "緯度": 32.50881, "経度": 131.682722, "url": "https://www.iryou.teikyouseido.mhlw.go.jp/znk-web/juminkanja/S2430/initialize?prefCd=45&kikanCd=3450304870&kikanKbn=3", "url2": null, "内容": "斎藤歯科医院【3:歯科】宮崎県延岡市土々呂町４丁目４０８５番地１" }, "geometry": { "type": "Point", "coordinates": [ 131.682722, 32.50881 ] } },
{ "type": "Feature", "properties": { "ID": 4533450305200, "正式名称": "松尾歯科", "機関区分": 3, "都道府県コード": 45, "市区町村コード": 203, "所在地": "宮崎県延岡市粟野名町１６９５番地", "緯度": 32.598855, "経度": 131.683816, "url": "https://www.iryou.teikyouseido.mhlw.go.jp/znk-web/juminkanja/S2430/initialize?prefCd=45&kikanCd=3450305200&kikanKbn=3", "url2": null, "内容": "松尾歯科【3:歯科】宮崎県延岡市粟野名町１６９５番地" }, "geometry": { "type": "Point", "coordinates": [ 131.683816, 32.598855 ] } },
{ "type": "Feature", "properties": { "ID": 4533450305330, "正式名称": "佐藤歯科医院", "機関区分": 3, "都道府県コード": 45, "市区町村コード": 203, "所在地": "宮崎県延岡市塩浜町１丁目１５８８－３８", "緯度": 32.543304, "経度": 131.676899, "url": "https://www.iryou.teikyouseido.mhlw.go.jp/znk-web/juminkanja/S2430/initialize?prefCd=45&kikanCd=3450305330&kikanKbn=3", "url2": "http://www.dentalclinic-sato.com/", "内容": "佐藤歯科医院【3:歯科】宮崎県延岡市塩浜町１丁目１５８８－３８" }, "geometry": { "type": "Point", "coordinates": [ 131.676899, 32.543304 ] } },
{ "type": "Feature", "properties": { "ID": 4533450305880, "正式名称": "医療法人社団晃和会　くどう歯科医院", "機関区分": 3, "都道府県コード": 45, "市区町村コード": 203, "所在地": "宮崎県延岡市中央通３丁目２番地２", "緯度": 32.580867, "経度": 131.668445, "url": "https://www.iryou.teikyouseido.mhlw.go.jp/znk-web/juminkanja/S2430/initialize?prefCd=45&kikanCd=3450305880&kikanKbn=3", "url2": null, "内容": "医療法人社団晃和会　くどう歯科医院【3:歯科】宮崎県延岡市中央通３丁目２番地２" }, "geometry": { "type": "Point", "coordinates": [ 131.668445, 32.580867 ] } },
{ "type": "Feature", "properties": { "ID": 4533450306050, "正式名称": "医療法人社団　開成歯科医院", "機関区分": 3, "都道府県コード": 45, "市区町村コード": 203, "所在地": "宮崎県延岡市惣領町１９－１３", "緯度": 32.579268, "経度": 131.68002, "url": "https://www.iryou.teikyouseido.mhlw.go.jp/znk-web/juminkanja/S2430/initialize?prefCd=45&kikanCd=3450306050&kikanKbn=3", "url2": "http://www.citydo.com/sp/0982-34-7050", "内容": "医療法人社団　開成歯科医院【3:歯科】宮崎県延岡市惣領町１９－１３" }, "geometry": { "type": "Point", "coordinates": [ 131.68002, 32.579268 ] } },
{ "type": "Feature", "properties": { "ID": 4533450306340, "正式名称": "北浦歯科医院", "機関区分": 3, "都道府県コード": 45, "市区町村コード": 203, "所在地": "宮崎県延岡市北浦町古江２４９２番地４", "緯度": 32.705225, "経度": 131.819606, "url": "https://www.iryou.teikyouseido.mhlw.go.jp/znk-web/juminkanja/S2430/initialize?prefCd=45&kikanCd=3450306340&kikanKbn=3", "url2": null, "内容": "北浦歯科医院【3:歯科】宮崎県延岡市北浦町古江２４９２番地４" }, "geometry": { "type": "Point", "coordinates": [ 131.819606, 32.705225 ] } },
{ "type": "Feature", "properties": { "ID": 4533450306450, "正式名称": "長友歯科クリニック", "機関区分": 3, "都道府県コード": 45, "市区町村コード": 206, "所在地": "宮崎県日向市鶴町２－８－２２", "緯度": 32.425648, "経度": 131.632142, "url": "https://www.iryou.teikyouseido.mhlw.go.jp/znk-web/juminkanja/S2430/initialize?prefCd=45&kikanCd=3450306450&kikanKbn=3", "url2": null, "内容": "長友歯科クリニック【3:歯科】宮崎県日向市鶴町２－８－２２" }, "geometry": { "type": "Point", "coordinates": [ 131.632142, 32.425648 ] } },
{ "type": "Feature", "properties": { "ID": 4533450306630, "正式名称": "大内歯科", "機関区分": 3, "都道府県コード": 45, "市区町村コード": 203, "所在地": "宮崎県延岡市伊形町５２１６番地２", "緯度": 32.531295, "経度": 131.673458, "url": "https://www.iryou.teikyouseido.mhlw.go.jp/znk-web/juminkanja/S2430/initialize?prefCd=45&kikanCd=3450306630&kikanKbn=3", "url2": null, "内容": "大内歯科【3:歯科】宮崎県延岡市伊形町５２１６番地２" }, "geometry": { "type": "Point", "coordinates": [ 131.673458, 32.531295 ] } },
{ "type": "Feature", "properties": { "ID": 4533450306760, "正式名称": "岡田歯科医院", "機関区分": 3, "都道府県コード": 45, "市区町村コード": 203, "所在地": "宮崎県延岡市愛宕町３丁目３０番地", "緯度": 32.566804, "経度": 131.668441, "url": "https://www.iryou.teikyouseido.mhlw.go.jp/znk-web/juminkanja/S2430/initialize?prefCd=45&kikanCd=3450306760&kikanKbn=3", "url2": null, "内容": "岡田歯科医院【3:歯科】宮崎県延岡市愛宕町３丁目３０番地" }, "geometry": { "type": "Point", "coordinates": [ 131.668441, 32.566804 ] } },
{ "type": "Feature", "properties": { "ID": 4533450306890, "正式名称": "池野歯科", "機関区分": 3, "都道府県コード": 45, "市区町村コード": 203, "所在地": "宮崎県延岡市土々呂町４－４３５８", "緯度": 32.508866, "経度": 131.677934, "url": "https://www.iryou.teikyouseido.mhlw.go.jp/znk-web/juminkanja/S2430/initialize?prefCd=45&kikanCd=3450306890&kikanKbn=3", "url2": null, "内容": "池野歯科【3:歯科】宮崎県延岡市土々呂町４－４３５８" }, "geometry": { "type": "Point", "coordinates": [ 131.677934, 32.508866 ] } },
{ "type": "Feature", "properties": { "ID": 4533450307190, "正式名称": "グリーンヒル歯科医院", "機関区分": 3, "都道府県コード": 45, "市区町村コード": 203, "所在地": "宮崎県延岡市緑ケ丘２丁目１５－２４", "緯度": 32.554226, "経度": 131.68329, "url": "https://www.iryou.teikyouseido.mhlw.go.jp/znk-web/juminkanja/S2430/initialize?prefCd=45&kikanCd=3450307190&kikanKbn=3", "url2": "http://greenhill-do.com", "内容": "グリーンヒル歯科医院【3:歯科】宮崎県延岡市緑ケ丘２丁目１５－２４" }, "geometry": { "type": "Point", "coordinates": [ 131.68329, 32.554226 ] } },
{ "type": "Feature", "properties": { "ID": 4533450307220, "正式名称": "いわさき歯科口腔外科", "機関区分": 3, "都道府県コード": 45, "市区町村コード": 203, "所在地": "宮崎県延岡市恒富町４丁目１４８番地", "緯度": 32.566543, "経度": 131.663566, "url": "https://www.iryou.teikyouseido.mhlw.go.jp/znk-web/juminkanja/S2430/initialize?prefCd=45&kikanCd=3450307220&kikanKbn=3", "url2": null, "内容": "いわさき歯科口腔外科【3:歯科】宮崎県延岡市恒富町４丁目１４８番地" }, "geometry": { "type": "Point", "coordinates": [ 131.663566, 32.566543 ] } },
{ "type": "Feature", "properties": { "ID": 4533450307510, "正式名称": "きりん矯正歯科", "機関区分": 3, "都道府県コード": 45, "市区町村コード": 203, "所在地": "宮崎県延岡市長浜１丁目１６２４－１", "緯度": 32.575885, "経度": 131.690469, "url": "https://www.iryou.teikyouseido.mhlw.go.jp/znk-web/juminkanja/S2430/initialize?prefCd=45&kikanCd=3450307510&kikanKbn=3", "url2": "http://www.wainet.ne.jp/~kirin", "内容": "きりん矯正歯科【3:歯科】宮崎県延岡市長浜１丁目１６２４－１" }, "geometry": { "type": "Point", "coordinates": [ 131.690469, 32.575885 ] } },
{ "type": "Feature", "properties": { "ID": 4533450307640, "正式名称": "たさき歯科", "機関区分": 3, "都道府県コード": 45, "市区町村コード": 203, "所在地": "宮崎県延岡市松山町１２２１－２７", "緯度": 32.583377, "経度": 131.63652, "url": "https://www.iryou.teikyouseido.mhlw.go.jp/znk-web/juminkanja/S2430/initialize?prefCd=45&kikanCd=3450307640&kikanKbn=3", "url2": null, "内容": "たさき歯科【3:歯科】宮崎県延岡市松山町１２２１－２７" }, "geometry": { "type": "Point", "coordinates": [ 131.63652, 32.583377 ] } },
{ "type": "Feature", "properties": { "ID": 4533450307930, "正式名称": "アイル歯科医院", "機関区分": 3, "都道府県コード": 45, "市区町村コード": 203, "所在地": "宮崎県延岡市稲葉崎町３丁目１８７０－１", "緯度": 32.608907, "経度": 131.679071, "url": "https://www.iryou.teikyouseido.mhlw.go.jp/znk-web/juminkanja/S2430/initialize?prefCd=45&kikanCd=3450307930&kikanKbn=3", "url2": null, "内容": "アイル歯科医院【3:歯科】宮崎県延岡市稲葉崎町３丁目１８７０－１" }, "geometry": { "type": "Point", "coordinates": [ 131.679071, 32.608907 ] } },
{ "type": "Feature", "properties": { "ID": 4533450308230, "正式名称": "かい歯科クリニック", "機関区分": 3, "都道府県コード": 45, "市区町村コード": 203, "所在地": "宮崎県延岡市大貫町５丁目２０８０", "緯度": 32.572219, "経度": 131.649161, "url": "https://www.iryou.teikyouseido.mhlw.go.jp/znk-web/juminkanja/S2430/initialize?prefCd=45&kikanCd=3450308230&kikanKbn=3", "url2": null, "内容": "かい歯科クリニック【3:歯科】宮崎県延岡市大貫町５丁目２０８０" }, "geometry": { "type": "Point", "coordinates": [ 131.649161, 32.572219 ] } },
{ "type": "Feature", "properties": { "ID": 4533450308650, "正式名称": "さかもと歯科・歯科口腔外科医院", "機関区分": 3, "都道府県コード": 45, "市区町村コード": 203, "所在地": "宮崎県延岡市浜町１７２－３０", "緯度": 32.558525, "経度": 131.677168, "url": "https://www.iryou.teikyouseido.mhlw.go.jp/znk-web/juminkanja/S2430/initialize?prefCd=45&kikanCd=3450308650&kikanKbn=3", "url2": null, "内容": "さかもと歯科・歯科口腔外科医院【3:歯科】宮崎県延岡市浜町１７２－３０" }, "geometry": { "type": "Point", "coordinates": [ 131.677168, 32.558525 ] } },
{ "type": "Feature", "properties": { "ID": 4533450308780, "正式名称": "ひとみ歯科", "機関区分": 3, "都道府県コード": 45, "市区町村コード": 203, "所在地": "宮崎県延岡市野地町２丁目５１５７－１", "緯度": 32.575688, "経度": 131.640359, "url": "https://www.iryou.teikyouseido.mhlw.go.jp/znk-web/juminkanja/S2430/initialize?prefCd=45&kikanCd=3450308780&kikanKbn=3", "url2": null, "内容": "ひとみ歯科【3:歯科】宮崎県延岡市野地町２丁目５１５７－１" }, "geometry": { "type": "Point", "coordinates": [ 131.640359, 32.575688 ] } },
{ "type": "Feature", "properties": { "ID": 4533450308810, "正式名称": "医療法人　茉佑会　髙野歯科クリニック", "機関区分": 3, "都道府県コード": 45, "市区町村コード": 203, "所在地": "宮崎県延岡市出北３丁目５番１４号", "緯度": 32.573521, "経度": 131.679012, "url": "https://www.iryou.teikyouseido.mhlw.go.jp/znk-web/juminkanja/S2430/initialize?prefCd=45&kikanCd=3450308810&kikanKbn=3", "url2": "http://www.dental-takano.com/", "内容": "医療法人　茉佑会　髙野歯科クリニック【3:歯科】宮崎県延岡市出北３丁目５番１４号" }, "geometry": { "type": "Point", "coordinates": [ 131.679012, 32.573521 ] } },
{ "type": "Feature", "properties": { "ID": 4533450308940, "正式名称": "まつだ歯科", "機関区分": 3, "都道府県コード": 45, "市区町村コード": 203, "所在地": "宮崎県延岡市川島町２２２９－１", "緯度": 32.616088, "経度": 131.695722, "url": "https://www.iryou.teikyouseido.mhlw.go.jp/znk-web/juminkanja/S2430/initialize?prefCd=45&kikanCd=3450308940&kikanKbn=3", "url2": null, "内容": "まつだ歯科【3:歯科】宮崎県延岡市川島町２２２９－１" }, "geometry": { "type": "Point", "coordinates": [ 131.695722, 32.616088 ] } },
{ "type": "Feature", "properties": { "ID": 4533450309110, "正式名称": "たに歯科医院", "機関区分": 3, "都道府県コード": 45, "市区町村コード": 203, "所在地": "宮崎県延岡市北小路２－５", "緯度": 32.585075, "経度": 131.667951, "url": "https://www.iryou.teikyouseido.mhlw.go.jp/znk-web/juminkanja/S2430/initialize?prefCd=45&kikanCd=3450309110&kikanKbn=3", "url2": null, "内容": "たに歯科医院【3:歯科】宮崎県延岡市北小路２－５" }, "geometry": { "type": "Point", "coordinates": [ 131.667951, 32.585075 ] } },
{ "type": "Feature", "properties": { "ID": 4533450309530, "正式名称": "白瀬歯科", "機関区分": 3, "都道府県コード": 45, "市区町村コード": 203, "所在地": "宮崎県延岡市博労町２番地２４", "緯度": 32.585558, "経度": 131.669859, "url": "https://www.iryou.teikyouseido.mhlw.go.jp/znk-web/juminkanja/S2430/initialize?prefCd=45&kikanCd=3450309530&kikanKbn=3", "url2": null, "内容": "白瀬歯科【3:歯科】宮崎県延岡市博労町２番地２４" }, "geometry": { "type": "Point", "coordinates": [ 131.669859, 32.585558 ] } },
{ "type": "Feature", "properties": { "ID": 4533450309660, "正式名称": "ファミリー歯科・小児歯科", "機関区分": 3, "都道府県コード": 45, "市区町村コード": 203, "所在地": "宮崎県延岡市平原町５丁目６９６－１", "緯度": 32.552601, "経度": 131.678129, "url": "https://www.iryou.teikyouseido.mhlw.go.jp/znk-web/juminkanja/S2430/initialize?prefCd=45&kikanCd=3450309660&kikanKbn=3", "url2": "http://nobeoka-family-dc.com/", "内容": "ファミリー歯科・小児歯科【3:歯科】宮崎県延岡市平原町５丁目６９６－１" }, "geometry": { "type": "Point", "coordinates": [ 131.678129, 32.552601 ] } },
{ "type": "Feature", "properties": { "ID": 4533450309820, "正式名称": "せせらぎ歯科", "機関区分": 3, "都道府県コード": 45, "市区町村コード": 203, "所在地": "宮崎県延岡市北川町川内名７０５５－１", "緯度": 32.686914, "経度": 131.694228, "url": "https://www.iryou.teikyouseido.mhlw.go.jp/znk-web/juminkanja/S2430/initialize?prefCd=45&kikanCd=3450309820&kikanKbn=3", "url2": null, "内容": "せせらぎ歯科【3:歯科】宮崎県延岡市北川町川内名７０５５－１" }, "geometry": { "type": "Point", "coordinates": [ 131.694228, 32.686914 ] } },
{ "type": "Feature", "properties": { "ID": 4533450309950, "正式名称": "たかの歯科医院", "機関区分": 3, "都道府県コード": 45, "市区町村コード": 203, "所在地": "宮崎県延岡市萩町１４５番地", "緯度": 32.592556, "経度": 131.671144, "url": "https://www.iryou.teikyouseido.mhlw.go.jp/znk-web/juminkanja/S2430/initialize?prefCd=45&kikanCd=3450309950&kikanKbn=3", "url2": null, "内容": "たかの歯科医院【3:歯科】宮崎県延岡市萩町１４５番地" }, "geometry": { "type": "Point", "coordinates": [ 131.671144, 32.592556 ] } },
{ "type": "Feature", "properties": { "ID": 4533450310060, "正式名称": "泉歯科医院", "機関区分": 3, "都道府県コード": 45, "市区町村コード": 203, "所在地": "宮崎県延岡市夏田町４５６－１", "緯度": 32.608998, "経度": 131.671988, "url": "https://www.iryou.teikyouseido.mhlw.go.jp/znk-web/juminkanja/S2430/initialize?prefCd=45&kikanCd=3450310060&kikanKbn=3", "url2": null, "内容": "泉歯科医院【3:歯科】宮崎県延岡市夏田町４５６－１" }, "geometry": { "type": "Point", "coordinates": [ 131.671988, 32.608998 ] } },
{ "type": "Feature", "properties": { "ID": 4533450310220, "正式名称": "医療法人裕翔会　ひまわりデンタルクリニック", "機関区分": 3, "都道府県コード": 45, "市区町村コード": 203, "所在地": "宮崎県延岡市野地町３丁目３４５６番２", "緯度": 32.57955, "経度": 131.647086, "url": "https://www.iryou.teikyouseido.mhlw.go.jp/znk-web/juminkanja/S2430/initialize?prefCd=45&kikanCd=3450310220&kikanKbn=3", "url2": null, "内容": "医療法人裕翔会　ひまわりデンタルクリニック【3:歯科】宮崎県延岡市野地町３丁目３４５６番２" }, "geometry": { "type": "Point", "coordinates": [ 131.647086, 32.57955 ] } },
{ "type": "Feature", "properties": { "ID": 4533450310640, "正式名称": "ゆう歯科クリニック", "機関区分": 3, "都道府県コード": 45, "市区町村コード": 203, "所在地": "宮崎県延岡市紺屋町２丁目２番地１５", "緯度": 32.584728, "経度": 131.671528, "url": "https://www.iryou.teikyouseido.mhlw.go.jp/znk-web/juminkanja/S2430/initialize?prefCd=45&kikanCd=3450310640&kikanKbn=3", "url2": "http://www.you-dc.jpn.com/", "内容": "ゆう歯科クリニック【3:歯科】宮崎県延岡市紺屋町２丁目２番地１５" }, "geometry": { "type": "Point", "coordinates": [ 131.671528, 32.584728 ] } },
{ "type": "Feature", "properties": { "ID": 4533450310770, "正式名称": "まさこの歯科クリニック", "機関区分": 3, "都道府県コード": 45, "市区町村コード": 203, "所在地": "宮崎県延岡市出北６ー１６６２－１", "緯度": 32.575849, "経度": 131.686461, "url": "https://www.iryou.teikyouseido.mhlw.go.jp/znk-web/juminkanja/S2430/initialize?prefCd=45&kikanCd=3450310770&kikanKbn=3", "url2": "https://masakonoshika.com/", "内容": "まさこの歯科クリニック【3:歯科】宮崎県延岡市出北６ー１６６２－１" }, "geometry": { "type": "Point", "coordinates": [ 131.686461, 32.575849 ] } },
{ "type": "Feature", "properties": { "ID": 4533450310800, "正式名称": "医療法人裕翔会　さかもと歯科・歯科口腔外科医院　夜間診療部", "機関区分": 3, "都道府県コード": 45, "市区町村コード": 203, "所在地": "宮崎県延岡市出北６丁目１６３６－１", "緯度": 32.575783, "経度": 131.689033, "url": "https://www.iryou.teikyouseido.mhlw.go.jp/znk-web/juminkanja/S2430/initialize?prefCd=45&kikanCd=3450310800&kikanKbn=3", "url2": null, "内容": "医療法人裕翔会　さかもと歯科・歯科口腔外科医院　夜間診療部【3:歯科】宮崎県延岡市出北６丁目１６３６－１" }, "geometry": { "type": "Point", "coordinates": [ 131.689033, 32.575783 ] } },
{ "type": "Feature", "properties": { "ID": 4533450310930, "正式名称": "北方歯科医院", "機関区分": 3, "都道府県コード": 45, "市区町村コード": 203, "所在地": "宮崎県延岡市北方町川水流卯１２３６", "緯度": 32.561138, "経度": 131.521435, "url": "https://www.iryou.teikyouseido.mhlw.go.jp/znk-web/juminkanja/S2430/initialize?prefCd=45&kikanCd=3450310930&kikanKbn=3", "url2": null, "内容": "北方歯科医院【3:歯科】宮崎県延岡市北方町川水流卯１２３６" }, "geometry": { "type": "Point", "coordinates": [ 131.521435, 32.561138 ] } },
{ "type": "Feature", "properties": { "ID": 4533450311070, "正式名称": "よつくら歯科クリニック", "機関区分": 3, "都道府県コード": 45, "市区町村コード": 203, "所在地": "宮崎県延岡市安賀多町４丁目４－８", "緯度": 32.572226, "経度": 131.668576, "url": "https://www.iryou.teikyouseido.mhlw.go.jp/znk-web/juminkanja/S2430/initialize?prefCd=45&kikanCd=3450311070&kikanKbn=3", "url2": null, "内容": "よつくら歯科クリニック【3:歯科】宮崎県延岡市安賀多町４丁目４－８" }, "geometry": { "type": "Point", "coordinates": [ 131.668576, 32.572226 ] } },
{ "type": "Feature", "properties": { "ID": 4533450311100, "正式名称": "みらいデンタルクリニック", "機関区分": 3, "都道府県コード": 45, "市区町村コード": 203, "所在地": "宮崎県延岡市出北４丁目２４３２番地１", "緯度": 32.571563, "経度": 131.682442, "url": "https://www.iryou.teikyouseido.mhlw.go.jp/znk-web/juminkanja/S2430/initialize?prefCd=45&kikanCd=3450311100&kikanKbn=3", "url2": "https://www.miraidentalclinic.com", "内容": "みらいデンタルクリニック【3:歯科】宮崎県延岡市出北４丁目２４３２番地１" }, "geometry": { "type": "Point", "coordinates": [ 131.682442, 32.571563 ] } },
{ "type": "Feature", "properties": { "ID": 4533450311360, "正式名称": "安賀多デンタルクリニック", "機関区分": 3, "都道府県コード": 45, "市区町村コード": 203, "所在地": "宮崎県延岡市安賀多町", "緯度": 32.575449, "経度": 131.66879, "url": "https://www.iryou.teikyouseido.mhlw.go.jp/znk-web/juminkanja/S2430/initialize?prefCd=45&kikanCd=3450311360&kikanKbn=3", "url2": null, "内容": "安賀多デンタルクリニック【3:歯科】宮崎県延岡市安賀多町" }, "geometry": { "type": "Point", "coordinates": [ 131.66879, 32.575449 ] } },
{ "type": "Feature", "properties": { "ID": 4533450311490, "正式名称": "医療法人初誠会　延岡こども歯科・おやこ歯科", "機関区分": 3, "都道府県コード": 45, "市区町村コード": 203, "所在地": "宮崎県延岡市緑ケ丘１丁目１番１１号", "緯度": 32.561871, "経度": 131.682471, "url": "https://www.iryou.teikyouseido.mhlw.go.jp/znk-web/juminkanja/S2430/initialize?prefCd=45&kikanCd=3450311490&kikanKbn=3", "url2": "https://www.nobeoka-dc.com/", "内容": "医療法人初誠会　延岡こども歯科・おやこ歯科【3:歯科】宮崎県延岡市緑ケ丘１丁目１番１１号" }, "geometry": { "type": "Point", "coordinates": [ 131.682471, 32.561871 ] } },
{ "type": "Feature", "properties": { "ID": 4533450400730, "正式名称": "富田歯科医院", "機関区分": 3, "都道府県コード": 45, "市区町村コード": 204, "所在地": "宮崎県日南市中央通２丁目５番地２１", "緯度": 31.604123, "経度": 131.378972, "url": "https://www.iryou.teikyouseido.mhlw.go.jp/znk-web/juminkanja/S2430/initialize?prefCd=45&kikanCd=3450400730&kikanKbn=3", "url2": null, "内容": "富田歯科医院【3:歯科】宮崎県日南市中央通２丁目５番地２１" }, "geometry": { "type": "Point", "coordinates": [ 131.378972, 31.604123 ] } },
{ "type": "Feature", "properties": { "ID": 4533450400990, "正式名称": "森歯科医院", "機関区分": 3, "都道府県コード": 45, "市区町村コード": 204, "所在地": "宮崎県日南市中央通１−３−１７", "緯度": 31.602459, "経度": 131.379935, "url": "https://www.iryou.teikyouseido.mhlw.go.jp/znk-web/juminkanja/S2430/initialize?prefCd=45&kikanCd=3450400990&kikanKbn=3", "url2": null, "内容": "森歯科医院【3:歯科】宮崎県日南市中央通１−３−１７" }, "geometry": { "type": "Point", "coordinates": [ 131.379935, 31.602459 ] } },
{ "type": "Feature", "properties": { "ID": 4533450401160, "正式名称": "安部歯科医院", "機関区分": 3, "都道府県コード": 45, "市区町村コード": 204, "所在地": "宮崎県日南市園田１－１－１６", "緯度": 31.589453, "経度": 131.399296, "url": "https://www.iryou.teikyouseido.mhlw.go.jp/znk-web/juminkanja/S2430/initialize?prefCd=45&kikanCd=3450401160&kikanKbn=3", "url2": null, "内容": "安部歯科医院【3:歯科】宮崎県日南市園田１－１－１６" }, "geometry": { "type": "Point", "coordinates": [ 131.399296, 31.589453 ] } },
{ "type": "Feature", "properties": { "ID": 4533450401320, "正式名称": "田島歯科医院", "機関区分": 3, "都道府県コード": 45, "市区町村コード": 204, "所在地": "宮崎県日南市木山２丁目５番３０号", "緯度": 31.591514, "経度": 131.398419, "url": "https://www.iryou.teikyouseido.mhlw.go.jp/znk-web/juminkanja/S2430/initialize?prefCd=45&kikanCd=3450401320&kikanKbn=3", "url2": "http://www.tajima-dc.jp", "内容": "田島歯科医院【3:歯科】宮崎県日南市木山２丁目５番３０号" }, "geometry": { "type": "Point", "coordinates": [ 131.398419, 31.591514 ] } },
{ "type": "Feature", "properties": { "ID": 4533450401610, "正式名称": "市来歯科口腔外科クリニック", "機関区分": 3, "都道府県コード": 45, "市区町村コード": 204, "所在地": "宮崎県日南市南郷町中村乙２４７９", "緯度": 31.541446, "経度": 131.381632, "url": "https://www.iryou.teikyouseido.mhlw.go.jp/znk-web/juminkanja/S2430/initialize?prefCd=45&kikanCd=3450401610&kikanKbn=3", "url2": "https://www.ichiki-dc.com/", "内容": "市来歯科口腔外科クリニック【3:歯科】宮崎県日南市南郷町中村乙２４７９" }, "geometry": { "type": "Point", "coordinates": [ 131.381632, 31.541446 ] } },
{ "type": "Feature", "properties": { "ID": 4533450402200, "正式名称": "河野歯科医院", "機関区分": 3, "都道府県コード": 45, "市区町村コード": 204, "所在地": "宮崎県日南市南郷町中村乙２３９３", "緯度": 31.541032, "経度": 131.379668, "url": "https://www.iryou.teikyouseido.mhlw.go.jp/znk-web/juminkanja/S2430/initialize?prefCd=45&kikanCd=3450402200&kikanKbn=3", "url2": null, "内容": "河野歯科医院【3:歯科】宮崎県日南市南郷町中村乙２３９３" }, "geometry": { "type": "Point", "coordinates": [ 131.379668, 31.541032 ] } },
{ "type": "Feature", "properties": { "ID": 4533450402620, "正式名称": "黒木歯科医院", "機関区分": 3, "都道府県コード": 45, "市区町村コード": 204, "所在地": "宮崎県日南市北郷町郷之原乙１２９３番地１", "緯度": 31.680106, "経度": 131.376373, "url": "https://www.iryou.teikyouseido.mhlw.go.jp/znk-web/juminkanja/S2430/initialize?prefCd=45&kikanCd=3450402620&kikanKbn=3", "url2": "http://www.miyazaki-da.or.jp/user/detail.php", "内容": "黒木歯科医院【3:歯科】宮崎県日南市北郷町郷之原乙１２９３番地１" }, "geometry": { "type": "Point", "coordinates": [ 131.376373, 31.680106 ] } },
{ "type": "Feature", "properties": { "ID": 4533450402910, "正式名称": "いちき歯科クリニック", "機関区分": 3, "都道府県コード": 45, "市区町村コード": 204, "所在地": "宮崎県日南市吾田東１０－５－２７", "緯度": 31.614356, "経度": 131.375488, "url": "https://www.iryou.teikyouseido.mhlw.go.jp/znk-web/juminkanja/S2430/initialize?prefCd=45&kikanCd=3450402910&kikanKbn=3", "url2": null, "内容": "いちき歯科クリニック【3:歯科】宮崎県日南市吾田東１０－５－２７" }, "geometry": { "type": "Point", "coordinates": [ 131.375488, 31.614356 ] } },
{ "type": "Feature", "properties": { "ID": 4533450403050, "正式名称": "おなが歯科医院", "機関区分": 3, "都道府県コード": 45, "市区町村コード": 204, "所在地": "宮崎県日南市春日町４番６号", "緯度": 31.586138, "経度": 131.402758, "url": "https://www.iryou.teikyouseido.mhlw.go.jp/znk-web/juminkanja/S2430/initialize?prefCd=45&kikanCd=3450403050&kikanKbn=3", "url2": null, "内容": "おなが歯科医院【3:歯科】宮崎県日南市春日町４番６号" }, "geometry": { "type": "Point", "coordinates": [ 131.402758, 31.586138 ] } },
{ "type": "Feature", "properties": { "ID": 4533450403210, "正式名称": "藤原歯科医院", "機関区分": 3, "都道府県コード": 45, "市区町村コード": 204, "所在地": "宮崎県日南市南郷町中村乙７１０１−３５４", "緯度": 31.521751, "経度": 131.372732, "url": "https://www.iryou.teikyouseido.mhlw.go.jp/znk-web/juminkanja/S2430/initialize?prefCd=45&kikanCd=3450403210&kikanKbn=3", "url2": null, "内容": "藤原歯科医院【3:歯科】宮崎県日南市南郷町中村乙７１０１−３５４" }, "geometry": { "type": "Point", "coordinates": [ 131.372732, 31.521751 ] } },
{ "type": "Feature", "properties": { "ID": 4533450403340, "正式名称": "かわさき歯科口腔外科医院", "機関区分": 3, "都道府県コード": 45, "市区町村コード": 204, "所在地": "宮崎県日南市天福２丁目４番１号", "緯度": 31.583134, "経度": 131.398013, "url": "https://www.iryou.teikyouseido.mhlw.go.jp/znk-web/juminkanja/S2430/initialize?prefCd=45&kikanCd=3450403340&kikanKbn=3", "url2": null, "内容": "かわさき歯科口腔外科医院【3:歯科】宮崎県日南市天福２丁目４番１号" }, "geometry": { "type": "Point", "coordinates": [ 131.398013, 31.583134 ] } },
{ "type": "Feature", "properties": { "ID": 4533450403470, "正式名称": "岡本歯科医院", "機関区分": 3, "都道府県コード": 45, "市区町村コード": 204, "所在地": "宮崎県日南市南郷町東町６－６", "緯度": 31.536318, "経度": 131.374206, "url": "https://www.iryou.teikyouseido.mhlw.go.jp/znk-web/juminkanja/S2430/initialize?prefCd=45&kikanCd=3450403470&kikanKbn=3", "url2": null, "内容": "岡本歯科医院【3:歯科】宮崎県日南市南郷町東町６－６" }, "geometry": { "type": "Point", "coordinates": [ 131.374206, 31.536318 ] } },
{ "type": "Feature", "properties": { "ID": 4533450403760, "正式名称": "医療法人　倉元歯科診療所　倉元歯科医院", "機関区分": 3, "都道府県コード": 45, "市区町村コード": 204, "所在地": "宮崎県日南市星倉１丁目５−６", "緯度": 31.628424, "経度": 131.361895, "url": "https://www.iryou.teikyouseido.mhlw.go.jp/znk-web/juminkanja/S2430/initialize?prefCd=45&kikanCd=3450403760&kikanKbn=3", "url2": null, "内容": "医療法人　倉元歯科診療所　倉元歯科医院【3:歯科】宮崎県日南市星倉１丁目５−６" }, "geometry": { "type": "Point", "coordinates": [ 131.361895, 31.628424 ] } },
{ "type": "Feature", "properties": { "ID": 4533450403920, "正式名称": "医療法人社団欣生会　ふさやす歯科医院", "機関区分": 3, "都道府県コード": 45, "市区町村コード": 204, "所在地": "宮崎県日南市園田２－９－１１", "緯度": 31.590569, "経度": 131.401625, "url": "https://www.iryou.teikyouseido.mhlw.go.jp/znk-web/juminkanja/S2430/initialize?prefCd=45&kikanCd=3450403920&kikanKbn=3", "url2": null, "内容": "医療法人社団欣生会　ふさやす歯科医院【3:歯科】宮崎県日南市園田２－９－１１" }, "geometry": { "type": "Point", "coordinates": [ 131.401625, 31.590569 ] } },
{ "type": "Feature", "properties": { "ID": 4533450404060, "正式名称": "医療法人清雅会山口歯科医院", "機関区分": 3, "都道府県コード": 45, "市区町村コード": 204, "所在地": "宮崎県日南市吾田西３丁目６番５号", "緯度": 31.609403, "経度": 131.372122, "url": "https://www.iryou.teikyouseido.mhlw.go.jp/znk-web/juminkanja/S2430/initialize?prefCd=45&kikanCd=3450404060&kikanKbn=3", "url2": null, "内容": "医療法人清雅会山口歯科医院【3:歯科】宮崎県日南市吾田西３丁目６番５号" }, "geometry": { "type": "Point", "coordinates": [ 131.372122, 31.609403 ] } },
{ "type": "Feature", "properties": { "ID": 4533450404350, "正式名称": "昭寿園前歯科", "機関区分": 3, "都道府県コード": 45, "市区町村コード": 204, "所在地": "宮崎県日南市大字風田３８６０番地２５", "緯度": 31.612274, "経度": 131.421013, "url": "https://www.iryou.teikyouseido.mhlw.go.jp/znk-web/juminkanja/S2430/initialize?prefCd=45&kikanCd=3450404350&kikanKbn=3", "url2": null, "内容": "昭寿園前歯科【3:歯科】宮崎県日南市大字風田３８６０番地２５" }, "geometry": { "type": "Point", "coordinates": [ 131.421013, 31.612274 ] } },
{ "type": "Feature", "properties": { "ID": 4533450404480, "正式名称": "大手門歯科クリニック", "機関区分": 3, "都道府県コード": 45, "市区町村コード": 204, "所在地": "宮崎県日南市飫肥６丁目７－５１", "緯度": 31.624797, "経度": 131.354051, "url": "https://www.iryou.teikyouseido.mhlw.go.jp/znk-web/juminkanja/S2430/initialize?prefCd=45&kikanCd=3450404480&kikanKbn=3", "url2": "http://nttbj.itp.ne.jp/0987212122/index.html?clk=105&kok=11&svc=1303&Media_cate=populer&wp=J45&wt=J45&wq=Z241500&tkcp=r1&m_genre_id=c030010000&m_genre_name=%8E%95%89%C8%8C%6E&s_genre_id=c030010001&s_g", "内容": "大手門歯科クリニック【3:歯科】宮崎県日南市飫肥６丁目７－５１" }, "geometry": { "type": "Point", "coordinates": [ 131.354051, 31.624797 ] } },
{ "type": "Feature", "properties": { "ID": 4533450404800, "正式名称": "ひだか歯科クリニック", "機関区分": 3, "都道府県コード": 45, "市区町村コード": 204, "所在地": "宮崎県日南市吾田西１－５－４８", "緯度": 31.606756, "経度": 131.376657, "url": "https://www.iryou.teikyouseido.mhlw.go.jp/znk-web/juminkanja/S2430/initialize?prefCd=45&kikanCd=3450404800&kikanKbn=3", "url2": "https://hidaka-dentalclinic.com", "内容": "ひだか歯科クリニック【3:歯科】宮崎県日南市吾田西１－５－４８" }, "geometry": { "type": "Point", "coordinates": [ 131.376657, 31.606756 ] } },
{ "type": "Feature", "properties": { "ID": 4533450405070, "正式名称": "たばた歯科クリニック", "機関区分": 3, "都道府県コード": 45, "市区町村コード": 207, "所在地": "宮崎県串間市西方５９１８", "緯度": 31.46, "経度": 131.23, "url": "https://www.iryou.teikyouseido.mhlw.go.jp/znk-web/juminkanja/S2430/initialize?prefCd=45&kikanCd=3450405070&kikanKbn=3", "url2": "https://plus.dentamap.jp/hpplus/user/tabatadentclinic/", "内容": "たばた歯科クリニック【3:歯科】宮崎県串間市西方５９１８" }, "geometry": { "type": "Point", "coordinates": [ 131.23, 31.46 ] } },
{ "type": "Feature", "properties": { "ID": 4533450501220, "正式名称": "医療法人悠心会　下村歯科医院", "機関区分": 3, "都道府県コード": 45, "市区町村コード": 205, "所在地": "宮崎県小林市大字細野５３番地１", "緯度": 31.993532, "経度": 130.981628, "url": "https://www.iryou.teikyouseido.mhlw.go.jp/znk-web/juminkanja/S2430/initialize?prefCd=45&kikanCd=3450501220&kikanKbn=3", "url2": "https://www.shimomura-sika.com/", "内容": "医療法人悠心会　下村歯科医院【3:歯科】宮崎県小林市大字細野５３番地１" }, "geometry": { "type": "Point", "coordinates": [ 130.981628, 31.993532 ] } },
{ "type": "Feature", "properties": { "ID": 4533450501480, "正式名称": "石坂歯科医院", "機関区分": 3, "都道府県コード": 45, "市区町村コード": 209, "所在地": "宮崎県えびの市大字栗下１３７４", "緯度": 32.047363, "経度": 130.811263, "url": "https://www.iryou.teikyouseido.mhlw.go.jp/znk-web/juminkanja/S2430/initialize?prefCd=45&kikanCd=3450501480&kikanKbn=3", "url2": null, "内容": "石坂歯科医院【3:歯科】宮崎県えびの市大字栗下１３７４" }, "geometry": { "type": "Point", "coordinates": [ 130.811263, 32.047363 ] } },
{ "type": "Feature", "properties": { "ID": 4533450501930, "正式名称": "市来歯科医院", "機関区分": 3, "都道府県コード": 45, "市区町村コード": 209, "所在地": "宮崎県えびの市原田２２４８", "緯度": 32.032269, "経度": 130.869578, "url": "https://www.iryou.teikyouseido.mhlw.go.jp/znk-web/juminkanja/S2430/initialize?prefCd=45&kikanCd=3450501930&kikanKbn=3", "url2": null, "内容": "市来歯科医院【3:歯科】宮崎県えびの市原田２２４８" }, "geometry": { "type": "Point", "coordinates": [ 130.869578, 32.032269 ] } },
{ "type": "Feature", "properties": { "ID": 4533450503080, "正式名称": "大坪歯科医院", "機関区分": 3, "都道府県コード": 45, "市区町村コード": 205, "所在地": "宮崎県小林市堤２９６１番地３７", "緯度": 31.987244, "経度": 130.990606, "url": "https://www.iryou.teikyouseido.mhlw.go.jp/znk-web/juminkanja/S2430/initialize?prefCd=45&kikanCd=3450503080&kikanKbn=3", "url2": null, "内容": "大坪歯科医院【3:歯科】宮崎県小林市堤２９６１番地３７" }, "geometry": { "type": "Point", "coordinates": [ 130.990606, 31.987244 ] } },
{ "type": "Feature", "properties": { "ID": 4533450503110, "正式名称": "吉田歯科医院", "機関区分": 3, "都道府県コード": 45, "市区町村コード": 205, "所在地": "宮崎県小林市細野１１３－５", "緯度": 31.992408, "経度": 130.979637, "url": "https://www.iryou.teikyouseido.mhlw.go.jp/znk-web/juminkanja/S2430/initialize?prefCd=45&kikanCd=3450503110&kikanKbn=3", "url2": null, "内容": "吉田歯科医院【3:歯科】宮崎県小林市細野１１３－５" }, "geometry": { "type": "Point", "coordinates": [ 130.979637, 31.992408 ] } },
{ "type": "Feature", "properties": { "ID": 4533450503370, "正式名称": "医療法人ＭＥＤＩＣＡＬ　ＳＣＩＥＮＣＥ　ＫＮＳ　西田歯科医院", "機関区分": 3, "都道府県コード": 45, "市区町村コード": 209, "所在地": "宮崎県えびの市大字小田３８番地１", "緯度": 32.045286, "経度": 130.815926, "url": "https://www.iryou.teikyouseido.mhlw.go.jp/znk-web/juminkanja/S2430/initialize?prefCd=45&kikanCd=3450503370&kikanKbn=3", "url2": null, "内容": "医療法人ＭＥＤＩＣＡＬ　ＳＣＩＥＮＣＥ　ＫＮＳ　西田歯科医院【3:歯科】宮崎県えびの市大字小田３８番地１" }, "geometry": { "type": "Point", "coordinates": [ 130.815926, 32.045286 ] } },
{ "type": "Feature", "properties": { "ID": 4533450503400, "正式名称": "益山歯科医院", "機関区分": 3, "都道府県コード": 45, "市区町村コード": 361, "所在地": "宮崎県西諸県郡高原町西麓８４５", "緯度": 31.931546, "経度": 131.00987, "url": "https://www.iryou.teikyouseido.mhlw.go.jp/znk-web/juminkanja/S2430/initialize?prefCd=45&kikanCd=3450503400&kikanKbn=3", "url2": null, "内容": "益山歯科医院【3:歯科】宮崎県西諸県郡高原町西麓８４５" }, "geometry": { "type": "Point", "coordinates": [ 131.00987, 31.931546 ] } },
{ "type": "Feature", "properties": { "ID": 4533450503820, "正式名称": "こうの歯科医院", "機関区分": 3, "都道府県コード": 45, "市区町村コード": 205, "所在地": "宮崎県小林市細野１９７１ー１", "緯度": 31.989268, "経度": 130.978176, "url": "https://www.iryou.teikyouseido.mhlw.go.jp/znk-web/juminkanja/S2430/initialize?prefCd=45&kikanCd=3450503820&kikanKbn=3", "url2": null, "内容": "こうの歯科医院【3:歯科】宮崎県小林市細野１９７１ー１" }, "geometry": { "type": "Point", "coordinates": [ 130.978176, 31.989268 ] } },
{ "type": "Feature", "properties": { "ID": 4533450504250, "正式名称": "水流歯科医院", "機関区分": 3, "都道府県コード": 45, "市区町村コード": 205, "所在地": "宮崎県小林市堤２９９２－７", "緯度": 31.98388, "経度": 130.99562, "url": "https://www.iryou.teikyouseido.mhlw.go.jp/znk-web/juminkanja/S2430/initialize?prefCd=45&kikanCd=3450504250&kikanKbn=3", "url2": null, "内容": "水流歯科医院【3:歯科】宮崎県小林市堤２９９２－７" }, "geometry": { "type": "Point", "coordinates": [ 130.99562, 31.98388 ] } },
{ "type": "Feature", "properties": { "ID": 4533450504380, "正式名称": "松田歯科医院", "機関区分": 3, "都道府県コード": 45, "市区町村コード": 209, "所在地": "宮崎県えびの市大字向江８５２", "緯度": 32.044912, "経度": 130.764667, "url": "https://www.iryou.teikyouseido.mhlw.go.jp/znk-web/juminkanja/S2430/initialize?prefCd=45&kikanCd=3450504380&kikanKbn=3", "url2": null, "内容": "松田歯科医院【3:歯科】宮崎県えびの市大字向江８５２" }, "geometry": { "type": "Point", "coordinates": [ 130.764667, 32.044912 ] } },
{ "type": "Feature", "properties": { "ID": 4533450504700, "正式名称": "北原歯科医院", "機関区分": 3, "都道府県コード": 45, "市区町村コード": 205, "所在地": "宮崎県小林市細野１２３９－１１", "緯度": 31.995512, "経度": 130.968366, "url": "https://www.iryou.teikyouseido.mhlw.go.jp/znk-web/juminkanja/S2430/initialize?prefCd=45&kikanCd=3450504700&kikanKbn=3", "url2": null, "内容": "北原歯科医院【3:歯科】宮崎県小林市細野１２３９－１１" }, "geometry": { "type": "Point", "coordinates": [ 130.968366, 31.995512 ] } },
{ "type": "Feature", "properties": { "ID": 4533450504960, "正式名称": "阿部歯科医院", "機関区分": 3, "都道府県コード": 45, "市区町村コード": 205, "所在地": "宮崎県小林市細野２７１９－３", "緯度": 31.980358, "経度": 130.974385, "url": "https://www.iryou.teikyouseido.mhlw.go.jp/znk-web/juminkanja/S2430/initialize?prefCd=45&kikanCd=3450504960&kikanKbn=3", "url2": null, "内容": "阿部歯科医院【3:歯科】宮崎県小林市細野２７１９－３" }, "geometry": { "type": "Point", "coordinates": [ 130.974385, 31.980358 ] } },
{ "type": "Feature", "properties": { "ID": 4533450505000, "正式名称": "高原あらたけ歯科クリニック", "機関区分": 3, "都道府県コード": 45, "市区町村コード": 361, "所在地": "宮崎県西諸県郡高原町大字広原４９５５－７", "緯度": 31.930257, "経度": 130.99654, "url": "https://www.iryou.teikyouseido.mhlw.go.jp/znk-web/juminkanja/S2430/initialize?prefCd=45&kikanCd=3450505000&kikanKbn=3", "url2": null, "内容": "高原あらたけ歯科クリニック【3:歯科】宮崎県西諸県郡高原町大字広原４９５５－７" }, "geometry": { "type": "Point", "coordinates": [ 130.99654, 31.930257 ] } },
{ "type": "Feature", "properties": { "ID": 4533450506010, "正式名称": "田中歯科医院", "機関区分": 3, "都道府県コード": 45, "市区町村コード": 209, "所在地": "宮崎県えびの市大字原田３４６０－０１", "緯度": 32.049265, "経度": 130.867508, "url": "https://www.iryou.teikyouseido.mhlw.go.jp/znk-web/juminkanja/S2430/initialize?prefCd=45&kikanCd=3450506010&kikanKbn=3", "url2": null, "内容": "田中歯科医院【3:歯科】宮崎県えびの市大字原田３４６０－０１" }, "geometry": { "type": "Point", "coordinates": [ 130.867508, 32.049265 ] } },
{ "type": "Feature", "properties": { "ID": 4533450506140, "正式名称": "医療法人　堅真会　あしの歯科医院", "機関区分": 3, "都道府県コード": 45, "市区町村コード": 205, "所在地": "宮崎県小林市野尻町東麓字小丸１１４７－４", "緯度": 31.961151, "経度": 131.097193, "url": "https://www.iryou.teikyouseido.mhlw.go.jp/znk-web/juminkanja/S2430/initialize?prefCd=45&kikanCd=3450506140&kikanKbn=3", "url2": "http://ashino-dc.com", "内容": "医療法人　堅真会　あしの歯科医院【3:歯科】宮崎県小林市野尻町東麓字小丸１１４７－４" }, "geometry": { "type": "Point", "coordinates": [ 131.097193, 31.961151 ] } },
{ "type": "Feature", "properties": { "ID": 4533450506270, "正式名称": "須木歯科診療所", "機関区分": 3, "都道府県コード": 45, "市区町村コード": 205, "所在地": "宮崎県小林市須木中原１７４１−１", "緯度": 32.112979, "経度": 131.111635, "url": "https://www.iryou.teikyouseido.mhlw.go.jp/znk-web/juminkanja/S2430/initialize?prefCd=45&kikanCd=3450506270&kikanKbn=3", "url2": "http://nttbj.itp.ne.jp/0984482551/index.html", "内容": "須木歯科診療所【3:歯科】宮崎県小林市須木中原１７４１−１" }, "geometry": { "type": "Point", "coordinates": [ 131.111635, 32.112979 ] } },
{ "type": "Feature", "properties": { "ID": 4533450506430, "正式名称": "おりた歯科クリニック", "機関区分": 3, "都道府県コード": 45, "市区町村コード": 205, "所在地": "宮崎県小林市堤３１３５－９", "緯度": 31.975629, "経度": 130.999644, "url": "https://www.iryou.teikyouseido.mhlw.go.jp/znk-web/juminkanja/S2430/initialize?prefCd=45&kikanCd=3450506430&kikanKbn=3", "url2": null, "内容": "おりた歯科クリニック【3:歯科】宮崎県小林市堤３１３５－９" }, "geometry": { "type": "Point", "coordinates": [ 130.999644, 31.975629 ] } },
{ "type": "Feature", "properties": { "ID": 4533450506560, "正式名称": "ヨコヤマデンタルオフィス", "機関区分": 3, "都道府県コード": 45, "市区町村コード": 205, "所在地": "宮崎県小林市堤２２８０－２", "緯度": 31.971587, "経度": 131.000379, "url": "https://www.iryou.teikyouseido.mhlw.go.jp/znk-web/juminkanja/S2430/initialize?prefCd=45&kikanCd=3450506560&kikanKbn=3", "url2": null, "内容": "ヨコヤマデンタルオフィス【3:歯科】宮崎県小林市堤２２８０－２" }, "geometry": { "type": "Point", "coordinates": [ 131.000379, 31.971587 ] } },
{ "type": "Feature", "properties": { "ID": 4533450506690, "正式名称": "医療法人啓愛会　わたなべ歯科医院", "機関区分": 3, "都道府県コード": 45, "市区町村コード": 209, "所在地": "宮崎県えびの市大字小田５９６－８", "緯度": 32.051616, "経度": 130.816592, "url": "https://www.iryou.teikyouseido.mhlw.go.jp/znk-web/juminkanja/S2430/initialize?prefCd=45&kikanCd=3450506690&kikanKbn=3", "url2": null, "内容": "医療法人啓愛会　わたなべ歯科医院【3:歯科】宮崎県えびの市大字小田５９６－８" }, "geometry": { "type": "Point", "coordinates": [ 130.816592, 32.051616 ] } },
{ "type": "Feature", "properties": { "ID": 4533450506720, "正式名称": "ひだか歯科医院", "機関区分": 3, "都道府県コード": 45, "市区町村コード": 209, "所在地": "宮崎県えびの市向江４９４－１", "緯度": 32.048316, "経度": 130.770607, "url": "https://www.iryou.teikyouseido.mhlw.go.jp/znk-web/juminkanja/S2430/initialize?prefCd=45&kikanCd=3450506720&kikanKbn=3", "url2": null, "内容": "ひだか歯科医院【3:歯科】宮崎県えびの市向江４９４－１" }, "geometry": { "type": "Point", "coordinates": [ 130.770607, 32.048316 ] } },
{ "type": "Feature", "properties": { "ID": 4533450506850, "正式名称": "小城歯科医院", "機関区分": 3, "都道府県コード": 45, "市区町村コード": 205, "所在地": "宮崎県小林市細野９４", "緯度": 31.993079, "経度": 130.981139, "url": "https://www.iryou.teikyouseido.mhlw.go.jp/znk-web/juminkanja/S2430/initialize?prefCd=45&kikanCd=3450506850&kikanKbn=3", "url2": "http://www.kojo-dental.com/", "内容": "小城歯科医院【3:歯科】宮崎県小林市細野９４" }, "geometry": { "type": "Point", "coordinates": [ 130.981139, 31.993079 ] } },
{ "type": "Feature", "properties": { "ID": 4533450507020, "正式名称": "野尻中央歯科", "機関区分": 3, "都道府県コード": 45, "市区町村コード": 205, "所在地": "宮崎県小林市野尻町東麓", "緯度": 31.959991, "経度": 131.09906, "url": "https://www.iryou.teikyouseido.mhlw.go.jp/znk-web/juminkanja/S2430/initialize?prefCd=45&kikanCd=3450507020&kikanKbn=3", "url2": null, "内容": "野尻中央歯科【3:歯科】宮崎県小林市野尻町東麓" }, "geometry": { "type": "Point", "coordinates": [ 131.09906, 31.959991 ] } },
{ "type": "Feature", "properties": { "ID": 4533450524610, "正式名称": "医療法人社団マリナ会　小林デンタルケアクリニック", "機関区分": 3, "都道府県コード": 45, "市区町村コード": 205, "所在地": "宮崎県小林市細野３４１番地１", "緯度": 31.997944, "経度": 130.970878, "url": "https://www.iryou.teikyouseido.mhlw.go.jp/znk-web/juminkanja/S2430/initialize?prefCd=45&kikanCd=3450524610&kikanKbn=3", "url2": null, "内容": "医療法人社団マリナ会　小林デンタルケアクリニック【3:歯科】宮崎県小林市細野３４１番地１" }, "geometry": { "type": "Point", "coordinates": [ 130.970878, 31.997944 ] } },
{ "type": "Feature", "properties": { "ID": 453345052676, "正式名称": "医療法人　友仁会　池井歯科医院", "機関区分": 3, "都道府県コード": 45, "市区町村コード": 205, "所在地": "宮崎県小林市細野１７９－８", "緯度": 31.996177, "経度": 130.977311, "url": "https://www.iryou.teikyouseido.mhlw.go.jp/znk-web/juminkanja/S2430/initialize?prefCd=45&kikanCd=345052676&kikanKbn=3", "url2": "http://www.ikei-dc.com/", "内容": "医療法人　友仁会　池井歯科医院【3:歯科】宮崎県小林市細野１７９－８" }, "geometry": { "type": "Point", "coordinates": [ 130.977311, 31.996177 ] } },
{ "type": "Feature", "properties": { "ID": 4533450600110, "正式名称": "井上歯科医院", "機関区分": 3, "都道府県コード": 45, "市区町村コード": 401, "所在地": "宮崎県児湯郡高鍋町大字北高鍋３３０８番地", "緯度": 32.127304, "経度": 131.518642, "url": "https://www.iryou.teikyouseido.mhlw.go.jp/znk-web/juminkanja/S2430/initialize?prefCd=45&kikanCd=3450600110&kikanKbn=3", "url2": null, "内容": "井上歯科医院【3:歯科】宮崎県児湯郡高鍋町大字北高鍋３３０８番地" }, "geometry": { "type": "Point", "coordinates": [ 131.518642, 32.127304 ] } },
{ "type": "Feature", "properties": { "ID": 4533450601670, "正式名称": "団井歯科医院", "機関区分": 3, "都道府県コード": 45, "市区町村コード": 401, "所在地": "宮崎県児湯郡高鍋町大字南高鍋５４７", "緯度": 32.12326, "経度": 131.506918, "url": "https://www.iryou.teikyouseido.mhlw.go.jp/znk-web/juminkanja/S2430/initialize?prefCd=45&kikanCd=3450601670&kikanKbn=3", "url2": null, "内容": "団井歯科医院【3:歯科】宮崎県児湯郡高鍋町大字南高鍋５４７" }, "geometry": { "type": "Point", "coordinates": [ 131.506918, 32.12326 ] } },
{ "type": "Feature", "properties": { "ID": 4533450602390, "正式名称": "津曲歯科医院", "機関区分": 3, "都道府県コード": 45, "市区町村コード": 401, "所在地": "宮崎県児湯郡高鍋町北高鍋４５８１", "緯度": 32.127738, "経度": 131.519631, "url": "https://www.iryou.teikyouseido.mhlw.go.jp/znk-web/juminkanja/S2430/initialize?prefCd=45&kikanCd=3450602390&kikanKbn=3", "url2": null, "内容": "津曲歯科医院【3:歯科】宮崎県児湯郡高鍋町北高鍋４５８１" }, "geometry": { "type": "Point", "coordinates": [ 131.519631, 32.127738 ] } },
{ "type": "Feature", "properties": { "ID": 4533450602680, "正式名称": "高城歯科医院", "機関区分": 3, "都道府県コード": 45, "市区町村コード": 404, "所在地": "宮崎県児湯郡木城町大字高城１２９１番地", "緯度": 32.166453, "経度": 131.474671, "url": "https://www.iryou.teikyouseido.mhlw.go.jp/znk-web/juminkanja/S2430/initialize?prefCd=45&kikanCd=3450602680&kikanKbn=3", "url2": null, "内容": "高城歯科医院【3:歯科】宮崎県児湯郡木城町大字高城１２９１番地" }, "geometry": { "type": "Point", "coordinates": [ 131.474671, 32.166453 ] } },
{ "type": "Feature", "properties": { "ID": 4533450602840, "正式名称": "いずみ歯科医院", "機関区分": 3, "都道府県コード": 45, "市区町村コード": 405, "所在地": "宮崎県児湯郡川南町大字川南１３５６７－２", "緯度": 32.199559, "経度": 131.526434, "url": "https://www.iryou.teikyouseido.mhlw.go.jp/znk-web/juminkanja/S2430/initialize?prefCd=45&kikanCd=3450602840&kikanKbn=3", "url2": null, "内容": "いずみ歯科医院【3:歯科】宮崎県児湯郡川南町大字川南１３５６７－２" }, "geometry": { "type": "Point", "coordinates": [ 131.526434, 32.199559 ] } },
{ "type": "Feature", "properties": { "ID": 4533450603010, "正式名称": "大森歯科医院", "機関区分": 3, "都道府県コード": 45, "市区町村コード": 401, "所在地": "宮崎県児湯郡高鍋町北高鍋１３４７－１", "緯度": 32.128785, "経度": 131.50921, "url": "https://www.iryou.teikyouseido.mhlw.go.jp/znk-web/juminkanja/S2430/initialize?prefCd=45&kikanCd=3450603010&kikanKbn=3", "url2": "https://oomoridental.com/", "内容": "大森歯科医院【3:歯科】宮崎県児湯郡高鍋町北高鍋１３４７－１" }, "geometry": { "type": "Point", "coordinates": [ 131.50921, 32.128785 ] } },
{ "type": "Feature", "properties": { "ID": 4533450603850, "正式名称": "前田歯科医院", "機関区分": 3, "都道府県コード": 45, "市区町村コード": 406, "所在地": "宮崎県児湯郡都農町大字川北４５８９－１", "緯度": 32.254304, "経度": 131.560507, "url": "https://www.iryou.teikyouseido.mhlw.go.jp/znk-web/juminkanja/S2430/initialize?prefCd=45&kikanCd=3450603850&kikanKbn=3", "url2": null, "内容": "前田歯科医院【3:歯科】宮崎県児湯郡都農町大字川北４５８９－１" }, "geometry": { "type": "Point", "coordinates": [ 131.560507, 32.254304 ] } },
{ "type": "Feature", "properties": { "ID": 4533450604020, "正式名称": "いとう歯科医院", "機関区分": 3, "都道府県コード": 45, "市区町村コード": 401, "所在地": "宮崎県児湯郡高鍋町上江８３６８", "緯度": 32.129296, "経度": 131.504374, "url": "https://www.iryou.teikyouseido.mhlw.go.jp/znk-web/juminkanja/S2430/initialize?prefCd=45&kikanCd=3450604020&kikanKbn=3", "url2": null, "内容": "いとう歯科医院【3:歯科】宮崎県児湯郡高鍋町上江８３６８" }, "geometry": { "type": "Point", "coordinates": [ 131.504374, 32.129296 ] } },
{ "type": "Feature", "properties": { "ID": 4533450604150, "正式名称": "ひまわり歯科診療所", "機関区分": 3, "都道府県コード": 45, "市区町村コード": 401, "所在地": "宮崎県児湯郡高鍋町北高鍋２１００番地", "緯度": 32.121985, "経度": 131.515906, "url": "https://www.iryou.teikyouseido.mhlw.go.jp/znk-web/juminkanja/S2430/initialize?prefCd=45&kikanCd=3450604150&kikanKbn=3", "url2": null, "内容": "ひまわり歯科診療所【3:歯科】宮崎県児湯郡高鍋町北高鍋２１００番地" }, "geometry": { "type": "Point", "coordinates": [ 131.515906, 32.121985 ] } },
{ "type": "Feature", "properties": { "ID": 4533450604280, "正式名称": "尾本歯科医院", "機関区分": 3, "都道府県コード": 45, "市区町村コード": 208, "所在地": "宮崎県西都市中央町２丁目５５番", "緯度": 32.108493, "経度": 131.408996, "url": "https://www.iryou.teikyouseido.mhlw.go.jp/znk-web/juminkanja/S2430/initialize?prefCd=45&kikanCd=3450604280&kikanKbn=3", "url2": null, "内容": "尾本歯科医院【3:歯科】宮崎県西都市中央町２丁目５５番" }, "geometry": { "type": "Point", "coordinates": [ 131.408996, 32.108493 ] } },
{ "type": "Feature", "properties": { "ID": 4533450604310, "正式名称": "ながとも歯科医院", "機関区分": 3, "都道府県コード": 45, "市区町村コード": 401, "所在地": "宮崎県児湯郡高鍋町大字北高鍋１２４３－５", "緯度": 32.126768, "経度": 131.512479, "url": "https://www.iryou.teikyouseido.mhlw.go.jp/znk-web/juminkanja/S2430/initialize?prefCd=45&kikanCd=3450604310&kikanKbn=3", "url2": null, "内容": "ながとも歯科医院【3:歯科】宮崎県児湯郡高鍋町大字北高鍋１２４３－５" }, "geometry": { "type": "Point", "coordinates": [ 131.512479, 32.126768 ] } },
{ "type": "Feature", "properties": { "ID": 4533450604570, "正式名称": "たけしま歯科医院", "機関区分": 3, "都道府県コード": 45, "市区町村コード": 402, "所在地": "宮崎県児湯郡新富町大字新田４７６３－３", "緯度": 32.066403, "経度": 131.45399, "url": "https://www.iryou.teikyouseido.mhlw.go.jp/znk-web/juminkanja/S2430/initialize?prefCd=45&kikanCd=3450604570&kikanKbn=3", "url2": "http://takeshimadental.com", "内容": "たけしま歯科医院【3:歯科】宮崎県児湯郡新富町大字新田４７６３－３" }, "geometry": { "type": "Point", "coordinates": [ 131.45399, 32.066403 ] } },
{ "type": "Feature", "properties": { "ID": 4533450604600, "正式名称": "医療法人　社団　かわの歯科", "機関区分": 3, "都道府県コード": 45, "市区町村コード": 208, "所在地": "宮崎県西都市下妻１番地１", "緯度": 32.106382, "経度": 131.406555, "url": "https://www.iryou.teikyouseido.mhlw.go.jp/znk-web/juminkanja/S2430/initialize?prefCd=45&kikanCd=3450604600&kikanKbn=3", "url2": "https://kawano6866.wixsite.com/clinic", "内容": "医療法人　社団　かわの歯科【3:歯科】宮崎県西都市下妻１番地１" }, "geometry": { "type": "Point", "coordinates": [ 131.406555, 32.106382 ] } },
{ "type": "Feature", "properties": { "ID": 4533450604730, "正式名称": "にしぞの歯科医院", "機関区分": 3, "都道府県コード": 45, "市区町村コード": 404, "所在地": "宮崎県児湯郡木城町大字椎木４１５４－１７", "緯度": 32.159003, "経度": 131.467862, "url": "https://www.iryou.teikyouseido.mhlw.go.jp/znk-web/juminkanja/S2430/initialize?prefCd=45&kikanCd=3450604730&kikanKbn=3", "url2": null, "内容": "にしぞの歯科医院【3:歯科】宮崎県児湯郡木城町大字椎木４１５４－１７" }, "geometry": { "type": "Point", "coordinates": [ 131.467862, 32.159003 ] } },
{ "type": "Feature", "properties": { "ID": 4533450604990, "正式名称": "鳥子いき歯科クリニック", "機関区分": 3, "都道府県コード": 45, "市区町村コード": 208, "所在地": "宮崎県西都市三宅２３３５－３", "緯度": 32.092736, "経度": 131.395679, "url": "https://www.iryou.teikyouseido.mhlw.go.jp/znk-web/juminkanja/S2430/initialize?prefCd=45&kikanCd=3450604990&kikanKbn=3", "url2": null, "内容": "鳥子いき歯科クリニック【3:歯科】宮崎県西都市三宅２３３５－３" }, "geometry": { "type": "Point", "coordinates": [ 131.395679, 32.092736 ] } },
{ "type": "Feature", "properties": { "ID": 4533450605030, "正式名称": "関歯科診療所", "機関区分": 3, "都道府県コード": 45, "市区町村コード": 401, "所在地": "宮崎県児湯郡高鍋町大字上江８１５７", "緯度": 32.136654, "経度": 131.478858, "url": "https://www.iryou.teikyouseido.mhlw.go.jp/znk-web/juminkanja/S2430/initialize?prefCd=45&kikanCd=3450605030&kikanKbn=3", "url2": null, "内容": "関歯科診療所【3:歯科】宮崎県児湯郡高鍋町大字上江８１５７" }, "geometry": { "type": "Point", "coordinates": [ 131.478858, 32.136654 ] } },
{ "type": "Feature", "properties": { "ID": 4533450605160, "正式名称": "野間歯科医院", "機関区分": 3, "都道府県コード": 45, "市区町村コード": 208, "所在地": "宮崎県西都市妻町１−５０", "緯度": 32.108787, "経度": 131.40638, "url": "https://www.iryou.teikyouseido.mhlw.go.jp/znk-web/juminkanja/S2430/initialize?prefCd=45&kikanCd=3450605160&kikanKbn=3", "url2": null, "内容": "野間歯科医院【3:歯科】宮崎県西都市妻町１−５０" }, "geometry": { "type": "Point", "coordinates": [ 131.40638, 32.108787 ] } },
{ "type": "Feature", "properties": { "ID": 4533450605320, "正式名称": "国民健康保険西米良歯科診療所", "機関区分": 3, "都道府県コード": 45, "市区町村コード": 403, "所在地": "宮崎県児湯郡西米良村大字村所９４番地３", "緯度": 32.225777, "経度": 131.156262, "url": "https://www.iryou.teikyouseido.mhlw.go.jp/znk-web/juminkanja/S2430/initialize?prefCd=45&kikanCd=3450605320&kikanKbn=3", "url2": null, "内容": "国民健康保険西米良歯科診療所【3:歯科】宮崎県児湯郡西米良村大字村所９４番地３" }, "geometry": { "type": "Point", "coordinates": [ 131.156262, 32.225777 ] } },
{ "type": "Feature", "properties": { "ID": 4533450605450, "正式名称": "木の葉歯科医院", "機関区分": 3, "都道府県コード": 45, "市区町村コード": 406, "所在地": "宮崎県児湯郡都農町大字川北旧牧跡１８８３０－６", "緯度": 32.283415, "経度": 131.568689, "url": "https://www.iryou.teikyouseido.mhlw.go.jp/znk-web/juminkanja/S2430/initialize?prefCd=45&kikanCd=3450605450&kikanKbn=3", "url2": null, "内容": "木の葉歯科医院【3:歯科】宮崎県児湯郡都農町大字川北旧牧跡１８８３０－６" }, "geometry": { "type": "Point", "coordinates": [ 131.568689, 32.283415 ] } },
{ "type": "Feature", "properties": { "ID": 4533450605870, "正式名称": "たかみデンタルクリニック", "機関区分": 3, "都道府県コード": 45, "市区町村コード": 208, "所在地": "宮崎県西都市小野崎２丁目３７番地", "緯度": 32.106115, "経度": 131.404291, "url": "https://www.iryou.teikyouseido.mhlw.go.jp/znk-web/juminkanja/S2430/initialize?prefCd=45&kikanCd=3450605870&kikanKbn=3", "url2": null, "内容": "たかみデンタルクリニック【3:歯科】宮崎県西都市小野崎２丁目３７番地" }, "geometry": { "type": "Point", "coordinates": [ 131.404291, 32.106115 ] } },
{ "type": "Feature", "properties": { "ID": 4533450605900, "正式名称": "Ｋｅｎうるおい歯科", "機関区分": 3, "都道府県コード": 45, "市区町村コード": 406, "所在地": "宮崎県児湯郡都農町大字川北５２１５－１", "緯度": 32.258795, "経度": 131.55507, "url": "https://www.iryou.teikyouseido.mhlw.go.jp/znk-web/juminkanja/S2430/initialize?prefCd=45&kikanCd=3450605900&kikanKbn=3", "url2": null, "内容": "Ｋｅｎうるおい歯科【3:歯科】宮崎県児湯郡都農町大字川北５２１５－１" }, "geometry": { "type": "Point", "coordinates": [ 131.55507, 32.258795 ] } },
{ "type": "Feature", "properties": { "ID": 453345060620, "正式名称": "医療法人社団　裕親会　きずな歯科医院", "機関区分": 3, "都道府県コード": 45, "市区町村コード": 208, "所在地": "宮崎県西都市荒武３９６７―３", "緯度": 32.037797, "経度": 131.370764, "url": "https://www.iryou.teikyouseido.mhlw.go.jp/znk-web/juminkanja/S2430/initialize?prefCd=45&kikanCd=345060620&kikanKbn=3", "url2": null, "内容": "医療法人社団　裕親会　きずな歯科医院【3:歯科】宮崎県西都市荒武３９６７―３" }, "geometry": { "type": "Point", "coordinates": [ 131.370764, 32.037797 ] } },
{ "type": "Feature", "properties": { "ID": 4533450631260, "正式名称": "浜本歯科", "機関区分": 3, "都道府県コード": 45, "市区町村コード": 405, "所在地": "宮崎県児湯郡川南町大字川南１３８７８－４", "緯度": 32.1876, "経度": 131.524147, "url": "https://www.iryou.teikyouseido.mhlw.go.jp/znk-web/juminkanja/S2430/initialize?prefCd=45&kikanCd=3450631260&kikanKbn=3", "url2": null, "内容": "浜本歯科【3:歯科】宮崎県児湯郡川南町大字川南１３８７８－４" }, "geometry": { "type": "Point", "coordinates": [ 131.524147, 32.1876 ] } },
{ "type": "Feature", "properties": { "ID": 4533450636180, "正式名称": "江藤歯科医院", "機関区分": 3, "都道府県コード": 45, "市区町村コード": 401, "所在地": "宮崎県児湯郡高鍋町北高鍋１３６ー１", "緯度": 32.132999, "経度": 131.508406, "url": "https://www.iryou.teikyouseido.mhlw.go.jp/znk-web/juminkanja/S2430/initialize?prefCd=45&kikanCd=3450636180&kikanKbn=3", "url2": "https://www.eto-dentalclinic.com/", "内容": "江藤歯科医院【3:歯科】宮崎県児湯郡高鍋町北高鍋１３６ー１" }, "geometry": { "type": "Point", "coordinates": [ 131.508406, 32.132999 ] } },
{ "type": "Feature", "properties": { "ID": 4533450701600, "正式名称": "医療法人　健歯会　かい歯科クリニック", "機関区分": 3, "都道府県コード": 45, "市区町村コード": 442, "所在地": "宮崎県西臼杵郡日之影町七折９０１４－１", "緯度": 32.663543, "経度": 131.380952, "url": "https://www.iryou.teikyouseido.mhlw.go.jp/znk-web/juminkanja/S2430/initialize?prefCd=45&kikanCd=3450701600&kikanKbn=3", "url2": null, "内容": "医療法人　健歯会　かい歯科クリニック【3:歯科】宮崎県西臼杵郡日之影町七折９０１４－１" }, "geometry": { "type": "Point", "coordinates": [ 131.380952, 32.663543 ] } },
{ "type": "Feature", "properties": { "ID": 4533450800910, "正式名称": "フェニックス歯科医院", "機関区分": 3, "都道府県コード": 45, "市区町村コード": 207, "所在地": "宮崎県串間市大字西方３５８６−８", "緯度": 31.471982, "経度": 131.234517, "url": "https://www.iryou.teikyouseido.mhlw.go.jp/znk-web/juminkanja/S2430/initialize?prefCd=45&kikanCd=3450800910&kikanKbn=3", "url2": null, "内容": "フェニックス歯科医院【3:歯科】宮崎県串間市大字西方３５８６−８" }, "geometry": { "type": "Point", "coordinates": [ 131.234517, 31.471982 ] } },
{ "type": "Feature", "properties": { "ID": 4533450901240, "正式名称": "山内歯科医院", "機関区分": 3, "都道府県コード": 45, "市区町村コード": 206, "所在地": "宮崎県日向市春原町１丁目２０番", "緯度": 32.424304, "経度": 131.622293, "url": "https://www.iryou.teikyouseido.mhlw.go.jp/znk-web/juminkanja/S2430/initialize?prefCd=45&kikanCd=3450901240&kikanKbn=3", "url2": "https://www.yamauchi-dc-hyuga.com", "内容": "山内歯科医院【3:歯科】宮崎県日向市春原町１丁目２０番" }, "geometry": { "type": "Point", "coordinates": [ 131.622293, 32.424304 ] } },
{ "type": "Feature", "properties": { "ID": 4533450902700, "正式名称": "大須歯科医院", "機関区分": 3, "都道府県コード": 45, "市区町村コード": 421, "所在地": "宮崎県東臼杵郡門川町中須３－３２", "緯度": 32.467884, "経度": 131.649711, "url": "https://www.iryou.teikyouseido.mhlw.go.jp/znk-web/juminkanja/S2430/initialize?prefCd=45&kikanCd=3450902700&kikanKbn=3", "url2": null, "内容": "大須歯科医院【3:歯科】宮崎県東臼杵郡門川町中須３－３２" }, "geometry": { "type": "Point", "coordinates": [ 131.649711, 32.467884 ] } },
{ "type": "Feature", "properties": { "ID": 4533450902830, "正式名称": "小林歯科医院", "機関区分": 3, "都道府県コード": 45, "市区町村コード": 206, "所在地": "宮崎県日向市亀崎東２－１５", "緯度": 32.433538, "経度": 131.635028, "url": "https://www.iryou.teikyouseido.mhlw.go.jp/znk-web/juminkanja/S2430/initialize?prefCd=45&kikanCd=3450902830&kikanKbn=3", "url2": null, "内容": "小林歯科医院【3:歯科】宮崎県日向市亀崎東２－１５" }, "geometry": { "type": "Point", "coordinates": [ 131.635028, 32.433538 ] } },
{ "type": "Feature", "properties": { "ID": 4533450902960, "正式名称": "長浜歯科医院", "機関区分": 3, "都道府県コード": 45, "市区町村コード": 206, "所在地": "宮崎県日向市江良町４－７１", "緯度": 32.420317, "経度": 131.643133, "url": "https://www.iryou.teikyouseido.mhlw.go.jp/znk-web/juminkanja/S2430/initialize?prefCd=45&kikanCd=3450902960&kikanKbn=3", "url2": null, "内容": "長浜歯科医院【3:歯科】宮崎県日向市江良町４－７１" }, "geometry": { "type": "Point", "coordinates": [ 131.643133, 32.420317 ] } },
{ "type": "Feature", "properties": { "ID": 4533450903000, "正式名称": "大川歯科医院", "機関区分": 3, "都道府県コード": 45, "市区町村コード": 206, "所在地": "宮崎県日向市財光寺沖町３１", "緯度": 32.407901, "経度": 131.62604, "url": "https://www.iryou.teikyouseido.mhlw.go.jp/znk-web/juminkanja/S2430/initialize?prefCd=45&kikanCd=3450903000&kikanKbn=3", "url2": null, "内容": "大川歯科医院【3:歯科】宮崎県日向市財光寺沖町３１" }, "geometry": { "type": "Point", "coordinates": [ 131.62604, 32.407901 ] } },
{ "type": "Feature", "properties": { "ID": 4533450903420, "正式名称": "永田歯科医院", "機関区分": 3, "都道府県コード": 45, "市区町村コード": 421, "所在地": "宮崎県東臼杵郡門川町加草４丁目８０番地", "緯度": 32.487953, "経度": 131.664773, "url": "https://www.iryou.teikyouseido.mhlw.go.jp/znk-web/juminkanja/S2430/initialize?prefCd=45&kikanCd=3450903420&kikanKbn=3", "url2": null, "内容": "永田歯科医院【3:歯科】宮崎県東臼杵郡門川町加草４丁目８０番地" }, "geometry": { "type": "Point", "coordinates": [ 131.664773, 32.487953 ] } },
{ "type": "Feature", "properties": { "ID": 4533450903680, "正式名称": "杉村歯科医院", "機関区分": 3, "都道府県コード": 45, "市区町村コード": 421, "所在地": "宮崎県東臼杵郡門川町西栄町５－１２", "緯度": 32.479155, "経度": 131.644948, "url": "https://www.iryou.teikyouseido.mhlw.go.jp/znk-web/juminkanja/S2430/initialize?prefCd=45&kikanCd=3450903680&kikanKbn=3", "url2": null, "内容": "杉村歯科医院【3:歯科】宮崎県東臼杵郡門川町西栄町５－１２" }, "geometry": { "type": "Point", "coordinates": [ 131.644948, 32.479155 ] } },
{ "type": "Feature", "properties": { "ID": 4533450903710, "正式名称": "医療法人社団　鮫島歯科医院", "機関区分": 3, "都道府県コード": 45, "市区町村コード": 206, "所在地": "宮崎県日向市永江町３丁目７２番地", "緯度": 32.423672, "経度": 131.640337, "url": "https://www.iryou.teikyouseido.mhlw.go.jp/znk-web/juminkanja/S2430/initialize?prefCd=45&kikanCd=3450903710&kikanKbn=3", "url2": "https://sameshima-dental.com/", "内容": "医療法人社団　鮫島歯科医院【3:歯科】宮崎県日向市永江町３丁目７２番地" }, "geometry": { "type": "Point", "coordinates": [ 131.640337, 32.423672 ] } },
{ "type": "Feature", "properties": { "ID": 4533450904140, "正式名称": "柳田歯科医院", "機関区分": 3, "都道府県コード": 45, "市区町村コード": 421, "所在地": "宮崎県東臼杵郡門川町南町３－４２", "緯度": 32.459047, "経度": 131.645496, "url": "https://www.iryou.teikyouseido.mhlw.go.jp/znk-web/juminkanja/S2430/initialize?prefCd=45&kikanCd=3450904140&kikanKbn=3", "url2": null, "内容": "柳田歯科医院【3:歯科】宮崎県東臼杵郡門川町南町３－４２" }, "geometry": { "type": "Point", "coordinates": [ 131.645496, 32.459047 ] } },
{ "type": "Feature", "properties": { "ID": 4533450904270, "正式名称": "鈴木歯科医院", "機関区分": 3, "都道府県コード": 45, "市区町村コード": 421, "所在地": "宮崎県東臼杵郡門川町東栄町４丁目３－４", "緯度": 32.479789, "経度": 131.653925, "url": "https://www.iryou.teikyouseido.mhlw.go.jp/znk-web/juminkanja/S2430/initialize?prefCd=45&kikanCd=3450904270&kikanKbn=3", "url2": null, "内容": "鈴木歯科医院【3:歯科】宮崎県東臼杵郡門川町東栄町４丁目３－４" }, "geometry": { "type": "Point", "coordinates": [ 131.653925, 32.479789 ] } },
{ "type": "Feature", "properties": { "ID": 4533450904850, "正式名称": "椎葉おおもり歯科クリニック", "機関区分": 3, "都道府県コード": 45, "市区町村コード": 430, "所在地": "宮崎県東臼杵郡椎葉村大字下福良１７７３番地１", "緯度": 32.467306, "経度": 131.158045, "url": "https://www.iryou.teikyouseido.mhlw.go.jp/znk-web/juminkanja/S2430/initialize?prefCd=45&kikanCd=3450904850&kikanKbn=3", "url2": null, "内容": "椎葉おおもり歯科クリニック【3:歯科】宮崎県東臼杵郡椎葉村大字下福良１７７３番地１" }, "geometry": { "type": "Point", "coordinates": [ 131.158045, 32.467306 ] } },
{ "type": "Feature", "properties": { "ID": 4533450904980, "正式名称": "関本歯科医院", "機関区分": 3, "都道府県コード": 45, "市区町村コード": 206, "所在地": "宮崎県日向市日知屋古田町３１－３", "緯度": 32.424887, "経度": 131.655057, "url": "https://www.iryou.teikyouseido.mhlw.go.jp/znk-web/juminkanja/S2430/initialize?prefCd=45&kikanCd=3450904980&kikanKbn=3", "url2": null, "内容": "関本歯科医院【3:歯科】宮崎県日向市日知屋古田町３１－３" }, "geometry": { "type": "Point", "coordinates": [ 131.655057, 32.424887 ] } },
{ "type": "Feature", "properties": { "ID": 4533450905020, "正式名称": "医療法人　花ヶ丘三股歯科医院", "機関区分": 3, "都道府県コード": 45, "市区町村コード": 206, "所在地": "宮崎県日向市北町２丁目３０番地", "緯度": 32.432174, "経度": 131.626023, "url": "https://www.iryou.teikyouseido.mhlw.go.jp/znk-web/juminkanja/S2430/initialize?prefCd=45&kikanCd=3450905020&kikanKbn=3", "url2": null, "内容": "医療法人　花ヶ丘三股歯科医院【3:歯科】宮崎県日向市北町２丁目３０番地" }, "geometry": { "type": "Point", "coordinates": [ 131.626023, 32.432174 ] } },
{ "type": "Feature", "properties": { "ID": 4533450905440, "正式名称": "田村歯科医院", "機関区分": 3, "都道府県コード": 45, "市区町村コード": 206, "所在地": "宮崎県日向市南町５８番地", "緯度": 32.419367, "経度": 131.624274, "url": "https://www.iryou.teikyouseido.mhlw.go.jp/znk-web/juminkanja/S2430/initialize?prefCd=45&kikanCd=3450905440&kikanKbn=3", "url2": null, "内容": "田村歯科医院【3:歯科】宮崎県日向市南町５８番地" }, "geometry": { "type": "Point", "coordinates": [ 131.624274, 32.419367 ] } },
{ "type": "Feature", "properties": { "ID": 4533450905570, "正式名称": "医療法人　三股歯科医院", "機関区分": 3, "都道府県コード": 45, "市区町村コード": 206, "所在地": "宮崎県日向市江良町４－４０", "緯度": 32.42122, "経度": 131.642067, "url": "https://www.iryou.teikyouseido.mhlw.go.jp/znk-web/juminkanja/S2430/initialize?prefCd=45&kikanCd=3450905570&kikanKbn=3", "url2": null, "内容": "医療法人　三股歯科医院【3:歯科】宮崎県日向市江良町４－４０" }, "geometry": { "type": "Point", "coordinates": [ 131.642067, 32.42122 ] } },
{ "type": "Feature", "properties": { "ID": 4533450905600, "正式名称": "医療法人社団　紘誠会　尾池歯科医院", "機関区分": 3, "都道府県コード": 45, "市区町村コード": 206, "所在地": "宮崎県日向市曽根町２丁目９６番地", "緯度": 32.421781, "経度": 131.646905, "url": "https://www.iryou.teikyouseido.mhlw.go.jp/znk-web/juminkanja/S2430/initialize?prefCd=45&kikanCd=3450905600&kikanKbn=3", "url2": "http://www.oike-dental.jp/", "内容": "医療法人社団　紘誠会　尾池歯科医院【3:歯科】宮崎県日向市曽根町２丁目９６番地" }, "geometry": { "type": "Point", "coordinates": [ 131.646905, 32.421781 ] } },
{ "type": "Feature", "properties": { "ID": 4533450905860, "正式名称": "治田歯科医院", "機関区分": 3, "都道府県コード": 45, "市区町村コード": 206, "所在地": "宮崎県日向市財光寺６２２－２", "緯度": 32.412965, "経度": 131.627007, "url": "https://www.iryou.teikyouseido.mhlw.go.jp/znk-web/juminkanja/S2430/initialize?prefCd=45&kikanCd=3450905860&kikanKbn=3", "url2": null, "内容": "治田歯科医院【3:歯科】宮崎県日向市財光寺６２２－２" }, "geometry": { "type": "Point", "coordinates": [ 131.627007, 32.412965 ] } },
{ "type": "Feature", "properties": { "ID": 4533450906870, "正式名称": "たかはし歯科医院", "機関区分": 3, "都道府県コード": 45, "市区町村コード": 421, "所在地": "宮崎県東臼杵郡門川町大字門川尾末８０１６番地１", "緯度": 32.473967, "経度": 131.646525, "url": "https://www.iryou.teikyouseido.mhlw.go.jp/znk-web/juminkanja/S2430/initialize?prefCd=45&kikanCd=3450906870&kikanKbn=3", "url2": null, "内容": "たかはし歯科医院【3:歯科】宮崎県東臼杵郡門川町大字門川尾末８０１６番地１" }, "geometry": { "type": "Point", "coordinates": [ 131.646525, 32.473967 ] } },
{ "type": "Feature", "properties": { "ID": 4533450907200, "正式名称": "前田デンタルクリニック", "機関区分": 3, "都道府県コード": 45, "市区町村コード": 421, "所在地": "宮崎県東臼杵郡門川町東栄町４‐１‐１８", "緯度": 32.479016, "経度": 131.654862, "url": "https://www.iryou.teikyouseido.mhlw.go.jp/znk-web/juminkanja/S2430/initialize?prefCd=45&kikanCd=3450907200&kikanKbn=3", "url2": null, "内容": "前田デンタルクリニック【3:歯科】宮崎県東臼杵郡門川町東栄町４‐１‐１８" }, "geometry": { "type": "Point", "coordinates": [ 131.654862, 32.479016 ] } },
{ "type": "Feature", "properties": { "ID": 4533450907590, "正式名称": "日向歯科診療所", "機関区分": 3, "都道府県コード": 45, "市区町村コード": 206, "所在地": "宮崎県日向市南町３１番地", "緯度": 32.418959, "経度": 131.624957, "url": "https://www.iryou.teikyouseido.mhlw.go.jp/znk-web/juminkanja/S2430/initialize?prefCd=45&kikanCd=3450907590&kikanKbn=3", "url2": "hyugashika.com", "内容": "日向歯科診療所【3:歯科】宮崎県日向市南町３１番地" }, "geometry": { "type": "Point", "coordinates": [ 131.624957, 32.418959 ] } },
{ "type": "Feature", "properties": { "ID": 4533451000300, "正式名称": "みふね通り歯科クリニック", "機関区分": 3, "都道府県コード": 45, "市区町村コード": 208, "所在地": "宮崎県西都市御舟町２－３５", "緯度": 32.108865, "経度": 131.403992, "url": "https://www.iryou.teikyouseido.mhlw.go.jp/znk-web/juminkanja/S2430/initialize?prefCd=45&kikanCd=3451000300&kikanKbn=3", "url2": null, "内容": "みふね通り歯科クリニック【3:歯科】宮崎県西都市御舟町２－３５" }, "geometry": { "type": "Point", "coordinates": [ 131.403992, 32.108865 ] } },
{ "type": "Feature", "properties": { "ID": 4533451000690, "正式名称": "長谷川歯科医院", "機関区分": 3, "都道府県コード": 45, "市区町村コード": 208, "所在地": "宮崎県西都市大字妻平田１５２１", "緯度": 32.106734, "経度": 131.399247, "url": "https://www.iryou.teikyouseido.mhlw.go.jp/znk-web/juminkanja/S2430/initialize?prefCd=45&kikanCd=3451000690&kikanKbn=3", "url2": null, "内容": "長谷川歯科医院【3:歯科】宮崎県西都市大字妻平田１５２１" }, "geometry": { "type": "Point", "coordinates": [ 131.399247, 32.106734 ] } },
{ "type": "Feature", "properties": { "ID": 4533451001730, "正式名称": "すが歯科医院", "機関区分": 3, "都道府県コード": 45, "市区町村コード": 208, "所在地": "宮崎県西都市右松字三反田２１８０－３", "緯度": 32.098163, "経度": 131.399736, "url": "https://www.iryou.teikyouseido.mhlw.go.jp/znk-web/juminkanja/S2430/initialize?prefCd=45&kikanCd=3451001730&kikanKbn=3", "url2": null, "内容": "すが歯科医院【3:歯科】宮崎県西都市右松字三反田２１８０－３" }, "geometry": { "type": "Point", "coordinates": [ 131.399736, 32.098163 ] } },
{ "type": "Feature", "properties": { "ID": 4533451001860, "正式名称": "みやじ歯科医院", "機関区分": 3, "都道府県コード": 45, "市区町村コード": 402, "所在地": "宮崎県児湯郡新富町富田南４－５２", "緯度": 32.062549, "経度": 131.487317, "url": "https://www.iryou.teikyouseido.mhlw.go.jp/znk-web/juminkanja/S2430/initialize?prefCd=45&kikanCd=3451001860&kikanKbn=3", "url2": "https://miyajidc.com", "内容": "みやじ歯科医院【3:歯科】宮崎県児湯郡新富町富田南４－５２" }, "geometry": { "type": "Point", "coordinates": [ 131.487317, 32.062549 ] } },
{ "type": "Feature", "properties": { "ID": 4533451002030, "正式名称": "上山歯科医院", "機関区分": 3, "都道府県コード": 45, "市区町村コード": 208, "所在地": "宮崎県西都市妻町１丁目５６番地", "緯度": 32.109151, "経度": 131.406738, "url": "https://www.iryou.teikyouseido.mhlw.go.jp/znk-web/juminkanja/S2430/initialize?prefCd=45&kikanCd=3451002030&kikanKbn=3", "url2": "http://www.ueyama-dental.com", "内容": "上山歯科医院【3:歯科】宮崎県西都市妻町１丁目５６番地" }, "geometry": { "type": "Point", "coordinates": [ 131.406738, 32.109151 ] } },
{ "type": "Feature", "properties": { "ID": 4533451002450, "正式名称": "西都さくら歯科医院", "機関区分": 3, "都道府県コード": 45, "市区町村コード": 208, "所在地": "宮崎県西都市右松３丁目２番地", "緯度": 32.102615, "経度": 131.405741, "url": "https://www.iryou.teikyouseido.mhlw.go.jp/znk-web/juminkanja/S2430/initialize?prefCd=45&kikanCd=3451002450&kikanKbn=3", "url2": null, "内容": "西都さくら歯科医院【3:歯科】宮崎県西都市右松３丁目２番地" }, "geometry": { "type": "Point", "coordinates": [ 131.405741, 32.102615 ] } },
{ "type": "Feature", "properties": { "ID": 4533451002870, "正式名称": "曽我部歯科", "機関区分": 3, "都道府県コード": 45, "市区町村コード": 401, "所在地": "宮崎県児湯郡高鍋町高鍋町", "緯度": 32.124947, "経度": 131.508407, "url": "https://www.iryou.teikyouseido.mhlw.go.jp/znk-web/juminkanja/S2430/initialize?prefCd=45&kikanCd=3451002870&kikanKbn=3", "url2": "https://sogabe-dc.com/", "内容": "曽我部歯科【3:歯科】宮崎県児湯郡高鍋町高鍋町" }, "geometry": { "type": "Point", "coordinates": [ 131.508407, 32.124947 ] } },
{ "type": "Feature", "properties": { "ID": 4533451003040, "正式名称": "こころ歯科クリニック", "機関区分": 3, "都道府県コード": 45, "市区町村コード": 402, "所在地": "宮崎県児湯郡新富町新富町富田３丁目１９番地２", "緯度": 32.070641, "経度": 131.492001, "url": "https://www.iryou.teikyouseido.mhlw.go.jp/znk-web/juminkanja/S2430/initialize?prefCd=45&kikanCd=3451003040&kikanKbn=3", "url2": null, "内容": "こころ歯科クリニック【3:歯科】宮崎県児湯郡新富町新富町富田３丁目１９番地２" }, "geometry": { "type": "Point", "coordinates": [ 131.492001, 32.070641 ] } },
{ "type": "Feature", "properties": { "ID": 4533453126930, "正式名称": "ひだか歯科医院", "機関区分": 3, "都道府県コード": 45, "市区町村コード": 201, "所在地": "宮崎県宮崎市宮田町６−１６", "緯度": 31.912831, "経度": 131.425493, "url": "https://www.iryou.teikyouseido.mhlw.go.jp/znk-web/juminkanja/S2430/initialize?prefCd=45&kikanCd=3453126930&kikanKbn=3", "url2": null, "内容": "ひだか歯科医院【3:歯科】宮崎県宮崎市宮田町６−１６" }, "geometry": { "type": "Point", "coordinates": [ 131.425493, 31.912831 ] } },
{ "type": "Feature", "properties": { "ID": 4533453127070, "正式名称": "いりえ歯科小児歯科医院", "機関区分": 3, "都道府県コード": 45, "市区町村コード": 201, "所在地": "宮崎県宮崎市平和ヶ丘北町７−１", "緯度": 31.958235, "経度": 131.415831, "url": "https://www.iryou.teikyouseido.mhlw.go.jp/znk-web/juminkanja/S2430/initialize?prefCd=45&kikanCd=3453127070&kikanKbn=3", "url2": null, "内容": "いりえ歯科小児歯科医院【3:歯科】宮崎県宮崎市平和ヶ丘北町７−１" }, "geometry": { "type": "Point", "coordinates": [ 131.415831, 31.958235 ] } },
{ "type": "Feature", "properties": { "ID": 4533453127100, "正式名称": "こむら歯科医院", "機関区分": 3, "都道府県コード": 45, "市区町村コード": 201, "所在地": "宮崎県宮崎市花山手東３丁目２３番地３", "緯度": 31.90132, "経度": 131.400387, "url": "https://www.iryou.teikyouseido.mhlw.go.jp/znk-web/juminkanja/S2430/initialize?prefCd=45&kikanCd=3453127100&kikanKbn=3", "url2": null, "内容": "こむら歯科医院【3:歯科】宮崎県宮崎市花山手東３丁目２３番地３" }, "geometry": { "type": "Point", "coordinates": [ 131.400387, 31.90132 ] } },
{ "type": "Feature", "properties": { "ID": 4533453127230, "正式名称": "医療法人永豊会　おおにし歯科医院", "機関区分": 3, "都道府県コード": 45, "市区町村コード": 201, "所在地": "宮崎県宮崎市大字郡司分甲１５７６番地１", "緯度": 31.847478, "経度": 131.428236, "url": "https://www.iryou.teikyouseido.mhlw.go.jp/znk-web/juminkanja/S2430/initialize?prefCd=45&kikanCd=3453127230&kikanKbn=3", "url2": null, "内容": "医療法人永豊会　おおにし歯科医院【3:歯科】宮崎県宮崎市大字郡司分甲１５７６番地１" }, "geometry": { "type": "Point", "coordinates": [ 131.428236, 31.847478 ] } },
{ "type": "Feature", "properties": { "ID": 4533453127520, "正式名称": "さかぐち歯科医院", "機関区分": 3, "都道府県コード": 45, "市区町村コード": 201, "所在地": "宮崎県宮崎市恒久３丁目３０－２３号", "緯度": 31.891964, "経度": 131.430402, "url": "https://www.iryou.teikyouseido.mhlw.go.jp/znk-web/juminkanja/S2430/initialize?prefCd=45&kikanCd=3453127520&kikanKbn=3", "url2": "https://www.sakaguchi-shika-miyazaki.com", "内容": "さかぐち歯科医院【3:歯科】宮崎県宮崎市恒久３丁目３０－２３号" }, "geometry": { "type": "Point", "coordinates": [ 131.430402, 31.891964 ] } },
{ "type": "Feature", "properties": { "ID": 4533453127780, "正式名称": "矯正・小児　ひまわり歯科", "機関区分": 3, "都道府県コード": 45, "市区町村コード": 201, "所在地": "宮崎県宮崎市大塚台東１−３２−９", "緯度": 31.923109, "経度": 131.389174, "url": "https://www.iryou.teikyouseido.mhlw.go.jp/znk-web/juminkanja/S2430/initialize?prefCd=45&kikanCd=3453127780&kikanKbn=3", "url2": "http://www.himawari-d.com/", "内容": "矯正・小児　ひまわり歯科【3:歯科】宮崎県宮崎市大塚台東１−３２−９" }, "geometry": { "type": "Point", "coordinates": [ 131.389174, 31.923109 ] } },
{ "type": "Feature", "properties": { "ID": 4533453127940, "正式名称": "とごえ歯科医院", "機関区分": 3, "都道府県コード": 45, "市区町村コード": 201, "所在地": "宮崎県宮崎市堀川町５３番地", "緯度": 31.909729, "経度": 131.434851, "url": "https://www.iryou.teikyouseido.mhlw.go.jp/znk-web/juminkanja/S2430/initialize?prefCd=45&kikanCd=3453127940&kikanKbn=3", "url2": "https://peehakurarin.wixsite.com/togoe-sika", "内容": "とごえ歯科医院【3:歯科】宮崎県宮崎市堀川町５３番地" }, "geometry": { "type": "Point", "coordinates": [ 131.434851, 31.909729 ] } },
{ "type": "Feature", "properties": { "ID": 4533453128080, "正式名称": "ウィング歯科医院", "機関区分": 3, "都道府県コード": 45, "市区町村コード": 201, "所在地": "宮崎県宮崎市柳丸町　５３−２", "緯度": 31.928524, "経度": 131.43212, "url": "https://www.iryou.teikyouseido.mhlw.go.jp/znk-web/juminkanja/S2430/initialize?prefCd=45&kikanCd=3453128080&kikanKbn=3", "url2": null, "内容": "ウィング歯科医院【3:歯科】宮崎県宮崎市柳丸町　５３−２" }, "geometry": { "type": "Point", "coordinates": [ 131.43212, 31.928524 ] } },
{ "type": "Feature", "properties": { "ID": 4533453128110, "正式名称": "スマイル歯科", "機関区分": 3, "都道府県コード": 45, "市区町村コード": 201, "所在地": "宮崎県宮崎市城ケ崎２丁目８−３", "緯度": 31.897192, "経度": 131.427957, "url": "https://www.iryou.teikyouseido.mhlw.go.jp/znk-web/juminkanja/S2430/initialize?prefCd=45&kikanCd=3453128110&kikanKbn=3", "url2": null, "内容": "スマイル歯科【3:歯科】宮崎県宮崎市城ケ崎２丁目８−３" }, "geometry": { "type": "Point", "coordinates": [ 131.427957, 31.897192 ] } },
{ "type": "Feature", "properties": { "ID": 4533453128400, "正式名称": "まつだ歯科医院", "機関区分": 3, "都道府県コード": 45, "市区町村コード": 201, "所在地": "宮崎県宮崎市まなび野２－３９－３", "緯度": 31.859532, "経度": 131.419934, "url": "https://www.iryou.teikyouseido.mhlw.go.jp/znk-web/juminkanja/S2430/initialize?prefCd=45&kikanCd=3453128400&kikanKbn=3", "url2": "http://web.clinicn.jp/matsuda-dc/", "内容": "まつだ歯科医院【3:歯科】宮崎県宮崎市まなび野２－３９－３" }, "geometry": { "type": "Point", "coordinates": [ 131.419934, 31.859532 ] } },
{ "type": "Feature", "properties": { "ID": 4533453128820, "正式名称": "山内歯科", "機関区分": 3, "都道府県コード": 45, "市区町村コード": 201, "所在地": "宮崎県宮崎市花ケ島町立毛１０３２−１", "緯度": 31.954383, "経度": 131.435164, "url": "https://www.iryou.teikyouseido.mhlw.go.jp/znk-web/juminkanja/S2430/initialize?prefCd=45&kikanCd=3453128820&kikanKbn=3", "url2": null, "内容": "山内歯科【3:歯科】宮崎県宮崎市花ケ島町立毛１０３２−１" }, "geometry": { "type": "Point", "coordinates": [ 131.435164, 31.954383 ] } },
{ "type": "Feature", "properties": { "ID": 4533453129120, "正式名称": "森歯科クリニック", "機関区分": 3, "都道府県コード": 45, "市区町村コード": 201, "所在地": "宮崎県宮崎市糸原２５０", "緯度": 31.960958, "経度": 131.371212, "url": "https://www.iryou.teikyouseido.mhlw.go.jp/znk-web/juminkanja/S2430/initialize?prefCd=45&kikanCd=3453129120&kikanKbn=3", "url2": null, "内容": "森歯科クリニック【3:歯科】宮崎県宮崎市糸原２５０" }, "geometry": { "type": "Point", "coordinates": [ 131.371212, 31.960958 ] } },
{ "type": "Feature", "properties": { "ID": 4533453129250, "正式名称": "インペリオデンタルクリニック", "機関区分": 3, "都道府県コード": 45, "市区町村コード": 201, "所在地": "宮崎県宮崎市下北方町台木７１３－３", "緯度": 31.94618, "経度": 131.423292, "url": "https://www.iryou.teikyouseido.mhlw.go.jp/znk-web/juminkanja/S2430/initialize?prefCd=45&kikanCd=3453129250&kikanKbn=3", "url2": "http://imperioclinic.com", "内容": "インペリオデンタルクリニック【3:歯科】宮崎県宮崎市下北方町台木７１３－３" }, "geometry": { "type": "Point", "coordinates": [ 131.423292, 31.94618 ] } },
{ "type": "Feature", "properties": { "ID": 4533453129380, "正式名称": "吉田歯科クリニック", "機関区分": 3, "都道府県コード": 45, "市区町村コード": 201, "所在地": "宮崎県宮崎市浮城町１５－３", "緯度": 31.930968, "経度": 131.436823, "url": "https://www.iryou.teikyouseido.mhlw.go.jp/znk-web/juminkanja/S2430/initialize?prefCd=45&kikanCd=3453129380&kikanKbn=3", "url2": null, "内容": "吉田歯科クリニック【3:歯科】宮崎県宮崎市浮城町１５－３" }, "geometry": { "type": "Point", "coordinates": [ 131.436823, 31.930968 ] } },
{ "type": "Feature", "properties": { "ID": 4533453129410, "正式名称": "なかたけ歯科医院", "機関区分": 3, "都道府県コード": 45, "市区町村コード": 201, "所在地": "宮崎県宮崎市吾妻町７５　中武ビル２Ｆ", "緯度": 31.904341, "経度": 131.431907, "url": "https://www.iryou.teikyouseido.mhlw.go.jp/znk-web/juminkanja/S2430/initialize?prefCd=45&kikanCd=3453129410&kikanKbn=3", "url2": null, "内容": "なかたけ歯科医院【3:歯科】宮崎県宮崎市吾妻町７５　中武ビル２Ｆ" }, "geometry": { "type": "Point", "coordinates": [ 131.431907, 31.904341 ] } },
{ "type": "Feature", "properties": { "ID": 4533453129540, "正式名称": "小村歯科クリニック", "機関区分": 3, "都道府県コード": 45, "市区町村コード": 201, "所在地": "宮崎県宮崎市新別府町城元３１３−１", "緯度": 31.926791, "経度": 131.452163, "url": "https://www.iryou.teikyouseido.mhlw.go.jp/znk-web/juminkanja/S2430/initialize?prefCd=45&kikanCd=3453129540&kikanKbn=3", "url2": null, "内容": "小村歯科クリニック【3:歯科】宮崎県宮崎市新別府町城元３１３−１" }, "geometry": { "type": "Point", "coordinates": [ 131.452163, 31.926791 ] } },
{ "type": "Feature", "properties": { "ID": 4533453129700, "正式名称": "山﨑歯科クリニック", "機関区分": 3, "都道府県コード": 45, "市区町村コード": 201, "所在地": "宮崎県宮崎市熊野４８１－１", "緯度": 31.828386, "経度": 131.437879, "url": "https://www.iryou.teikyouseido.mhlw.go.jp/znk-web/juminkanja/S2430/initialize?prefCd=45&kikanCd=3453129700&kikanKbn=3", "url2": "http://yamasakidc.jp", "内容": "山﨑歯科クリニック【3:歯科】宮崎県宮崎市熊野４８１－１" }, "geometry": { "type": "Point", "coordinates": [ 131.437879, 31.828386 ] } },
{ "type": "Feature", "properties": { "ID": 4533453129830, "正式名称": "ひがし歯科医院", "機関区分": 3, "都道府県コード": 45, "市区町村コード": 201, "所在地": "宮崎県宮崎市大島町野田２１１９番地", "緯度": 31.940645, "経度": 131.436017, "url": "https://www.iryou.teikyouseido.mhlw.go.jp/znk-web/juminkanja/S2430/initialize?prefCd=45&kikanCd=3453129830&kikanKbn=3", "url2": null, "内容": "ひがし歯科医院【3:歯科】宮崎県宮崎市大島町野田２１１９番地" }, "geometry": { "type": "Point", "coordinates": [ 131.436017, 31.940645 ] } },
{ "type": "Feature", "properties": { "ID": 4533453130070, "正式名称": "岡野歯科医院", "機関区分": 3, "都道府県コード": 45, "市区町村コード": 201, "所在地": "宮崎県宮崎市大坪西１丁目１番６７号", "緯度": 31.896368, "経度": 131.406157, "url": "https://www.iryou.teikyouseido.mhlw.go.jp/znk-web/juminkanja/S2430/initialize?prefCd=45&kikanCd=3453130070&kikanKbn=3", "url2": null, "内容": "岡野歯科医院【3:歯科】宮崎県宮崎市大坪西１丁目１番６７号" }, "geometry": { "type": "Point", "coordinates": [ 131.406157, 31.896368 ] } },
{ "type": "Feature", "properties": { "ID": 4533453130100, "正式名称": "宮田歯科医院", "機関区分": 3, "都道府県コード": 45, "市区町村コード": 201, "所在地": "宮崎県宮崎市生目台東１丁目１−１", "緯度": 31.904911, "経度": 131.386496, "url": "https://www.iryou.teikyouseido.mhlw.go.jp/znk-web/juminkanja/S2430/initialize?prefCd=45&kikanCd=3453130100&kikanKbn=3", "url2": null, "内容": "宮田歯科医院【3:歯科】宮崎県宮崎市生目台東１丁目１−１" }, "geometry": { "type": "Point", "coordinates": [ 131.386496, 31.904911 ] } },
{ "type": "Feature", "properties": { "ID": 4533453130490, "正式名称": "峯田歯科クリニック", "機関区分": 3, "都道府県コード": 45, "市区町村コード": 201, "所在地": "宮崎県宮崎市新名爪１０６－１", "緯度": 31.973898, "経度": 131.440185, "url": "https://www.iryou.teikyouseido.mhlw.go.jp/znk-web/juminkanja/S2430/initialize?prefCd=45&kikanCd=3453130490&kikanKbn=3", "url2": "https://minedadental.com/", "内容": "峯田歯科クリニック【3:歯科】宮崎県宮崎市新名爪１０６－１" }, "geometry": { "type": "Point", "coordinates": [ 131.440185, 31.973898 ] } },
{ "type": "Feature", "properties": { "ID": 4533453130520, "正式名称": "しみず歯科医院", "機関区分": 3, "都道府県コード": 45, "市区町村コード": 201, "所在地": "宮崎県宮崎市大塚台西２丁目１番地３　３号棟２１１号", "緯度": 31.917889, "経度": 131.384429, "url": "https://www.iryou.teikyouseido.mhlw.go.jp/znk-web/juminkanja/S2430/initialize?prefCd=45&kikanCd=3453130520&kikanKbn=3", "url2": null, "内容": "しみず歯科医院【3:歯科】宮崎県宮崎市大塚台西２丁目１番地３　３号棟２１１号" }, "geometry": { "type": "Point", "coordinates": [ 131.384429, 31.917889 ] } },
{ "type": "Feature", "properties": { "ID": 4533453130810, "正式名称": "恵歯科クリニック", "機関区分": 3, "都道府県コード": 45, "市区町村コード": 201, "所在地": "宮崎県宮崎市月見ケ丘１−２１−２５", "緯度": 31.880968, "経度": 131.420173, "url": "https://www.iryou.teikyouseido.mhlw.go.jp/znk-web/juminkanja/S2430/initialize?prefCd=45&kikanCd=3453130810&kikanKbn=3", "url2": null, "内容": "恵歯科クリニック【3:歯科】宮崎県宮崎市月見ケ丘１−２１−２５" }, "geometry": { "type": "Point", "coordinates": [ 131.420173, 31.880968 ] } },
{ "type": "Feature", "properties": { "ID": 4533453130940, "正式名称": "やさき歯科", "機関区分": 3, "都道府県コード": 45, "市区町村コード": 201, "所在地": "宮崎県宮崎市大塚町横立１５０７−２", "緯度": 31.923179, "経度": 131.390296, "url": "https://www.iryou.teikyouseido.mhlw.go.jp/znk-web/juminkanja/S2430/initialize?prefCd=45&kikanCd=3453130940&kikanKbn=3", "url2": "http://www.miyazaki-catv.ne.jp/~kittys/yasaki.htm", "内容": "やさき歯科【3:歯科】宮崎県宮崎市大塚町横立１５０７−２" }, "geometry": { "type": "Point", "coordinates": [ 131.390296, 31.923179 ] } },
{ "type": "Feature", "properties": { "ID": 4533453131240, "正式名称": "ゆうこうデンタルクリニック", "機関区分": 3, "都道府県コード": 45, "市区町村コード": 201, "所在地": "宮崎県宮崎市吉村町島田甲７３９番地５", "緯度": 31.925247, "経度": 131.442642, "url": "https://www.iryou.teikyouseido.mhlw.go.jp/znk-web/juminkanja/S2430/initialize?prefCd=45&kikanCd=3453131240&kikanKbn=3", "url2": null, "内容": "ゆうこうデンタルクリニック【3:歯科】宮崎県宮崎市吉村町島田甲７３９番地５" }, "geometry": { "type": "Point", "coordinates": [ 131.442642, 31.925247 ] } },
{ "type": "Feature", "properties": { "ID": 4533453131370, "正式名称": "ひだか歯科クリニック", "機関区分": 3, "都道府県コード": 45, "市区町村コード": 201, "所在地": "宮崎県宮崎市高洲町１１５−１３", "緯度": 31.900511, "経度": 131.446906, "url": "https://www.iryou.teikyouseido.mhlw.go.jp/znk-web/juminkanja/S2430/initialize?prefCd=45&kikanCd=3453131370&kikanKbn=3", "url2": null, "内容": "ひだか歯科クリニック【3:歯科】宮崎県宮崎市高洲町１１５−１３" }, "geometry": { "type": "Point", "coordinates": [ 131.446906, 31.900511 ] } },
{ "type": "Feature", "properties": { "ID": 4533453131400, "正式名称": "医療法人恵嗣会　若松歯科クリニック", "機関区分": 3, "都道府県コード": 45, "市区町村コード": 201, "所在地": "宮崎県宮崎市大字島之内６６８２−１", "緯度": 31.982981, "経度": 131.447739, "url": "https://www.iryou.teikyouseido.mhlw.go.jp/znk-web/juminkanja/S2430/initialize?prefCd=45&kikanCd=3453131400&kikanKbn=3", "url2": "http://www.wakamatsu-shika.com", "内容": "医療法人恵嗣会　若松歯科クリニック【3:歯科】宮崎県宮崎市大字島之内６６８２−１" }, "geometry": { "type": "Point", "coordinates": [ 131.447739, 31.982981 ] } },
{ "type": "Feature", "properties": { "ID": 4533453131530, "正式名称": "ひとえ歯科クリニック", "機関区分": 3, "都道府県コード": 45, "市区町村コード": 201, "所在地": "宮崎県宮崎市恒久３４０の１", "緯度": 31.88689, "経度": 131.431972, "url": "https://www.iryou.teikyouseido.mhlw.go.jp/znk-web/juminkanja/S2430/initialize?prefCd=45&kikanCd=3453131530&kikanKbn=3", "url2": "https://hitoe-dc.com/", "内容": "ひとえ歯科クリニック【3:歯科】宮崎県宮崎市恒久３４０の１" }, "geometry": { "type": "Point", "coordinates": [ 131.431972, 31.88689 ] } },
{ "type": "Feature", "properties": { "ID": 4533453131790, "正式名称": "バナナ歯科", "機関区分": 3, "都道府県コード": 45, "市区町村コード": 201, "所在地": "宮崎県宮崎市芳士８９１－１", "緯度": 31.967551, "経度": 131.440488, "url": "https://www.iryou.teikyouseido.mhlw.go.jp/znk-web/juminkanja/S2430/initialize?prefCd=45&kikanCd=3453131790&kikanKbn=3", "url2": null, "内容": "バナナ歯科【3:歯科】宮崎県宮崎市芳士８９１－１" }, "geometry": { "type": "Point", "coordinates": [ 131.440488, 31.967551 ] } },
{ "type": "Feature", "properties": { "ID": 4533453131950, "正式名称": "たんぽぽ歯科", "機関区分": 3, "都道府県コード": 45, "市区町村コード": 201, "所在地": "宮崎県宮崎市大橋３－６７－１", "緯度": 31.920352, "経度": 131.406611, "url": "https://www.iryou.teikyouseido.mhlw.go.jp/znk-web/juminkanja/S2430/initialize?prefCd=45&kikanCd=3453131950&kikanKbn=3", "url2": "http://tanpopo-shika.com", "内容": "たんぽぽ歯科【3:歯科】宮崎県宮崎市大橋３－６７－１" }, "geometry": { "type": "Point", "coordinates": [ 131.406611, 31.920352 ] } },
{ "type": "Feature", "properties": { "ID": 4533453132120, "正式名称": "かせだ歯科医院", "機関区分": 3, "都道府県コード": 45, "市区町村コード": 201, "所在地": "宮崎県宮崎市一の宮町２１", "緯度": 31.907041, "経度": 131.442453, "url": "https://www.iryou.teikyouseido.mhlw.go.jp/znk-web/juminkanja/S2430/initialize?prefCd=45&kikanCd=3453132120&kikanKbn=3", "url2": null, "内容": "かせだ歯科医院【3:歯科】宮崎県宮崎市一の宮町２１" }, "geometry": { "type": "Point", "coordinates": [ 131.442453, 31.907041 ] } },
{ "type": "Feature", "properties": { "ID": 4533453132250, "正式名称": "二宮デンタルクリニック", "機関区分": 3, "都道府県コード": 45, "市区町村コード": 201, "所在地": "宮崎県宮崎市高松町５番１５号２Ｆ", "緯度": 31.915142, "経度": 131.41873, "url": "https://www.iryou.teikyouseido.mhlw.go.jp/znk-web/juminkanja/S2430/initialize?prefCd=45&kikanCd=3453132250&kikanKbn=3", "url2": "http://www.ninomiya-dental.jp", "内容": "二宮デンタルクリニック【3:歯科】宮崎県宮崎市高松町５番１５号２Ｆ" }, "geometry": { "type": "Point", "coordinates": [ 131.41873, 31.915142 ] } },
{ "type": "Feature", "properties": { "ID": 4533453132380, "正式名称": "アート歯科マツダ", "機関区分": 3, "都道府県コード": 45, "市区町村コード": 201, "所在地": "宮崎県宮崎市橘通東５丁目３−８", "緯度": 31.921683, "経度": 131.424903, "url": "https://www.iryou.teikyouseido.mhlw.go.jp/znk-web/juminkanja/S2430/initialize?prefCd=45&kikanCd=3453132380&kikanKbn=3", "url2": null, "内容": "アート歯科マツダ【3:歯科】宮崎県宮崎市橘通東５丁目３−８" }, "geometry": { "type": "Point", "coordinates": [ 131.424903, 31.921683 ] } },
{ "type": "Feature", "properties": { "ID": 4533453132540, "正式名称": "おおせくじら歯科", "機関区分": 3, "都道府県コード": 45, "市区町村コード": 201, "所在地": "宮崎県宮崎市大瀬町２３３１番地", "緯度": 31.970633, "経度": 131.382527, "url": "https://www.iryou.teikyouseido.mhlw.go.jp/znk-web/juminkanja/S2430/initialize?prefCd=45&kikanCd=3453132540&kikanKbn=3", "url2": null, "内容": "おおせくじら歯科【3:歯科】宮崎県宮崎市大瀬町２３３１番地" }, "geometry": { "type": "Point", "coordinates": [ 131.382527, 31.970633 ] } },
{ "type": "Feature", "properties": { "ID": 4533453132670, "正式名称": "谷山歯科医院", "機関区分": 3, "都道府県コード": 45, "市区町村コード": 201, "所在地": "宮崎県宮崎市福島町寺山３１４７－１２８", "緯度": 31.911261, "経度": 131.399703, "url": "https://www.iryou.teikyouseido.mhlw.go.jp/znk-web/juminkanja/S2430/initialize?prefCd=45&kikanCd=3453132670&kikanKbn=3", "url2": null, "内容": "谷山歯科医院【3:歯科】宮崎県宮崎市福島町寺山３１４７－１２８" }, "geometry": { "type": "Point", "coordinates": [ 131.399703, 31.911261 ] } },
{ "type": "Feature", "properties": { "ID": 4533453132700, "正式名称": "わなか歯科医院", "機関区分": 3, "都道府県コード": 45, "市区町村コード": 201, "所在地": "宮崎県宮崎市大島町南窪８０８−１", "緯度": 31.933321, "経度": 131.446039, "url": "https://www.iryou.teikyouseido.mhlw.go.jp/znk-web/juminkanja/S2430/initialize?prefCd=45&kikanCd=3453132700&kikanKbn=3", "url2": null, "内容": "わなか歯科医院【3:歯科】宮崎県宮崎市大島町南窪８０８−１" }, "geometry": { "type": "Point", "coordinates": [ 131.446039, 31.933321 ] } },
{ "type": "Feature", "properties": { "ID": 4533453132830, "正式名称": "はやしデンタルクリニック", "機関区分": 3, "都道府県コード": 45, "市区町村コード": 201, "所在地": "宮崎県宮崎市橘通西３丁目１０番１９号　エアラインホテル１Ｆ", "緯度": 31.916543, "経度": 131.422657, "url": "https://www.iryou.teikyouseido.mhlw.go.jp/znk-web/juminkanja/S2430/initialize?prefCd=45&kikanCd=3453132830&kikanKbn=3", "url2": "http://www.hayashi-dentalclinic.jp/", "内容": "はやしデンタルクリニック【3:歯科】宮崎県宮崎市橘通西３丁目１０番１９号　エアラインホテル１Ｆ" }, "geometry": { "type": "Point", "coordinates": [ 131.422657, 31.916543 ] } },
{ "type": "Feature", "properties": { "ID": 4533453133000, "正式名称": "アクア歯科クリニック", "機関区分": 3, "都道府県コード": 45, "市区町村コード": 201, "所在地": "宮崎県宮崎市桜町　１１－６", "緯度": 31.951055, "経度": 131.437214, "url": "https://www.iryou.teikyouseido.mhlw.go.jp/znk-web/juminkanja/S2430/initialize?prefCd=45&kikanCd=3453133000&kikanKbn=3", "url2": "http://www.aqua-dc.net/", "内容": "アクア歯科クリニック【3:歯科】宮崎県宮崎市桜町　１１－６" }, "geometry": { "type": "Point", "coordinates": [ 131.437214, 31.951055 ] } },
{ "type": "Feature", "properties": { "ID": 4533453133130, "正式名称": "小村歯科医院", "機関区分": 3, "都道府県コード": 45, "市区町村コード": 201, "所在地": "宮崎県宮崎市船塚２丁目１８０－１", "緯度": 31.930407, "経度": 131.416388, "url": "https://www.iryou.teikyouseido.mhlw.go.jp/znk-web/juminkanja/S2430/initialize?prefCd=45&kikanCd=3453133130&kikanKbn=3", "url2": "http://nttbj.itp.ne.jp/0985245433/index.html", "内容": "小村歯科医院【3:歯科】宮崎県宮崎市船塚２丁目１８０－１" }, "geometry": { "type": "Point", "coordinates": [ 131.416388, 31.930407 ] } },
{ "type": "Feature", "properties": { "ID": 4533453133260, "正式名称": "大田原歯科医院", "機関区分": 3, "都道府県コード": 45, "市区町村コード": 201, "所在地": "宮崎県宮崎市大工２丁目１５６−２", "緯度": 31.918564, "経度": 131.411422, "url": "https://www.iryou.teikyouseido.mhlw.go.jp/znk-web/juminkanja/S2430/initialize?prefCd=45&kikanCd=3453133260&kikanKbn=3", "url2": null, "内容": "大田原歯科医院【3:歯科】宮崎県宮崎市大工２丁目１５６−２" }, "geometry": { "type": "Point", "coordinates": [ 131.411422, 31.918564 ] } },
{ "type": "Feature", "properties": { "ID": 4533453133420, "正式名称": "にしむら歯科医院", "機関区分": 3, "都道府県コード": 45, "市区町村コード": 201, "所在地": "宮崎県宮崎市大字跡江字境前３３４４－１", "緯度": 31.944721, "経度": 131.386909, "url": "https://www.iryou.teikyouseido.mhlw.go.jp/znk-web/juminkanja/S2430/initialize?prefCd=45&kikanCd=3453133420&kikanKbn=3", "url2": "http://smashweb.jp/nishimuradc/", "内容": "にしむら歯科医院【3:歯科】宮崎県宮崎市大字跡江字境前３３４４－１" }, "geometry": { "type": "Point", "coordinates": [ 131.386909, 31.944721 ] } },
{ "type": "Feature", "properties": { "ID": 4533453133550, "正式名称": "あおしま歯科クリニック", "機関区分": 3, "都道府県コード": 45, "市区町村コード": 201, "所在地": "宮崎県宮崎市青島２−８−２", "緯度": 31.800634, "経度": 131.468357, "url": "https://www.iryou.teikyouseido.mhlw.go.jp/znk-web/juminkanja/S2430/initialize?prefCd=45&kikanCd=3453133550&kikanKbn=3", "url2": "http://www.aoshima-dental.com", "内容": "あおしま歯科クリニック【3:歯科】宮崎県宮崎市青島２−８−２" }, "geometry": { "type": "Point", "coordinates": [ 131.468357, 31.800634 ] } },
{ "type": "Feature", "properties": { "ID": 4533453133680, "正式名称": "ホワイト歯科矯正歯科", "機関区分": 3, "都道府県コード": 45, "市区町村コード": 201, "所在地": "宮崎県宮崎市神宮西２丁目２７８　ナチュラルタウン１Ｆ", "緯度": 31.939245, "経度": 131.416263, "url": "https://www.iryou.teikyouseido.mhlw.go.jp/znk-web/juminkanja/S2430/initialize?prefCd=45&kikanCd=3453133680&kikanKbn=3", "url2": "https://whitesika-kyouseisika.com/", "内容": "ホワイト歯科矯正歯科【3:歯科】宮崎県宮崎市神宮西２丁目２７８　ナチュラルタウン１Ｆ" }, "geometry": { "type": "Point", "coordinates": [ 131.416263, 31.939245 ] } },
{ "type": "Feature", "properties": { "ID": 4533453133840, "正式名称": "前田歯科クリニック高千穂通", "機関区分": 3, "都道府県コード": 45, "市区町村コード": 201, "所在地": "宮崎県宮崎市高千穂通２－５－３６　宮崎２５ビル１Ｆ", "緯度": 31.916187, "経度": 131.428901, "url": "https://www.iryou.teikyouseido.mhlw.go.jp/znk-web/juminkanja/S2430/initialize?prefCd=45&kikanCd=3453133840&kikanKbn=3", "url2": "http://www.mdc-miyazaki.com", "内容": "前田歯科クリニック高千穂通【3:歯科】宮崎県宮崎市高千穂通２－５－３６　宮崎２５ビル１Ｆ" }, "geometry": { "type": "Point", "coordinates": [ 131.428901, 31.916187 ] } },
{ "type": "Feature", "properties": { "ID": 4533453133970, "正式名称": "医療法人　雅会　かわの歯科", "機関区分": 3, "都道府県コード": 45, "市区町村コード": 201, "所在地": "宮崎県宮崎市島之内７３１２－１", "緯度": 31.986054, "経度": 131.450542, "url": "https://www.iryou.teikyouseido.mhlw.go.jp/znk-web/juminkanja/S2430/initialize?prefCd=45&kikanCd=3453133970&kikanKbn=3", "url2": "http://www.kawano-shika.jp/", "内容": "医療法人　雅会　かわの歯科【3:歯科】宮崎県宮崎市島之内７３１２－１" }, "geometry": { "type": "Point", "coordinates": [ 131.450542, 31.986054 ] } },
{ "type": "Feature", "properties": { "ID": 4533453134010, "正式名称": "高木歯科医院", "機関区分": 3, "都道府県コード": 45, "市区町村コード": 201, "所在地": "宮崎県宮崎市清水２丁目６－３７　上田ビル１階", "緯度": 31.915456, "経度": 131.419708, "url": "https://www.iryou.teikyouseido.mhlw.go.jp/znk-web/juminkanja/S2430/initialize?prefCd=45&kikanCd=3453134010&kikanKbn=3", "url2": null, "内容": "高木歯科医院【3:歯科】宮崎県宮崎市清水２丁目６－３７　上田ビル１階" }, "geometry": { "type": "Point", "coordinates": [ 131.419708, 31.915456 ] } },
{ "type": "Feature", "properties": { "ID": 4533453134140, "正式名称": "木花歯科医院", "機関区分": 3, "都道府県コード": 45, "市区町村コード": 201, "所在地": "宮崎県宮崎市熊野９９７９ー１", "緯度": 31.832466, "経度": 131.433057, "url": "https://www.iryou.teikyouseido.mhlw.go.jp/znk-web/juminkanja/S2430/initialize?prefCd=45&kikanCd=3453134140&kikanKbn=3", "url2": null, "内容": "木花歯科医院【3:歯科】宮崎県宮崎市熊野９９７９ー１" }, "geometry": { "type": "Point", "coordinates": [ 131.433057, 31.832466 ] } },
{ "type": "Feature", "properties": { "ID": 4533453134270, "正式名称": "たじな歯科医院", "機関区分": 3, "都道府県コード": 45, "市区町村コード": 201, "所在地": "宮崎県宮崎市本郷南方４０２５－７", "緯度": 31.863278, "経度": 131.432059, "url": "https://www.iryou.teikyouseido.mhlw.go.jp/znk-web/juminkanja/S2430/initialize?prefCd=45&kikanCd=3453134270&kikanKbn=3", "url2": "http://www.tajina-dentalclinic.jp/", "内容": "たじな歯科医院【3:歯科】宮崎県宮崎市本郷南方４０２５－７" }, "geometry": { "type": "Point", "coordinates": [ 131.432059, 31.863278 ] } },
{ "type": "Feature", "properties": { "ID": 4533453134430, "正式名称": "さくらデンタルクリニック", "機関区分": 3, "都道府県コード": 45, "市区町村コード": 201, "所在地": "宮崎県宮崎市高岡町内山", "緯度": 31.962819, "経度": 131.302057, "url": "https://www.iryou.teikyouseido.mhlw.go.jp/znk-web/juminkanja/S2430/initialize?prefCd=45&kikanCd=3453134430&kikanKbn=3", "url2": null, "内容": "さくらデンタルクリニック【3:歯科】宮崎県宮崎市高岡町内山" }, "geometry": { "type": "Point", "coordinates": [ 131.302057, 31.962819 ] } },
{ "type": "Feature", "properties": { "ID": 4533453134560, "正式名称": "かつ歯科クリニック", "機関区分": 3, "都道府県コード": 45, "市区町村コード": 201, "所在地": "宮崎県宮崎市浮城町４５－１", "緯度": 31.927024, "経度": 131.443936, "url": "https://www.iryou.teikyouseido.mhlw.go.jp/znk-web/juminkanja/S2430/initialize?prefCd=45&kikanCd=3453134560&kikanKbn=3", "url2": null, "内容": "かつ歯科クリニック【3:歯科】宮崎県宮崎市浮城町４５－１" }, "geometry": { "type": "Point", "coordinates": [ 131.443936, 31.927024 ] } },
{ "type": "Feature", "properties": { "ID": 4533453134690, "正式名称": "そえじま矯正歯科", "機関区分": 3, "都道府県コード": 45, "市区町村コード": 201, "所在地": "宮崎県宮崎市船塚二丁目６番２号　ソリッドグリーン１階", "緯度": 31.929171, "経度": 131.418416, "url": "https://www.iryou.teikyouseido.mhlw.go.jp/znk-web/juminkanja/S2430/initialize?prefCd=45&kikanCd=3453134690&kikanKbn=3", "url2": "https://www.soejima-kyousei.com/", "内容": "そえじま矯正歯科【3:歯科】宮崎県宮崎市船塚二丁目６番２号　ソリッドグリーン１階" }, "geometry": { "type": "Point", "coordinates": [ 131.418416, 31.929171 ] } },
{ "type": "Feature", "properties": { "ID": 4533453134720, "正式名称": "くらしげ歯科医院", "機関区分": 3, "都道府県コード": 45, "市区町村コード": 201, "所在地": "宮崎県宮崎市恒久６７３３－１", "緯度": 31.891967, "経度": 131.414815, "url": "https://www.iryou.teikyouseido.mhlw.go.jp/znk-web/juminkanja/S2430/initialize?prefCd=45&kikanCd=3453134720&kikanKbn=3", "url2": "http://kurashige-dc.com", "内容": "くらしげ歯科医院【3:歯科】宮崎県宮崎市恒久６７３３－１" }, "geometry": { "type": "Point", "coordinates": [ 131.414815, 31.891967 ] } },
{ "type": "Feature", "properties": { "ID": 4533453134980, "正式名称": "祝子歯科", "機関区分": 3, "都道府県コード": 45, "市区町村コード": 201, "所在地": "宮崎県宮崎市大塚町祝子前１７８３番４", "緯度": 31.919794, "経度": 131.398931, "url": "https://www.iryou.teikyouseido.mhlw.go.jp/znk-web/juminkanja/S2430/initialize?prefCd=45&kikanCd=3453134980&kikanKbn=3", "url2": null, "内容": "祝子歯科【3:歯科】宮崎県宮崎市大塚町祝子前１７８３番４" }, "geometry": { "type": "Point", "coordinates": [ 131.398931, 31.919794 ] } },
{ "type": "Feature", "properties": { "ID": 4533453135020, "正式名称": "こおりやま歯科", "機関区分": 3, "都道府県コード": 45, "市区町村コード": 201, "所在地": "宮崎県宮崎市橘通東１－１０－１１", "緯度": 31.909018, "経度": 131.42376, "url": "https://www.iryou.teikyouseido.mhlw.go.jp/znk-web/juminkanja/S2430/initialize?prefCd=45&kikanCd=3453135020&kikanKbn=3", "url2": null, "内容": "こおりやま歯科【3:歯科】宮崎県宮崎市橘通東１－１０－１１" }, "geometry": { "type": "Point", "coordinates": [ 131.42376, 31.909018 ] } },
{ "type": "Feature", "properties": { "ID": 4533453135150, "正式名称": "しのざき中央歯科", "機関区分": 3, "都道府県コード": 45, "市区町村コード": 201, "所在地": "宮崎県宮崎市大橋１－１２－２", "緯度": 31.919752, "経度": 131.416441, "url": "https://www.iryou.teikyouseido.mhlw.go.jp/znk-web/juminkanja/S2430/initialize?prefCd=45&kikanCd=3453135150&kikanKbn=3", "url2": "http://www.sinozakisika.jp", "内容": "しのざき中央歯科【3:歯科】宮崎県宮崎市大橋１－１２－２" }, "geometry": { "type": "Point", "coordinates": [ 131.416441, 31.919752 ] } },
{ "type": "Feature", "properties": { "ID": 4533453135280, "正式名称": "かわさき歯科口腔ケア医院", "機関区分": 3, "都道府県コード": 45, "市区町村コード": 201, "所在地": "宮崎県宮崎市昭和町８２－１クアルタカーサ１階", "緯度": 31.908516, "経度": 131.436412, "url": "https://www.iryou.teikyouseido.mhlw.go.jp/znk-web/juminkanja/S2430/initialize?prefCd=45&kikanCd=3453135280&kikanKbn=3", "url2": "http://koukucare.jp/", "内容": "かわさき歯科口腔ケア医院【3:歯科】宮崎県宮崎市昭和町８２－１クアルタカーサ１階" }, "geometry": { "type": "Point", "coordinates": [ 131.436412, 31.908516 ] } },
{ "type": "Feature", "properties": { "ID": 4533453135310, "正式名称": "Ｋｉｄｓ　Ｄｅｎｔａｌ　Ｃｌｉｎｉｃ", "機関区分": 3, "都道府県コード": 45, "市区町村コード": 201, "所在地": "宮崎県宮崎市本郷南方字榎田２５３７番１", "緯度": 31.860214, "経度": 131.432739, "url": "https://www.iryou.teikyouseido.mhlw.go.jp/znk-web/juminkanja/S2430/initialize?prefCd=45&kikanCd=3453135310&kikanKbn=3", "url2": "http://kids-dc.jp", "内容": "Ｋｉｄｓ　Ｄｅｎｔａｌ　Ｃｌｉｎｉｃ【3:歯科】宮崎県宮崎市本郷南方字榎田２５３７番１" }, "geometry": { "type": "Point", "coordinates": [ 131.432739, 31.860214 ] } },
{ "type": "Feature", "properties": { "ID": 4533453135570, "正式名称": "大江歯科医院", "機関区分": 3, "都道府県コード": 45, "市区町村コード": 201, "所在地": "宮崎県宮崎市恒久５丁目１０－１", "緯度": 31.89049, "経度": 131.434285, "url": "https://www.iryou.teikyouseido.mhlw.go.jp/znk-web/juminkanja/S2430/initialize?prefCd=45&kikanCd=3453135570&kikanKbn=3", "url2": "http://www.oe-dental.com/", "内容": "大江歯科医院【3:歯科】宮崎県宮崎市恒久５丁目１０－１" }, "geometry": { "type": "Point", "coordinates": [ 131.434285, 31.89049 ] } },
{ "type": "Feature", "properties": { "ID": 4533453135600, "正式名称": "清水歯科医院", "機関区分": 3, "都道府県コード": 45, "市区町村コード": 201, "所在地": "宮崎県宮崎市錦町１－１０宮崎グリーンスフィア壱番館２階", "緯度": 31.911095, "経度": 131.423893, "url": "https://www.iryou.teikyouseido.mhlw.go.jp/znk-web/juminkanja/S2430/initialize?prefCd=45&kikanCd=3453135600&kikanKbn=3", "url2": "http://miyazaki-shimizusika.com/", "内容": "清水歯科医院【3:歯科】宮崎県宮崎市錦町１－１０宮崎グリーンスフィア壱番館２階" }, "geometry": { "type": "Point", "coordinates": [ 131.423893, 31.911095 ] } },
{ "type": "Feature", "properties": { "ID": 4533453135730, "正式名称": "宮崎ミナトデンタルオフィス", "機関区分": 3, "都道府県コード": 45, "市区町村コード": 201, "所在地": "宮崎県宮崎市昭栄町１２７センチュリーコート８番館１階", "緯度": 31.911035, "経度": 131.454482, "url": "https://www.iryou.teikyouseido.mhlw.go.jp/znk-web/juminkanja/S2430/initialize?prefCd=45&kikanCd=3453135730&kikanKbn=3", "url2": "http://www.m-minato.com", "内容": "宮崎ミナトデンタルオフィス【3:歯科】宮崎県宮崎市昭栄町１２７センチュリーコート８番館１階" }, "geometry": { "type": "Point", "coordinates": [ 131.454482, 31.911035 ] } },
{ "type": "Feature", "properties": { "ID": 4533453135860, "正式名称": "永吉ちひろ歯科", "機関区分": 3, "都道府県コード": 45, "市区町村コード": 201, "所在地": "宮崎県宮崎市大塚町正市５６２５番地", "緯度": 31.911095, "経度": 131.423893, "url": "https://www.iryou.teikyouseido.mhlw.go.jp/znk-web/juminkanja/S2430/initialize?prefCd=45&kikanCd=3453135860&kikanKbn=3", "url2": "http://www2.hp-ez.com/hp/chihirodental/page1", "内容": "永吉ちひろ歯科【3:歯科】宮崎県宮崎市大塚町正市５６２５番地" }, "geometry": { "type": "Point", "coordinates": [ 131.423893, 31.911095 ] } },
{ "type": "Feature", "properties": { "ID": 4533453136030, "正式名称": "医療法人社団樹愛会　アイル歯科クリニック", "機関区分": 3, "都道府県コード": 45, "市区町村コード": 201, "所在地": "宮崎県宮崎市橘通東３‐６‐１９　ＥＳＴⅡビルディング３０１号室", "緯度": 31.91616, "経度": 131.425076, "url": "https://www.iryou.teikyouseido.mhlw.go.jp/znk-web/juminkanja/S2430/initialize?prefCd=45&kikanCd=3453136030&kikanKbn=3", "url2": "http://www.ail-dc-miyazaki.jp/", "内容": "医療法人社団樹愛会　アイル歯科クリニック【3:歯科】宮崎県宮崎市橘通東３‐６‐１９　ＥＳＴⅡビルディング３０１号室" }, "geometry": { "type": "Point", "coordinates": [ 131.425076, 31.91616 ] } },
{ "type": "Feature", "properties": { "ID": 4533453136160, "正式名称": "おか歯科", "機関区分": 3, "都道府県コード": 45, "市区町村コード": 201, "所在地": "宮崎県宮崎市堀川町１７７番地１号", "緯度": 31.91111, "経度": 131.42389, "url": "https://www.iryou.teikyouseido.mhlw.go.jp/znk-web/juminkanja/S2430/initialize?prefCd=45&kikanCd=3453136160&kikanKbn=3", "url2": "http://www.okashika.jp", "内容": "おか歯科【3:歯科】宮崎県宮崎市堀川町１７７番地１号" }, "geometry": { "type": "Point", "coordinates": [ 131.42389, 31.91111 ] } },
{ "type": "Feature", "properties": { "ID": 4533453136290, "正式名称": "コーヘイデンタルオフィス", "機関区分": 3, "都道府県コード": 45, "市区町村コード": 201, "所在地": "宮崎県宮崎市清武町加納３丁目３３", "緯度": 31.873929, "経度": 131.400947, "url": "https://www.iryou.teikyouseido.mhlw.go.jp/znk-web/juminkanja/S2430/initialize?prefCd=45&kikanCd=3453136290&kikanKbn=3", "url2": "http://koheidental.com/", "内容": "コーヘイデンタルオフィス【3:歯科】宮崎県宮崎市清武町加納３丁目３３" }, "geometry": { "type": "Point", "coordinates": [ 131.400947, 31.873929 ] } },
{ "type": "Feature", "properties": { "ID": 4533453136320, "正式名称": "まりん歯科クリニック", "機関区分": 3, "都道府県コード": 45, "市区町村コード": 201, "所在地": "宮崎県宮崎市大橋１－９７－２", "緯度": 31.920058, "経度": 131.415271, "url": "https://www.iryou.teikyouseido.mhlw.go.jp/znk-web/juminkanja/S2430/initialize?prefCd=45&kikanCd=3453136320&kikanKbn=3", "url2": "https://marindentalclinic.com", "内容": "まりん歯科クリニック【3:歯科】宮崎県宮崎市大橋１－９７－２" }, "geometry": { "type": "Point", "coordinates": [ 131.415271, 31.920058 ] } },
{ "type": "Feature", "properties": { "ID": 4533453136450, "正式名称": "ごんげんの森歯科医院", "機関区分": 3, "都道府県コード": 45, "市区町村コード": 201, "所在地": "宮崎県宮崎市権現町１３８―２０", "緯度": 31.911095, "経度": 131.423893, "url": "https://www.iryou.teikyouseido.mhlw.go.jp/znk-web/juminkanja/S2430/initialize?prefCd=45&kikanCd=3453136450&kikanKbn=3", "url2": "http://www.gongennomori.com/", "内容": "ごんげんの森歯科医院【3:歯科】宮崎県宮崎市権現町１３８―２０" }, "geometry": { "type": "Point", "coordinates": [ 131.423893, 31.911095 ] } },
{ "type": "Feature", "properties": { "ID": 4533453136580, "正式名称": "宮崎県歯科医師会歯科診療車", "機関区分": 3, "都道府県コード": 45, "市区町村コード": 201, "所在地": "宮崎県宮崎市清水１丁目１２番２号", "緯度": 31.92061, "経度": 131.422716, "url": "https://www.iryou.teikyouseido.mhlw.go.jp/znk-web/juminkanja/S2430/initialize?prefCd=45&kikanCd=3453136580&kikanKbn=3", "url2": null, "内容": "宮崎県歯科医師会歯科診療車【3:歯科】宮崎県宮崎市清水１丁目１２番２号" }, "geometry": { "type": "Point", "coordinates": [ 131.422716, 31.92061 ] } },
{ "type": "Feature", "properties": { "ID": 4533453136610, "正式名称": "ノリ歯科クリニック", "機関区分": 3, "都道府県コード": 45, "市区町村コード": 201, "所在地": "宮崎県宮崎市清武町岡１丁目１－５", "緯度": 31.851816, "経度": 131.390412, "url": "https://www.iryou.teikyouseido.mhlw.go.jp/znk-web/juminkanja/S2430/initialize?prefCd=45&kikanCd=3453136610&kikanKbn=3", "url2": "https://www.noridc.com", "内容": "ノリ歯科クリニック【3:歯科】宮崎県宮崎市清武町岡１丁目１－５" }, "geometry": { "type": "Point", "coordinates": [ 131.390412, 31.851816 ] } },
{ "type": "Feature", "properties": { "ID": 4533453136740, "正式名称": "なんば歯科医院", "機関区分": 3, "都道府県コード": 45, "市区町村コード": 201, "所在地": "宮崎県宮崎市清武町正手２丁目７８－１", "緯度": 31.86, "経度": 131.39, "url": "https://www.iryou.teikyouseido.mhlw.go.jp/znk-web/juminkanja/S2430/initialize?prefCd=45&kikanCd=3453136740&kikanKbn=3", "url2": "http:///www.namba-sika.com", "内容": "なんば歯科医院【3:歯科】宮崎県宮崎市清武町正手２丁目７８－１" }, "geometry": { "type": "Point", "coordinates": [ 131.39, 31.86 ] } },
{ "type": "Feature", "properties": { "ID": 4533453136870, "正式名称": "みなみ歯科", "機関区分": 3, "都道府県コード": 45, "市区町村コード": 201, "所在地": "宮崎県宮崎市田野町南原１ー１２ー９", "緯度": 31.911095, "経度": 131.423893, "url": "https://www.iryou.teikyouseido.mhlw.go.jp/znk-web/juminkanja/S2430/initialize?prefCd=45&kikanCd=3453136870&kikanKbn=3", "url2": null, "内容": "みなみ歯科【3:歯科】宮崎県宮崎市田野町南原１ー１２ー９" }, "geometry": { "type": "Point", "coordinates": [ 131.423893, 31.911095 ] } },
{ "type": "Feature", "properties": { "ID": 4533453136900, "正式名称": "りゅうたろう歯科クリニック", "機関区分": 3, "都道府県コード": 45, "市区町村コード": 201, "所在地": "宮崎県宮崎市佐土原町下田島９３９４－１", "緯度": 32.030984, "経度": 131.473184, "url": "https://www.iryou.teikyouseido.mhlw.go.jp/znk-web/juminkanja/S2430/initialize?prefCd=45&kikanCd=3453136900&kikanKbn=3", "url2": "https://www.ryutarou-dc.jp", "内容": "りゅうたろう歯科クリニック【3:歯科】宮崎県宮崎市佐土原町下田島９３９４－１" }, "geometry": { "type": "Point", "coordinates": [ 131.473184, 32.030984 ] } },
{ "type": "Feature", "properties": { "ID": 4533453137040, "正式名称": "金子歯科医院", "機関区分": 3, "都道府県コード": 45, "市区町村コード": 201, "所在地": "宮崎県宮崎市阿波岐原町阪元２００９－１", "緯度": 31.929674, "経度": 131.451459, "url": "https://www.iryou.teikyouseido.mhlw.go.jp/znk-web/juminkanja/S2430/initialize?prefCd=45&kikanCd=3453137040&kikanKbn=3", "url2": "https://kanekodc.net", "内容": "金子歯科医院【3:歯科】宮崎県宮崎市阿波岐原町阪元２００９－１" }, "geometry": { "type": "Point", "coordinates": [ 131.451459, 31.929674 ] } },
{ "type": "Feature", "properties": { "ID": 4533453137170, "正式名称": "宮崎総合歯科", "機関区分": 3, "都道府県コード": 45, "市区町村コード": 201, "所在地": "宮崎県宮崎市清武町木原字尾ノ下７１番地１", "緯度": 31.854295, "経度": 131.399167, "url": "https://www.iryou.teikyouseido.mhlw.go.jp/znk-web/juminkanja/S2430/initialize?prefCd=45&kikanCd=3453137170&kikanKbn=3", "url2": "https://miyazaki-sougou-shika.com/", "内容": "宮崎総合歯科【3:歯科】宮崎県宮崎市清武町木原字尾ノ下７１番地１" }, "geometry": { "type": "Point", "coordinates": [ 131.399167, 31.854295 ] } },
{ "type": "Feature", "properties": { "ID": 4533453137330, "正式名称": "小坂歯科医院", "機関区分": 3, "都道府県コード": 45, "市区町村コード": 201, "所在地": "宮崎県宮崎市花山手東１－２５－１", "緯度": 31.900587, "経度": 131.40481, "url": "https://www.iryou.teikyouseido.mhlw.go.jp/znk-web/juminkanja/S2430/initialize?prefCd=45&kikanCd=3453137330&kikanKbn=3", "url2": "https://dc-kosaka.com/", "内容": "小坂歯科医院【3:歯科】宮崎県宮崎市花山手東１－２５－１" }, "geometry": { "type": "Point", "coordinates": [ 131.40481, 31.900587 ] } },
{ "type": "Feature", "properties": { "ID": 4533453137460, "正式名称": "田島歯科クリニック", "機関区分": 3, "都道府県コード": 45, "市区町村コード": 201, "所在地": "宮崎県宮崎市祇園１－１２１", "緯度": 31.927913, "経度": 131.411505, "url": "https://www.iryou.teikyouseido.mhlw.go.jp/znk-web/juminkanja/S2430/initialize?prefCd=45&kikanCd=3453137460&kikanKbn=3", "url2": "http://tajima-dc.net/", "内容": "田島歯科クリニック【3:歯科】宮崎県宮崎市祇園１－１２１" }, "geometry": { "type": "Point", "coordinates": [ 131.411505, 31.927913 ] } },
{ "type": "Feature", "properties": { "ID": 4533453137590, "正式名称": "のがみ歯科クリニック", "機関区分": 3, "都道府県コード": 45, "市区町村コード": 201, "所在地": "宮崎県宮崎市恒久５９８１", "緯度": 31.889902, "経度": 131.4057, "url": "https://www.iryou.teikyouseido.mhlw.go.jp/znk-web/juminkanja/S2430/initialize?prefCd=45&kikanCd=3453137590&kikanKbn=3", "url2": "http://www.nogamishika.jp", "内容": "のがみ歯科クリニック【3:歯科】宮崎県宮崎市恒久５９８１" }, "geometry": { "type": "Point", "coordinates": [ 131.4057, 31.889902 ] } },
{ "type": "Feature", "properties": { "ID": 4533453137620, "正式名称": "オアシスデンタルクリニック", "機関区分": 3, "都道府県コード": 45, "市区町村コード": 201, "所在地": "宮崎県宮崎市花山手東１丁目２０番地１", "緯度": 31.902657, "経度": 131.406037, "url": "https://www.iryou.teikyouseido.mhlw.go.jp/znk-web/juminkanja/S2430/initialize?prefCd=45&kikanCd=3453137620&kikanKbn=3", "url2": null, "内容": "オアシスデンタルクリニック【3:歯科】宮崎県宮崎市花山手東１丁目２０番地１" }, "geometry": { "type": "Point", "coordinates": [ 131.406037, 31.902657 ] } },
{ "type": "Feature", "properties": { "ID": 4533453137750, "正式名称": "コダマデンタルクリニック", "機関区分": 3, "都道府県コード": 45, "市区町村コード": 201, "所在地": "宮崎県宮崎市大島萩崎５３７－１５２", "緯度": 31.911095, "経度": 131.423893, "url": "https://www.iryou.teikyouseido.mhlw.go.jp/znk-web/juminkanja/S2430/initialize?prefCd=45&kikanCd=3453137750&kikanKbn=3", "url2": "https://kodama-dentalclinic.jp/", "内容": "コダマデンタルクリニック【3:歯科】宮崎県宮崎市大島萩崎５３７－１５２" }, "geometry": { "type": "Point", "coordinates": [ 131.423893, 31.911095 ] } },
{ "type": "Feature", "properties": { "ID": 4533453137910, "正式名称": "あおばファミリー歯科・矯正歯科", "機関区分": 3, "都道府県コード": 45, "市区町村コード": 201, "所在地": "宮崎県宮崎市太田３丁目１－３５", "緯度": 31.900732, "経度": 131.420517, "url": "https://www.iryou.teikyouseido.mhlw.go.jp/znk-web/juminkanja/S2430/initialize?prefCd=45&kikanCd=3453137910&kikanKbn=3", "url2": null, "内容": "あおばファミリー歯科・矯正歯科【3:歯科】宮崎県宮崎市太田３丁目１－３５" }, "geometry": { "type": "Point", "coordinates": [ 131.420517, 31.900732 ] } },
{ "type": "Feature", "properties": { "ID": 4533453138050, "正式名称": "タナカデンタルクリニック", "機関区分": 3, "都道府県コード": 45, "市区町村コード": 201, "所在地": "宮崎県宮崎市阿波岐原町", "緯度": 31.0, "経度": 131.0, "url": "https://www.iryou.teikyouseido.mhlw.go.jp/znk-web/juminkanja/S2430/initialize?prefCd=45&kikanCd=3453138050&kikanKbn=3", "url2": "https://jtanakadds.com", "内容": "タナカデンタルクリニック【3:歯科】宮崎県宮崎市阿波岐原町" }, "geometry": { "type": "Point", "coordinates": [ 131.0, 31.0 ] } },
{ "type": "Feature", "properties": { "ID": 4533453138210, "正式名称": "みえｅａｔデンタルクリニック", "機関区分": 3, "都道府県コード": 45, "市区町村コード": 201, "所在地": "宮崎県宮崎市阿波岐原町火切塚１４３８－４", "緯度": 31.940528, "経度": 131.45073, "url": "https://www.iryou.teikyouseido.mhlw.go.jp/znk-web/juminkanja/S2430/initialize?prefCd=45&kikanCd=3453138210&kikanKbn=3", "url2": null, "内容": "みえｅａｔデンタルクリニック【3:歯科】宮崎県宮崎市阿波岐原町火切塚１４３８－４" }, "geometry": { "type": "Point", "coordinates": [ 131.45073, 31.940528 ] } },
{ "type": "Feature", "properties": { "ID": 4533453138340, "正式名称": "ありよし歯科医院", "機関区分": 3, "都道府県コード": 45, "市区町村コード": 201, "所在地": "宮崎県宮崎市南花ケ島町２５８－７", "緯度": 31.94335, "経度": 131.431074, "url": "https://www.iryou.teikyouseido.mhlw.go.jp/znk-web/juminkanja/S2430/initialize?prefCd=45&kikanCd=3453138340&kikanKbn=3", "url2": null, "内容": "ありよし歯科医院【3:歯科】宮崎県宮崎市南花ケ島町２５８－７" }, "geometry": { "type": "Point", "coordinates": [ 131.431074, 31.94335 ] } },
{ "type": "Feature", "properties": { "ID": 4533453138470, "正式名称": "あきやま歯科医院", "機関区分": 3, "都道府県コード": 45, "市区町村コード": 201, "所在地": "宮崎県宮崎市神宮２丁目２－３７", "緯度": 31.934466, "経度": 131.421359, "url": "https://www.iryou.teikyouseido.mhlw.go.jp/znk-web/juminkanja/S2430/initialize?prefCd=45&kikanCd=3453138470&kikanKbn=3", "url2": "https://www.akiyama-dc.net", "内容": "あきやま歯科医院【3:歯科】宮崎県宮崎市神宮２丁目２－３７" }, "geometry": { "type": "Point", "coordinates": [ 131.421359, 31.934466 ] } },
{ "type": "Feature", "properties": { "ID": 4533453138500, "正式名称": "ひなた歯科・矯正歯科", "機関区分": 3, "都道府県コード": 45, "市区町村コード": 201, "所在地": "宮崎県宮崎市佐土原町松小路１４－４", "緯度": 31.911095, "経度": 131.423893, "url": "https://www.iryou.teikyouseido.mhlw.go.jp/znk-web/juminkanja/S2430/initialize?prefCd=45&kikanCd=3453138500&kikanKbn=3", "url2": "https://hinatashika.com", "内容": "ひなた歯科・矯正歯科【3:歯科】宮崎県宮崎市佐土原町松小路１４－４" }, "geometry": { "type": "Point", "coordinates": [ 131.423893, 31.911095 ] } },
{ "type": "Feature", "properties": { "ID": 4533453138630, "正式名称": "いろは歯科医院", "機関区分": 3, "都道府県コード": 45, "市区町村コード": 201, "所在地": "宮崎県宮崎市西高松町", "緯度": 31.916852, "経度": 131.412249, "url": "https://www.iryou.teikyouseido.mhlw.go.jp/znk-web/juminkanja/S2430/initialize?prefCd=45&kikanCd=3453138630&kikanKbn=3", "url2": "https://iroha-dc6480.com/", "内容": "いろは歯科医院【3:歯科】宮崎県宮崎市西高松町" }, "geometry": { "type": "Point", "coordinates": [ 131.412249, 31.916852 ] } },
{ "type": "Feature", "properties": { "ID": 4533453138760, "正式名称": "しまのうち歯科", "機関区分": 3, "都道府県コード": 45, "市区町村コード": 201, "所在地": "宮崎県宮崎市島之内永池９２１２－４１", "緯度": 31.976552, "経度": 131.454111, "url": "https://www.iryou.teikyouseido.mhlw.go.jp/znk-web/juminkanja/S2430/initialize?prefCd=45&kikanCd=3453138760&kikanKbn=3", "url2": "https://shimanouchishika.blogspot.com", "内容": "しまのうち歯科【3:歯科】宮崎県宮崎市島之内永池９２１２－４１" }, "geometry": { "type": "Point", "coordinates": [ 131.454111, 31.976552 ] } },
{ "type": "Feature", "properties": { "ID": 4533453138890, "正式名称": "今井歯科", "機関区分": 3, "都道府県コード": 45, "市区町村コード": 201, "所在地": "宮崎県宮崎市橘通東４丁目７－２８　常盤３０ビル２階", "緯度": 31.917132, "経度": 131.424896, "url": "https://www.iryou.teikyouseido.mhlw.go.jp/znk-web/juminkanja/S2430/initialize?prefCd=45&kikanCd=3453138890&kikanKbn=3", "url2": null, "内容": "今井歯科【3:歯科】宮崎県宮崎市橘通東４丁目７－２８　常盤３０ビル２階" }, "geometry": { "type": "Point", "coordinates": [ 131.424896, 31.917132 ] } },
{ "type": "Feature", "properties": { "ID": 4533453138920, "正式名称": "ひまわりデンタル", "機関区分": 3, "都道府県コード": 45, "市区町村コード": 201, "所在地": "宮崎県宮崎市本郷南方２８５０番地６川越ビル１Ｆ", "緯度": 31.860355, "経度": 131.434851, "url": "https://www.iryou.teikyouseido.mhlw.go.jp/znk-web/juminkanja/S2430/initialize?prefCd=45&kikanCd=3453138920&kikanKbn=3", "url2": null, "内容": "ひまわりデンタル【3:歯科】宮崎県宮崎市本郷南方２８５０番地６川越ビル１Ｆ" }, "geometry": { "type": "Point", "coordinates": [ 131.434851, 31.860355 ] } },
{ "type": "Feature", "properties": { "ID": 4533453139060, "正式名称": "アポロ矯正歯科", "機関区分": 3, "都道府県コード": 45, "市区町村コード": 201, "所在地": "宮崎県宮崎市広島１丁目１７番１号", "緯度": 31.915241, "経度": 131.426557, "url": "https://www.iryou.teikyouseido.mhlw.go.jp/znk-web/juminkanja/S2430/initialize?prefCd=45&kikanCd=3453139060&kikanKbn=3", "url2": "http://www.apollo-oc.com/", "内容": "アポロ矯正歯科【3:歯科】宮崎県宮崎市広島１丁目１７番１号" }, "geometry": { "type": "Point", "coordinates": [ 131.426557, 31.915241 ] } },
{ "type": "Feature", "properties": { "ID": 4533453139190, "正式名称": "てっぺいこども歯科", "機関区分": 3, "都道府県コード": 45, "市区町村コード": 201, "所在地": "宮崎県宮崎市大島町前田３１５番", "緯度": 31.942831, "経度": 131.440691, "url": "https://www.iryou.teikyouseido.mhlw.go.jp/znk-web/juminkanja/S2430/initialize?prefCd=45&kikanCd=3453139190&kikanKbn=3", "url2": "https://www.teppei-kids.com", "内容": "てっぺいこども歯科【3:歯科】宮崎県宮崎市大島町前田３１５番" }, "geometry": { "type": "Point", "coordinates": [ 131.440691, 31.942831 ] } },
{ "type": "Feature", "properties": { "ID": 4533453139220, "正式名称": "にいさか歯科", "機関区分": 3, "都道府県コード": 45, "市区町村コード": 201, "所在地": "宮崎県宮崎市田野町乙９３４４－１", "緯度": 31.839932, "経度": 131.299657, "url": "https://www.iryou.teikyouseido.mhlw.go.jp/znk-web/juminkanja/S2430/initialize?prefCd=45&kikanCd=3453139220&kikanKbn=3", "url2": null, "内容": "にいさか歯科【3:歯科】宮崎県宮崎市田野町乙９３４４－１" }, "geometry": { "type": "Point", "coordinates": [ 131.299657, 31.839932 ] } },
{ "type": "Feature", "properties": { "ID": 4533453139350, "正式名称": "一般社団法人宮崎市郡歯科医師会　宮崎歯科福祉センター", "機関区分": 3, "都道府県コード": 45, "市区町村コード": 201, "所在地": "宮崎県宮崎市大字有田１３７６番地", "緯度": 31.926588, "経度": 131.456341, "url": "https://www.iryou.teikyouseido.mhlw.go.jp/znk-web/juminkanja/S2430/initialize?prefCd=45&kikanCd=3453139350&kikanKbn=3", "url2": "https://www.m-sikaisikai.or.jp/d_welfare/", "内容": "一般社団法人宮崎市郡歯科医師会　宮崎歯科福祉センター【3:歯科】宮崎県宮崎市大字有田１３７６番地" }, "geometry": { "type": "Point", "coordinates": [ 131.456341, 31.926588 ] } },
{ "type": "Feature", "properties": { "ID": 4533453139480, "正式名称": "高千穂通歯科・口腔外科診療所", "機関区分": 3, "都道府県コード": 45, "市区町村コード": 201, "所在地": "宮崎県宮崎市広島１丁目１８ー４　臼杵ビル２Ｆ", "緯度": 31.915964, "経度": 131.426624, "url": "https://www.iryou.teikyouseido.mhlw.go.jp/znk-web/juminkanja/S2430/initialize?prefCd=45&kikanCd=3453139480&kikanKbn=3", "url2": "https://www.takachihodori-dc.com/", "内容": "高千穂通歯科・口腔外科診療所【3:歯科】宮崎県宮崎市広島１丁目１８ー４　臼杵ビル２Ｆ" }, "geometry": { "type": "Point", "coordinates": [ 131.426624, 31.915964 ] } },
{ "type": "Feature", "properties": { "ID": 4533453139510, "正式名称": "蓮ヶ池歯科口腔外科・周術期口腔ケア", "機関区分": 3, "都道府県コード": 45, "市区町村コード": 201, "所在地": "宮崎県宮崎市芳士１２２２番地１", "緯度": 31.964797, "経度": 131.448758, "url": "https://www.iryou.teikyouseido.mhlw.go.jp/znk-web/juminkanja/S2430/initialize?prefCd=45&kikanCd=3453139510&kikanKbn=3", "url2": null, "内容": "蓮ヶ池歯科口腔外科・周術期口腔ケア【3:歯科】宮崎県宮崎市芳士１２２２番地１" }, "geometry": { "type": "Point", "coordinates": [ 131.448758, 31.964797 ] } },
{ "type": "Feature", "properties": { "ID": 4533453139640, "正式名称": "有村歯科・口腔外科", "機関区分": 3, "都道府県コード": 45, "市区町村コード": 201, "所在地": "宮崎県宮崎市清武町加納乙３４１番地５の１", "緯度": 31.87966, "経度": 131.405384, "url": "https://www.iryou.teikyouseido.mhlw.go.jp/znk-web/juminkanja/S2430/initialize?prefCd=45&kikanCd=3453139640&kikanKbn=3", "url2": null, "内容": "有村歯科・口腔外科【3:歯科】宮崎県宮崎市清武町加納乙３４１番地５の１" }, "geometry": { "type": "Point", "coordinates": [ 131.405384, 31.87966 ] } },
{ "type": "Feature", "properties": { "ID": 4533453139770, "正式名称": "松本歯科医院", "機関区分": 3, "都道府県コード": 45, "市区町村コード": 201, "所在地": "宮崎県宮崎市原町１２－６", "緯度": 31.924914, "経度": 131.421289, "url": "https://www.iryou.teikyouseido.mhlw.go.jp/znk-web/juminkanja/S2430/initialize?prefCd=45&kikanCd=3453139770&kikanKbn=3", "url2": null, "内容": "松本歯科医院【3:歯科】宮崎県宮崎市原町１２－６" }, "geometry": { "type": "Point", "coordinates": [ 131.421289, 31.924914 ] } },
{ "type": "Feature", "properties": { "ID": 4533453139800, "正式名称": "潤和会くすの木歯科", "機関区分": 3, "都道府県コード": 45, "市区町村コード": 201, "所在地": "宮崎県宮崎市小松１１３３番地１ー１階", "緯度": 31.934933, "経度": 131.401956, "url": "https://www.iryou.teikyouseido.mhlw.go.jp/znk-web/juminkanja/S2430/initialize?prefCd=45&kikanCd=3453139800&kikanKbn=3", "url2": null, "内容": "潤和会くすの木歯科【3:歯科】宮崎県宮崎市小松１１３３番地１ー１階" }, "geometry": { "type": "Point", "coordinates": [ 131.401956, 31.934933 ] } },
{ "type": "Feature", "properties": { "ID": 4533453140040, "正式名称": "松本歯科医院", "機関区分": 3, "都道府県コード": 45, "市区町村コード": 201, "所在地": "宮崎県宮崎市原町１２ー６", "緯度": 31.924915, "経度": 131.421333, "url": "https://www.iryou.teikyouseido.mhlw.go.jp/znk-web/juminkanja/S2430/initialize?prefCd=45&kikanCd=3453140040&kikanKbn=3", "url2": "http://www.matsu777.com/", "内容": "松本歯科医院【3:歯科】宮崎県宮崎市原町１２ー６" }, "geometry": { "type": "Point", "coordinates": [ 131.421333, 31.924915 ] } },
{ "type": "Feature", "properties": { "ID": 4533453140170, "正式名称": "清武おとなこども歯科", "機関区分": 3, "都道府県コード": 45, "市区町村コード": 201, "所在地": "宮崎県宮崎市清武町木原", "緯度": 31.855621, "経度": 131.393904, "url": "https://www.iryou.teikyouseido.mhlw.go.jp/znk-web/juminkanja/S2430/initialize?prefCd=45&kikanCd=3453140170&kikanKbn=3", "url2": "https://kiyotake-dc.com/", "内容": "清武おとなこども歯科【3:歯科】宮崎県宮崎市清武町木原" }, "geometry": { "type": "Point", "coordinates": [ 131.393904, 31.855621 ] } },
{ "type": "Feature", "properties": { "ID": 4533453140200, "正式名称": "いなよし歯科クリニック", "機関区分": 3, "都道府県コード": 45, "市区町村コード": 201, "所在地": "宮崎県宮崎市大字島之内７１９４番地２", "緯度": 31.989392, "経度": 131.455054, "url": "https://www.iryou.teikyouseido.mhlw.go.jp/znk-web/juminkanja/S2430/initialize?prefCd=45&kikanCd=3453140200&kikanKbn=3", "url2": "https://inayoshi-dc.com", "内容": "いなよし歯科クリニック【3:歯科】宮崎県宮崎市大字島之内７１９４番地２" }, "geometry": { "type": "Point", "coordinates": [ 131.455054, 31.989392 ] } },
{ "type": "Feature", "properties": { "ID": 4533453140330, "正式名称": "宮崎マウスピース矯正歯科", "機関区分": 3, "都道府県コード": 45, "市区町村コード": 201, "所在地": "宮崎県宮崎市柳丸町１５３番地１パティオ柳丸１階ｃ１－４号室", "緯度": 31.925472, "経度": 131.436919, "url": "https://www.iryou.teikyouseido.mhlw.go.jp/znk-web/juminkanja/S2430/initialize?prefCd=45&kikanCd=3453140330&kikanKbn=3", "url2": "https://miyazaki-mouthpiece.com", "内容": "宮崎マウスピース矯正歯科【3:歯科】宮崎県宮崎市柳丸町１５３番地１パティオ柳丸１階ｃ１－４号室" }, "geometry": { "type": "Point", "coordinates": [ 131.436919, 31.925472 ] } },
{ "type": "Feature", "properties": { "ID": 4533453140460, "正式名称": "黒木歯科医院", "機関区分": 3, "都道府県コード": 45, "市区町村コード": 201, "所在地": "宮崎県宮崎市佐土原町上田島１９３１－１", "緯度": 32.049605, "経度": 131.434459, "url": "https://www.iryou.teikyouseido.mhlw.go.jp/znk-web/juminkanja/S2430/initialize?prefCd=45&kikanCd=3453140460&kikanKbn=3", "url2": "https://kurogidental1227.wixsite.com/website", "内容": "黒木歯科医院【3:歯科】宮崎県宮崎市佐土原町上田島１９３１－１" }, "geometry": { "type": "Point", "coordinates": [ 131.434459, 32.049605 ] } },
{ "type": "Feature", "properties": { "ID": 4533453140590, "正式名称": "宮崎クリア矯正歯科", "機関区分": 3, "都道府県コード": 45, "市区町村コード": 201, "所在地": "宮崎県宮崎市広島２丁目１２－１８　ＲＥ宮崎駅前２Ｆ", "緯度": 31.915491, "経度": 131.43032, "url": "https://www.iryou.teikyouseido.mhlw.go.jp/znk-web/juminkanja/S2430/initialize?prefCd=45&kikanCd=3453140590&kikanKbn=3", "url2": "https://miyazaki-clear.com/", "内容": "宮崎クリア矯正歯科【3:歯科】宮崎県宮崎市広島２丁目１２－１８　ＲＥ宮崎駅前２Ｆ" }, "geometry": { "type": "Point", "coordinates": [ 131.43032, 31.915491 ] } },
{ "type": "Feature", "properties": { "ID": 4533453140750, "正式名称": "おにむら歯科", "機関区分": 3, "都道府県コード": 45, "市区町村コード": 201, "所在地": "宮崎県宮崎市中西町１２５－３", "緯度": 31.903672, "経度": 131.441719, "url": "https://www.iryou.teikyouseido.mhlw.go.jp/znk-web/juminkanja/S2430/initialize?prefCd=45&kikanCd=3453140750&kikanKbn=3", "url2": "https://www.onimuradc.com", "内容": "おにむら歯科【3:歯科】宮崎県宮崎市中西町１２５－３" }, "geometry": { "type": "Point", "coordinates": [ 131.441719, 31.903672 ] } },
{ "type": "Feature", "properties": { "ID": 4533453141180, "正式名称": "宮崎南ヒルサイド歯科クリニック", "機関区分": 3, "都道府県コード": 45, "市区町村コード": 201, "所在地": "宮崎県宮崎市月見ケ丘２ー４２ー３宮崎南ヒルサイド歯科クリニック", "緯度": 31.877971, "経度": 131.423622, "url": "https://www.iryou.teikyouseido.mhlw.go.jp/znk-web/juminkanja/S2430/initialize?prefCd=45&kikanCd=3453141180&kikanKbn=3", "url2": "https://mm-hillside-dental.jp/", "内容": "宮崎南ヒルサイド歯科クリニック【3:歯科】宮崎県宮崎市月見ケ丘２ー４２ー３宮崎南ヒルサイド歯科クリニック" }, "geometry": { "type": "Point", "coordinates": [ 131.423622, 31.877971 ] } },
{ "type": "Feature", "properties": { "ID": 4533453141470, "正式名称": "ルアナデンタルクリニック", "機関区分": 3, "都道府県コード": 45, "市区町村コード": 201, "所在地": "宮崎県宮崎市橘通東２丁目４番８号ポレスター橘通り１０１号室", "緯度": 31.912191, "経度": 131.422829, "url": "https://www.iryou.teikyouseido.mhlw.go.jp/znk-web/juminkanja/S2430/initialize?prefCd=45&kikanCd=3453141470&kikanKbn=3", "url2": "luanadental.jp", "内容": "ルアナデンタルクリニック【3:歯科】宮崎県宮崎市橘通東２丁目４番８号ポレスター橘通り１０１号室" }, "geometry": { "type": "Point", "coordinates": [ 131.422829, 31.912191 ] } },
{ "type": "Feature", "properties": { "ID": 4533453141630, "正式名称": "柳丸パール歯科", "機関区分": 3, "都道府県コード": 45, "市区町村コード": 201, "所在地": "宮崎県宮崎市柳丸町１６２ー３", "緯度": 31.925282, "経度": 131.437007, "url": "https://www.iryou.teikyouseido.mhlw.go.jp/znk-web/juminkanja/S2430/initialize?prefCd=45&kikanCd=3453141630&kikanKbn=3", "url2": null, "内容": "柳丸パール歯科【3:歯科】宮崎県宮崎市柳丸町１６２ー３" }, "geometry": { "type": "Point", "coordinates": [ 131.437007, 31.925282 ] } },
{ "type": "Feature", "properties": { "ID": 4533453141920, "正式名称": "陶山矯正歯科医院", "機関区分": 3, "都道府県コード": 45, "市区町村コード": 201, "所在地": "宮崎県宮崎市橘通西５－２－２新田ビル２階", "緯度": 31.920323, "経度": 131.423222, "url": "https://www.iryou.teikyouseido.mhlw.go.jp/znk-web/juminkanja/S2430/initialize?prefCd=45&kikanCd=3453141920&kikanKbn=3", "url2": "http://www.ortho-suyama.jp/", "内容": "陶山矯正歯科医院【3:歯科】宮崎県宮崎市橘通西５－２－２新田ビル２階" }, "geometry": { "type": "Point", "coordinates": [ 131.423222, 31.920323 ] } }
]
}
