{
"type": "FeatureCollection",
"name": "geo_45_居宅介護支援",
"crs": { "type": "name", "properties": { "name": "urn:ogc:def:crs:OGC:1.3:CRS84" } },
"features": [
{ "type": "Feature", "properties": { "内容": "社会福祉法人デイサービスセンターあおばの里　居宅介護支援事業所【居宅介護支援】宮崎県宮崎市田野町乙9178-11", "url": "https://www.kaigokensaku.mhlw.go.jp/45/index.php?action_kouhyou_detail_004_kani=true&JigyosyoCd=4571500208-00&ServiceCd=430&Type=search", "url2": null }, "geometry": { "type": "Point", "coordinates": [ 131.3005048, 31.8434954 ] } },
{ "type": "Feature", "properties": { "内容": "大宮在宅介護支援センター【居宅介護支援】宮崎県宮崎市池内町池ノ内1160-6", "url": "https://www.kaigokensaku.mhlw.go.jp/45/index.php?action_kouhyou_detail_004_kani=true&JigyosyoCd=4570100505-00&ServiceCd=430&Type=search", "url2": null }, "geometry": { "type": "Point", "coordinates": [ 131.414326328964762, 31.962511881679657 ] } },
{ "type": "Feature", "properties": { "内容": "居宅介護支援事業所　サン・ヴィレッヂ【居宅介護支援】宮崎県宮崎市大塚町水流5124-1風のガーデン内", "url": "https://www.kaigokensaku.mhlw.go.jp/45/index.php?action_kouhyou_detail_004_kani=true&JigyosyoCd=4570104812-00&ServiceCd=430&Type=search", "url2": null }, "geometry": { "type": "Point", "coordinates": [ 131.40129179166604, 31.913076637635317 ] } },
{ "type": "Feature", "properties": { "内容": "ケアプランセンター家路【居宅介護支援】大字恒久1323番地1ヴェルドミールB棟101号", "url": "https://www.kaigokensaku.mhlw.go.jp/45/index.php?action_kouhyou_detail_004_kani=true&JigyosyoCd=4570107344-00&ServiceCd=430&Type=search", "url2": null }, "geometry": { "type": "Point", "coordinates": [ 131.417891992768944, 31.885937370040963 ] } },
{ "type": "Feature", "properties": { "内容": "居宅介護支援事業所サン・ヴィレッヂ【居宅介護支援】宮崎県宮崎市大塚町水流5124-1風のガーデン内", "url": "https://www.kaigokensaku.mhlw.go.jp/45/index.php?action_kouhyou_detail_004_kani=true&JigyosyoCd=4570109993-00&ServiceCd=430&Type=search", "url2": null }, "geometry": { "type": "Point", "coordinates": [ 131.401288435950931, 31.913068796404598 ] } },
{ "type": "Feature", "properties": { "内容": "ラスベガス　ケアプランセンター　宮崎大塚【居宅介護支援】宮崎県宮崎市大塚町天神後2663番地1", "url": "https://www.kaigokensaku.mhlw.go.jp/45/index.php?action_kouhyou_detail_004_kani=true&JigyosyoCd=4570109936-00&ServiceCd=430&Type=search", "url2": null }, "geometry": { "type": "Point", "coordinates": [ 131.3917979, 31.9151928 ] } },
{ "type": "Feature", "properties": { "内容": "在宅介護支援　すこやか【居宅介護支援】宮崎県宮崎市谷川2丁目3-3第1岡上ビル202号室", "url": "https://www.kaigokensaku.mhlw.go.jp/45/index.php?action_kouhyou_detail_004_kani=true&JigyosyoCd=4570104770-00&ServiceCd=430&Type=search", "url2": "ange@oboe.ocn.ne.jp" }, "geometry": { "type": "Point", "coordinates": [ 131.414210863967583, 31.903820416087203 ] } },
{ "type": "Feature", "properties": { "内容": "ケアプランセンターおおきに【居宅介護支援】吉村町引土甲６２４番地ルミエール吉村B棟１０１号", "url": "https://www.kaigokensaku.mhlw.go.jp/45/index.php?action_kouhyou_detail_004_kani=true&JigyosyoCd=4570106718-00&ServiceCd=430&Type=search", "url2": null }, "geometry": { "type": "Point", "coordinates": [ 131.440009876352747, 31.922834580984755 ] } },
{ "type": "Feature", "properties": { "内容": "指定居宅介護支援事業所神宮の杜【居宅介護支援】宮崎市矢の先町78番地1", "url": "https://www.kaigokensaku.mhlw.go.jp/45/index.php?action_kouhyou_detail_004_kani=true&JigyosyoCd=4570109027-00&ServiceCd=430&Type=search", "url2": null }, "geometry": { "type": "Point", "coordinates": [ 131.419365199999987, 31.9405587 ] } },
{ "type": "Feature", "properties": { "内容": "居宅介護支援事業所もっときっと【居宅介護支援】大字恒久字上代1544-1株式会社ビブレアール宮崎", "url": "https://www.kaigokensaku.mhlw.go.jp/45/index.php?action_kouhyou_detail_004_kani=true&JigyosyoCd=4570109100-00&ServiceCd=430&Type=search", "url2": "http://www.mottokitto.co.jp" }, "geometry": { "type": "Point", "coordinates": [ 131.408708600000011, 31.8912351 ] } },
{ "type": "Feature", "properties": { "内容": "居宅介護支援事業所ケアクリエイト【居宅介護支援】恒久南４丁目１７２－３８", "url": "https://www.kaigokensaku.mhlw.go.jp/45/index.php?action_kouhyou_detail_004_kani=true&JigyosyoCd=4570109456-00&ServiceCd=430&Type=search", "url2": null }, "geometry": { "type": "Point", "coordinates": [ 131.424982199999988, 31.8906814 ] } },
{ "type": "Feature", "properties": { "内容": "合同会社　夢路　ケアプラン干野【居宅介護支援】宮崎県宮崎市中村西1丁目4番12号大淀ビル202", "url": "https://www.kaigokensaku.mhlw.go.jp/45/index.php?action_kouhyou_detail_004_kani=true&JigyosyoCd=4570108607-00&ServiceCd=430&Type=search", "url2": null }, "geometry": { "type": "Point", "coordinates": [ 138.252924, 36.204824 ] } },
{ "type": "Feature", "properties": { "内容": "三愛園在宅介護支援センター【居宅介護支援】宮崎県宮崎市新別府町前浜1401―271", "url": "https://www.kaigokensaku.mhlw.go.jp/45/index.php?action_kouhyou_detail_004_kani=true&JigyosyoCd=4570100851-00&ServiceCd=430&Type=search", "url2": "http://www.shin-wa-kai.jp/" }, "geometry": { "type": "Point", "coordinates": [ 131.458190699999932, 31.9134542 ] } },
{ "type": "Feature", "properties": { "内容": "居宅介護支援事業所　ほたる【居宅介護支援】宮崎県宮崎市清武町岡１丁目28番地9リバティハイムオータ502号室", "url": "https://www.kaigokensaku.mhlw.go.jp/45/index.php?action_kouhyou_detail_004_kani=true&JigyosyoCd=4570105421-00&ServiceCd=430&Type=search", "url2": null }, "geometry": { "type": "Point", "coordinates": [ 131.42952820000005, 31.8709855 ] } },
{ "type": "Feature", "properties": { "内容": "居宅介護支援事業所ルミナス江田原【居宅介護支援】吉村町江田原甲177番地1住宅型有料老人ホームルミナス江田原", "url": "https://www.kaigokensaku.mhlw.go.jp/45/index.php?action_kouhyou_detail_004_kani=true&JigyosyoCd=4570109084-00&ServiceCd=430&Type=search", "url2": null }, "geometry": { "type": "Point", "coordinates": [ 131.441461179098525, 31.932192706002112 ] } },
{ "type": "Feature", "properties": { "内容": "ふれあい福祉サービス【居宅介護支援】宮崎県宮崎市高岡町高浜827番地", "url": "https://www.kaigokensaku.mhlw.go.jp/45/index.php?action_kouhyou_detail_004_kani=true&JigyosyoCd=4571900291-00&ServiceCd=430&Type=search", "url2": "http://fureai-fukushi.co.jp/" }, "geometry": { "type": "Point", "coordinates": [ 131.300994599999967, 31.952276299999983 ] } },
{ "type": "Feature", "properties": { "内容": "島之内居宅介護支援事業所【居宅介護支援】宮崎市大字島之内2345番地3", "url": "https://www.kaigokensaku.mhlw.go.jp/45/index.php?action_kouhyou_detail_004_kani=true&JigyosyoCd=4570104747-00&ServiceCd=430&Type=search", "url2": "http://www.dojunkai.com" }, "geometry": { "type": "Point", "coordinates": [ 131.4543969, 31.9913857 ] } },
{ "type": "Feature", "properties": { "内容": "しあわせサポート株式会社【居宅介護支援】本郷北方2960－4", "url": "https://www.kaigokensaku.mhlw.go.jp/45/index.php?action_kouhyou_detail_004_kani=true&JigyosyoCd=4570104887-00&ServiceCd=430&Type=search", "url2": null }, "geometry": { "type": "Point", "coordinates": [ 131.417797093826238, 31.872590140016733 ] } },
{ "type": "Feature", "properties": { "内容": "ひまわり指定居宅介護支援事業所【居宅介護支援】佐土原町西上那珂63番地", "url": "https://www.kaigokensaku.mhlw.go.jp/45/index.php?action_kouhyou_detail_004_kani=true&JigyosyoCd=4570104440-00&ServiceCd=430&Type=search", "url2": null }, "geometry": { "type": "Point", "coordinates": [ 131.396479099999965, 32.0352078 ] } },
{ "type": "Feature", "properties": { "内容": "ケアプランセンターとことこ【居宅介護支援】吉村町中原甲2722-5コーポかわの　202号室", "url": "https://www.kaigokensaku.mhlw.go.jp/45/index.php?action_kouhyou_detail_004_kani=true&JigyosyoCd=4570110207-00&ServiceCd=430&Type=search", "url2": null }, "geometry": { "type": "Point", "coordinates": [ 131.445373700000033, 31.911416599999985 ] } },
{ "type": "Feature", "properties": { "内容": "社会福祉法人凌雲堂宮崎在宅介護支援センター【居宅介護支援】宮崎県宮崎市大字跡江2366番地", "url": "https://www.kaigokensaku.mhlw.go.jp/45/index.php?action_kouhyou_detail_004_kani=true&JigyosyoCd=4570100083-00&ServiceCd=430&Type=search", "url2": "http://www.ryoundo.or.jp/" }, "geometry": { "type": "Point", "coordinates": [ 131.390806699999985, 31.9379969 ] } },
{ "type": "Feature", "properties": { "内容": "社会福祉法人慶明会宮崎慶明会在宅介護支援センター【居宅介護支援】宮崎県宮崎市下北方町常盤元997番地1", "url": "https://www.kaigokensaku.mhlw.go.jp/45/index.php?action_kouhyou_detail_004_kani=true&JigyosyoCd=4570102360-00&ServiceCd=430&Type=search", "url2": "http://www.keimeisw.or.jp" }, "geometry": { "type": "Point", "coordinates": [ 131.42602521858521, 31.942052459713015 ] } },
{ "type": "Feature", "properties": { "内容": "宮崎西在宅介護支援センター【居宅介護支援】宮崎県宮崎市生目台東4丁目5-3", "url": "https://www.kaigokensaku.mhlw.go.jp/45/index.php?action_kouhyou_detail_004_kani=true&JigyosyoCd=4570100240-00&ServiceCd=430&Type=search", "url2": "http://miyazaki-chojukai.com/" }, "geometry": { "type": "Point", "coordinates": [ 131.378995142991698, 31.904721656097966 ] } },
{ "type": "Feature", "properties": { "内容": "合同会社ラパン【居宅介護支援】花ヶ島町観音免952番地６", "url": "https://www.kaigokensaku.mhlw.go.jp/45/index.php?action_kouhyou_detail_004_kani=true&JigyosyoCd=4570108581-00&ServiceCd=430&Type=search", "url2": null }, "geometry": { "type": "Point", "coordinates": [ 131.43373310000004, 31.9575991 ] } },
{ "type": "Feature", "properties": { "内容": "医療法人社団尚成会　近間病院居宅介護支援事業所【居宅介護支援】宮崎県宮崎市山崎町965番地6", "url": "https://www.kaigokensaku.mhlw.go.jp/45/index.php?action_kouhyou_detail_004_kani=true&JigyosyoCd=4570110538-00&ServiceCd=430&Type=search", "url2": "http://www.chikama-hp.jp" }, "geometry": { "type": "Point", "coordinates": [ 131.4687721, 31.9521527 ] } },
{ "type": "Feature", "properties": { "内容": "ケアプランセンター純【居宅介護支援】宮崎県宮崎市加納2丁目55-1フェニックスハイムパートⅢ101", "url": "https://www.kaigokensaku.mhlw.go.jp/45/index.php?action_kouhyou_detail_004_kani=true&JigyosyoCd=4570110546-00&ServiceCd=430&Type=search", "url2": null }, "geometry": { "type": "Point", "coordinates": [ 131.3976155, 31.8720556 ] } },
{ "type": "Feature", "properties": { "内容": "ケアオフィス宮崎【居宅介護支援】宮崎県宮崎市大字細江4036-56番地", "url": "https://www.kaigokensaku.mhlw.go.jp/45/index.php?action_kouhyou_detail_004_kani=true&JigyosyoCd=4570110595-00&ServiceCd=430&Type=search", "url2": null }, "geometry": { "type": "Point", "coordinates": [ 131.3479814, 31.8991577 ] } },
{ "type": "Feature", "properties": { "内容": "ROOTSplanningセンター【居宅介護支援】花山手東1丁目6番地９", "url": "https://www.kaigokensaku.mhlw.go.jp/45/index.php?action_kouhyou_detail_004_kani=true&JigyosyoCd=4570110520-00&ServiceCd=430&Type=search", "url2": null }, "geometry": { "type": "Point", "coordinates": [ 131.405984400000023, 31.90496169999998 ] } },
{ "type": "Feature", "properties": { "内容": "ロジコ居宅介護支援事業所【居宅介護支援】宮崎県宮崎市大字金崎2234番地", "url": "https://www.kaigokensaku.mhlw.go.jp/45/index.php?action_kouhyou_detail_004_kani=true&JigyosyoCd=4570110652-00&ServiceCd=430&Type=search", "url2": null }, "geometry": { "type": "Point", "coordinates": [ 131.365948, 31.9686787 ] } },
{ "type": "Feature", "properties": { "内容": "ケアプラン・office　Sure【居宅介護支援】宮崎県宮崎市下原町250ー12サンケイマンション9　　207号室", "url": "https://www.kaigokensaku.mhlw.go.jp/45/index.php?action_kouhyou_detail_004_kani=true&JigyosyoCd=4570110660-00&ServiceCd=430&Type=search", "url2": null }, "geometry": { "type": "Point", "coordinates": [ 131.4319658, 31.9210368 ] } },
{ "type": "Feature", "properties": { "内容": "居宅介護支援事業所りあん【居宅介護支援】宮崎県宮崎市大字糸原2519番地", "url": "https://www.kaigokensaku.mhlw.go.jp/45/index.php?action_kouhyou_detail_004_kani=true&JigyosyoCd=4570110637-00&ServiceCd=430&Type=search", "url2": null }, "geometry": { "type": "Point", "coordinates": [ 131.3627501, 31.9547628 ] } },
{ "type": "Feature", "properties": { "内容": "居宅介護支援事業所じゅじゅ【居宅介護支援】宮崎県宮崎市波島１丁目１－４", "url": "https://www.kaigokensaku.mhlw.go.jp/45/index.php?action_kouhyou_detail_004_kani=true&JigyosyoCd=4570110439-00&ServiceCd=430&Type=search", "url2": null }, "geometry": { "type": "Point", "coordinates": [ 131.444163347221377, 31.937278613927173 ] } },
{ "type": "Feature", "properties": { "内容": "さやかオフィス株式会社【居宅介護支援】宮崎県宮崎市恒久南3丁目8-17", "url": "https://www.kaigokensaku.mhlw.go.jp/45/index.php?action_kouhyou_detail_004_kani=true&JigyosyoCd=4571500695-00&ServiceCd=430&Type=search", "url2": "https://www.e-support0808.com/sayaka" }, "geometry": { "type": "Point", "coordinates": [ 131.42867236641581, 31.890826542639434 ] } },
{ "type": "Feature", "properties": { "内容": "ケアプランセンターめばえ【居宅介護支援】宮崎市橘通東１丁目４−１１アーバンキット　５０２号", "url": "https://www.kaigokensaku.mhlw.go.jp/45/index.php?action_kouhyou_detail_004_kani=true&JigyosyoCd=4570106957-00&ServiceCd=430&Type=search", "url2": null }, "geometry": { "type": "Point", "coordinates": [ 131.422742593234005, 31.908165354887203 ] } },
{ "type": "Feature", "properties": { "内容": "合同会社　ケアプラン亀元【居宅介護支援】宮崎県宮崎市生目台西一丁目3番地11", "url": "https://www.kaigokensaku.mhlw.go.jp/45/index.php?action_kouhyou_detail_004_kani=true&JigyosyoCd=4570108060-00&ServiceCd=430&Type=search", "url2": null }, "geometry": { "type": "Point", "coordinates": [ 131.375239100000044, 31.9093824 ] } },
{ "type": "Feature", "properties": { "内容": "ケアプランセンターきぼう【居宅介護支援】宮崎県宮崎市西池町８番7号吉田ビル106号", "url": "https://www.kaigokensaku.mhlw.go.jp/45/index.php?action_kouhyou_detail_004_kani=true&JigyosyoCd=4570110553-00&ServiceCd=430&Type=search", "url2": null }, "geometry": { "type": "Point", "coordinates": [ 131.4180782, 31.9213853 ] } },
{ "type": "Feature", "properties": { "内容": "ケアサポート　オリーブ【居宅介護支援】宮崎県宮崎市福島町3丁目22-4fortuna501", "url": "https://www.kaigokensaku.mhlw.go.jp/45/index.php?action_kouhyou_detail_004_kani=true&JigyosyoCd=4570110694-00&ServiceCd=430&Type=search", "url2": null }, "geometry": { "type": "Point", "coordinates": [ 131.406746389549227, 31.908073553775576 ] } },
{ "type": "Feature", "properties": { "内容": "ケアプランセンターチョコ【居宅介護支援】清武町加納乙78-3ルグラン加納801号", "url": "https://www.kaigokensaku.mhlw.go.jp/45/index.php?action_kouhyou_detail_004_kani=true&JigyosyoCd=4570110645-00&ServiceCd=430&Type=search", "url2": "https://sites.google.com/view/miyazakihomonkaigochoko/" }, "geometry": { "type": "Point", "coordinates": [ 131.408879192141569, 31.878427570177188 ] } },
{ "type": "Feature", "properties": { "内容": "居宅介護支援事業所アース【居宅介護支援】東大宮２丁目6-5コーポ村口１F", "url": "https://www.kaigokensaku.mhlw.go.jp/45/index.php?action_kouhyou_detail_004_kani=true&JigyosyoCd=4570109530-00&ServiceCd=430&Type=search", "url2": null }, "geometry": { "type": "Point", "coordinates": [ 139.637272700000011, 35.9437038 ] } },
{ "type": "Feature", "properties": { "内容": "アシストプランセンター【居宅介護支援】宮崎市柳丸町108番地1", "url": "https://www.kaigokensaku.mhlw.go.jp/45/index.php?action_kouhyou_detail_004_kani=true&JigyosyoCd=4570108573-00&ServiceCd=430&Type=search", "url2": null }, "geometry": { "type": "Point", "coordinates": [ 131.433383573541249, 31.926670209439767 ] } },
{ "type": "Feature", "properties": { "内容": "ケアプランセンターいずみ【居宅介護支援】宮崎県宮崎市恒久四丁目５番地４川島コーポ１Ｆ", "url": "https://www.kaigokensaku.mhlw.go.jp/45/index.php?action_kouhyou_detail_004_kani=true&JigyosyoCd=4570108896-00&ServiceCd=430&Type=search", "url2": "https://carejapan-miyazaki.com" }, "geometry": { "type": "Point", "coordinates": [ 131.431141749991298, 31.892088723035769 ] } },
{ "type": "Feature", "properties": { "内容": "芳明会　指定居宅介護支援事業所すずらん【居宅介護支援】宮崎県宮崎市大坪町西六月２１９７－１", "url": "https://www.kaigokensaku.mhlw.go.jp/45/index.php?action_kouhyou_detail_004_kani=true&JigyosyoCd=4570107096-00&ServiceCd=430&Type=search", "url2": "http://houmei.or.jp/" }, "geometry": { "type": "Point", "coordinates": [ 131.4070428, 31.8957101 ] } },
{ "type": "Feature", "properties": { "内容": "居宅介護支援事業所ことぶき苑【居宅介護支援】宮崎県宮崎市大字本郷北方４０４３－１", "url": "https://www.kaigokensaku.mhlw.go.jp/45/index.php?action_kouhyou_detail_004_kani=true&JigyosyoCd=4570100877-00&ServiceCd=430&Type=search", "url2": "http://www.anami-kotobukien.jp/" }, "geometry": { "type": "Point", "coordinates": [ 131.425953899999968, 31.8650247 ] } },
{ "type": "Feature", "properties": { "内容": "医療法人社団晴緑会みやざき総合介護サービス【居宅介護支援】宮崎県宮崎市高松町２番１６号", "url": "https://www.kaigokensaku.mhlw.go.jp/45/index.php?action_kouhyou_detail_004_kani=true&JigyosyoCd=4570100018-00&ServiceCd=430&Type=search", "url2": "http://www.jojinkai.com/miyazaki/" }, "geometry": { "type": "Point", "coordinates": [ 131.418918800000029, 31.9137006 ] } },
{ "type": "Feature", "properties": { "内容": "のざきクリニック居宅介護支援事業所【居宅介護支援】宮崎県宮崎市宮崎駅東３丁目9-133階", "url": "https://www.kaigokensaku.mhlw.go.jp/45/index.php?action_kouhyou_detail_004_kani=true&JigyosyoCd=4570109274-00&ServiceCd=430&Type=search", "url2": "https://nc-aobakai.or.jp" }, "geometry": { "type": "Point", "coordinates": [ 131.432667, 31.919372 ] } },
{ "type": "Feature", "properties": { "内容": "一般財団法人弘潤会野崎病院【居宅介護支援】宮崎県宮崎市大字恒久５５６７番地", "url": "https://www.kaigokensaku.mhlw.go.jp/45/index.php?action_kouhyou_detail_004_kani=true&JigyosyoCd=4570100299-00&ServiceCd=430&Type=search", "url2": "http://www.koujunkai.jp" }, "geometry": { "type": "Point", "coordinates": [ 131.428946399999973, 31.894839 ] } },
{ "type": "Feature", "properties": { "内容": "シルバーケア野崎居宅介護支援事業所【居宅介護支援】宮崎県宮崎市村角町北田134番地6", "url": "https://www.kaigokensaku.mhlw.go.jp/45/index.php?action_kouhyou_detail_004_kani=true&JigyosyoCd=4570100307-00&ServiceCd=430&Type=search", "url2": "http://www.koujunkai.jp" }, "geometry": { "type": "Point", "coordinates": [ 131.44402690000004, 31.9598686 ] } },
{ "type": "Feature", "properties": { "内容": "潤和会居宅介護支援事業所【居宅介護支援】宮崎県宮崎市大字小松1119番地", "url": "https://www.kaigokensaku.mhlw.go.jp/45/index.php?action_kouhyou_detail_004_kani=true&JigyosyoCd=4570100331-00&ServiceCd=430&Type=search", "url2": null }, "geometry": { "type": "Point", "coordinates": [ 131.403000603753497, 31.934854831312368 ] } },
{ "type": "Feature", "properties": { "内容": "居宅介護支援事業所インテンタル【居宅介護支援】宮崎県宮崎市清水一丁目10番21号福田ビル302号", "url": "https://www.kaigokensaku.mhlw.go.jp/45/index.php?action_kouhyou_detail_004_kani=true&JigyosyoCd=4570107757-00&ServiceCd=430&Type=search", "url2": null }, "geometry": { "type": "Point", "coordinates": [ 131.421099, 31.9199388 ] } },
{ "type": "Feature", "properties": { "内容": "おくだ介護支援センター【居宅介護支援】宮崎県宮崎市東宮２丁目２８５番地", "url": "https://www.kaigokensaku.mhlw.go.jp/45/index.php?action_kouhyou_detail_004_kani=true&JigyosyoCd=4570107823-00&ServiceCd=430&Type=search", "url2": null }, "geometry": { "type": "Point", "coordinates": [ 131.4267724, 31.852437200000011 ] } },
{ "type": "Feature", "properties": { "内容": "あいずケアプランセンターしょうわ町【居宅介護支援】昭和町76-2昭和町Nビル2FA号", "url": "https://www.kaigokensaku.mhlw.go.jp/45/index.php?action_kouhyou_detail_004_kani=true&JigyosyoCd=4570110009-00&ServiceCd=430&Type=search", "url2": null }, "geometry": { "type": "Point", "coordinates": [ 138.535140399999989, 35.6279657 ] } },
{ "type": "Feature", "properties": { "内容": "居宅介護支援事業所いちょうの木の家【居宅介護支援】宮崎県宮崎市清武町加納甲1097番地2", "url": "https://www.kaigokensaku.mhlw.go.jp/45/index.php?action_kouhyou_detail_004_kani=true&JigyosyoCd=4570108730-00&ServiceCd=430&Type=search", "url2": null }, "geometry": { "type": "Point", "coordinates": [ 131.389003300000013, 31.8717362 ] } },
{ "type": "Feature", "properties": { "内容": "株式会社ふれあいケアセンター【居宅介護支援】宮崎県宮崎市大字島之内字茱萸原9706-6ぐみばるIn102号", "url": "https://www.kaigokensaku.mhlw.go.jp/45/index.php?action_kouhyou_detail_004_kani=true&JigyosyoCd=4570104424-00&ServiceCd=430&Type=search", "url2": null }, "geometry": { "type": "Point", "coordinates": [ 131.45929670941473, 31.989465624622383 ] } },
{ "type": "Feature", "properties": { "内容": "ハロー薬局大町店居宅介護支援事業所【居宅介護支援】宮崎県宮崎市吉村町大町甲１９３５番５号", "url": "https://www.kaigokensaku.mhlw.go.jp/45/index.php?action_kouhyou_detail_004_kani=true&JigyosyoCd=4570109399-00&ServiceCd=430&Type=search", "url2": null }, "geometry": { "type": "Point", "coordinates": [ 131.442592200000036, 31.914609800000012 ] } },
{ "type": "Feature", "properties": { "内容": "居宅介護支援事業所そう【居宅介護支援】宮崎県宮崎市神宮東2丁目3-55河崎ビル203", "url": "https://www.kaigokensaku.mhlw.go.jp/45/index.php?action_kouhyou_detail_004_kani=true&JigyosyoCd=4570108243-00&ServiceCd=430&Type=search", "url2": null }, "geometry": { "type": "Point", "coordinates": [ 131.428732119932306, 31.935106926804199 ] } },
{ "type": "Feature", "properties": { "内容": "ケアプランセンターみなみ【居宅介護支援】宮崎県宮崎市神宮東３丁目2-41101号", "url": "https://www.kaigokensaku.mhlw.go.jp/45/index.php?action_kouhyou_detail_004_kani=true&JigyosyoCd=4570109845-00&ServiceCd=430&Type=search", "url2": null }, "geometry": { "type": "Point", "coordinates": [ 131.429357695345914, 31.937055050137101 ] } },
{ "type": "Feature", "properties": { "内容": "未来予想図プランニング【居宅介護支援】宮崎県宮崎市大島町山田ケ窪1926-1", "url": "https://www.kaigokensaku.mhlw.go.jp/45/index.php?action_kouhyou_detail_004_kani=true&JigyosyoCd=4570110306-00&ServiceCd=430&Type=search", "url2": "https://me-rise-labo.jimdo.com/" }, "geometry": { "type": "Point", "coordinates": [ 131.4325375, 31.9394124 ] } },
{ "type": "Feature", "properties": { "内容": "宮崎生協病院居宅介護支援事業所【居宅介護支援】宮崎県宮崎市大島町天神前1171", "url": "https://www.kaigokensaku.mhlw.go.jp/45/index.php?action_kouhyou_detail_004_kani=true&JigyosyoCd=4510116819-00&ServiceCd=430&Type=search", "url2": "https://www.miyazaki-iryou.coop/" }, "geometry": { "type": "Point", "coordinates": [ 131.43882229999997, 31.9380673 ] } },
{ "type": "Feature", "properties": { "内容": "宮崎市立田野病院【居宅介護支援】宮崎県宮崎市田野町南原一丁目６番地２", "url": "https://www.kaigokensaku.mhlw.go.jp/45/index.php?action_kouhyou_detail_004_kani=true&JigyosyoCd=4510117916-00&ServiceCd=430&Type=search", "url2": "http://www.med.miyazaki-u.ac.jp/home/tano/" }, "geometry": { "type": "Point", "coordinates": [ 131.296937693115296, 31.836763730434033 ] } },
{ "type": "Feature", "properties": { "内容": "宮崎県看護協会訪問看護ステーションなでしこ２号館【居宅介護支援】宮崎県宮崎市佐土原町下田島12220-9", "url": "https://www.kaigokensaku.mhlw.go.jp/45/index.php?action_kouhyou_detail_004_kani=true&JigyosyoCd=4560190268-00&ServiceCd=430&Type=search", "url2": "http://www.m-kango.or.jp" }, "geometry": { "type": "Point", "coordinates": [ 131.469237300000032, 32.0374102 ] } },
{ "type": "Feature", "properties": { "内容": "宮崎県看護協会訪問看護ステーションなでしこ３号館【居宅介護支援】宮崎県宮崎市清武町船引644-62新町橋レジデンス１階事務所", "url": "https://www.kaigokensaku.mhlw.go.jp/45/index.php?action_kouhyou_detail_004_kani=true&JigyosyoCd=4560190375-00&ServiceCd=430&Type=search", "url2": null }, "geometry": { "type": "Point", "coordinates": [ 131.391498299999967, 31.8585569 ] } },
{ "type": "Feature", "properties": { "内容": "日髙社会福祉士事務所【居宅介護支援】宮崎県宮崎市大字本郷北方2195番地1", "url": "https://www.kaigokensaku.mhlw.go.jp/45/index.php?action_kouhyou_detail_004_kani=true&JigyosyoCd=4570108292-00&ServiceCd=430&Type=search", "url2": null }, "geometry": { "type": "Point", "coordinates": [ 131.424709, 31.8763156 ] } },
{ "type": "Feature", "properties": { "内容": "陽毬居宅介護【居宅介護支援】宮崎県宮崎市北権現町76-1北権現コーポ203", "url": "https://www.kaigokensaku.mhlw.go.jp/45/index.php?action_kouhyou_detail_004_kani=true&JigyosyoCd=4570110355-00&ServiceCd=430&Type=search", "url2": null }, "geometry": { "type": "Point", "coordinates": [ 131.4299982, 31.9306478 ] } },
{ "type": "Feature", "properties": { "内容": "居宅介護支援事業所エソラ【居宅介護支援】宮崎県宮崎市佐土原町上田島3879", "url": "https://www.kaigokensaku.mhlw.go.jp/45/index.php?action_kouhyou_detail_004_kani=true&JigyosyoCd=4570110330-00&ServiceCd=430&Type=search", "url2": null }, "geometry": { "type": "Point", "coordinates": [ 131.433106752778627, 32.050310435777384 ] } },
{ "type": "Feature", "properties": { "内容": "居宅介護支援事業所　心の音【居宅介護支援】宮崎県宮崎市清武町加納乙82番地11", "url": "https://www.kaigokensaku.mhlw.go.jp/45/index.php?action_kouhyou_detail_004_kani=true&JigyosyoCd=4570109225-00&ServiceCd=430&Type=search", "url2": null }, "geometry": { "type": "Point", "coordinates": [ 131.410660935979365, 31.878710575917761 ] } },
{ "type": "Feature", "properties": { "内容": "ケアセンター風プラン【居宅介護支援】宮崎県宮崎市江平西１丁目３－１６ステップⅠ江平３０３号", "url": "https://www.kaigokensaku.mhlw.go.jp/45/index.php?action_kouhyou_detail_004_kani=true&JigyosyoCd=4570110165-00&ServiceCd=430&Type=search", "url2": null }, "geometry": { "type": "Point", "coordinates": [ 131.423848099999987, 31.9255703 ] } },
{ "type": "Feature", "properties": { "内容": "ケアプランセンター快【居宅介護支援】宮崎県宮崎市東大宮3丁目3-12", "url": "https://www.kaigokensaku.mhlw.go.jp/45/index.php?action_kouhyou_detail_004_kani=true&JigyosyoCd=4570109415-00&ServiceCd=430&Type=search", "url2": null }, "geometry": { "type": "Point", "coordinates": [ 131.4512603, 32.027296 ] } },
{ "type": "Feature", "properties": { "内容": "宮崎赤江在宅介護支援センター【居宅介護支援】宮崎県宮崎市城ヶ崎3-2-1", "url": "https://www.kaigokensaku.mhlw.go.jp/45/index.php?action_kouhyou_detail_004_kani=true&JigyosyoCd=4570100323-00&ServiceCd=430&Type=search", "url2": "http://www.kowakai.jp/" }, "geometry": { "type": "Point", "coordinates": [ 131.431832100000065, 31.8985888 ] } },
{ "type": "Feature", "properties": { "内容": "学園台クリニック【居宅介護支援】宮崎県宮崎市大字熊野7275-1", "url": "https://www.kaigokensaku.mhlw.go.jp/45/index.php?action_kouhyou_detail_004_kani=true&JigyosyoCd=4510115019-00&ServiceCd=430&Type=search", "url2": "https://www.m-zenjin.or.jp/" }, "geometry": { "type": "Point", "coordinates": [ 131.423749499999985, 31.8346266 ] } },
{ "type": "Feature", "properties": { "内容": "訪問看護ステーション一ツ葉【居宅介護支援】宮崎県宮崎市新別府町江口950番地1", "url": "https://www.kaigokensaku.mhlw.go.jp/45/index.php?action_kouhyou_detail_004_kani=true&JigyosyoCd=4570100562-00&ServiceCd=430&Type=search", "url2": "https://www.m-zenjin.or.jp/" }, "geometry": { "type": "Point", "coordinates": [ 131.468538800000033, 31.966182700000022 ] } },
{ "type": "Feature", "properties": { "内容": "古賀ケアプランセンター【居宅介護支援】宮崎県宮崎市池内町数太木１７６３－３", "url": "https://www.kaigokensaku.mhlw.go.jp/45/index.php?action_kouhyou_detail_004_kani=true&JigyosyoCd=4570100224-00&ServiceCd=430&Type=search", "url2": "http://www.kgh.or.jp/" }, "geometry": { "type": "Point", "coordinates": [ 131.410915847221332, 31.972597548393686 ] } },
{ "type": "Feature", "properties": { "内容": "めぐみの里居宅介護支援センター【居宅介護支援】宮崎県宮崎市佐土原町東上那珂12809-1", "url": "https://www.kaigokensaku.mhlw.go.jp/45/index.php?action_kouhyou_detail_004_kani=true&JigyosyoCd=4570104895-00&ServiceCd=430&Type=search", "url2": "https://www.megumi-village.jp/" }, "geometry": { "type": "Point", "coordinates": [ 131.434124200000042, 32.0197853 ] } },
{ "type": "Feature", "properties": { "内容": "宮崎南居宅介護支援センター【居宅介護支援】宮崎県宮崎市加江田４５１４－２", "url": "https://www.kaigokensaku.mhlw.go.jp/45/index.php?action_kouhyou_detail_004_kani=true&JigyosyoCd=4570100349-00&ServiceCd=430&Type=search", "url2": null }, "geometry": { "type": "Point", "coordinates": [ 131.44495059999997, 31.8116848 ] } },
{ "type": "Feature", "properties": { "内容": "特別養護老人ホームみやざき荘総合福祉支援センター【居宅介護支援】宮崎県宮崎市大字田吉４９７７－３７４", "url": "https://www.kaigokensaku.mhlw.go.jp/45/index.php?action_kouhyou_detail_004_kani=true&JigyosyoCd=4570100042-00&ServiceCd=430&Type=search", "url2": "http://www.m-sj.or.jp/miyazaki/" }, "geometry": { "type": "Point", "coordinates": [ 131.446992899999941, 31.8699745 ] } },
{ "type": "Feature", "properties": { "内容": "社会福祉法人慶明会　富吉慶明会在宅介護支援センター【居宅介護支援】宮崎県宮崎市大字富吉2135番3", "url": "https://www.kaigokensaku.mhlw.go.jp/45/index.php?action_kouhyou_detail_004_kani=true&JigyosyoCd=4570107617-00&ServiceCd=430&Type=search", "url2": "http://www.keimeisw.or.jp" }, "geometry": { "type": "Point", "coordinates": [ 131.358316668424635, 31.941574753525298 ] } },
{ "type": "Feature", "properties": { "内容": "ふじ野園居宅介護支援事業所【居宅介護支援】宮崎駅東三丁目９番10", "url": "https://www.kaigokensaku.mhlw.go.jp/45/index.php?action_kouhyou_detail_004_kani=true&JigyosyoCd=4570105892-00&ServiceCd=430&Type=search", "url2": "https://www.kouwakai-f.jp" }, "geometry": { "type": "Point", "coordinates": [ 131.43241480000006, 31.9195197 ] } },
{ "type": "Feature", "properties": { "内容": "ケアトピア在宅介護支援センター【居宅介護支援】宮崎県宮崎市大字郡司分丙9273番地", "url": "https://www.kaigokensaku.mhlw.go.jp/45/index.php?action_kouhyou_detail_004_kani=true&JigyosyoCd=4570100059-00&ServiceCd=430&Type=search", "url2": "http://www.care.or.jp" }, "geometry": { "type": "Point", "coordinates": [ 131.415896400000065, 31.86443 ] } },
{ "type": "Feature", "properties": { "内容": "住之江在宅介護支援ｾﾝﾀｰ【居宅介護支援】宮崎県宮崎市大字島之内2752番地", "url": "https://www.kaigokensaku.mhlw.go.jp/45/index.php?action_kouhyou_detail_004_kani=true&JigyosyoCd=4570100232-00&ServiceCd=430&Type=search", "url2": "https://m-shinwakai.jp" }, "geometry": { "type": "Point", "coordinates": [ 131.455829136834012, 31.991567234897357 ] } },
{ "type": "Feature", "properties": { "内容": "石井記念こひつじ居宅介護支援事業所【居宅介護支援】宮崎県宮崎市広島1丁目7-18", "url": "https://www.kaigokensaku.mhlw.go.jp/45/index.php?action_kouhyou_detail_004_kani=true&JigyosyoCd=4570106890-00&ServiceCd=430&Type=search", "url2": "yuuaisya@kijo.jp" }, "geometry": { "type": "Point", "coordinates": [ 131.426201499999934, 31.9144452 ] } },
{ "type": "Feature", "properties": { "内容": "社会福祉法人日向更生センター皇寿園居宅介護支援事業所【居宅介護支援】宮崎県宮崎市阿波岐原町前浜4276番地650", "url": "https://www.kaigokensaku.mhlw.go.jp/45/index.php?action_kouhyou_detail_004_kani=true&JigyosyoCd=4570100034-00&ServiceCd=430&Type=search", "url2": "http://www.hyugakosei.jp/" }, "geometry": { "type": "Point", "coordinates": [ 131.462565300000051, 31.9398452 ] } },
{ "type": "Feature", "properties": { "内容": "社会福祉法人芳生会芳生苑在宅介護支援センター【居宅介護支援】宮崎県宮崎市大字大瀬町３１９０番地", "url": "https://www.kaigokensaku.mhlw.go.jp/45/index.php?action_kouhyou_detail_004_kani=true&JigyosyoCd=4570100067-00&ServiceCd=430&Type=search", "url2": null }, "geometry": { "type": "Point", "coordinates": [ 131.379485599999953, 31.9842369 ] } },
{ "type": "Feature", "properties": { "内容": "学園木花居宅介護支援事業所【居宅介護支援】宮崎県宮崎市大字鏡洲５６０番地", "url": "https://www.kaigokensaku.mhlw.go.jp/45/index.php?action_kouhyou_detail_004_kani=true&JigyosyoCd=4570100760-00&ServiceCd=430&Type=search", "url2": "http://www.riverside-gk.jp/" }, "geometry": { "type": "Point", "coordinates": [ 131.399279699999965, 31.8263961 ] } },
{ "type": "Feature", "properties": { "内容": "独立行政法人地域医療機能推進機構　宮崎江南病院附属居宅介護支援センター【居宅介護支援】宮崎県宮崎市大字恒久字鳥の巣6245-1", "url": "https://www.kaigokensaku.mhlw.go.jp/45/index.php?action_kouhyou_detail_004_kani=true&JigyosyoCd=4570100869-00&ServiceCd=430&Type=search", "url2": "http://miyazaki/jcho.go.jp/rouken/" }, "geometry": { "type": "Point", "coordinates": [ 131.404941779779051, 31.895432012050719 ] } },
{ "type": "Feature", "properties": { "内容": "おおつかの杜居宅介護支援事業所【居宅介護支援】宮崎県宮崎市大塚町池ノ内1199番地", "url": "https://www.kaigokensaku.mhlw.go.jp/45/index.php?action_kouhyou_detail_004_kani=true&JigyosyoCd=4570109555-00&ServiceCd=430&Type=search", "url2": "https://www.okada-seikeigeka.com" }, "geometry": { "type": "Point", "coordinates": [ 131.393734, 31.9235308 ] } },
{ "type": "Feature", "properties": { "内容": "あおしま優亜館【居宅介護支援】宮崎県宮崎市大字加江田4910番地", "url": "https://www.kaigokensaku.mhlw.go.jp/45/index.php?action_kouhyou_detail_004_kani=true&JigyosyoCd=4570102584-00&ServiceCd=430&Type=search", "url2": "http://a-yuakan.com/" }, "geometry": { "type": "Point", "coordinates": [ 131.454532800000038, 31.8128265 ] } },
{ "type": "Feature", "properties": { "内容": "メディウェル居宅介護支援事業所【居宅介護支援】宮崎県宮崎市松山2丁目23-1", "url": "https://www.kaigokensaku.mhlw.go.jp/45/index.php?action_kouhyou_detail_004_kani=true&JigyosyoCd=4570104333-00&ServiceCd=430&Type=search", "url2": "http://www.mediwel.jp" }, "geometry": { "type": "Point", "coordinates": [ 131.429418713630639, 31.90523337483036 ] } },
{ "type": "Feature", "properties": { "内容": "指定居宅介護支援事業所有限会社西山社会福祉士事務所【居宅介護支援】宮崎県宮崎市大字広原806番地2", "url": "https://www.kaigokensaku.mhlw.go.jp/45/index.php?action_kouhyou_detail_004_kani=true&JigyosyoCd=4570102329-00&ServiceCd=430&Type=search", "url2": null }, "geometry": { "type": "Point", "coordinates": [ 131.439433399999984, 31.999654 ] } },
{ "type": "Feature", "properties": { "内容": "ケアプランセンターこころ【居宅介護支援】宮崎県宮崎市佐土原町下田島１１６７７－３", "url": "https://www.kaigokensaku.mhlw.go.jp/45/index.php?action_kouhyou_detail_004_kani=true&JigyosyoCd=4570108466-00&ServiceCd=430&Type=search", "url2": "https://www.kokoro-careplan.com" }, "geometry": { "type": "Point", "coordinates": [ 131.478148, 32.0314029 ] } },
{ "type": "Feature", "properties": { "内容": "セントケア宮崎【居宅介護支援】宮崎市祇園2丁目23-2", "url": "https://www.kaigokensaku.mhlw.go.jp/45/index.php?action_kouhyou_detail_004_kani=true&JigyosyoCd=4570106049-00&ServiceCd=430&Type=search", "url2": null }, "geometry": { "type": "Point", "coordinates": [ 131.409356628944352, 31.928668411975263 ] } },
{ "type": "Feature", "properties": { "内容": "居宅介護支援こさい【居宅介護支援】宮崎県宮崎市大字島之内7063番地住吉コーポ１ーA住吉コーポ１ーA", "url": "https://www.kaigokensaku.mhlw.go.jp/45/index.php?action_kouhyou_detail_004_kani=true&JigyosyoCd=4570107997-00&ServiceCd=430&Type=search", "url2": null }, "geometry": { "type": "Point", "coordinates": [ 131.450744737864966, 31.98691116527495 ] } },
{ "type": "Feature", "properties": { "内容": "居宅介護支援事業所たまてばこ【居宅介護支援】宮崎県宮崎市大字恒久4769番地16", "url": "https://www.kaigokensaku.mhlw.go.jp/45/index.php?action_kouhyou_detail_004_kani=true&JigyosyoCd=4570110058-00&ServiceCd=430&Type=search", "url2": "http://www.seibikai-group.or.jp/tamatebako/index.html" }, "geometry": { "type": "Point", "coordinates": [ 131.419355995718234, 31.888550659740261 ] } },
{ "type": "Feature", "properties": { "内容": "居宅介護支援事業所ほのか【居宅介護支援】宮崎県宮崎市清武町岡1丁目14-4", "url": "https://www.kaigokensaku.mhlw.go.jp/45/index.php?action_kouhyou_detail_004_kani=true&JigyosyoCd=4570109118-00&ServiceCd=430&Type=search", "url2": "http://honoka-miyazaki.jp" }, "geometry": { "type": "Point", "coordinates": [ 131.389278600000011, 31.8505449 ] } },
{ "type": "Feature", "properties": { "内容": "あいずケアプランセンターおおつか【居宅介護支援】大塚町乱橋4551-1ユーワホームズ本社ビル", "url": "https://www.kaigokensaku.mhlw.go.jp/45/index.php?action_kouhyou_detail_004_kani=true&JigyosyoCd=4570109910-00&ServiceCd=430&Type=search", "url2": null }, "geometry": { "type": "Point", "coordinates": [ 131.39326650000001, 31.9071033 ] } },
{ "type": "Feature", "properties": { "内容": "ツクイ宮崎天満橋【居宅介護支援】宮崎県宮崎市福島町3031-1", "url": "https://www.kaigokensaku.mhlw.go.jp/45/index.php?action_kouhyou_detail_004_kani=true&JigyosyoCd=4570106965-00&ServiceCd=430&Type=search", "url2": "https://www.tsukui.net" }, "geometry": { "type": "Point", "coordinates": [ 131.403330418564792, 31.909856488685804 ] } },
{ "type": "Feature", "properties": { "内容": "ニチイケアセンター南宮崎【居宅介護支援】宮崎県宮崎市花山手西1丁目5-1", "url": "https://www.kaigokensaku.mhlw.go.jp/45/index.php?action_kouhyou_detail_004_kani=true&JigyosyoCd=4570102477-00&ServiceCd=430&Type=search", "url2": "http://www.nichiigakkan.co.jp" }, "geometry": { "type": "Point", "coordinates": [ 131.40081239999995, 31.9041312 ] } },
{ "type": "Feature", "properties": { "内容": "居宅介護支援事業所　つむぎ【居宅介護支援】宮崎県宮崎市田吉6186-5", "url": "https://www.kaigokensaku.mhlw.go.jp/45/index.php?action_kouhyou_detail_004_kani=true&JigyosyoCd=4570109860-00&ServiceCd=430&Type=search", "url2": "https://miyazaki-houkatsu-serv.com" }, "geometry": { "type": "Point", "coordinates": [ 131.440638910449564, 31.889711400933063 ] } },
{ "type": "Feature", "properties": { "内容": "ウィズサポート結【居宅介護支援】宮崎市和知川原3-21セゾン88-103", "url": "https://www.kaigokensaku.mhlw.go.jp/45/index.php?action_kouhyou_detail_004_kani=true&JigyosyoCd=4570106981-00&ServiceCd=430&Type=search", "url2": null }, "geometry": { "type": "Point", "coordinates": [ 131.409252700000025, 31.9236268 ] } },
{ "type": "Feature", "properties": { "内容": "全労済在宅介護サービスセンターみやざき【居宅介護支援】宮崎市広島1-11-17", "url": "https://www.kaigokensaku.mhlw.go.jp/45/index.php?action_kouhyou_detail_004_kani=true&JigyosyoCd=4570106700-00&ServiceCd=430&Type=search", "url2": null }, "geometry": { "type": "Point", "coordinates": [ 131.42648209999993, 31.9133176 ] } },
{ "type": "Feature", "properties": { "内容": "居宅介護支援事業所れいんぼう【居宅介護支援】宮崎県宮崎市和知川原2丁目２５－１", "url": "https://www.kaigokensaku.mhlw.go.jp/45/index.php?action_kouhyou_detail_004_kani=true&JigyosyoCd=4570100166-00&ServiceCd=430&Type=search", "url2": "https://www.miyazaki-iryou.coop/" }, "geometry": { "type": "Point", "coordinates": [ 131.411605300000019, 31.923688 ] } },
{ "type": "Feature", "properties": { "内容": "居宅介護支援事業所・ながくら【居宅介護支援】宮崎県宮崎市内海７４８１－８８", "url": "https://www.kaigokensaku.mhlw.go.jp/45/index.php?action_kouhyou_detail_004_kani=true&JigyosyoCd=4570107898-00&ServiceCd=430&Type=search", "url2": null }, "geometry": { "type": "Point", "coordinates": [ 131.462826415288561, 31.730400541697279 ] } },
{ "type": "Feature", "properties": { "内容": "ケアサポート柚の葉【居宅介護支援】宮崎県宮崎市清武町加納甲２３５３番地７", "url": "https://www.kaigokensaku.mhlw.go.jp/45/index.php?action_kouhyou_detail_004_kani=true&JigyosyoCd=4570107393-00&ServiceCd=430&Type=search", "url2": null }, "geometry": { "type": "Point", "coordinates": [ 131.402958, 31.8722342 ] } },
{ "type": "Feature", "properties": { "内容": "合同会社ケア宮崎　ケアプランセンター輝【居宅介護支援】宮崎県宮崎市大字跡江2912番地1", "url": "https://www.kaigokensaku.mhlw.go.jp/45/index.php?action_kouhyou_detail_004_kani=true&JigyosyoCd=4570107484-00&ServiceCd=430&Type=search", "url2": null }, "geometry": { "type": "Point", "coordinates": [ 131.38301, 31.9377495 ] } },
{ "type": "Feature", "properties": { "内容": "ケアプランセンター恵る【居宅介護支援】佐土原町下田島9193-1Casa　Gracia　103", "url": "https://www.kaigokensaku.mhlw.go.jp/45/index.php?action_kouhyou_detail_004_kani=true&JigyosyoCd=4570110132-00&ServiceCd=430&Type=search", "url2": null }, "geometry": { "type": "Point", "coordinates": [ 131.4701595, 32.0323358 ] } },
{ "type": "Feature", "properties": { "内容": "介護支援センターさくら【居宅介護支援】宮崎県宮崎市学園木花台桜二丁目3番地3", "url": "https://www.kaigokensaku.mhlw.go.jp/45/index.php?action_kouhyou_detail_004_kani=true&JigyosyoCd=4570109449-00&ServiceCd=430&Type=search", "url2": null }, "geometry": { "type": "Point", "coordinates": [ 131.417374099999989, 31.8251627 ] } },
{ "type": "Feature", "properties": { "内容": "星空の都居宅介護支援センターみやざき【居宅介護支援】宮崎県宮崎市吉村町平塚甲1820番地", "url": "https://www.kaigokensaku.mhlw.go.jp/45/index.php?action_kouhyou_detail_004_kani=true&JigyosyoCd=4570105686-00&ServiceCd=430&Type=search", "url2": "http://www.fujimoto.com" }, "geometry": { "type": "Point", "coordinates": [ 131.438357902624489, 31.919881863482768 ] } },
{ "type": "Feature", "properties": { "内容": "社会福祉法人巴会　ケアセンターこんぱす【居宅介護支援】宮崎県宮崎市山崎町上ノ原1060番1", "url": "https://www.kaigokensaku.mhlw.go.jp/45/index.php?action_kouhyou_detail_004_kani=true&JigyosyoCd=4570102717-00&ServiceCd=430&Type=search", "url2": "http://conpasu.tomoe-kai.or.jp" }, "geometry": { "type": "Point", "coordinates": [ 131.411882800000058, 31.9324065 ] } },
{ "type": "Feature", "properties": { "内容": "宮崎福祉ケアサポート【居宅介護支援】宮崎市清武町あさひ1丁目1－", "url": "https://www.kaigokensaku.mhlw.go.jp/45/index.php?action_kouhyou_detail_004_kani=true&JigyosyoCd=4570105959-00&ServiceCd=430&Type=search", "url2": null }, "geometry": { "type": "Point", "coordinates": [ 131.407579959033114, 31.87948956748204 ] } },
{ "type": "Feature", "properties": { "内容": "訪問看護ステーションケアふる宮崎【居宅介護支援】宮崎県宮崎市吉村町南田甲1051番地12", "url": "https://www.kaigokensaku.mhlw.go.jp/45/index.php?action_kouhyou_detail_004_kani=true&JigyosyoCd=4560190227-00&ServiceCd=430&Type=search", "url2": "http://www.care-project.co.jp" }, "geometry": { "type": "Point", "coordinates": [ 131.441147399999977, 31.9229416 ] } },
{ "type": "Feature", "properties": { "内容": "福永内科神経科医院【居宅介護支援】宮崎県宮崎市清武町加納1丁目29番地２", "url": "https://www.kaigokensaku.mhlw.go.jp/45/index.php?action_kouhyou_detail_004_kani=true&JigyosyoCd=4571500174-00&ServiceCd=430&Type=search", "url2": "f-fukurou-926＠bell.con.ne.jp" }, "geometry": { "type": "Point", "coordinates": [ 131.397058300000026, 31.8722477 ] } },
{ "type": "Feature", "properties": { "内容": "たかおか居宅介護支援事業所【居宅介護支援】宮崎県宮崎市高岡町五町167番地1", "url": "https://www.kaigokensaku.mhlw.go.jp/45/index.php?action_kouhyou_detail_004_kani=true&JigyosyoCd=4571900366-00&ServiceCd=430&Type=search", "url2": "https://sin-ai-kai.jp" }, "geometry": { "type": "Point", "coordinates": [ 131.301179383146319, 31.956783430637 ] } },
{ "type": "Feature", "properties": { "内容": "社会福祉法人明照福祉会相談支援センター明照【居宅介護支援】宮崎県宮崎市佐土原町上田島1680番地1", "url": "https://www.kaigokensaku.mhlw.go.jp/45/index.php?action_kouhyou_detail_004_kani=true&JigyosyoCd=4571500083-00&ServiceCd=430&Type=search", "url2": "http://www.meisyo-wa.jp/index.html" }, "geometry": { "type": "Point", "coordinates": [ 131.430546731924437, 32.048953885486497 ] } },
{ "type": "Feature", "properties": { "内容": "アリビオさくら居宅介護支援事業所【居宅介護支援】宮崎県宮崎市清武町加納甲１３１８－１", "url": "https://www.kaigokensaku.mhlw.go.jp/45/index.php?action_kouhyou_detail_004_kani=true&JigyosyoCd=4571500505-00&ServiceCd=430&Type=search", "url2": "http://tokueikai＠clock.ocn.ne.jp" }, "geometry": { "type": "Point", "coordinates": [ 131.389886599999954, 31.8721445 ] } },
{ "type": "Feature", "properties": { "内容": "黒木居宅介護支援事業所【居宅介護支援】宮崎県宮崎市清武町大字船引857番地", "url": "https://www.kaigokensaku.mhlw.go.jp/45/index.php?action_kouhyou_detail_004_kani=true&JigyosyoCd=4571500497-00&ServiceCd=430&Type=search", "url2": null }, "geometry": { "type": "Point", "coordinates": [ 131.384698899999989, 31.8560736 ] } },
{ "type": "Feature", "properties": { "内容": "けあぷらん　福種【居宅介護支援】宮崎県宮崎市芳士584-2", "url": "https://www.kaigokensaku.mhlw.go.jp/45/index.php?action_kouhyou_detail_004_kani=true&JigyosyoCd=4570109589-00&ServiceCd=430&Type=search", "url2": "http://hp.kaipoke.biz/gwv/index.html" }, "geometry": { "type": "Point", "coordinates": [ 131.4380131, 31.9660738 ] } },
{ "type": "Feature", "properties": { "内容": "国富ケアプラン【居宅介護支援】宮崎県宮崎市希望ヶ丘４丁目８３", "url": "https://www.kaigokensaku.mhlw.go.jp/45/index.php?action_kouhyou_detail_004_kani=true&JigyosyoCd=4570101446-00&ServiceCd=430&Type=search", "url2": "http://www.kudomi.com" }, "geometry": { "type": "Point", "coordinates": [ 131.420401166678289, 31.856400630168633 ] } },
{ "type": "Feature", "properties": { "内容": "ケアプランセンター汐音【居宅介護支援】宮崎県宮崎市佐土原町石崎２丁目８番地1シャイニー・ウイングB棟101号室", "url": "https://www.kaigokensaku.mhlw.go.jp/45/index.php?action_kouhyou_detail_004_kani=true&JigyosyoCd=4570109894-00&ServiceCd=430&Type=search", "url2": null }, "geometry": { "type": "Point", "coordinates": [ 131.476185416008008, 32.007869006639865 ] } },
{ "type": "Feature", "properties": { "内容": "清武町在宅介護支援センター【居宅介護支援】宮崎県宮崎市清武町木原5232番地2", "url": "https://www.kaigokensaku.mhlw.go.jp/45/index.php?action_kouhyou_detail_004_kani=true&JigyosyoCd=4571500018-00&ServiceCd=430&Type=search", "url2": "http://www.koujikai.com" }, "geometry": { "type": "Point", "coordinates": [ 131.3995625, 31.8421003 ] } },
{ "type": "Feature", "properties": { "内容": "星空の都居宅介護支援センターさどわら【居宅介護支援】宮崎県宮崎市佐土原町下那珂3165-1", "url": "https://www.kaigokensaku.mhlw.go.jp/45/index.php?action_kouhyou_detail_004_kani=true&JigyosyoCd=4571500067-00&ServiceCd=430&Type=search", "url2": "sadowara.info@fujimoto.or.jp" }, "geometry": { "type": "Point", "coordinates": [ 131.466331399999945, 32.0018854 ] } },
{ "type": "Feature", "properties": { "内容": "サンヒルきよたけ介護支援サービス【居宅介護支援】宮崎県宮崎市清武町木原5886-16", "url": "https://www.kaigokensaku.mhlw.go.jp/45/index.php?action_kouhyou_detail_004_kani=true&JigyosyoCd=4571500372-00&ServiceCd=430&Type=search", "url2": "https://www.suntaiyo.jp/sunhill/" }, "geometry": { "type": "Point", "coordinates": [ 131.395088100000066, 31.8381477 ] } },
{ "type": "Feature", "properties": { "内容": "特別養護老人ホームわにつか荘【居宅介護支援】宮崎県宮崎市田野町乙１７４２－３０", "url": "https://www.kaigokensaku.mhlw.go.jp/45/index.php?action_kouhyou_detail_004_kani=true&JigyosyoCd=4571500547-00&ServiceCd=430&Type=search", "url2": "http://www.fukushi-zenjinkai.jp/wanituka/w_index.html" }, "geometry": { "type": "Point", "coordinates": [ 131.276612399999976, 31.8379007 ] } },
{ "type": "Feature", "properties": { "内容": "ケアステーションまどか居宅介護支援事業所【居宅介護支援】宮崎市薫る坂２丁目19番14号", "url": "https://www.kaigokensaku.mhlw.go.jp/45/index.php?action_kouhyou_detail_004_kani=true&JigyosyoCd=4570106551-00&ServiceCd=430&Type=search", "url2": null }, "geometry": { "type": "Point", "coordinates": [ 131.401390699999979, 31.8894964 ] } },
{ "type": "Feature", "properties": { "内容": "たちばな居宅介護支援事業所【居宅介護支援】宮崎県宮崎市橘通東１丁目７番１８号", "url": "https://www.kaigokensaku.mhlw.go.jp/45/index.php?action_kouhyou_detail_004_kani=true&JigyosyoCd=4570102345-00&ServiceCd=430&Type=search", "url2": "http://www.tachibana-korin.com/kyotaku/index.html" }, "geometry": { "type": "Point", "coordinates": [ 131.422710300000062, 31.909018 ] } },
{ "type": "Feature", "properties": { "内容": "カクイックスウィング居宅介護支援事業所【居宅介護支援】宮崎県宮崎市吉村町久保田甲906－1株式会社カクイックスウィング宮崎営業所2階", "url": "https://www.kaigokensaku.mhlw.go.jp/45/index.php?action_kouhyou_detail_004_kani=true&JigyosyoCd=4570107252-00&ServiceCd=430&Type=search", "url2": "http://www.kakuix-wing.com" }, "geometry": { "type": "Point", "coordinates": [ 131.445117069342018, 31.920746977879219 ] } },
{ "type": "Feature", "properties": { "内容": "居宅介護支援オレンジケア【居宅介護支援】宮崎県宮崎市丸島町4-29ソルティア宮崎1103", "url": "https://www.kaigokensaku.mhlw.go.jp/45/index.php?action_kouhyou_detail_004_kani=true&JigyosyoCd=4570109613-00&ServiceCd=430&Type=search", "url2": "https://oranje-care.biz" }, "geometry": { "type": "Point", "coordinates": [ 131.427453200000031, 31.920042099999986 ] } },
{ "type": "Feature", "properties": { "内容": "ケアサポートセンターひじり【居宅介護支援】宮崎県宮崎市本郷北方柳篭２７０８ケアタウン飛鳥内", "url": "https://www.kaigokensaku.mhlw.go.jp/45/index.php?action_kouhyou_detail_004_kani=true&JigyosyoCd=4571500679-00&ServiceCd=430&Type=search", "url2": "http://www.hijiri.biz/" }, "geometry": { "type": "Point", "coordinates": [ 131.4119267, 31.874692799999988 ] } },
{ "type": "Feature", "properties": { "内容": "医療法人雅会　河野整形外科【居宅介護支援】宮﨑県宮崎市大字島之内７３０９番地", "url": "https://www.kaigokensaku.mhlw.go.jp/45/index.php?action_kouhyou_detail_004_kani=true&JigyosyoCd=4570107773-00&ServiceCd=430&Type=search", "url2": "kawanoseikeigekakyotaku@gmail.com" }, "geometry": { "type": "Point", "coordinates": [ 131.451389100000029, 31.985139 ] } },
{ "type": "Feature", "properties": { "内容": "ケアライフかなえ【居宅介護支援】宮崎県宮崎市大字恒久5311番地1", "url": "https://www.kaigokensaku.mhlw.go.jp/45/index.php?action_kouhyou_detail_004_kani=true&JigyosyoCd=4570107641-00&ServiceCd=430&Type=search", "url2": "http://www.kanae-kai.com" }, "geometry": { "type": "Point", "coordinates": [ 131.412773099999981, 31.8906748 ] } },
{ "type": "Feature", "properties": { "内容": "ケアプラン・らくさぽ【居宅介護支援】宮崎市元宮町６番７号陽光マンション　1階", "url": "https://www.kaigokensaku.mhlw.go.jp/45/index.php?action_kouhyou_detail_004_kani=true&JigyosyoCd=4570108417-00&ServiceCd=430&Type=search", "url2": null }, "geometry": { "type": "Point", "coordinates": [ 131.416143438004042, 31.913422804400795 ] } },
{ "type": "Feature", "properties": { "内容": "ケアプランセンターきずな【居宅介護支援】宮崎県宮崎市淀川３丁目６番８号", "url": "https://www.kaigokensaku.mhlw.go.jp/45/index.php?action_kouhyou_detail_004_kani=true&JigyosyoCd=4570104465-00&ServiceCd=430&Type=search", "url2": null }, "geometry": { "type": "Point", "coordinates": [ 131.415876568122826, 31.89839525852166 ] } },
{ "type": "Feature", "properties": { "内容": "居宅介護支援事業所コネクト【居宅介護支援】宮崎県宮崎市清武町岡1丁目28-2", "url": "https://www.kaigokensaku.mhlw.go.jp/45/index.php?action_kouhyou_detail_004_kani=true&JigyosyoCd=4570108888-00&ServiceCd=430&Type=search", "url2": null }, "geometry": { "type": "Point", "coordinates": [ 131.389123, 31.848803 ] } },
{ "type": "Feature", "properties": { "内容": "居宅介護支援事業所そら【居宅介護支援】宮崎県宮崎市大塚町流合5050ファーストライフ大塚101", "url": "https://www.kaigokensaku.mhlw.go.jp/45/index.php?action_kouhyou_detail_004_kani=true&JigyosyoCd=4570109522-00&ServiceCd=430&Type=search", "url2": null }, "geometry": { "type": "Point", "coordinates": [ 131.400643763169711, 31.911668478779717 ] } },
{ "type": "Feature", "properties": { "内容": "けあぷらん夢つねひさ【居宅介護支援】大字恒久1302番地7", "url": "https://www.kaigokensaku.mhlw.go.jp/45/index.php?action_kouhyou_detail_004_kani=true&JigyosyoCd=4570109381-00&ServiceCd=430&Type=search", "url2": null }, "geometry": { "type": "Point", "coordinates": [ 131.418498699999986, 31.8866168 ] } },
{ "type": "Feature", "properties": { "内容": "ケアプランセンターあくしす【居宅介護支援】学園木花台北１丁目９番地３", "url": "https://www.kaigokensaku.mhlw.go.jp/45/index.php?action_kouhyou_detail_004_kani=true&JigyosyoCd=4570110314-00&ServiceCd=430&Type=search", "url2": null }, "geometry": { "type": "Point", "coordinates": [ 131.4314551, 31.8324389 ] } },
{ "type": "Feature", "properties": { "内容": "居宅介護支援事業所すみれ【居宅介護支援】宮崎県都城市都北町５１３４番地３", "url": "https://www.kaigokensaku.mhlw.go.jp/45/index.php?action_kouhyou_detail_004_kani=true&JigyosyoCd=4570203523-00&ServiceCd=430&Type=search", "url2": null }, "geometry": { "type": "Point", "coordinates": [ 131.09770960000003, 31.7633735 ] } },
{ "type": "Feature", "properties": { "内容": "藤元総合病院居宅介護支援事業所【居宅介護支援】宮崎県都城市早鈴町17街区1号", "url": "https://www.kaigokensaku.mhlw.go.jp/45/index.php?action_kouhyou_detail_004_kani=true&JigyosyoCd=4570200180-00&ServiceCd=430&Type=search", "url2": "http://www.fujimoto.or.jp/" }, "geometry": { "type": "Point", "coordinates": [ 131.067303901297009, 31.717886247945792 ] } },
{ "type": "Feature", "properties": { "内容": "居宅介護支援事業所　きらり【居宅介護支援】宮崎県都城市下長飯町1568番地", "url": "https://www.kaigokensaku.mhlw.go.jp/45/index.php?action_kouhyou_detail_004_kani=true&JigyosyoCd=4570204083-00&ServiceCd=430&Type=search", "url2": null }, "geometry": { "type": "Point", "coordinates": [ 131.068118899999945, 31.7007894 ] } },
{ "type": "Feature", "properties": { "内容": "居宅介護支援事業所とまり木【居宅介護支援】高城町大井手５１３番地", "url": "https://www.kaigokensaku.mhlw.go.jp/45/index.php?action_kouhyou_detail_004_kani=true&JigyosyoCd=4570204232-00&ServiceCd=430&Type=search", "url2": null }, "geometry": { "type": "Point", "coordinates": [ 131.134847600000057, 31.798807599999986 ] } },
{ "type": "Feature", "properties": { "内容": "居宅介護支援事業所　いきいき支援センター【居宅介護支援】宮崎県都城市上水流町1611番地1", "url": "https://www.kaigokensaku.mhlw.go.jp/45/index.php?action_kouhyou_detail_004_kani=true&JigyosyoCd=4570204000-00&ServiceCd=430&Type=search", "url2": null }, "geometry": { "type": "Point", "coordinates": [ 131.096172300000035, 31.806452900000032 ] } },
{ "type": "Feature", "properties": { "内容": "居宅介護支援センターパーフェクトサポート【居宅介護支援】宮崎県都城市高木町6878-2", "url": "https://www.kaigokensaku.mhlw.go.jp/45/index.php?action_kouhyou_detail_004_kani=true&JigyosyoCd=4570204208-00&ServiceCd=430&Type=search", "url2": "hp.kaipoke.biz" }, "geometry": { "type": "Point", "coordinates": [ 131.1006031, 31.7850851 ] } },
{ "type": "Feature", "properties": { "内容": "居宅介護支援事業所　り・すまいる【居宅介護支援】宮崎県都城市花繰町12号2番地", "url": "https://www.kaigokensaku.mhlw.go.jp/45/index.php?action_kouhyou_detail_004_kani=true&JigyosyoCd=4570203887-00&ServiceCd=430&Type=search", "url2": null }, "geometry": { "type": "Point", "coordinates": [ 131.083397699999978, 31.7254737 ] } },
{ "type": "Feature", "properties": { "内容": "ミューズの朝志比田居宅介護支援事業所【居宅介護支援】宮崎県都城市志比田町4526-1", "url": "https://www.kaigokensaku.mhlw.go.jp/45/index.php?action_kouhyou_detail_004_kani=true&JigyosyoCd=4570202020-00&ServiceCd=430&Type=search", "url2": "http://hoshakai.com/" }, "geometry": { "type": "Point", "coordinates": [ 131.052091099999984, 31.742924 ] } },
{ "type": "Feature", "properties": { "内容": "有限会社メディカル介護サービス【居宅介護支援】宮崎県都城市吉尾町1958番地2", "url": "https://www.kaigokensaku.mhlw.go.jp/45/index.php?action_kouhyou_detail_004_kani=true&JigyosyoCd=4570204406-00&ServiceCd=430&Type=search", "url2": null }, "geometry": { "type": "Point", "coordinates": [ 131.0755847, 31.7584504 ] } },
{ "type": "Feature", "properties": { "内容": "ケアプランサービス　らいふ【居宅介護支援】宮崎県都城市高崎町縄瀬5260番地", "url": "https://www.kaigokensaku.mhlw.go.jp/45/index.php?action_kouhyou_detail_004_kani=true&JigyosyoCd=4570204414-00&ServiceCd=430&Type=search", "url2": null }, "geometry": { "type": "Point", "coordinates": [ 131.113948700000037, 31.8973573 ] } },
{ "type": "Feature", "properties": { "内容": "居宅介護支援事業所歩っぽ【居宅介護支援】宮崎県都城市金田町2339番地１", "url": "https://www.kaigokensaku.mhlw.go.jp/45/index.php?action_kouhyou_detail_004_kani=true&JigyosyoCd=4570204810-00&ServiceCd=430&Type=search", "url2": null }, "geometry": { "type": "Point", "coordinates": [ 131.0830033, 31.7717191 ] } },
{ "type": "Feature", "properties": { "内容": "ライフマネジメントいろは【居宅介護支援】宮崎県都城市上長飯町41号30番地", "url": "https://www.kaigokensaku.mhlw.go.jp/45/index.php?action_kouhyou_detail_004_kani=true&JigyosyoCd=4570204935-00&ServiceCd=430&Type=search", "url2": null }, "geometry": { "type": "Point", "coordinates": [ 131.0885518, 31.7169036 ] } },
{ "type": "Feature", "properties": { "内容": "ケアプラン　シトラス【居宅介護支援】宮崎県都城市上町17街区24号都城ビル201", "url": "https://www.kaigokensaku.mhlw.go.jp/45/index.php?action_kouhyou_detail_004_kani=true&JigyosyoCd=4570204927-00&ServiceCd=430&Type=search", "url2": null }, "geometry": { "type": "Point", "coordinates": [ 131.061925699999989, 31.7216093 ] } },
{ "type": "Feature", "properties": { "内容": "都城市北諸県郡医師会指定居宅介護支援事業所すこやか【居宅介護支援】宮崎県都城市大岩田町５８１２番地", "url": "https://www.kaigokensaku.mhlw.go.jp/45/index.php?action_kouhyou_detail_004_kani=true&JigyosyoCd=4570200412-00&ServiceCd=430&Type=search", "url2": null }, "geometry": { "type": "Point", "coordinates": [ 131.055731700000024, 31.6913541 ] } },
{ "type": "Feature", "properties": { "内容": "居宅介護支援事業所すこやか【居宅介護支援】宮崎県都城市大岩田町5812番地", "url": "https://www.kaigokensaku.mhlw.go.jp/45/index.php?action_kouhyou_detail_004_kani=true&JigyosyoCd=4570205015-00&ServiceCd=430&Type=search", "url2": null }, "geometry": { "type": "Point", "coordinates": [ 131.055725699999982, 31.6914099 ] } },
{ "type": "Feature", "properties": { "内容": "ライフ心愛plus【居宅介護支援】南鷹尾町１５街区１５", "url": "https://www.kaigokensaku.mhlw.go.jp/45/index.php?action_kouhyou_detail_004_kani=true&JigyosyoCd=4570205023-00&ServiceCd=430&Type=search", "url2": null }, "geometry": { "type": "Point", "coordinates": [ 131.040663099999989, 31.7182089 ] } },
{ "type": "Feature", "properties": { "内容": "ケアプランセンター仁乃華【居宅介護支援】宮崎県都城市上東町1-12-2", "url": "https://www.kaigokensaku.mhlw.go.jp/45/index.php?action_kouhyou_detail_004_kani=true&JigyosyoCd=4570205049-00&ServiceCd=430&Type=search", "url2": null }, "geometry": { "type": "Point", "coordinates": [ 131.0770803, 31.7232058 ] } },
{ "type": "Feature", "properties": { "内容": "居宅介護支援事業所手と手【居宅介護支援】宮崎県都城市神之山町１９２７番地５", "url": "https://www.kaigokensaku.mhlw.go.jp/45/index.php?action_kouhyou_detail_004_kani=true&JigyosyoCd=4570205031-00&ServiceCd=430&Type=search", "url2": "https://hara-care.com/" }, "geometry": { "type": "Point", "coordinates": [ 131.101456899999988, 31.7533601 ] } },
{ "type": "Feature", "properties": { "内容": "居宅介護支援事業所　そら【居宅介護支援】宮崎県都城市都北町920-39", "url": "https://www.kaigokensaku.mhlw.go.jp/45/index.php?action_kouhyou_detail_004_kani=true&JigyosyoCd=4570204109-00&ServiceCd=430&Type=search", "url2": null }, "geometry": { "type": "Point", "coordinates": [ 131.08849639999994, 31.7591431 ] } },
{ "type": "Feature", "properties": { "内容": "居宅介護支援事業所　つなぐ【居宅介護支援】宮崎県都城市山之口町花木2152-3", "url": "https://www.kaigokensaku.mhlw.go.jp/45/index.php?action_kouhyou_detail_004_kani=true&JigyosyoCd=4570202798-00&ServiceCd=430&Type=search", "url2": null }, "geometry": { "type": "Point", "coordinates": [ 131.143825200000038, 31.778393 ] } },
{ "type": "Feature", "properties": { "内容": "居宅介護支援こむぎ【居宅介護支援】宮崎県都城市南鷹尾町20-24　南鷹尾店舗ビル１階", "url": "https://www.kaigokensaku.mhlw.go.jp/45/index.php?action_kouhyou_detail_004_kani=true&JigyosyoCd=4570204505-00&ServiceCd=430&Type=search", "url2": "https://www.big-advance.site/s/184/1404" }, "geometry": { "type": "Point", "coordinates": [ 131.0391074, 31.7180196 ] } },
{ "type": "Feature", "properties": { "内容": "居宅介護支援事業所　なぎさの風　ラスパたかざき事業所【居宅介護支援】都城市高崎町大牟田1332-8", "url": "https://www.kaigokensaku.mhlw.go.jp/45/index.php?action_kouhyou_detail_004_kani=true&JigyosyoCd=4570204992-00&ServiceCd=430&Type=search", "url2": null }, "geometry": { "type": "Point", "coordinates": [ 131.065474576721158, 31.882507770545264 ] } },
{ "type": "Feature", "properties": { "内容": "医療法人社団仮屋医院【居宅介護支援】宮崎県都城市上水流町２３４８番地", "url": "https://www.kaigokensaku.mhlw.go.jp/45/index.php?action_kouhyou_detail_004_kani=true&JigyosyoCd=4570200339-00&ServiceCd=430&Type=search", "url2": null }, "geometry": { "type": "Point", "coordinates": [ 131.095119299999965, 31.8118913 ] } },
{ "type": "Feature", "properties": { "内容": "居宅介護支援事業所夢路【居宅介護支援】宮崎県都城市牟田町４街区１０号", "url": "https://www.kaigokensaku.mhlw.go.jp/45/index.php?action_kouhyou_detail_004_kani=true&JigyosyoCd=4570200073-00&ServiceCd=430&Type=search", "url2": "http://www.bonchi.jp/konnichiwa/" }, "geometry": { "type": "Point", "coordinates": [ 131.059359330132992, 31.72551967570292 ] } },
{ "type": "Feature", "properties": { "内容": "メディカルシティ東部病院【居宅介護支援】宮崎県都城市立野町３６３３－１", "url": "https://www.kaigokensaku.mhlw.go.jp/45/index.php?action_kouhyou_detail_004_kani=true&JigyosyoCd=4510212691-00&ServiceCd=430&Type=search", "url2": "http://www.btvm.ne.jp/~ebiharanaika/" }, "geometry": { "type": "Point", "coordinates": [ 131.1039935, 31.7305211 ] } },
{ "type": "Feature", "properties": { "内容": "居宅介護支援事業所シャーローム【居宅介護支援】宮崎県都城市年見町23号12番地", "url": "https://www.kaigokensaku.mhlw.go.jp/45/index.php?action_kouhyou_detail_004_kani=true&JigyosyoCd=4570203366-00&ServiceCd=430&Type=search", "url2": "http://www.bethesda.or.jp/" }, "geometry": { "type": "Point", "coordinates": [ 131.087266699999986, 31.7325149 ] } },
{ "type": "Feature", "properties": { "内容": "政所医院　居宅介護支援事業所【居宅介護支援】宮崎県都城市高城町穂満坊３２１３番地5", "url": "https://www.kaigokensaku.mhlw.go.jp/45/index.php?action_kouhyou_detail_004_kani=true&JigyosyoCd=4510213137-00&ServiceCd=430&Type=search", "url2": null }, "geometry": { "type": "Point", "coordinates": [ 131.12527840000007, 31.81177 ] } },
{ "type": "Feature", "properties": { "内容": "指定居宅介護支援事業所あさひ【居宅介護支援】宮崎県都城市野々美谷町1366番地", "url": "https://www.kaigokensaku.mhlw.go.jp/45/index.php?action_kouhyou_detail_004_kani=true&JigyosyoCd=4570202905-00&ServiceCd=430&Type=search", "url2": null }, "geometry": { "type": "Point", "coordinates": [ 131.15337, 31.8619 ] } },
{ "type": "Feature", "properties": { "内容": "株式会社トータル・ケアサービス【居宅介護支援】宮崎県都城市山之口町富吉2907番地", "url": "https://www.kaigokensaku.mhlw.go.jp/45/index.php?action_kouhyou_detail_004_kani=true&JigyosyoCd=4570200966-00&ServiceCd=430&Type=search", "url2": "http://www.totalcareservice.info/index.html" }, "geometry": { "type": "Point", "coordinates": [ 131.141321340547165, 31.777461523567105 ] } },
{ "type": "Feature", "properties": { "内容": "くぼはら　居宅介護支援事業所【居宅介護支援】都城市平塚町３１７２－１", "url": "https://www.kaigokensaku.mhlw.go.jp/45/index.php?action_kouhyou_detail_004_kani=true&JigyosyoCd=4570202954-00&ServiceCd=430&Type=search", "url2": null }, "geometry": { "type": "Point", "coordinates": [ 131.018909600000029, 31.7180591 ] } },
{ "type": "Feature", "properties": { "内容": "介護支援センターけあらいふ正寿の都【居宅介護支援】宮崎県都城市北原町21-16", "url": "https://www.kaigokensaku.mhlw.go.jp/45/index.php?action_kouhyou_detail_004_kani=true&JigyosyoCd=4570201105-00&ServiceCd=430&Type=search", "url2": "http://www.yoshihara-c.co.jp/business_07.html" }, "geometry": { "type": "Point", "coordinates": [ 131.077886700000022, 31.7334145 ] } },
{ "type": "Feature", "properties": { "内容": "居宅介護支援事業所プライマル【居宅介護支援】志比田町9484番地5出水貸家D棟", "url": "https://www.kaigokensaku.mhlw.go.jp/45/index.php?action_kouhyou_detail_004_kani=true&JigyosyoCd=4570204786-00&ServiceCd=430&Type=search", "url2": null }, "geometry": { "type": "Point", "coordinates": [ 131.051787600000011, 31.7537791 ] } },
{ "type": "Feature", "properties": { "内容": "ケアサポート晴風【居宅介護支援】宮崎県都城市山之口町山之口301番地", "url": "https://www.kaigokensaku.mhlw.go.jp/45/index.php?action_kouhyou_detail_004_kani=true&JigyosyoCd=4570202160-00&ServiceCd=430&Type=search", "url2": null }, "geometry": { "type": "Point", "coordinates": [ 131.172441899999967, 31.7992943 ] } },
{ "type": "Feature", "properties": { "内容": "ライフデザイン　リ・パーチェ【居宅介護支援】宮崎県都城市甲斐元町28街区28号", "url": "https://www.kaigokensaku.mhlw.go.jp/45/index.php?action_kouhyou_detail_004_kani=true&JigyosyoCd=4570204778-00&ServiceCd=430&Type=search", "url2": null }, "geometry": { "type": "Point", "coordinates": [ 131.0606659, 31.7138201 ] } },
{ "type": "Feature", "properties": { "内容": "居宅介護支援事業所ひかり【居宅介護支援】宮崎県都城市久保原町11街区54の1号", "url": "https://www.kaigokensaku.mhlw.go.jp/45/index.php?action_kouhyou_detail_004_kani=true&JigyosyoCd=4570204356-00&ServiceCd=430&Type=search", "url2": null }, "geometry": { "type": "Point", "coordinates": [ 131.0304496, 31.7260001 ] } },
{ "type": "Feature", "properties": { "内容": "ケアプランスタジオかんな【居宅介護支援】宮崎県都城市高崎町大牟田2110番地16", "url": "https://www.kaigokensaku.mhlw.go.jp/45/index.php?action_kouhyou_detail_004_kani=true&JigyosyoCd=4570204646-00&ServiceCd=430&Type=search", "url2": null }, "geometry": { "type": "Point", "coordinates": [ 131.08219848094555, 31.863185453628397 ] } },
{ "type": "Feature", "properties": { "内容": "居宅介護支援事業所　和音【居宅介護支援】宮崎県都城市若葉町83号1番地6", "url": "https://www.kaigokensaku.mhlw.go.jp/45/index.php?action_kouhyou_detail_004_kani=true&JigyosyoCd=4570204620-00&ServiceCd=430&Type=search", "url2": null }, "geometry": { "type": "Point", "coordinates": [ 131.084177160011791, 31.721241951527041 ] } },
{ "type": "Feature", "properties": { "内容": "居宅介護支援事業所ルクール【居宅介護支援】宮崎県都城市広原町4341番地", "url": "https://www.kaigokensaku.mhlw.go.jp/45/index.php?action_kouhyou_detail_004_kani=true&JigyosyoCd=4570203044-00&ServiceCd=430&Type=search", "url2": null }, "geometry": { "type": "Point", "coordinates": [ 131.094944698702989, 31.727723083313297 ] } },
{ "type": "Feature", "properties": { "内容": "居宅介護支援事業所わたぼうし【居宅介護支援】宮崎県都城市上川東4丁目2号8番地", "url": "https://www.kaigokensaku.mhlw.go.jp/45/index.php?action_kouhyou_detail_004_kani=true&JigyosyoCd=4570203218-00&ServiceCd=430&Type=search", "url2": null }, "geometry": { "type": "Point", "coordinates": [ 131.077000587419121, 31.744960733519221 ] } },
{ "type": "Feature", "properties": { "内容": "合同会社ケアプランセンターすみれの花【居宅介護支援】宮崎県都城市久保原町２５街区２７の４号", "url": "https://www.kaigokensaku.mhlw.go.jp/45/index.php?action_kouhyou_detail_004_kani=true&JigyosyoCd=4570204067-00&ServiceCd=430&Type=search", "url2": null }, "geometry": { "type": "Point", "coordinates": [ 138.252924, 36.204824 ] } },
{ "type": "Feature", "properties": { "内容": "ケアプランセンター虹【居宅介護支援】宮崎県都城市山田町山田3803-3", "url": "https://www.kaigokensaku.mhlw.go.jp/45/index.php?action_kouhyou_detail_004_kani=true&JigyosyoCd=4570204752-00&ServiceCd=430&Type=search", "url2": "http://ads.kaipoke.biz/" }, "geometry": { "type": "Point", "coordinates": [ 131.043746852698547, 31.811981597587572 ] } },
{ "type": "Feature", "properties": { "内容": "居宅介護支援事業所あじさい【居宅介護支援】宮崎県都城市下川東1-3575-6合同会社花鳥風月", "url": "https://www.kaigokensaku.mhlw.go.jp/45/index.php?action_kouhyou_detail_004_kani=true&JigyosyoCd=4570203598-00&ServiceCd=430&Type=search", "url2": null }, "geometry": { "type": "Point", "coordinates": [ 131.065142899999955, 31.7399719 ] } },
{ "type": "Feature", "properties": { "内容": "あやめ苑居宅介護支援事業所【居宅介護支援】宮崎県都城市早水町3389番地2老人短期入所施設あやめ苑内", "url": "https://www.kaigokensaku.mhlw.go.jp/45/index.php?action_kouhyou_detail_004_kani=true&JigyosyoCd=4570204463-00&ServiceCd=430&Type=search", "url2": "http://www.houei-group.or.jp" }, "geometry": { "type": "Point", "coordinates": [ 131.0947883, 31.7399481 ] } },
{ "type": "Feature", "properties": { "内容": "まりあ介護支援センター【居宅介護支援】宮崎県都城市志比田町9541番地", "url": "https://www.kaigokensaku.mhlw.go.jp/45/index.php?action_kouhyou_detail_004_kani=true&JigyosyoCd=4570200719-00&ServiceCd=430&Type=search", "url2": "http://www.maria-f.jp/service/other.html" }, "geometry": { "type": "Point", "coordinates": [ 131.0484887, 31.7523064 ] } },
{ "type": "Feature", "properties": { "内容": "居宅介護支援事業所ほほえみの園ヒストリアⅠ【居宅介護支援】宮崎県都城市丸谷町386番地1", "url": "https://www.kaigokensaku.mhlw.go.jp/45/index.php?action_kouhyou_detail_004_kani=true&JigyosyoCd=4570203051-00&ServiceCd=430&Type=search", "url2": "https://smilehohoemi.com/" }, "geometry": { "type": "Point", "coordinates": [ 131.056474298811281, 31.810895147342052 ] } },
{ "type": "Feature", "properties": { "内容": "さくらハウス横市　居宅介護支援事業所【居宅介護支援】宮崎県都城市南横市町3682", "url": "https://www.kaigokensaku.mhlw.go.jp/45/index.php?action_kouhyou_detail_004_kani=true&JigyosyoCd=4570202665-00&ServiceCd=430&Type=search", "url2": null }, "geometry": { "type": "Point", "coordinates": [ 131.030968600000051, 31.7386487 ] } },
{ "type": "Feature", "properties": { "内容": "ケアプランサービスゆう【居宅介護支援】宮崎県都城市庄内町8673番地", "url": "https://www.kaigokensaku.mhlw.go.jp/45/index.php?action_kouhyou_detail_004_kani=true&JigyosyoCd=4570200289-00&ServiceCd=430&Type=search", "url2": null }, "geometry": { "type": "Point", "coordinates": [ 131.021950359800599, 31.769847179720617 ] } },
{ "type": "Feature", "properties": { "内容": "居宅介護支援事業所わかば【居宅介護支援】宮崎県都城市上長飯町2664番地", "url": "https://www.kaigokensaku.mhlw.go.jp/45/index.php?action_kouhyou_detail_004_kani=true&JigyosyoCd=4570201485-00&ServiceCd=430&Type=search", "url2": "http://www.oyd-welfare.jp" }, "geometry": { "type": "Point", "coordinates": [ 131.087025678018222, 31.715452361020994 ] } },
{ "type": "Feature", "properties": { "内容": "都城市社会福祉協議会指定居宅介護支援事業所【居宅介護支援】宮崎県都城市上水流町1540番地", "url": "https://www.kaigokensaku.mhlw.go.jp/45/index.php?action_kouhyou_detail_004_kani=true&JigyosyoCd=4570200107-00&ServiceCd=430&Type=search", "url2": "http://miyakonojoshakyo.or.jp" }, "geometry": { "type": "Point", "coordinates": [ 131.058815900000013, 31.7229899 ] } },
{ "type": "Feature", "properties": { "内容": "豊の里居宅介護支援事業所【居宅介護支援】宮崎県都城市下長飯町1609番地", "url": "https://www.kaigokensaku.mhlw.go.jp/45/index.php?action_kouhyou_detail_004_kani=true&JigyosyoCd=4570200164-00&ServiceCd=430&Type=search", "url2": "http://www.houei-group.or.jp" }, "geometry": { "type": "Point", "coordinates": [ 131.07191113981176, 31.701657125210879 ] } },
{ "type": "Feature", "properties": { "内容": "ウエルライフ居宅介護支援事業所【居宅介護支援】宮崎県都城市南鷹尾町11街区4号", "url": "https://www.kaigokensaku.mhlw.go.jp/45/index.php?action_kouhyou_detail_004_kani=true&JigyosyoCd=4570204554-00&ServiceCd=430&Type=search", "url2": "http://mwg.or.jp" }, "geometry": { "type": "Point", "coordinates": [ 131.043189399999989, 31.7194211 ] } },
{ "type": "Feature", "properties": { "内容": "まんまるケアセンター【居宅介護支援】宮崎県都城市都原町７２７９番", "url": "https://www.kaigokensaku.mhlw.go.jp/45/index.php?action_kouhyou_detail_004_kani=true&JigyosyoCd=4570201287-00&ServiceCd=430&Type=search", "url2": "http://まごころ.jp" }, "geometry": { "type": "Point", "coordinates": [ 131.033246700000063, 31.7193342 ] } },
{ "type": "Feature", "properties": { "内容": "ケアプランセンター都城【居宅介護支援】宮崎県都城市東町10街区17号柳田病院", "url": "https://www.kaigokensaku.mhlw.go.jp/45/index.php?action_kouhyou_detail_004_kani=true&JigyosyoCd=4570200016-00&ServiceCd=430&Type=search", "url2": null }, "geometry": { "type": "Point", "coordinates": [ 131.07154289999994, 31.7221959 ] } },
{ "type": "Feature", "properties": { "内容": "居宅介護支援事業所　愛【居宅介護支援】宮崎県都城市早水町２５号９番１", "url": "https://www.kaigokensaku.mhlw.go.jp/45/index.php?action_kouhyou_detail_004_kani=true&JigyosyoCd=4570203473-00&ServiceCd=430&Type=search", "url2": null }, "geometry": { "type": "Point", "coordinates": [ 131.09720219999997, 31.73434 ] } },
{ "type": "Feature", "properties": { "内容": "あかりケアラボ【居宅介護支援】宮崎県都城市早水町3479番地2", "url": "https://www.kaigokensaku.mhlw.go.jp/45/index.php?action_kouhyou_detail_004_kani=true&JigyosyoCd=4570204877-00&ServiceCd=430&Type=search", "url2": null }, "geometry": { "type": "Point", "coordinates": [ 131.101456899999988, 31.7375489 ] } },
{ "type": "Feature", "properties": { "内容": "居宅介護支援事業所　栄【居宅介護支援】宮崎県都城市志比田町4816番地1", "url": "https://www.kaigokensaku.mhlw.go.jp/45/index.php?action_kouhyou_detail_004_kani=true&JigyosyoCd=4570203267-00&ServiceCd=430&Type=search", "url2": null }, "geometry": { "type": "Point", "coordinates": [ 131.05675169999995, 31.7563674 ] } },
{ "type": "Feature", "properties": { "内容": "あなたの居宅　都城【居宅介護支援】宮崎県都城市鷹尾5丁目4318番地1", "url": "https://www.kaigokensaku.mhlw.go.jp/45/index.php?action_kouhyou_detail_004_kani=true&JigyosyoCd=4570204588-00&ServiceCd=430&Type=search", "url2": "https://www.houei-group.or.jp/" }, "geometry": { "type": "Point", "coordinates": [ 131.0375124, 31.7259425 ] } },
{ "type": "Feature", "properties": { "内容": "高齢者総合福祉施設恵寿苑【居宅介護支援】宮崎県都城市太郎坊町５６３番地１", "url": "https://www.kaigokensaku.mhlw.go.jp/45/index.php?action_kouhyou_detail_004_kani=true&JigyosyoCd=4570200099-00&ServiceCd=430&Type=search", "url2": "http://www.keijuen.net" }, "geometry": { "type": "Point", "coordinates": [ 131.093595199999982, 31.789162700000013 ] } },
{ "type": "Feature", "properties": { "内容": "リハビリステーションケアふる都城【居宅介護支援】都城市鷹尾3丁目34街区1", "url": "https://www.kaigokensaku.mhlw.go.jp/45/index.php?action_kouhyou_detail_004_kani=true&JigyosyoCd=4570202129-00&ServiceCd=430&Type=search", "url2": "http://care-project.co.jp/" }, "geometry": { "type": "Point", "coordinates": [ 131.047341113877906, 31.728103229736163 ] } },
{ "type": "Feature", "properties": { "内容": "ケアプランセンターれんげ草【居宅介護支援】宮崎県都城市高城町穂満坊４５６－２介護老人保健施設ハッピーライフ高城", "url": "https://www.kaigokensaku.mhlw.go.jp/45/index.php?action_kouhyou_detail_004_kani=true&JigyosyoCd=4571700022-00&ServiceCd=430&Type=search", "url2": null }, "geometry": { "type": "Point", "coordinates": [ 131.12609489441229, 31.801666560308043 ] } },
{ "type": "Feature", "properties": { "内容": "高城園居宅介護支援事業所【居宅介護支援】宮崎県都城市高城町穂満坊３４１６番地", "url": "https://www.kaigokensaku.mhlw.go.jp/45/index.php?action_kouhyou_detail_004_kani=true&JigyosyoCd=4571700329-00&ServiceCd=430&Type=search", "url2": "https://www.takajyouen.jp/" }, "geometry": { "type": "Point", "coordinates": [ 131.127208399999972, 31.8192249 ] } },
{ "type": "Feature", "properties": { "内容": "特別養護老人ホーム霧島荘居宅介護支援事業所【居宅介護支援】宮崎県都城市山之口町花木２３０２－１", "url": "https://www.kaigokensaku.mhlw.go.jp/45/index.php?action_kouhyou_detail_004_kani=true&JigyosyoCd=4571700055-00&ServiceCd=430&Type=search", "url2": "http://www.m-sj.or.jp/kirishima/" }, "geometry": { "type": "Point", "coordinates": [ 131.155573900000036, 31.7861788 ] } },
{ "type": "Feature", "properties": { "内容": "高崎苑居宅介護支援事業所【居宅介護支援】宮崎県都城市高崎町縄瀬1622番地17", "url": "https://www.kaigokensaku.mhlw.go.jp/45/index.php?action_kouhyou_detail_004_kani=true&JigyosyoCd=4571700071-00&ServiceCd=430&Type=search", "url2": "https：//www.kenseikai-takasakien.com" }, "geometry": { "type": "Point", "coordinates": [ 131.086332099999936, 31.8526842 ] } },
{ "type": "Feature", "properties": { "内容": "介護支援センター小春【居宅介護支援】宮崎県都城市山之口町花木2205-9", "url": "https://www.kaigokensaku.mhlw.go.jp/45/index.php?action_kouhyou_detail_004_kani=true&JigyosyoCd=4571700683-00&ServiceCd=430&Type=search", "url2": "http://www.urara-miyakonojo.jp/top" }, "geometry": { "type": "Point", "coordinates": [ 131.144422299999974, 31.7797512 ] } },
{ "type": "Feature", "properties": { "内容": "居宅介護支援事業所一期一会【居宅介護支援】宮崎県都城市下長飯町１０３３番地1", "url": "https://www.kaigokensaku.mhlw.go.jp/45/index.php?action_kouhyou_detail_004_kani=true&JigyosyoCd=4570201634-00&ServiceCd=430&Type=search", "url2": null }, "geometry": { "type": "Point", "coordinates": [ 131.062493539163029, 31.699225969221601 ] } },
{ "type": "Feature", "properties": { "内容": "星空の都居宅介護支援センターなかごう【居宅介護支援】宮崎県都城市豊満町2647", "url": "https://www.kaigokensaku.mhlw.go.jp/45/index.php?action_kouhyou_detail_004_kani=true&JigyosyoCd=4570201253-00&ServiceCd=430&Type=search", "url2": "https://nakago.fujimoto.com/" }, "geometry": { "type": "Point", "coordinates": [ 131.094853400000034, 31.7009318 ] } },
{ "type": "Feature", "properties": { "内容": "居宅介護支援事業所長遊園【居宅介護支援】宮崎県都城市蔵原町12街区３号", "url": "https://www.kaigokensaku.mhlw.go.jp/45/index.php?action_kouhyou_detail_004_kani=true&JigyosyoCd=4570201758-00&ServiceCd=430&Type=search", "url2": "http://www.kanjikai.or.jp/" }, "geometry": { "type": "Point", "coordinates": [ 131.067198800000028, 31.7215708 ] } },
{ "type": "Feature", "properties": { "内容": "居宅介護支援事業所ゆうゆ【居宅介護支援】都城市山之口町花木2183番地2", "url": "https://www.kaigokensaku.mhlw.go.jp/45/index.php?action_kouhyou_detail_004_kani=true&JigyosyoCd=4570202319-00&ServiceCd=430&Type=search", "url2": null }, "geometry": { "type": "Point", "coordinates": [ 131.149415015250469, 31.78033661259856 ] } },
{ "type": "Feature", "properties": { "内容": "居宅介護支援事業所　かりん【居宅介護支援】宮崎県都城市志比田町9539番地2", "url": "https://www.kaigokensaku.mhlw.go.jp/45/index.php?action_kouhyou_detail_004_kani=true&JigyosyoCd=4570203176-00&ServiceCd=430&Type=search", "url2": null }, "geometry": { "type": "Point", "coordinates": [ 131.048472, 31.751575899999985 ] } },
{ "type": "Feature", "properties": { "内容": "ケアサポートセンター絆【居宅介護支援】宮崎県都城市梅北町８９６５番地３", "url": "https://www.kaigokensaku.mhlw.go.jp/45/index.php?action_kouhyou_detail_004_kani=true&JigyosyoCd=4570203747-00&ServiceCd=430&Type=search", "url2": null }, "geometry": { "type": "Point", "coordinates": [ 131.086022, 31.744561 ] } },
{ "type": "Feature", "properties": { "内容": "居宅介護支援事業所ほほえみの園ヒストリアⅡ【居宅介護支援】宮崎県都城市上長飯町5－1", "url": "https://www.kaigokensaku.mhlw.go.jp/45/index.php?action_kouhyou_detail_004_kani=true&JigyosyoCd=4570204216-00&ServiceCd=430&Type=search", "url2": null }, "geometry": { "type": "Point", "coordinates": [ 131.082473928946115, 31.719232199638256 ] } },
{ "type": "Feature", "properties": { "内容": "居宅介護支援事業所　泉【居宅介護支援】宮崎県都城市都原町１９番地２山科店舗１Ｆ", "url": "https://www.kaigokensaku.mhlw.go.jp/45/index.php?action_kouhyou_detail_004_kani=true&JigyosyoCd=4570204265-00&ServiceCd=430&Type=search", "url2": null }, "geometry": { "type": "Point", "coordinates": [ 131.039825899999983, 31.7391379 ] } },
{ "type": "Feature", "properties": { "内容": "居宅介護支援事業所かささぎ【居宅介護支援】宮崎県都城市山之口町山之口3074番地4", "url": "https://www.kaigokensaku.mhlw.go.jp/45/index.php?action_kouhyou_detail_004_kani=true&JigyosyoCd=4570204497-00&ServiceCd=430&Type=search", "url2": null }, "geometry": { "type": "Point", "coordinates": [ 131.1649531, 31.8027254 ] } },
{ "type": "Feature", "properties": { "内容": "居宅支援事業所　糸【居宅介護支援】宮崎県都城市下川東４丁目１８号８番地", "url": "https://www.kaigokensaku.mhlw.go.jp/45/index.php?action_kouhyou_detail_004_kani=true&JigyosyoCd=4570204737-00&ServiceCd=430&Type=search", "url2": null }, "geometry": { "type": "Point", "coordinates": [ 131.0709009, 31.7466425 ] } },
{ "type": "Feature", "properties": { "内容": "社会福祉法人あさぎり福祉会あさぎり園居宅介護支援センター【居宅介護支援】宮崎県都城市山田町中霧島２５４６－６", "url": "https://www.kaigokensaku.mhlw.go.jp/45/index.php?action_kouhyou_detail_004_kani=true&JigyosyoCd=4571700097-00&ServiceCd=430&Type=search", "url2": "http://asagirien.jp" }, "geometry": { "type": "Point", "coordinates": [ 131.04584, 31.7971356 ] } },
{ "type": "Feature", "properties": { "内容": "プランセンター　ほっこり【居宅介護支援】宮崎県都城市上川東四丁目5755‐13", "url": "https://www.kaigokensaku.mhlw.go.jp/45/index.php?action_kouhyou_detail_004_kani=true&JigyosyoCd=4570204851-00&ServiceCd=430&Type=search", "url2": null }, "geometry": { "type": "Point", "coordinates": [ 131.08001920000001, 31.7456857 ] } },
{ "type": "Feature", "properties": { "内容": "合同会社ケアプランセンターひら【居宅介護支援】宮崎県都城市下川東二丁目22号4番地", "url": "https://www.kaigokensaku.mhlw.go.jp/45/index.php?action_kouhyou_detail_004_kani=true&JigyosyoCd=4570204570-00&ServiceCd=430&Type=search", "url2": null }, "geometry": { "type": "Point", "coordinates": [ 131.069011499999988, 31.7420578 ] } },
{ "type": "Feature", "properties": { "内容": "居宅介護支援事業所リング【居宅介護支援】宮崎県都城市都北町920-38", "url": "https://www.kaigokensaku.mhlw.go.jp/45/index.php?action_kouhyou_detail_004_kani=true&JigyosyoCd=4570203853-00&ServiceCd=430&Type=search", "url2": "なし" }, "geometry": { "type": "Point", "coordinates": [ 131.088407325656107, 31.759008260251999 ] } },
{ "type": "Feature", "properties": { "内容": "ソーシャルサポートケアプラン【居宅介護支援】宮崎県都城市下川東二丁目3340番地ガーデンＳＫ101号室", "url": "https://www.kaigokensaku.mhlw.go.jp/45/index.php?action_kouhyou_detail_004_kani=true&JigyosyoCd=4570204281-00&ServiceCd=430&Type=search", "url2": null }, "geometry": { "type": "Point", "coordinates": [ 131.0653039, 31.7419106 ] } },
{ "type": "Feature", "properties": { "内容": "プラン工房　匠【居宅介護支援】宮崎県都城市吉尾町6215", "url": "https://www.kaigokensaku.mhlw.go.jp/45/index.php?action_kouhyou_detail_004_kani=true&JigyosyoCd=4570203515-00&ServiceCd=430&Type=search", "url2": "http://kotohira‐miyakonojo.com/" }, "geometry": { "type": "Point", "coordinates": [ 131.0840273, 31.7587513 ] } },
{ "type": "Feature", "properties": { "内容": "指定居宅介護支援事業所　あおい【居宅介護支援】宮崎県都城市下長飯町1535-2", "url": "https://www.kaigokensaku.mhlw.go.jp/45/index.php?action_kouhyou_detail_004_kani=true&JigyosyoCd=4570203838-00&ServiceCd=430&Type=search", "url2": null }, "geometry": { "type": "Point", "coordinates": [ 131.066267211639342, 31.702052071933519 ] } },
{ "type": "Feature", "properties": { "内容": "大貫居宅介護支援事業所【居宅介護支援】宮崎県延岡市大貫町５丁目1713大貫リバーサイド", "url": "https://www.kaigokensaku.mhlw.go.jp/45/index.php?action_kouhyou_detail_004_kani=true&JigyosyoCd=4570302127-00&ServiceCd=430&Type=search", "url2": "oonukikyotaku2017@yahoo.co.jp" }, "geometry": { "type": "Point", "coordinates": [ 131.651052599999957, 32.5726639 ] } },
{ "type": "Feature", "properties": { "内容": "千寿園居宅介護支援事業所【居宅介護支援】宮崎県延岡市北浦町古江２６９３番地", "url": "https://www.kaigokensaku.mhlw.go.jp/45/index.php?action_kouhyou_detail_004_kani=true&JigyosyoCd=4572100040-00&ServiceCd=430&Type=search", "url2": "https://www.senjuen.jp/" }, "geometry": { "type": "Point", "coordinates": [ 131.816592200000059, 32.7092214 ] } },
{ "type": "Feature", "properties": { "内容": "居宅介護支援事業所　「架け橋」【居宅介護支援】延岡市山下町2丁目3998番地115", "url": "https://www.kaigokensaku.mhlw.go.jp/45/index.php?action_kouhyou_detail_004_kani=true&JigyosyoCd=4570301517-00&ServiceCd=430&Type=search", "url2": null }, "geometry": { "type": "Point", "coordinates": [ 131.668019800000025, 32.5901774 ] } },
{ "type": "Feature", "properties": { "内容": "シンフォニー居宅支援事業所【居宅介護支援】宮崎県延岡市恒富町２丁目１３番地1", "url": "https://www.kaigokensaku.mhlw.go.jp/45/index.php?action_kouhyou_detail_004_kani=true&JigyosyoCd=4570301798-00&ServiceCd=430&Type=search", "url2": "http://oidenosato.zashiki.com/" }, "geometry": { "type": "Point", "coordinates": [ 131.661116204697805, 32.57088333523096 ] } },
{ "type": "Feature", "properties": { "内容": "居宅介護支援事業所あさがお【居宅介護支援】延岡市古城町2丁目10‐4", "url": "https://www.kaigokensaku.mhlw.go.jp/45/index.php?action_kouhyou_detail_004_kani=true&JigyosyoCd=4570301806-00&ServiceCd=430&Type=search", "url2": null }, "geometry": { "type": "Point", "coordinates": [ 131.659480511153447, 32.568786847931904 ] } },
{ "type": "Feature", "properties": { "内容": "はるか居宅介護支援事業所【居宅介護支援】宮崎県延岡市大貫町3丁目754番地2", "url": "https://www.kaigokensaku.mhlw.go.jp/45/index.php?action_kouhyou_detail_004_kani=true&JigyosyoCd=4570303000-00&ServiceCd=430&Type=search", "url2": null }, "geometry": { "type": "Point", "coordinates": [ 131.653477, 32.5724078 ] } },
{ "type": "Feature", "properties": { "内容": "ケアセンターみつせ【居宅介護支援】宮崎県延岡市春日町3丁目11番地5", "url": "https://www.kaigokensaku.mhlw.go.jp/45/index.php?action_kouhyou_detail_004_kani=true&JigyosyoCd=4570301707-00&ServiceCd=430&Type=search", "url2": null }, "geometry": { "type": "Point", "coordinates": [ 131.6660319, 32.5755589 ] } },
{ "type": "Feature", "properties": { "内容": "ふくろうケアプランセンター【居宅介護支援】宮崎県延岡市別府町4421番地", "url": "https://www.kaigokensaku.mhlw.go.jp/45/index.php?action_kouhyou_detail_004_kani=true&JigyosyoCd=4570302705-00&ServiceCd=430&Type=search", "url2": "https://haradagr-dp.co.jp/" }, "geometry": { "type": "Point", "coordinates": [ 131.680964621815207, 32.564224235906323 ] } },
{ "type": "Feature", "properties": { "内容": "居宅介護支援事業所サンケア【居宅介護支援】宮崎県延岡市出北1丁目3番20号", "url": "https://www.kaigokensaku.mhlw.go.jp/45/index.php?action_kouhyou_detail_004_kani=true&JigyosyoCd=4570300303-00&ServiceCd=430&Type=search", "url2": "http://nobeoka-cl.com" }, "geometry": { "type": "Point", "coordinates": [ 131.6776923, 32.5769122 ] } },
{ "type": "Feature", "properties": { "内容": "有限会社つだ福祉サービス【居宅介護支援】宮崎県延岡市別府町3088-1", "url": "https://www.kaigokensaku.mhlw.go.jp/45/index.php?action_kouhyou_detail_004_kani=true&JigyosyoCd=4570300626-00&ServiceCd=430&Type=search", "url2": "tsuda-well.jp" }, "geometry": { "type": "Point", "coordinates": [ 131.681984100000022, 32.5701963 ] } },
{ "type": "Feature", "properties": { "内容": "居宅介護支援事業所きずな【居宅介護支援】宮崎県延岡市北浦町古江２５９４番地１", "url": "https://www.kaigokensaku.mhlw.go.jp/45/index.php?action_kouhyou_detail_004_kani=true&JigyosyoCd=4572100552-00&ServiceCd=430&Type=search", "url2": null }, "geometry": { "type": "Point", "coordinates": [ 131.813289700000041, 32.7071659 ] } },
{ "type": "Feature", "properties": { "内容": "居宅介護支援事業所　真【居宅介護支援】宮崎県延岡市恒富町3丁目7番地3", "url": "https://www.kaigokensaku.mhlw.go.jp/45/index.php?action_kouhyou_detail_004_kani=true&JigyosyoCd=4570303141-00&ServiceCd=430&Type=search", "url2": null }, "geometry": { "type": "Point", "coordinates": [ 131.661872291401693, 32.568175733035666 ] } },
{ "type": "Feature", "properties": { "内容": "居宅介護支援センター　花椿【居宅介護支援】宮崎県延岡市北川町川内名7055-13", "url": "https://www.kaigokensaku.mhlw.go.jp/45/index.php?action_kouhyou_detail_004_kani=true&JigyosyoCd=4570301996-00&ServiceCd=430&Type=search", "url2": null }, "geometry": { "type": "Point", "coordinates": [ 131.694294501852511, 32.686296431681789 ] } },
{ "type": "Feature", "properties": { "内容": "居宅介護支援事業所　真心　～こころ～【居宅介護支援】宮崎県延岡市高千穂通3774-1", "url": "https://www.kaigokensaku.mhlw.go.jp/45/index.php?action_kouhyou_detail_004_kani=true&JigyosyoCd=4570303158-00&ServiceCd=430&Type=search", "url2": null }, "geometry": { "type": "Point", "coordinates": [ 131.6643463, 32.5808383 ] } },
{ "type": "Feature", "properties": { "内容": "セントケア延岡【居宅介護支援】延岡市緑ヶ丘5丁目11-25", "url": "https://www.kaigokensaku.mhlw.go.jp/45/index.php?action_kouhyou_detail_004_kani=true&JigyosyoCd=4570301897-00&ServiceCd=430&Type=search", "url2": null }, "geometry": { "type": "Point", "coordinates": [ 131.6815379721113, 32.547960242937009 ] } },
{ "type": "Feature", "properties": { "内容": "【居宅介護支援】宮崎県延岡市幸町３丁目101番地延岡駅西口街区ビル２階コワーキングスペース内", "url": "https://www.kaigokensaku.mhlw.go.jp/45/index.php?action_kouhyou_detail_004_kani=true&JigyosyoCd=4570302978-00&ServiceCd=430&Type=search", "url2": "https://zer0ich1.com/" }, "geometry": { "type": "Point", "coordinates": [ 131.671939400000042, 32.5899685 ] } },
{ "type": "Feature", "properties": { "内容": "医療法人　久康会　居宅介護支援事業所　おひさま【居宅介護支援】宮崎県延岡市鯛名町422番地9", "url": "https://www.kaigokensaku.mhlw.go.jp/45/index.php?action_kouhyou_detail_004_kani=true&JigyosyoCd=4570300048-00&ServiceCd=430&Type=search", "url2": "http://kyukoukai.or.jp/" }, "geometry": { "type": "Point", "coordinates": [ 131.692079700000022, 32.5069803 ] } },
{ "type": "Feature", "properties": { "内容": "昭和苑指定居宅介護支援事業【居宅介護支援】宮崎県延岡市構口町２丁目125-1", "url": "https://www.kaigokensaku.mhlw.go.jp/45/index.php?action_kouhyou_detail_004_kani=true&JigyosyoCd=4570300469-00&ServiceCd=430&Type=search", "url2": "http://www.showaen.jp/" }, "geometry": { "type": "Point", "coordinates": [ 131.6742018, 32.5578444 ] } },
{ "type": "Feature", "properties": { "内容": "笑む笑む会居宅介護支援事業所【居宅介護支援】宮崎県延岡市中川原町2丁目4591番地2", "url": "https://www.kaigokensaku.mhlw.go.jp/45/index.php?action_kouhyou_detail_004_kani=true&JigyosyoCd=4570300097-00&ServiceCd=430&Type=search", "url2": "https://www.emuemukai.jp" }, "geometry": { "type": "Point", "coordinates": [ 131.67141659999993, 32.5946522 ] } },
{ "type": "Feature", "properties": { "内容": "ニチイケアセンター延岡【居宅介護支援】宮崎県延岡市古城町４丁目14０番地", "url": "https://www.kaigokensaku.mhlw.go.jp/45/index.php?action_kouhyou_detail_004_kani=true&JigyosyoCd=4570300402-00&ServiceCd=430&Type=search", "url2": "http://www.nichiigakkan.co.jp" }, "geometry": { "type": "Point", "coordinates": [ 131.656660800000026, 32.5663953 ] } },
{ "type": "Feature", "properties": { "内容": "居宅介護支援事業所　日豊福祉サービス【居宅介護支援】宮崎県延岡市野地町6丁目5415番地乙", "url": "https://www.kaigokensaku.mhlw.go.jp/45/index.php?action_kouhyou_detail_004_kani=true&JigyosyoCd=4570302333-00&ServiceCd=430&Type=search", "url2": null }, "geometry": { "type": "Point", "coordinates": [ 131.640957842973791, 32.5792546746382 ] } },
{ "type": "Feature", "properties": { "内容": "悠愛居宅介護支援事業所【居宅介護支援】宮崎県延岡市野地町１丁目４０７０－１", "url": "https://www.kaigokensaku.mhlw.go.jp/45/index.php?action_kouhyou_detail_004_kani=true&JigyosyoCd=4570300972-00&ServiceCd=430&Type=search", "url2": null }, "geometry": { "type": "Point", "coordinates": [ 131.643394899999947, 32.573797 ] } },
{ "type": "Feature", "properties": { "内容": "居宅介護支援事業所それいゆ【居宅介護支援】宮崎県延岡市浜砂１丁目５番６号", "url": "https://www.kaigokensaku.mhlw.go.jp/45/index.php?action_kouhyou_detail_004_kani=true&JigyosyoCd=4570300030-00&ServiceCd=430&Type=search", "url2": "http://www.miyazaki-iryou.coop/" }, "geometry": { "type": "Point", "coordinates": [ 131.68054415886084, 32.580026525806183 ] } },
{ "type": "Feature", "properties": { "内容": "ひまわりケアプラン【居宅介護支援】宮崎県延岡市野地町3-3456", "url": "https://www.kaigokensaku.mhlw.go.jp/45/index.php?action_kouhyou_detail_004_kani=true&JigyosyoCd=4570302614-00&ServiceCd=430&Type=search", "url2": "https://himawari-nobenisi.com/wp/" }, "geometry": { "type": "Point", "coordinates": [ 131.647110500000053, 32.5795764 ] } },
{ "type": "Feature", "properties": { "内容": "居宅介護支援事業所とらすと【居宅介護支援】宮崎県延岡市塩浜町2丁目1933番地9", "url": "https://www.kaigokensaku.mhlw.go.jp/45/index.php?action_kouhyou_detail_004_kani=true&JigyosyoCd=4570302499-00&ServiceCd=430&Type=search", "url2": null }, "geometry": { "type": "Point", "coordinates": [ 131.67397997235264, 32.561417986817077 ] } },
{ "type": "Feature", "properties": { "内容": "ケアプランつりがね【居宅介護支援】宮崎県延岡市恒富町４丁目１４７番地ソマハウス１０１号", "url": "https://www.kaigokensaku.mhlw.go.jp/45/index.php?action_kouhyou_detail_004_kani=true&JigyosyoCd=4570302622-00&ServiceCd=430&Type=search", "url2": null }, "geometry": { "type": "Point", "coordinates": [ 131.6633048, 32.5665512 ] } },
{ "type": "Feature", "properties": { "内容": "延岡市南方居宅介護支援事業所【居宅介護支援】宮崎県延岡市岡元町789番地3", "url": "https://www.kaigokensaku.mhlw.go.jp/45/index.php?action_kouhyou_detail_004_kani=true&JigyosyoCd=4570300055-00&ServiceCd=430&Type=search", "url2": "https://www.minori-en.jp/" }, "geometry": { "type": "Point", "coordinates": [ 131.562837, 32.566710899999983 ] } },
{ "type": "Feature", "properties": { "内容": "居宅介護支援事業所きたかた【居宅介護支援】宮崎県延岡市北方町川水流卯92-1", "url": "https://www.kaigokensaku.mhlw.go.jp/45/index.php?action_kouhyou_detail_004_kani=true&JigyosyoCd=4570302655-00&ServiceCd=430&Type=search", "url2": "https://tunodakitakatakazita5.jimdofree.com" }, "geometry": { "type": "Point", "coordinates": [ 131.530054570383811, 32.557328296258014 ] } },
{ "type": "Feature", "properties": { "内容": "敬寿園居宅介護支援センター【居宅介護支援】宮崎県延岡市桜小路３５６番地１１", "url": "https://www.kaigokensaku.mhlw.go.jp/45/index.php?action_kouhyou_detail_004_kani=true&JigyosyoCd=4570300121-00&ServiceCd=430&Type=search", "url2": "//kousei-kai.jp/" }, "geometry": { "type": "Point", "coordinates": [ 131.663704100000018, 32.5784002 ] } },
{ "type": "Feature", "properties": { "内容": "特別養護老人ホーム水明荘【居宅介護支援】宮崎県延岡市鯛名町908-1", "url": "https://www.kaigokensaku.mhlw.go.jp/45/index.php?action_kouhyou_detail_004_kani=true&JigyosyoCd=4570300139-00&ServiceCd=430&Type=search", "url2": "http://kousei-kai.jp/" }, "geometry": { "type": "Point", "coordinates": [ 131.6955461, 32.5064888 ] } },
{ "type": "Feature", "properties": { "内容": "有限会社ひだまりの家【居宅介護支援】宮崎県延岡市川原崎町98番地1", "url": "https://www.kaigokensaku.mhlw.go.jp/45/index.php?action_kouhyou_detail_004_kani=true&JigyosyoCd=4570300824-00&ServiceCd=430&Type=search", "url2": null }, "geometry": { "type": "Point", "coordinates": [ 131.680612913214077, 32.590723789309237 ] } },
{ "type": "Feature", "properties": { "内容": "みやはら介護保険企画【居宅介護支援】宮崎県延岡市浜町５１１０－１", "url": "https://www.kaigokensaku.mhlw.go.jp/45/index.php?action_kouhyou_detail_004_kani=true&JigyosyoCd=4570300683-00&ServiceCd=430&Type=search", "url2": null }, "geometry": { "type": "Point", "coordinates": [ 131.665831300000036, 32.5857471 ] } },
{ "type": "Feature", "properties": { "内容": "居宅支援マイプラン【居宅介護支援】宮崎県延岡市萩町６２番地", "url": "https://www.kaigokensaku.mhlw.go.jp/45/index.php?action_kouhyou_detail_004_kani=true&JigyosyoCd=4570301723-00&ServiceCd=430&Type=search", "url2": null }, "geometry": { "type": "Point", "coordinates": [ 131.67227803558194, 32.591842043269857 ] } },
{ "type": "Feature", "properties": { "内容": "むくの木指定居宅介護支援事業所【居宅介護支援】宮崎県延岡市平原町3丁目1222-4", "url": "https://www.kaigokensaku.mhlw.go.jp/45/index.php?action_kouhyou_detail_004_kani=true&JigyosyoCd=4570300493-00&ServiceCd=430&Type=search", "url2": null }, "geometry": { "type": "Point", "coordinates": [ 131.673410500000045, 32.5493147 ] } },
{ "type": "Feature", "properties": { "内容": "荒平介護支援サービス【居宅介護支援】宮崎県延岡市川島町899番地4", "url": "https://www.kaigokensaku.mhlw.go.jp/45/index.php?action_kouhyou_detail_004_kani=true&JigyosyoCd=4570301004-00&ServiceCd=430&Type=search", "url2": null }, "geometry": { "type": "Point", "coordinates": [ 131.700796500000024, 32.6197626 ] } },
{ "type": "Feature", "properties": { "内容": "医療法人明石会　のべおかケアサポート【居宅介護支援】安賀多町4-4-4", "url": "https://www.kaigokensaku.mhlw.go.jp/45/index.php?action_kouhyou_detail_004_kani=true&JigyosyoCd=4570302861-00&ServiceCd=430&Type=search", "url2": "https://www.lets-begin.info/nobeoka/sone/index.html" }, "geometry": { "type": "Point", "coordinates": [ 131.668664176954621, 32.572435279966491 ] } },
{ "type": "Feature", "properties": { "内容": "居宅介護支援事業所「東海の風」【居宅介護支援】宮崎県延岡市川島町1644番地1", "url": "https://www.kaigokensaku.mhlw.go.jp/45/index.php?action_kouhyou_detail_004_kani=true&JigyosyoCd=4570302242-00&ServiceCd=430&Type=search", "url2": "https://ishiuchi-clinic.jp" }, "geometry": { "type": "Point", "coordinates": [ 131.699671599999988, 32.618134900000015 ] } },
{ "type": "Feature", "properties": { "内容": "介護老人保健施設エクセルライフ【居宅介護支援】宮崎県延岡市大貫町1-2850-1", "url": "https://www.kaigokensaku.mhlw.go.jp/45/index.php?action_kouhyou_detail_004_kani=true&JigyosyoCd=4570300105-00&ServiceCd=430&Type=search", "url2": "http://www.excel-life.jp/" }, "geometry": { "type": "Point", "coordinates": [ 131.655274, 32.5796358 ] } },
{ "type": "Feature", "properties": { "内容": "居宅介護支援事業所サンライト【居宅介護支援】宮崎県延岡市緑ヶ丘5丁目2番22号", "url": "https://www.kaigokensaku.mhlw.go.jp/45/index.php?action_kouhyou_detail_004_kani=true&JigyosyoCd=4570300527-00&ServiceCd=430&Type=search", "url2": "http://www.ryuseikai.com/" }, "geometry": { "type": "Point", "coordinates": [ 131.679470322090026, 32.545888963949565 ] } },
{ "type": "Feature", "properties": { "内容": "ケアサポートことの葉【居宅介護支援】宮崎県延岡市緑ヶ丘５丁目７番４号", "url": "https://www.kaigokensaku.mhlw.go.jp/45/index.php?action_kouhyou_detail_004_kani=true&JigyosyoCd=4570303034-00&ServiceCd=430&Type=search", "url2": null }, "geometry": { "type": "Point", "coordinates": [ 131.680539399999986, 32.5478444 ] } },
{ "type": "Feature", "properties": { "内容": "ふれあいの里【居宅介護支援】宮崎県延岡市沖田町2240-1", "url": "https://www.kaigokensaku.mhlw.go.jp/45/index.php?action_kouhyou_detail_004_kani=true&JigyosyoCd=4570300071-00&ServiceCd=430&Type=search", "url2": "http://www.heart-fureai.jp" }, "geometry": { "type": "Point", "coordinates": [ 131.668900200000053, 32.5412653 ] } },
{ "type": "Feature", "properties": { "内容": "螢邑苑【居宅介護支援】宮崎県延岡市北川町川内名7055-2", "url": "https://www.kaigokensaku.mhlw.go.jp/45/index.php?action_kouhyou_detail_004_kani=true&JigyosyoCd=4572100362-00&ServiceCd=430&Type=search", "url2": "http://yuryukai.or.jp" }, "geometry": { "type": "Point", "coordinates": [ 131.6933639, 32.6866944 ] } },
{ "type": "Feature", "properties": { "内容": "社会福祉法人延岡市社会福祉協議会北方指定居宅介護支援事業所【居宅介護支援】宮崎県延岡市北方町川水流卯1420番地", "url": "https://www.kaigokensaku.mhlw.go.jp/45/index.php?action_kouhyou_detail_004_kani=true&JigyosyoCd=4572100081-00&ServiceCd=430&Type=search", "url2": "http://www.nobesha.net" }, "geometry": { "type": "Point", "coordinates": [ 131.521837600000026, 32.5592373 ] } },
{ "type": "Feature", "properties": { "内容": "特別養護老人ホーム楓荘居宅介護支援事業所【居宅介護支援】宮崎県延岡市無鹿町１丁目２０３１番地５", "url": "https://www.kaigokensaku.mhlw.go.jp/45/index.php?action_kouhyou_detail_004_kani=true&JigyosyoCd=4570300089-00&ServiceCd=430&Type=search", "url2": "http://www.mitubakai.jp/" }, "geometry": { "type": "Point", "coordinates": [ 131.683300899999949, 32.6144374 ] } },
{ "type": "Feature", "properties": { "内容": "ケアプラン真雅【居宅介護支援】宮崎県延岡市長浜町1丁目1765番地1", "url": "https://www.kaigokensaku.mhlw.go.jp/45/index.php?action_kouhyou_detail_004_kani=true&JigyosyoCd=4570300360-00&ServiceCd=430&Type=search", "url2": "http://shinga.or.jp/" }, "geometry": { "type": "Point", "coordinates": [ 131.69141988283809, 32.576029717994246 ] } },
{ "type": "Feature", "properties": { "内容": "居宅介護支援　かぼちゃの家【居宅介護支援】宮崎県延岡市無鹿町2丁目３２８１", "url": "https://www.kaigokensaku.mhlw.go.jp/45/index.php?action_kouhyou_detail_004_kani=true&JigyosyoCd=4570301285-00&ServiceCd=430&Type=search", "url2": null }, "geometry": { "type": "Point", "coordinates": [ 131.691464399999973, 32.609799 ] } },
{ "type": "Feature", "properties": { "内容": "延岡リハビリテーション病院居宅介護支援事業所【居宅介護支援】宮崎県延岡市長浜町１丁目１７７７番地", "url": "https://www.kaigokensaku.mhlw.go.jp/45/index.php?action_kouhyou_detail_004_kani=true&JigyosyoCd=4570301376-00&ServiceCd=430&Type=search", "url2": null }, "geometry": { "type": "Point", "coordinates": [ 131.691088799999989, 32.5755352 ] } },
{ "type": "Feature", "properties": { "内容": "居宅介護支援　西階ケアプランサービス【居宅介護支援】宮崎県延岡市野地町２丁目３９２５－１００", "url": "https://www.kaigokensaku.mhlw.go.jp/45/index.php?action_kouhyou_detail_004_kani=true&JigyosyoCd=4570301921-00&ServiceCd=430&Type=search", "url2": null }, "geometry": { "type": "Point", "coordinates": [ 131.641453299999966, 32.5749302 ] } },
{ "type": "Feature", "properties": { "内容": "だんだん居宅介護支援事業所【居宅介護支援】宮崎県延岡市稲葉崎町5丁目7421-27だんだん東桜ケ丘住宅型有料老人ホーム　２F", "url": "https://www.kaigokensaku.mhlw.go.jp/45/index.php?action_kouhyou_detail_004_kani=true&JigyosyoCd=4570301871-00&ServiceCd=430&Type=search", "url2": null }, "geometry": { "type": "Point", "coordinates": [ 131.670888192390407, 32.615405283735235 ] } },
{ "type": "Feature", "properties": { "内容": "居宅介護支援事業所あたご【居宅介護支援】宮崎県延岡市中島町4丁目314番地3のべおか老健あたご", "url": "https://www.kaigokensaku.mhlw.go.jp/45/index.php?action_kouhyou_detail_004_kani=true&JigyosyoCd=4570301947-00&ServiceCd=430&Type=search", "url2": "https://www.atago-seikei.com/facilities/home-care/" }, "geometry": { "type": "Point", "coordinates": [ 131.675661709429761, 32.576358835125099 ] } },
{ "type": "Feature", "properties": { "内容": "居宅介護支援事業所びゅう【居宅介護支援】宮崎県延岡市別府町４０７９番地", "url": "https://www.kaigokensaku.mhlw.go.jp/45/index.php?action_kouhyou_detail_004_kani=true&JigyosyoCd=4570302143-00&ServiceCd=430&Type=search", "url2": null }, "geometry": { "type": "Point", "coordinates": [ 131.679856500000028, 32.5679825 ] } },
{ "type": "Feature", "properties": { "内容": "居宅介護支援事業所　けあすぴ【居宅介護支援】幸町１丁目58番地中村マンション1F", "url": "https://www.kaigokensaku.mhlw.go.jp/45/index.php?action_kouhyou_detail_004_kani=true&JigyosyoCd=4570302838-00&ServiceCd=430&Type=search", "url2": "https://www.carespirit.co.jp/" }, "geometry": { "type": "Point", "coordinates": [ 139.718583799999976, 35.8062412 ] } },
{ "type": "Feature", "properties": { "内容": "社会福祉法人川水流福祉会ひえいの郷居宅介護支援事業所【居宅介護支援】宮崎県延岡市北方町川水流卯１８１０番地８６", "url": "https://www.kaigokensaku.mhlw.go.jp/45/index.php?action_kouhyou_detail_004_kani=true&JigyosyoCd=4572100073-00&ServiceCd=430&Type=search", "url2": "s-hiei@oregano.ocn.ne.jp" }, "geometry": { "type": "Point", "coordinates": [ 131.5158851, 32.5726662 ] } },
{ "type": "Feature", "properties": { "内容": "きたがわ荘居宅介護支援事業所【居宅介護支援】宮崎県延岡市北川町長井5565番地8", "url": "https://www.kaigokensaku.mhlw.go.jp/45/index.php?action_kouhyou_detail_004_kani=true&JigyosyoCd=4572100115-00&ServiceCd=430&Type=search", "url2": "https://www.kitagawa-houjukai.com/" }, "geometry": { "type": "Point", "coordinates": [ 131.7046775, 32.6652781 ] } },
{ "type": "Feature", "properties": { "内容": "居宅介護支援センター　らぽーと【居宅介護支援】宮崎県延岡市南一ヶ岡５丁目９番５号", "url": "https://www.kaigokensaku.mhlw.go.jp/45/index.php?action_kouhyou_detail_004_kani=true&JigyosyoCd=4570301558-00&ServiceCd=430&Type=search", "url2": null }, "geometry": { "type": "Point", "coordinates": [ 131.679358166270504, 32.516365988682409 ] } },
{ "type": "Feature", "properties": { "内容": "株式会社サン・ルーム延岡営業所【居宅介護支援】宮崎県延岡市松山町1221-33", "url": "https://www.kaigokensaku.mhlw.go.jp/45/index.php?action_kouhyou_detail_004_kani=true&JigyosyoCd=4570302267-00&ServiceCd=430&Type=search", "url2": "https://sunroom-kaigo.com" }, "geometry": { "type": "Point", "coordinates": [ 131.636236599999961, 32.5830906 ] } },
{ "type": "Feature", "properties": { "内容": "アドニス介護支援サービス【居宅介護支援】宮崎県延岡市三ツ瀬町2丁目2番地5", "url": "https://www.kaigokensaku.mhlw.go.jp/45/index.php?action_kouhyou_detail_004_kani=true&JigyosyoCd=4570300642-00&ServiceCd=430&Type=search", "url2": "http://www.adonis-kaigo.com/" }, "geometry": { "type": "Point", "coordinates": [ 131.668507905854881, 32.574481905413357 ] } },
{ "type": "Feature", "properties": { "内容": "ケアプランサービス栗の樹【居宅介護支援】宮崎県延岡市恒富町三丁目5-6", "url": "https://www.kaigokensaku.mhlw.go.jp/45/index.php?action_kouhyou_detail_004_kani=true&JigyosyoCd=4570302432-00&ServiceCd=430&Type=search", "url2": "http://www.kurinoki.co.jp" }, "geometry": { "type": "Point", "coordinates": [ 131.662588542320151, 32.568298280909566 ] } },
{ "type": "Feature", "properties": { "内容": "ＪＡはまゆう日南指定居宅介護支援事業所【居宅介護支援】宮崎県日南市吾田東2丁目5番15号", "url": "https://www.kaigokensaku.mhlw.go.jp/45/index.php?action_kouhyou_detail_004_kani=true&JigyosyoCd=4570400228-00&ServiceCd=430&Type=search", "url2": null }, "geometry": { "type": "Point", "coordinates": [ 131.3829247, 31.6073315 ] } },
{ "type": "Feature", "properties": { "内容": "介護老人保健施設ハイム苑【居宅介護支援】宮崎県日南市中央通１丁目１０番１５号", "url": "https://www.kaigokensaku.mhlw.go.jp/45/index.php?action_kouhyou_detail_004_kani=true&JigyosyoCd=4550480000-00&ServiceCd=430&Type=search", "url2": "http://aisinkai.com/haim/" }, "geometry": { "type": "Point", "coordinates": [ 131.38149169999997, 31.6004987 ] } },
{ "type": "Feature", "properties": { "内容": "居宅介護支援事業所　びろうの里【居宅介護支援】宮崎県日南市南郷町中村乙6947-2", "url": "https://www.kaigokensaku.mhlw.go.jp/45/index.php?action_kouhyou_detail_004_kani=true&JigyosyoCd=4570400665-00&ServiceCd=430&Type=search", "url2": null }, "geometry": { "type": "Point", "coordinates": [ 131.365030101188751, 31.529434807349659 ] } },
{ "type": "Feature", "properties": { "内容": "ケアプランセンター　　和顔愛語【居宅介護支援】宮崎県日南市大字板敷830番地", "url": "https://www.kaigokensaku.mhlw.go.jp/45/index.php?action_kouhyou_detail_004_kani=true&JigyosyoCd=4570400780-00&ServiceCd=430&Type=search", "url2": null }, "geometry": { "type": "Point", "coordinates": [ 131.356305900000052, 31.6394702 ] } },
{ "type": "Feature", "properties": { "内容": "瀬川居宅介護支援事業所【居宅介護支援】宮崎県日南市飫肥二丁目５番３-１号", "url": "https://www.kaigokensaku.mhlw.go.jp/45/index.php?action_kouhyou_detail_004_kani=true&JigyosyoCd=4570401564-00&ServiceCd=430&Type=search", "url2": null }, "geometry": { "type": "Point", "coordinates": [ 131.3566185, 31.625698 ] } },
{ "type": "Feature", "properties": { "内容": "みなと指定居宅介護支援事業所【居宅介護支援】日南市中央通１丁目5-11", "url": "https://www.kaigokensaku.mhlw.go.jp/45/index.php?action_kouhyou_detail_004_kani=true&JigyosyoCd=4570401259-00&ServiceCd=430&Type=search", "url2": null }, "geometry": { "type": "Point", "coordinates": [ 131.381387609681269, 31.601998463018464 ] } },
{ "type": "Feature", "properties": { "内容": "居宅介護支援事業所　ﾌｧﾐﾘｰ【居宅介護支援】宮崎県日南市南郷町中村甲2367番地3", "url": "https://www.kaigokensaku.mhlw.go.jp/45/index.php?action_kouhyou_detail_004_kani=true&JigyosyoCd=4570401150-00&ServiceCd=430&Type=search", "url2": null }, "geometry": { "type": "Point", "coordinates": [ 131.3636182, 31.5458516 ] } },
{ "type": "Feature", "properties": { "内容": "ブレイス居宅支援サービス【居宅介護支援】宮崎県日南市飫肥二丁目９番３５号", "url": "https://www.kaigokensaku.mhlw.go.jp/45/index.php?action_kouhyou_detail_004_kani=true&JigyosyoCd=4570400590-00&ServiceCd=430&Type=search", "url2": null }, "geometry": { "type": "Point", "coordinates": [ 131.35880880000002, 31.6287073 ] } },
{ "type": "Feature", "properties": { "内容": "居宅介護支援事業所　さき【居宅介護支援】宮崎県日南市吾田東三丁目1-49", "url": "https://www.kaigokensaku.mhlw.go.jp/45/index.php?action_kouhyou_detail_004_kani=true&JigyosyoCd=4570401382-00&ServiceCd=430&Type=search", "url2": "http://hp.kaipoke.biz/gwy/" }, "geometry": { "type": "Point", "coordinates": [ 131.382088328836033, 31.607915874525538 ] } },
{ "type": "Feature", "properties": { "内容": "居宅プランなごみ【居宅介護支援】宮崎県日南市大字西弁分１３７番地", "url": "https://www.kaigokensaku.mhlw.go.jp/45/index.php?action_kouhyou_detail_004_kani=true&JigyosyoCd=4570400657-00&ServiceCd=430&Type=search", "url2": null }, "geometry": { "type": "Point", "coordinates": [ 131.36771534347875, 31.599577833624014 ] } },
{ "type": "Feature", "properties": { "内容": "ケアサポートゆいと【居宅介護支援】宮崎県日南市吾田東11丁目2-1103", "url": "https://www.kaigokensaku.mhlw.go.jp/45/index.php?action_kouhyou_detail_004_kani=true&JigyosyoCd=4570401580-00&ServiceCd=430&Type=search", "url2": "https://caresupport-yuito.jimdofree.com" }, "geometry": { "type": "Point", "coordinates": [ 131.3788286, 31.6140064 ] } },
{ "type": "Feature", "properties": { "内容": "社会福祉法人慶明会日南慶明会在宅介護支援センター【居宅介護支援】宮崎県日南市飫肥6丁目2番22号", "url": "https://www.kaigokensaku.mhlw.go.jp/45/index.php?action_kouhyou_detail_004_kani=true&JigyosyoCd=4570400921-00&ServiceCd=430&Type=search", "url2": "http:/www.keimeisw.or.jp" }, "geometry": { "type": "Point", "coordinates": [ 131.354348100000038, 31.6239132 ] } },
{ "type": "Feature", "properties": { "内容": "はまゆうの里日南市西在宅介護支援センター【居宅介護支援】宮崎県日南市大字楠原１８４０番地", "url": "https://www.kaigokensaku.mhlw.go.jp/45/index.php?action_kouhyou_detail_004_kani=true&JigyosyoCd=4570400152-00&ServiceCd=430&Type=search", "url2": null }, "geometry": { "type": "Point", "coordinates": [ 131.342676799999907, 31.6179051 ] } },
{ "type": "Feature", "properties": { "内容": "日南市立中部病院指定居宅介護支援事業所【居宅介護支援】宮崎県日南市大堂津5丁目10番1号", "url": "https://www.kaigokensaku.mhlw.go.jp/45/index.php?action_kouhyou_detail_004_kani=true&JigyosyoCd=4570400509-00&ServiceCd=430&Type=search", "url2": "https://chubu.city.nichinan.lg.jp" }, "geometry": { "type": "Point", "coordinates": [ 131.37977879999994, 31.5493449 ] } },
{ "type": "Feature", "properties": { "内容": "心の家介護サービス【居宅介護支援】宮崎県日南市大字平野4195-3", "url": "https://www.kaigokensaku.mhlw.go.jp/45/index.php?action_kouhyou_detail_004_kani=true&JigyosyoCd=4570400319-00&ServiceCd=430&Type=search", "url2": null }, "geometry": { "type": "Point", "coordinates": [ 131.394847811292237, 31.587149758065635 ] } },
{ "type": "Feature", "properties": { "内容": "居宅介護支援　ふきのとう【居宅介護支援】宮崎県日南市南郷町中村乙7051-401宮崎県日南市南郷町中村乙7051-401", "url": "https://www.kaigokensaku.mhlw.go.jp/45/index.php?action_kouhyou_detail_004_kani=true&JigyosyoCd=4570401085-00&ServiceCd=430&Type=search", "url2": "ｆｕｋｉｎｏｔｏｕ＠ｉａ7．ｉｔｋｅｅｐｅｒ．ｎｅ．ｊｐ" }, "geometry": { "type": "Point", "coordinates": [ 131.3735461, 31.5269698 ] } },
{ "type": "Feature", "properties": { "内容": "居宅介護支援事業所　こころ【居宅介護支援】宮崎県日南市南郷町津屋野2558番地2", "url": "https://www.kaigokensaku.mhlw.go.jp/45/index.php?action_kouhyou_detail_004_kani=true&JigyosyoCd=4570400566-00&ServiceCd=430&Type=search", "url2": null }, "geometry": { "type": "Point", "coordinates": [ 131.345284, 31.5369489 ] } },
{ "type": "Feature", "properties": { "内容": "社会福祉法人愛泉会特別養護老人ホーム河鹿の里【居宅介護支援】宮崎県日南市北郷町大藤甲3186-1", "url": "https://www.kaigokensaku.mhlw.go.jp/45/index.php?action_kouhyou_detail_004_kani=true&JigyosyoCd=4571600016-00&ServiceCd=430&Type=search", "url2": "http://www.aisenkai.jp/" }, "geometry": { "type": "Point", "coordinates": [ 131.381403800000044, 31.6577249 ] } },
{ "type": "Feature", "properties": { "内容": "くろしおの里【居宅介護支援】宮崎県日南市南郷町中村乙7051番地111", "url": "https://www.kaigokensaku.mhlw.go.jp/45/index.php?action_kouhyou_detail_004_kani=true&JigyosyoCd=4571600081-00&ServiceCd=430&Type=search", "url2": "https://kurosionosato.or.jp/" }, "geometry": { "type": "Point", "coordinates": [ 131.3776322, 31.5216095 ] } },
{ "type": "Feature", "properties": { "内容": "おひさま居宅サービス【居宅介護支援】宮崎県日南市吾田西１－４－３０", "url": "https://www.kaigokensaku.mhlw.go.jp/45/index.php?action_kouhyou_detail_004_kani=true&JigyosyoCd=4570400483-00&ServiceCd=430&Type=search", "url2": null }, "geometry": { "type": "Point", "coordinates": [ 131.376852900000017, 31.6061955 ] } },
{ "type": "Feature", "properties": { "内容": "ゆう居宅介護支援事業所【居宅介護支援】南郷町南郷町中村甲669番地2", "url": "https://www.kaigokensaku.mhlw.go.jp/45/index.php?action_kouhyou_detail_004_kani=true&JigyosyoCd=4570400681-00&ServiceCd=430&Type=search", "url2": null }, "geometry": { "type": "Point", "coordinates": [ 131.339798500000029, 31.5314079 ] } },
{ "type": "Feature", "properties": { "内容": "僾（ほのか）居宅介護支援事業所【居宅介護支援】宮崎県日南市吾田東4丁目2-27コーポ門川　102号室", "url": "https://www.kaigokensaku.mhlw.go.jp/45/index.php?action_kouhyou_detail_004_kani=true&JigyosyoCd=4570401507-00&ServiceCd=430&Type=search", "url2": null }, "geometry": { "type": "Point", "coordinates": [ 131.377889, 31.6072213 ] } },
{ "type": "Feature", "properties": { "内容": "Care　Support　Office　みらい【居宅介護支援】宮崎県日南市吾田東一丁目6-35", "url": "https://www.kaigokensaku.mhlw.go.jp/45/index.php?action_kouhyou_detail_004_kani=true&JigyosyoCd=4570401556-00&ServiceCd=430&Type=search", "url2": "https://mirai-llc-miyazaki.com" }, "geometry": { "type": "Point", "coordinates": [ 131.380828250797919, 31.606094654925872 ] } },
{ "type": "Feature", "properties": { "内容": "居宅介護支援事業所南風の丘【居宅介護支援】宮崎県日南市南郷町中村甲3528番地4", "url": "https://www.kaigokensaku.mhlw.go.jp/45/index.php?action_kouhyou_detail_004_kani=true&JigyosyoCd=4570401606-00&ServiceCd=430&Type=search", "url2": "https://www.taijukai.biz" }, "geometry": { "type": "Point", "coordinates": [ 131.3691355, 31.5438756 ] } },
{ "type": "Feature", "properties": { "内容": "日南市南在宅介護支援センター【居宅介護支援】宮崎県日南市大字隅谷甲1218-1", "url": "https://www.kaigokensaku.mhlw.go.jp/45/index.php?action_kouhyou_detail_004_kani=true&JigyosyoCd=4570400020-00&ServiceCd=430&Type=search", "url2": "http://www.keiwakai.co.jp" }, "geometry": { "type": "Point", "coordinates": [ 131.370474637573238, 31.576778532480809 ] } },
{ "type": "Feature", "properties": { "内容": "居宅介護支援事業所　茶の実【居宅介護支援】宮崎県日南市南郷町潟上4408番地", "url": "https://www.kaigokensaku.mhlw.go.jp/45/index.php?action_kouhyou_detail_004_kani=true&JigyosyoCd=4570401366-00&ServiceCd=430&Type=search", "url2": null }, "geometry": { "type": "Point", "coordinates": [ 131.3428824, 31.5036229 ] } },
{ "type": "Feature", "properties": { "内容": "社会福祉法人敬和会昭寿園ケアプラン作成事業所【居宅介護支援】宮崎県日南市大字風田3895番地", "url": "https://www.kaigokensaku.mhlw.go.jp/45/index.php?action_kouhyou_detail_004_kani=true&JigyosyoCd=4570400038-00&ServiceCd=430&Type=search", "url2": "http://shojuen.jp/" }, "geometry": { "type": "Point", "coordinates": [ 131.421927800000049, 31.6117073 ] } },
{ "type": "Feature", "properties": { "内容": "ケアプランセンターすこやか【居宅介護支援】宮崎県小林市細野2033番地", "url": "https://www.kaigokensaku.mhlw.go.jp/45/index.php?action_kouhyou_detail_004_kani=true&JigyosyoCd=4570501041-00&ServiceCd=430&Type=search", "url2": "www.maeharahospital.jp" }, "geometry": { "type": "Point", "coordinates": [ 130.979848400000037, 31.989246 ] } },
{ "type": "Feature", "properties": { "内容": "ケアプランセンター虹Life【居宅介護支援】宮崎県小林市細野４３６１−１", "url": "https://www.kaigokensaku.mhlw.go.jp/45/index.php?action_kouhyou_detail_004_kani=true&JigyosyoCd=4570501207-00&ServiceCd=430&Type=search", "url2": null }, "geometry": { "type": "Point", "coordinates": [ 130.9637114, 31.9741218 ] } },
{ "type": "Feature", "properties": { "内容": "居宅介護支援事業所　幸【居宅介護支援】宮崎県小林市南西方5266番地1", "url": "https://www.kaigokensaku.mhlw.go.jp/45/index.php?action_kouhyou_detail_004_kani=true&JigyosyoCd=4570501223-00&ServiceCd=430&Type=search", "url2": null }, "geometry": { "type": "Point", "coordinates": [ 130.903265688360619, 31.998186210442416 ] } },
{ "type": "Feature", "properties": { "内容": "居宅介護支援事業所おうち生活応援団小林事業所【居宅介護支援】宮崎県小林市細野1217魁ﾋﾞﾙ105号", "url": "https://www.kaigokensaku.mhlw.go.jp/45/index.php?action_kouhyou_detail_004_kani=true&JigyosyoCd=4570501090-00&ServiceCd=430&Type=search", "url2": null }, "geometry": { "type": "Point", "coordinates": [ 130.965195200000039, 31.998073 ] } },
{ "type": "Feature", "properties": { "内容": "居宅介護支援事業所こむぎ【居宅介護支援】宮崎県小林市堤3661番地", "url": "https://www.kaigokensaku.mhlw.go.jp/45/index.php?action_kouhyou_detail_004_kani=true&JigyosyoCd=4570501231-00&ServiceCd=430&Type=search", "url2": null }, "geometry": { "type": "Point", "coordinates": [ 131.0037522, 31.964337100000019 ] } },
{ "type": "Feature", "properties": { "内容": "医療法人　友愛会　野尻中央病院【居宅介護支援】宮崎県小林市野尻町東麓1176番地", "url": "https://www.kaigokensaku.mhlw.go.jp/45/index.php?action_kouhyou_detail_004_kani=true&JigyosyoCd=4571800038-00&ServiceCd=430&Type=search", "url2": "http://www.nojiri-ch.com" }, "geometry": { "type": "Point", "coordinates": [ 131.098421164279216, 31.960154099894883 ] } },
{ "type": "Feature", "properties": { "内容": "居宅介護ほほえみの園ヒストリア小林【居宅介護支援】宮崎県小林市細野1585番地16", "url": "https://www.kaigokensaku.mhlw.go.jp/45/index.php?action_kouhyou_detail_004_kani=true&JigyosyoCd=4570501132-00&ServiceCd=430&Type=search", "url2": null }, "geometry": { "type": "Point", "coordinates": [ 130.972516399999989, 31.9950556 ] } },
{ "type": "Feature", "properties": { "内容": "スクラム・テン【居宅介護支援】宮崎県小林市細野4420-1", "url": "https://www.kaigokensaku.mhlw.go.jp/45/index.php?action_kouhyou_detail_004_kani=true&JigyosyoCd=4570500209-00&ServiceCd=430&Type=search", "url2": null }, "geometry": { "type": "Point", "coordinates": [ 130.998411, 31.9869326 ] } },
{ "type": "Feature", "properties": { "内容": "医療法人けんゆう会　介護老人保健施設さわやかセンター居宅介護支援事業所【居宅介護支援】宮崎県小林市堤3008番地1", "url": "https://www.kaigokensaku.mhlw.go.jp/45/index.php?action_kouhyou_detail_004_kani=true&JigyosyoCd=4570500993-00&ServiceCd=430&Type=search", "url2": "http://www.sawayakacenter.com/" }, "geometry": { "type": "Point", "coordinates": [ 130.99762856143488, 31.982194239545993 ] } },
{ "type": "Feature", "properties": { "内容": "居宅介護支援事業所みずほ【居宅介護支援】宮崎県小林市真方８７番地", "url": "https://www.kaigokensaku.mhlw.go.jp/45/index.php?action_kouhyou_detail_004_kani=true&JigyosyoCd=4570500266-00&ServiceCd=430&Type=search", "url2": null }, "geometry": { "type": "Point", "coordinates": [ 130.978230286508165, 31.996989120312364 ] } },
{ "type": "Feature", "properties": { "内容": "ケアプランセンター　笑和【居宅介護支援】真方528-3", "url": "https://www.kaigokensaku.mhlw.go.jp/45/index.php?action_kouhyou_detail_004_kani=true&JigyosyoCd=4570501173-00&ServiceCd=430&Type=search", "url2": null }, "geometry": { "type": "Point", "coordinates": [ 130.986113166270428, 31.995357199030114 ] } },
{ "type": "Feature", "properties": { "内容": "ひなもり園ケアプランセンター【居宅介護支援】宮崎県小林市堤4380番地", "url": "https://www.kaigokensaku.mhlw.go.jp/45/index.php?action_kouhyou_detail_004_kani=true&JigyosyoCd=4570500050-00&ServiceCd=430&Type=search", "url2": "http://www.tokiwa-kai.or.jp/" }, "geometry": { "type": "Point", "coordinates": [ 131.010824800000023, 31.9622381 ] } },
{ "type": "Feature", "properties": { "内容": "ミューズの朝小林居宅介護支援センター【居宅介護支援】宮崎県小林市大字細野1478番地ミューズの朝小林", "url": "https://www.kaigokensaku.mhlw.go.jp/45/index.php?action_kouhyou_detail_004_kani=true&JigyosyoCd=4570500647-00&ServiceCd=430&Type=search", "url2": "http://hoshakai.com" }, "geometry": { "type": "Point", "coordinates": [ 130.969690899999932, 31.9879182 ] } },
{ "type": "Feature", "properties": { "内容": "ホームライフひむか　居宅介護支援【居宅介護支援】小林市堤２０７７番地８", "url": "https://www.kaigokensaku.mhlw.go.jp/45/index.php?action_kouhyou_detail_004_kani=true&JigyosyoCd=4570500696-00&ServiceCd=430&Type=search", "url2": "http://www.b-post.com/k-kubota/" }, "geometry": { "type": "Point", "coordinates": [ 131.004122685913899, 31.96087031949077 ] } },
{ "type": "Feature", "properties": { "内容": "在宅総合ケアプランセンター『絆』【居宅介護支援】宮崎県小林市細野160番地", "url": "https://www.kaigokensaku.mhlw.go.jp/45/index.php?action_kouhyou_detail_004_kani=true&JigyosyoCd=4570500407-00&ServiceCd=430&Type=search", "url2": "http://www.all-souai.or.jp/kizuna.htm" }, "geometry": { "type": "Point", "coordinates": [ 130.978465879762325, 31.994803935018091 ] } },
{ "type": "Feature", "properties": { "内容": "西小林ケアプランセンター和【居宅介護支援】宮崎県小林市大字南西方６２８６番地１‐２", "url": "https://www.kaigokensaku.mhlw.go.jp/45/index.php?action_kouhyou_detail_004_kani=true&JigyosyoCd=4570500522-00&ServiceCd=430&Type=search", "url2": "nagomiwelfare@vanilla.ocn.ne.jp" }, "geometry": { "type": "Point", "coordinates": [ 130.906136400000037, 32.0110084 ] } },
{ "type": "Feature", "properties": { "内容": "小林市社会福祉協議会【居宅介護支援】宮崎県小林市細野367番地1小林市社会福祉センター別館", "url": "https://www.kaigokensaku.mhlw.go.jp/45/index.php?action_kouhyou_detail_004_kani=true&JigyosyoCd=4570500043-00&ServiceCd=430&Type=search", "url2": "http://kobayashi-syakyo.jimdo.com/" }, "geometry": { "type": "Point", "coordinates": [ 130.9699848, 31.999205899999986 ] } },
{ "type": "Feature", "properties": { "内容": "押川病院居宅介護支援事業所【居宅介護支援】宮崎県小林市野尻町東麓1085-2", "url": "https://www.kaigokensaku.mhlw.go.jp/45/index.php?action_kouhyou_detail_004_kani=true&JigyosyoCd=4571800129-00&ServiceCd=430&Type=search", "url2": "htt㎰：//oshikawahp.com" }, "geometry": { "type": "Point", "coordinates": [ 131.103104, 31.956191 ] } },
{ "type": "Feature", "properties": { "内容": "居宅介護支援事業所　幸ちゃんの家【居宅介護支援】小林市堤２９６１-６０", "url": "https://www.kaigokensaku.mhlw.go.jp/45/index.php?action_kouhyou_detail_004_kani=true&JigyosyoCd=4571800483-00&ServiceCd=430&Type=search", "url2": "http://yukichannoie.info/" }, "geometry": { "type": "Point", "coordinates": [ 130.9910064, 31.987405300000034 ] } },
{ "type": "Feature", "properties": { "内容": "特別養護老人ホーム美穂の里【居宅介護支援】宮崎県小林市須木下田１１５２番地", "url": "https://www.kaigokensaku.mhlw.go.jp/45/index.php?action_kouhyou_detail_004_kani=true&JigyosyoCd=4571800020-00&ServiceCd=430&Type=search", "url2": "http://www.souai-kobayashi.or.jp" }, "geometry": { "type": "Point", "coordinates": [ 131.074016699999987, 32.0769259 ] } },
{ "type": "Feature", "properties": { "内容": "陽光の里居宅介護支援事業所【居宅介護支援】宮崎県小林市真方５０３８番地１", "url": "https://www.kaigokensaku.mhlw.go.jp/45/index.php?action_kouhyou_detail_004_kani=true&JigyosyoCd=4570500035-00&ServiceCd=430&Type=search", "url2": null }, "geometry": { "type": "Point", "coordinates": [ 130.995654800000011, 32.0013395 ] } },
{ "type": "Feature", "properties": { "内容": "居宅介護支援事業所しづの【居宅介護支援】小林市南西方６２７９番地１２", "url": "https://www.kaigokensaku.mhlw.go.jp/45/index.php?action_kouhyou_detail_004_kani=true&JigyosyoCd=4570500746-00&ServiceCd=430&Type=search", "url2": "https://www.kyotakusizuno2455.com" }, "geometry": { "type": "Point", "coordinates": [ 130.908841700000039, 32.0085587 ] } },
{ "type": "Feature", "properties": { "内容": "居宅介護支援事業所まこと【居宅介護支援】真方314-17", "url": "https://www.kaigokensaku.mhlw.go.jp/45/index.php?action_kouhyou_detail_004_kani=true&JigyosyoCd=4570501215-00&ServiceCd=430&Type=search", "url2": null }, "geometry": { "type": "Point", "coordinates": [ 130.981366212828021, 31.998504184305393 ] } },
{ "type": "Feature", "properties": { "内容": "ケアプランセンター悠【居宅介護支援】小林市水流迫569-13", "url": "https://www.kaigokensaku.mhlw.go.jp/45/index.php?action_kouhyou_detail_004_kani=true&JigyosyoCd=4570500670-00&ServiceCd=430&Type=search", "url2": "https//www.haruka-fukushi.com" }, "geometry": { "type": "Point", "coordinates": [ 130.99865089799502, 31.987080941627383 ] } },
{ "type": "Feature", "properties": { "内容": "特別養護老人ホームきりしまの園【居宅介護支援】宮崎県小林市野尻町三ヶ野山４３３６番地７４", "url": "https://www.kaigokensaku.mhlw.go.jp/45/index.php?action_kouhyou_detail_004_kani=true&JigyosyoCd=4571800053-00&ServiceCd=430&Type=search", "url2": "http://kirishimanosono.com/" }, "geometry": { "type": "Point", "coordinates": [ 131.077678099999957, 31.963678 ] } },
{ "type": "Feature", "properties": { "内容": "居宅介護支援事業所愛あい【居宅介護支援】宮崎県日向市財光寺2939-8", "url": "https://www.kaigokensaku.mhlw.go.jp/45/index.php?action_kouhyou_detail_004_kani=true&JigyosyoCd=4570600991-00&ServiceCd=430&Type=search", "url2": null }, "geometry": { "type": "Point", "coordinates": [ 131.625935199999958, 32.4016073 ] } },
{ "type": "Feature", "properties": { "内容": "ケアプランセンターひなた【居宅介護支援】宮崎県日向市永江町3丁目82番地", "url": "https://www.kaigokensaku.mhlw.go.jp/45/index.php?action_kouhyou_detail_004_kani=true&JigyosyoCd=4570601387-00&ServiceCd=430&Type=search", "url2": null }, "geometry": { "type": "Point", "coordinates": [ 131.63965840000003, 32.4237307 ] } },
{ "type": "Feature", "properties": { "内容": "ケアプランセンターR【居宅介護支援】宮崎県日向市原町3丁目2-19原町シティコーポ　１－A号室", "url": "https://www.kaigokensaku.mhlw.go.jp/45/index.php?action_kouhyou_detail_004_kani=true&JigyosyoCd=4570601395-00&ServiceCd=430&Type=search", "url2": null }, "geometry": { "type": "Point", "coordinates": [ 131.631689599999959, 32.4239415 ] } },
{ "type": "Feature", "properties": { "内容": "医療法人社団慶城会瀧井病院【居宅介護支援】宮崎県日向市大字塩見１１６５２番地", "url": "https://www.kaigokensaku.mhlw.go.jp/45/index.php?action_kouhyou_detail_004_kani=true&JigyosyoCd=4570600033-00&ServiceCd=430&Type=search", "url2": null }, "geometry": { "type": "Point", "coordinates": [ 131.6011426, 32.4117584 ] } },
{ "type": "Feature", "properties": { "内容": "居宅介護支援事業所　エルプラス【居宅介護支援】宮崎県日向市都町13-6第7小松ビル203号", "url": "https://www.kaigokensaku.mhlw.go.jp/45/index.php?action_kouhyou_detail_004_kani=true&JigyosyoCd=4570601585-00&ServiceCd=430&Type=search", "url2": "https://www.lpurasu.com" }, "geometry": { "type": "Point", "coordinates": [ 131.6265098, 32.4268527 ] } },
{ "type": "Feature", "properties": { "内容": "介護相談事業所　あっとほーむ【居宅介護支援】宮崎県日向市大字財光寺3445番地29", "url": "https://www.kaigokensaku.mhlw.go.jp/45/index.php?action_kouhyou_detail_004_kani=true&JigyosyoCd=4570601536-00&ServiceCd=430&Type=search", "url2": null }, "geometry": { "type": "Point", "coordinates": [ 131.6244571, 32.3990695 ] } },
{ "type": "Feature", "properties": { "内容": "日向市東臼杵郡医師会立居宅介護支援事業所【居宅介護支援】宮崎県日向市鶴町１丁目６番２号", "url": "https://www.kaigokensaku.mhlw.go.jp/45/index.php?action_kouhyou_detail_004_kani=true&JigyosyoCd=4570600439-00&ServiceCd=430&Type=search", "url2": "http://hyuga-ishikai.jp" }, "geometry": { "type": "Point", "coordinates": [ 131.6293313, 32.4266023 ] } },
{ "type": "Feature", "properties": { "内容": "ＪＡみやざき日向地区本部【居宅介護支援】宮崎県日向市鶴町14番地", "url": "https://www.kaigokensaku.mhlw.go.jp/45/index.php?action_kouhyou_detail_004_kani=true&JigyosyoCd=4570600124-00&ServiceCd=430&Type=search", "url2": null }, "geometry": { "type": "Point", "coordinates": [ 131.628781399999951, 32.4262912 ] } },
{ "type": "Feature", "properties": { "内容": "医療法人向洋会ラポール向洋ケアプランセンター【居宅介護支援】宮崎県日向市大字財光寺1131-24", "url": "https://www.kaigokensaku.mhlw.go.jp/45/index.php?action_kouhyou_detail_004_kani=true&JigyosyoCd=4570600058-00&ServiceCd=430&Type=search", "url2": "http://www.kyowahospital.jp" }, "geometry": { "type": "Point", "coordinates": [ 131.637402210311848, 32.408239308855734 ] } },
{ "type": "Feature", "properties": { "内容": "和田病院指定居宅介護支援事業所【居宅介護支援】宮崎県日向市向江町１丁目１９６－２", "url": "https://www.kaigokensaku.mhlw.go.jp/45/index.php?action_kouhyou_detail_004_kani=true&JigyosyoCd=4570600025-00&ServiceCd=430&Type=search", "url2": "http://www.fc.wada-hosp.or.jp/sienn/sien.html" }, "geometry": { "type": "Point", "coordinates": [ 131.6290285, 32.4291104 ] } },
{ "type": "Feature", "properties": { "内容": "居宅介護支援事業所ひかり【居宅介護支援】宮崎県日向市梶木町1丁目５番地２居宅介護支援事業所ひかり", "url": "https://www.kaigokensaku.mhlw.go.jp/45/index.php?action_kouhyou_detail_004_kani=true&JigyosyoCd=4570601304-00&ServiceCd=430&Type=search", "url2": "https://www.plusone-hyuga.jp" }, "geometry": { "type": "Point", "coordinates": [ 131.64083793558197, 32.451250911267721 ] } },
{ "type": "Feature", "properties": { "内容": "永寿園介護支援センター【居宅介護支援】宮崎県日向市大字富高字岩崎５４６番地１", "url": "https://www.kaigokensaku.mhlw.go.jp/45/index.php?action_kouhyou_detail_004_kani=true&JigyosyoCd=4570600041-00&ServiceCd=430&Type=search", "url2": "www.himawarikai.or.jp/" }, "geometry": { "type": "Point", "coordinates": [ 131.617576325131267, 32.42080571080804 ] } },
{ "type": "Feature", "properties": { "内容": "居宅介護支援事業所　太陽（てぃーだ）【居宅介護支援】宮崎県日向市大字平岩8611-1", "url": "https://www.kaigokensaku.mhlw.go.jp/45/index.php?action_kouhyou_detail_004_kani=true&JigyosyoCd=4570601528-00&ServiceCd=430&Type=search", "url2": null }, "geometry": { "type": "Point", "coordinates": [ 131.6254485, 32.391769 ] } },
{ "type": "Feature", "properties": { "内容": "一夢庵居宅介護支援事業所【居宅介護支援】宮崎県日向市比良町4丁目85番地", "url": "https://www.kaigokensaku.mhlw.go.jp/45/index.php?action_kouhyou_detail_004_kani=true&JigyosyoCd=4570601163-00&ServiceCd=430&Type=search", "url2": null }, "geometry": { "type": "Point", "coordinates": [ 131.618371499999967, 32.412606 ] } },
{ "type": "Feature", "properties": { "内容": "居宅介護支援事業所ほそしま【居宅介護支援】宮崎県日向市大字日知屋古田町12番地2", "url": "https://www.kaigokensaku.mhlw.go.jp/45/index.php?action_kouhyou_detail_004_kani=true&JigyosyoCd=4570600652-00&ServiceCd=430&Type=search", "url2": "http://haradagr-dp.co.jp/" }, "geometry": { "type": "Point", "coordinates": [ 131.654472700000014, 32.4251299 ] } },
{ "type": "Feature", "properties": { "内容": "合同会社天照【居宅介護支援】宮崎県日向市大字財光寺972番地10", "url": "https://www.kaigokensaku.mhlw.go.jp/45/index.php?action_kouhyou_detail_004_kani=true&JigyosyoCd=4570601460-00&ServiceCd=430&Type=search", "url2": null }, "geometry": { "type": "Point", "coordinates": [ 131.631214, 32.4067124 ] } },
{ "type": "Feature", "properties": { "内容": "居宅介護支援事業所つどい【居宅介護支援】宮崎県日向市永江町2丁目50番地", "url": "https://www.kaigokensaku.mhlw.go.jp/45/index.php?action_kouhyou_detail_004_kani=true&JigyosyoCd=4570601353-00&ServiceCd=430&Type=search", "url2": null }, "geometry": { "type": "Point", "coordinates": [ 131.62087930000007, 32.4250356 ] } },
{ "type": "Feature", "properties": { "内容": "社会福祉法人日向市社会福祉協議会東郷支所居宅介護支援事業所【居宅介護支援】宮崎県日向市東郷町山陰丙1265番地2日向市東郷地区総合福祉センター内", "url": "https://www.kaigokensaku.mhlw.go.jp/45/index.php?action_kouhyou_detail_004_kani=true&JigyosyoCd=4572100180-00&ServiceCd=430&Type=search", "url2": "http://hyuga-shakyo.or.jp/" }, "geometry": { "type": "Point", "coordinates": [ 131.5313049, 32.3940304 ] } },
{ "type": "Feature", "properties": { "内容": "立縫の里介護支援センター【居宅介護支援】宮崎県日向市美々津町4074番地", "url": "https://www.kaigokensaku.mhlw.go.jp/45/index.php?action_kouhyou_detail_004_kani=true&JigyosyoCd=4570600090-00&ServiceCd=430&Type=search", "url2": "http://www.tachinuikai.or.jp" }, "geometry": { "type": "Point", "coordinates": [ 131.597317699999962, 32.3327275 ] } },
{ "type": "Feature", "properties": { "内容": "居宅介護支援事業所おくらがはま【居宅介護支援】宮崎県日向市大字財光寺2740-6", "url": "https://www.kaigokensaku.mhlw.go.jp/45/index.php?action_kouhyou_detail_004_kani=true&JigyosyoCd=4570601361-00&ServiceCd=430&Type=search", "url2": "http://okuragahama.jp/" }, "geometry": { "type": "Point", "coordinates": [ 131.62765152023772, 32.392194049091984 ] } },
{ "type": "Feature", "properties": { "内容": "社会福祉法人　玉峰会　牧水園　居宅介護支援事業所【居宅介護支援】宮崎県日向市東郷町山陰又江野丙1422-2", "url": "https://www.kaigokensaku.mhlw.go.jp/45/index.php?action_kouhyou_detail_004_kani=true&JigyosyoCd=4572100388-00&ServiceCd=430&Type=search", "url2": "http://gyokuhou-kai.or.jp/" }, "geometry": { "type": "Point", "coordinates": [ 131.531970795207144, 32.394190226520401 ] } },
{ "type": "Feature", "properties": { "内容": "居宅介護支援事業所ふくじゅそう【居宅介護支援】宮崎県日向市大字日知屋14693-1", "url": "https://www.kaigokensaku.mhlw.go.jp/45/index.php?action_kouhyou_detail_004_kani=true&JigyosyoCd=4570600702-00&ServiceCd=430&Type=search", "url2": null }, "geometry": { "type": "Point", "coordinates": [ 131.636887900000033, 32.451286 ] } },
{ "type": "Feature", "properties": { "内容": "居宅介護支援センターさくら【居宅介護支援】宮崎県串間市大字西方７２６２－３前田ｺｰﾎﾟ２０２号室", "url": "https://www.kaigokensaku.mhlw.go.jp/45/index.php?action_kouhyou_detail_004_kani=true&JigyosyoCd=4570700510-00&ServiceCd=430&Type=search", "url2": null }, "geometry": { "type": "Point", "coordinates": [ 131.220414600000026, 31.4578813 ] } },
{ "type": "Feature", "properties": { "内容": "串間市民病院　居宅介護支援事業所【居宅介護支援】宮崎県串間市大字西方7917番地串間市民病院内", "url": "https://www.kaigokensaku.mhlw.go.jp/45/index.php?action_kouhyou_detail_004_kani=true&JigyosyoCd=4570700536-00&ServiceCd=430&Type=search", "url2": "http://kushima-municipal-hospital.com/" }, "geometry": { "type": "Point", "coordinates": [ 131.217913100000033, 31.4644266 ] } },
{ "type": "Feature", "properties": { "内容": "けんなんシルバーケアプランセンター【居宅介護支援】宮崎県串間市大字西方3728番地医療法人十善会　県南病院　内", "url": "https://www.kaigokensaku.mhlw.go.jp/45/index.php?action_kouhyou_detail_004_kani=true&JigyosyoCd=4570700213-00&ServiceCd=430&Type=search", "url2": "kennanscc@kennan-hospital.or.jp" }, "geometry": { "type": "Point", "coordinates": [ 131.233613745978658, 31.474069949360238 ] } },
{ "type": "Feature", "properties": { "内容": "医療法人社団とめのファミリークリニック居宅介護支援事業所【居宅介護支援】宮崎県串間市大字都井宮ノ前2179番地", "url": "https://www.kaigokensaku.mhlw.go.jp/45/index.php?action_kouhyou_detail_004_kani=true&JigyosyoCd=4570700031-00&ServiceCd=430&Type=search", "url2": null }, "geometry": { "type": "Point", "coordinates": [ 131.305841839307078, 31.397702542270554 ] } },
{ "type": "Feature", "properties": { "内容": "宮崎県串間市大字西方15153番地3【居宅介護支援】宮崎県串間市大字西方15153番地3居宅介護支援事業所　プランニングハートむつみ", "url": "https://www.kaigokensaku.mhlw.go.jp/45/index.php?action_kouhyou_detail_004_kani=true&JigyosyoCd=4570700502-00&ServiceCd=430&Type=search", "url2": "www.kosodate-web.com/mutumikai/index.html" }, "geometry": { "type": "Point", "coordinates": [ 131.203370025302007, 31.4582651647079 ] } },
{ "type": "Feature", "properties": { "内容": "寿楽園在宅介護支援センター【居宅介護支援】宮崎県串間市大字西方4341-1", "url": "https://www.kaigokensaku.mhlw.go.jp/45/index.php?action_kouhyou_detail_004_kani=true&JigyosyoCd=4570700023-00&ServiceCd=430&Type=search", "url2": "https://kuroshiokai.com" }, "geometry": { "type": "Point", "coordinates": [ 131.22927249589236, 31.469841215086543 ] } },
{ "type": "Feature", "properties": { "内容": "社会福祉法人幸寿会幸寿園【居宅介護支援】宮崎県串間市大字串間１０９４番地", "url": "https://www.kaigokensaku.mhlw.go.jp/45/index.php?action_kouhyou_detail_004_kani=true&JigyosyoCd=4570700015-00&ServiceCd=430&Type=search", "url2": "http://www.y-mori.com" }, "geometry": { "type": "Point", "coordinates": [ 131.25090380000006, 31.496258 ] } },
{ "type": "Feature", "properties": { "内容": "介護センターあすか【居宅介護支援】宮崎県串間市大字西方5630-1", "url": "https://www.kaigokensaku.mhlw.go.jp/45/index.php?action_kouhyou_detail_004_kani=true&JigyosyoCd=4570700130-00&ServiceCd=430&Type=search", "url2": "https://www.tatugutikai.jp/" }, "geometry": { "type": "Point", "coordinates": [ 131.226372393489925, 31.463728634632933 ] } },
{ "type": "Feature", "properties": { "内容": "串間市長寿の里在宅介護支援センター【居宅介護支援】宮崎県串間市大字奈留5298-3", "url": "https://www.kaigokensaku.mhlw.go.jp/45/index.php?action_kouhyou_detail_004_kani=true&JigyosyoCd=4570700064-00&ServiceCd=430&Type=search", "url2": "http://www.shueikai.or.jp/" }, "geometry": { "type": "Point", "coordinates": [ 131.246595, 31.5133006 ] } },
{ "type": "Feature", "properties": { "内容": "居宅介護支援事業所ほたるの郷【居宅介護支援】宮崎県串間市大字本城7610番地2", "url": "https://www.kaigokensaku.mhlw.go.jp/45/index.php?action_kouhyou_detail_004_kani=true&JigyosyoCd=4570700544-00&ServiceCd=430&Type=search", "url2": "https://mesotes-hotarunosato.com/about/" }, "geometry": { "type": "Point", "coordinates": [ 131.263366459559222, 31.430265941152602 ] } },
{ "type": "Feature", "properties": { "内容": "ケアプランセンターひむか【居宅介護支援】宮崎県西都市大字右松2503番地1", "url": "https://www.kaigokensaku.mhlw.go.jp/45/index.php?action_kouhyou_detail_004_kani=true&JigyosyoCd=4570800716-00&ServiceCd=430&Type=search", "url2": null }, "geometry": { "type": "Point", "coordinates": [ 131.402541499999984, 32.1047319 ] } },
{ "type": "Feature", "properties": { "内容": "社会福祉法人西都市社会福祉協議会【居宅介護支援】宮崎県西都市大字清水1035番地1", "url": "https://www.kaigokensaku.mhlw.go.jp/45/index.php?action_kouhyou_detail_004_kani=true&JigyosyoCd=4570800039-00&ServiceCd=430&Type=search", "url2": "https://www.saito-syakyou" }, "geometry": { "type": "Point", "coordinates": [ 131.379348599999958, 32.1012627 ] } },
{ "type": "Feature", "properties": { "内容": "居宅介護支援事業所　結の樹【居宅介護支援】宮崎県西都市聖陵町1-68番地聖陵コーポ1-2号室", "url": "https://www.kaigokensaku.mhlw.go.jp/45/index.php?action_kouhyou_detail_004_kani=true&JigyosyoCd=4570800708-00&ServiceCd=430&Type=search", "url2": null }, "geometry": { "type": "Point", "coordinates": [ 131.400621900000033, 32.109987 ] } },
{ "type": "Feature", "properties": { "内容": "居宅介護支援センター　ここ笑み【居宅介護支援】西都市大字平郡５６４番地３", "url": "https://www.kaigokensaku.mhlw.go.jp/45/index.php?action_kouhyou_detail_004_kani=true&JigyosyoCd=4570800666-00&ServiceCd=430&Type=search", "url2": null }, "geometry": { "type": "Point", "coordinates": [ 131.372889663397245, 32.08921408144613 ] } },
{ "type": "Feature", "properties": { "内容": "ケアプランセンターひむか【居宅介護支援】宮崎県西都市大字右松2503番地1", "url": "https://www.kaigokensaku.mhlw.go.jp/45/index.php?action_kouhyou_detail_004_kani=true&JigyosyoCd=4570800815-00&ServiceCd=430&Type=search", "url2": null }, "geometry": { "type": "Point", "coordinates": [ 131.402467800000011, 32.1047575 ] } },
{ "type": "Feature", "properties": { "内容": "西都市中央在宅介護支援センター【居宅介護支援】西都市御舟町1丁目93番地2", "url": "https://www.kaigokensaku.mhlw.go.jp/45/index.php?action_kouhyou_detail_004_kani=true&JigyosyoCd=4570800047-00&ServiceCd=430&Type=search", "url2": "http://www.ryutoku.or.jp/" }, "geometry": { "type": "Point", "coordinates": [ 131.403168899999969, 32.1111424 ] } },
{ "type": "Feature", "properties": { "内容": "右松ケアプランセンター【居宅介護支援】宮崎県西都市妻町3丁目129　河野店舗A棟", "url": "https://www.kaigokensaku.mhlw.go.jp/45/index.php?action_kouhyou_detail_004_kani=true&JigyosyoCd=4570800468-00&ServiceCd=430&Type=search", "url2": null }, "geometry": { "type": "Point", "coordinates": [ 131.407386275414524, 32.111400291618367 ] } },
{ "type": "Feature", "properties": { "内容": "三納の里居宅介護支援事業所【居宅介護支援】宮崎県西都市平郡598番地1", "url": "https://www.kaigokensaku.mhlw.go.jp/45/index.php?action_kouhyou_detail_004_kani=true&JigyosyoCd=4570800377-00&ServiceCd=430&Type=search", "url2": "https://sanseikai-sw.jp" }, "geometry": { "type": "Point", "coordinates": [ 131.3737, 32.087617 ] } },
{ "type": "Feature", "properties": { "内容": "ミューズの朝西都居宅介護支援事業所【居宅介護支援】宮崎県西都市大字岡富658番地２", "url": "https://www.kaigokensaku.mhlw.go.jp/45/index.php?action_kouhyou_detail_004_kani=true&JigyosyoCd=4570800534-00&ServiceCd=430&Type=search", "url2": "http://hoshakai.com" }, "geometry": { "type": "Point", "coordinates": [ 131.410518941474976, 32.074569906694073 ] } },
{ "type": "Feature", "properties": { "内容": "在宅介護支援センター並木の里【居宅介護支援】宮崎県西都市大字下三財8124-8", "url": "https://www.kaigokensaku.mhlw.go.jp/45/index.php?action_kouhyou_detail_004_kani=true&JigyosyoCd=4570800021-00&ServiceCd=430&Type=search", "url2": "https://gyoseikai-med.jp/" }, "geometry": { "type": "Point", "coordinates": [ 131.344877600000018, 32.0693458 ] } },
{ "type": "Feature", "properties": { "内容": "西都市在宅介護支援センター幸楽荘【居宅介護支援】宮崎県西都市大字茶臼原字轟941番地1", "url": "https://www.kaigokensaku.mhlw.go.jp/45/index.php?action_kouhyou_detail_004_kani=true&JigyosyoCd=4570800013-00&ServiceCd=430&Type=search", "url2": "http://www.kourakuso@m-shinwakai.jp/" }, "geometry": { "type": "Point", "coordinates": [ 131.417582354778233, 32.140530364390798 ] } },
{ "type": "Feature", "properties": { "内容": "居宅介護支援　ひなた【居宅介護支援】宮崎県西都市大字下三財1548番地", "url": "https://www.kaigokensaku.mhlw.go.jp/45/index.php?action_kouhyou_detail_004_kani=true&JigyosyoCd=4570800492-00&ServiceCd=430&Type=search", "url2": null }, "geometry": { "type": "Point", "coordinates": [ 131.363426, 32.0780565 ] } },
{ "type": "Feature", "properties": { "内容": "とのこおり荘指定居宅介護支援事業所【居宅介護支援】宮崎県西都市大字岩爪１６４５", "url": "https://www.kaigokensaku.mhlw.go.jp/45/index.php?action_kouhyou_detail_004_kani=true&JigyosyoCd=4570800161-00&ServiceCd=430&Type=search", "url2": null }, "geometry": { "type": "Point", "coordinates": [ 131.384021, 32.0451788 ] } },
{ "type": "Feature", "properties": { "内容": "渡辺医院【居宅介護支援】宮崎県えびの市大字向江９２９番地", "url": "https://www.kaigokensaku.mhlw.go.jp/45/index.php?action_kouhyou_detail_004_kani=true&JigyosyoCd=4510910385-00&ServiceCd=430&Type=search", "url2": null }, "geometry": { "type": "Point", "coordinates": [ 130.76528350000001, 32.0473425 ] } },
{ "type": "Feature", "properties": { "内容": "居宅介護支援センターやすらぎ【居宅介護支援】宮崎県えびの市大字栗下1608", "url": "https://www.kaigokensaku.mhlw.go.jp/45/index.php?action_kouhyou_detail_004_kani=true&JigyosyoCd=4570900169-00&ServiceCd=430&Type=search", "url2": null }, "geometry": { "type": "Point", "coordinates": [ 130.810796200000027, 32.0453441 ] } },
{ "type": "Feature", "properties": { "内容": "居宅介護支援事業所　りぼん【居宅介護支援】えびの市大字岡松1053番地", "url": "https://www.kaigokensaku.mhlw.go.jp/45/index.php?action_kouhyou_detail_004_kani=true&JigyosyoCd=4570900458-00&ServiceCd=430&Type=search", "url2": null }, "geometry": { "type": "Point", "coordinates": [ 130.752058, 32.048775 ] } },
{ "type": "Feature", "properties": { "内容": "ケアプラン活きがい発電所【居宅介護支援】宮崎県えびの市大字原田2734-90", "url": "https://www.kaigokensaku.mhlw.go.jp/45/index.php?action_kouhyou_detail_004_kani=true&JigyosyoCd=4570900409-00&ServiceCd=430&Type=search", "url2": null }, "geometry": { "type": "Point", "coordinates": [ 130.867502300000012, 32.0360683 ] } },
{ "type": "Feature", "properties": { "内容": "えびの市西部指定居宅介護支援事業所【居宅介護支援】宮崎県えびの市大字岡松1番地", "url": "https://www.kaigokensaku.mhlw.go.jp/45/index.php?action_kouhyou_detail_004_kani=true&JigyosyoCd=4570900037-00&ServiceCd=430&Type=search", "url2": null }, "geometry": { "type": "Point", "coordinates": [ 130.753792800000042, 32.041959400000017 ] } },
{ "type": "Feature", "properties": { "内容": "社会福祉法人えびの市社会福祉協議会【居宅介護支援】宮崎県えびの市大字栗下６７番地", "url": "https://www.kaigokensaku.mhlw.go.jp/45/index.php?action_kouhyou_detail_004_kani=true&JigyosyoCd=4570900045-00&ServiceCd=430&Type=search", "url2": "http://www.ebino-syakyo.jp/" }, "geometry": { "type": "Point", "coordinates": [ 130.813695899999971, 32.0450554 ] } },
{ "type": "Feature", "properties": { "内容": "訪問看護ステーションケアふる【居宅介護支援】宮崎県えびの市大字栗下209番地5", "url": "https://www.kaigokensaku.mhlw.go.jp/45/index.php?action_kouhyou_detail_004_kani=true&JigyosyoCd=4560990006-00&ServiceCd=430&Type=search", "url2": null }, "geometry": { "type": "Point", "coordinates": [ 130.815170800000033, 32.0434806 ] } },
{ "type": "Feature", "properties": { "内容": "さくら苑新館【居宅介護支援】宮崎県えびの市大字大河平4633番地10号", "url": "https://www.kaigokensaku.mhlw.go.jp/45/index.php?action_kouhyou_detail_004_kani=true&JigyosyoCd=4570900060-00&ServiceCd=430&Type=search", "url2": "http://www.kyk.or.jp/" }, "geometry": { "type": "Point", "coordinates": [ 130.91139069999997, 32.0408058 ] } },
{ "type": "Feature", "properties": { "内容": "指定居宅介護支援事業所ゆうゆう【居宅介護支援】宮崎県えびの市大字亀沢272番地", "url": "https://www.kaigokensaku.mhlw.go.jp/45/index.php?action_kouhyou_detail_004_kani=true&JigyosyoCd=4570900235-00&ServiceCd=430&Type=search", "url2": null }, "geometry": { "type": "Point", "coordinates": [ 130.752509922159561, 32.03776515299166 ] } },
{ "type": "Feature", "properties": { "内容": "ケアプランセンターほうよう【居宅介護支援】宮崎県えびの市大字原田2216-10", "url": "https://www.kaigokensaku.mhlw.go.jp/45/index.php?action_kouhyou_detail_004_kani=true&JigyosyoCd=4570900110-00&ServiceCd=430&Type=search", "url2": "http://www.keiwakai-hoyo.com" }, "geometry": { "type": "Point", "coordinates": [ 130.8700308, 32.0308362 ] } },
{ "type": "Feature", "properties": { "内容": "ヤマゲ居宅介護支援事業所【居宅介護支援】宮崎県えびの市大字永山1182-1えびの市起業支援センター", "url": "https://www.kaigokensaku.mhlw.go.jp/45/index.php?action_kouhyou_detail_004_kani=true&JigyosyoCd=4570900474-00&ServiceCd=430&Type=search", "url2": "https://net-yui.jp/zaitaku/1272" }, "geometry": { "type": "Point", "coordinates": [ 130.8108906, 32.0466968 ] } },
{ "type": "Feature", "properties": { "内容": "居宅介護支援　ハーモニー【居宅介護支援】宮崎県北諸県郡三股町大字蓼池4107番地堤借家　1号", "url": "https://www.kaigokensaku.mhlw.go.jp/45/index.php?action_kouhyou_detail_004_kani=true&JigyosyoCd=4571700949-00&ServiceCd=430&Type=search", "url2": "sasaeai772686@btvm.ne.jp" }, "geometry": { "type": "Point", "coordinates": [ 131.118803526446754, 31.76685575103167 ] } },
{ "type": "Feature", "properties": { "内容": "居宅介護支援事業所　たでいけ至福の園【居宅介護支援】宮崎県北諸県郡三股町大字蓼池３６３７番地１", "url": "https://www.kaigokensaku.mhlw.go.jp/45/index.php?action_kouhyou_detail_004_kani=true&JigyosyoCd=4571701053-00&ServiceCd=430&Type=search", "url2": "http://hara-care.com/" }, "geometry": { "type": "Point", "coordinates": [ 131.113584917860408, 31.762428877936383 ] } },
{ "type": "Feature", "properties": { "内容": "宮崎県北諸県郡三股町稗田24番地4【居宅介護支援】宮崎県北諸県郡三股町稗田24番地4", "url": "https://www.kaigokensaku.mhlw.go.jp/45/index.php?action_kouhyou_detail_004_kani=true&JigyosyoCd=4571701202-00&ServiceCd=430&Type=search", "url2": null }, "geometry": { "type": "Point", "coordinates": [ 131.1102684, 31.7316713 ] } },
{ "type": "Feature", "properties": { "内容": "霧島介護サービスステーション【居宅介護支援】宮崎県北諸県郡三股町大字宮村字植木2860-1", "url": "https://www.kaigokensaku.mhlw.go.jp/45/index.php?action_kouhyou_detail_004_kani=true&JigyosyoCd=4571700428-00&ServiceCd=430&Type=search", "url2": "http://www.fukushitateno.jp" }, "geometry": { "type": "Point", "coordinates": [ 131.100887372823507, 31.723783195734832 ] } },
{ "type": "Feature", "properties": { "内容": "医療法人社団牧会ふれあい指定居宅介護支援事業所【居宅介護支援】宮崎県北諸県郡三股町大字蓼池660番地", "url": "https://www.kaigokensaku.mhlw.go.jp/45/index.php?action_kouhyou_detail_004_kani=true&JigyosyoCd=4571700121-00&ServiceCd=430&Type=search", "url2": null }, "geometry": { "type": "Point", "coordinates": [ 131.1145368, 31.748667 ] } },
{ "type": "Feature", "properties": { "内容": "ソーシャルプランニング　和花【居宅介護支援】宮崎県北諸県郡三股町大字樺山1924番地53", "url": "https://www.kaigokensaku.mhlw.go.jp/45/index.php?action_kouhyou_detail_004_kani=true&JigyosyoCd=4571701210-00&ServiceCd=430&Type=search", "url2": "https://sites.google.com/view/nextinobe-shon" }, "geometry": { "type": "Point", "coordinates": [ 131.1056662, 31.729293 ] } },
{ "type": "Feature", "properties": { "内容": "居宅介護支援事業所花【居宅介護支援】宮崎県北諸県郡三股町大字樺山1899番地2", "url": "https://www.kaigokensaku.mhlw.go.jp/45/index.php?action_kouhyou_detail_004_kani=true&JigyosyoCd=4571701178-00&ServiceCd=430&Type=search", "url2": null }, "geometry": { "type": "Point", "coordinates": [ 131.1059022, 31.7259866 ] } },
{ "type": "Feature", "properties": { "内容": "ミューズの朝三股　居宅介護支援センター【居宅介護支援】宮崎県北諸県郡三股町大字樺山字射場前４５６８番地１", "url": "https://www.kaigokensaku.mhlw.go.jp/45/index.php?action_kouhyou_detail_004_kani=true&JigyosyoCd=4571700865-00&ServiceCd=430&Type=search", "url2": "http://hoshakai.com/" }, "geometry": { "type": "Point", "coordinates": [ 131.124809, 31.7306856 ] } },
{ "type": "Feature", "properties": { "内容": "うぇりんぐ居宅介護支援事業所【居宅介護支援】宮崎県北諸県郡三股町樺山１３２１－２", "url": "https://www.kaigokensaku.mhlw.go.jp/45/index.php?action_kouhyou_detail_004_kani=true&JigyosyoCd=4571700881-00&ServiceCd=430&Type=search", "url2": "https://www/welling-npo.ne.jp" }, "geometry": { "type": "Point", "coordinates": [ 131.122276100000022, 31.7175617 ] } },
{ "type": "Feature", "properties": { "内容": "みんなの居宅みまた【居宅介護支援】宮崎県北諸県郡三股町樺山字大工原3139番地4サンマルクコーポI-101", "url": "https://www.kaigokensaku.mhlw.go.jp/45/index.php?action_kouhyou_detail_004_kani=true&JigyosyoCd=4571701228-00&ServiceCd=430&Type=search", "url2": null }, "geometry": { "type": "Point", "coordinates": [ 131.135102499999988, 31.7133115 ] } },
{ "type": "Feature", "properties": { "内容": "社会福祉法人三股町社会福祉協議会【居宅介護支援】宮崎県北諸県郡三股町大字樺山３３８４番地２", "url": "https://www.kaigokensaku.mhlw.go.jp/45/index.php?action_kouhyou_detail_004_kani=true&JigyosyoCd=4571700089-00&ServiceCd=430&Type=search", "url2": "http://www.mimata-syakyou.or.jp/" }, "geometry": { "type": "Point", "coordinates": [ 131.121520299999929, 31.728894 ] } },
{ "type": "Feature", "properties": { "内容": "星空の都居宅介護支援センターみまた【居宅介護支援】宮崎県北諸県郡三股町大字長田１２６６番地１", "url": "https://www.kaigokensaku.mhlw.go.jp/45/index.php?action_kouhyou_detail_004_kani=true&JigyosyoCd=4571700105-00&ServiceCd=430&Type=search", "url2": "http://www.joryokukai.com/" }, "geometry": { "type": "Point", "coordinates": [ 131.132191599999942, 31.7438455 ] } },
{ "type": "Feature", "properties": { "内容": "ケアサポート明輝【居宅介護支援】北諸県郡三股町大字蓼池3536番地3", "url": "https://www.kaigokensaku.mhlw.go.jp/45/index.php?action_kouhyou_detail_004_kani=true&JigyosyoCd=4571700980-00&ServiceCd=430&Type=search", "url2": null }, "geometry": { "type": "Point", "coordinates": [ 131.120480251342769, 31.762989005681199 ] } },
{ "type": "Feature", "properties": { "内容": "江夏整形外科ケアプランセンター【居宅介護支援】宮崎県北諸県郡三股町大字宮村2846-1番地", "url": "https://www.kaigokensaku.mhlw.go.jp/45/index.php?action_kouhyou_detail_004_kani=true&JigyosyoCd=4571701236-00&ServiceCd=430&Type=search", "url2": "enatsu-seikeigeka.com" }, "geometry": { "type": "Point", "coordinates": [ 131.100379508667714, 31.718891342409179 ] } },
{ "type": "Feature", "properties": { "内容": "ケアプランセンターさの【居宅介護支援】宮崎県西諸県郡高原町大字西麓５８３番地", "url": "https://www.kaigokensaku.mhlw.go.jp/45/index.php?action_kouhyou_detail_004_kani=true&JigyosyoCd=4571800558-00&ServiceCd=430&Type=search", "url2": "http://hp.kaipoke.biz/9yk/" }, "geometry": { "type": "Point", "coordinates": [ 130.991472499999958, 31.924552900000016 ] } },
{ "type": "Feature", "properties": { "内容": "居宅介護支援事業所あおば【居宅介護支援】宮崎県西諸県郡高原町大字広原2158番地", "url": "https://www.kaigokensaku.mhlw.go.jp/45/index.php?action_kouhyou_detail_004_kani=true&JigyosyoCd=4570204521-00&ServiceCd=430&Type=search", "url2": "https://www.kyotakukaigosienaoba.com/" }, "geometry": { "type": "Point", "coordinates": [ 130.9896762, 31.9573344 ] } },
{ "type": "Feature", "properties": { "内容": "ﾐｭｰｽﾞの朝高原居宅介護支援事業所【居宅介護支援】宮崎県西諸県郡高原町大字西麓432-2", "url": "https://www.kaigokensaku.mhlw.go.jp/45/index.php?action_kouhyou_detail_004_kani=true&JigyosyoCd=4571800061-00&ServiceCd=430&Type=search", "url2": "http://hoshakai.com/" }, "geometry": { "type": "Point", "coordinates": [ 131.00698680000005, 31.9291688 ] } },
{ "type": "Feature", "properties": { "内容": "社会福祉法人高原町社会福祉協議会【居宅介護支援】宮崎県西諸県郡高原町大字西麓360番地1高原町総合保健福祉センターほほえみ館", "url": "https://www.kaigokensaku.mhlw.go.jp/45/index.php?action_kouhyou_detail_004_kani=true&JigyosyoCd=4571800111-00&ServiceCd=430&Type=search", "url2": "http://www.takaharu-shakyo.jp/" }, "geometry": { "type": "Point", "coordinates": [ 131.004575899999963, 31.9269606 ] } },
{ "type": "Feature", "properties": { "内容": "医療法人豊寿会居宅介護支援皇子原【居宅介護支援】宮崎県西諸県郡高原町大字西麓173番地3", "url": "https://www.kaigokensaku.mhlw.go.jp/45/index.php?action_kouhyou_detail_004_kani=true&JigyosyoCd=4571800046-00&ServiceCd=430&Type=search", "url2": null }, "geometry": { "type": "Point", "coordinates": [ 131.0006763, 31.923683 ] } },
{ "type": "Feature", "properties": { "内容": "ケアサポートなみき【居宅介護支援】宮崎県　西諸県郡　高原町大字蒲牟田1066番地27", "url": "https://www.kaigokensaku.mhlw.go.jp/45/index.php?action_kouhyou_detail_004_kani=true&JigyosyoCd=4571800574-00&ServiceCd=430&Type=search", "url2": "http://hp.kaipoke.biz/a2f/" }, "geometry": { "type": "Point", "coordinates": [ 130.988799299999982, 31.9222883 ] } },
{ "type": "Feature", "properties": { "内容": "びえんと居宅介護支援事業所【居宅介護支援】宮崎県東諸県郡国富町大字三名2621番地5", "url": "https://www.kaigokensaku.mhlw.go.jp/45/index.php?action_kouhyou_detail_004_kani=true&JigyosyoCd=4571901166-00&ServiceCd=430&Type=search", "url2": "http://miyazakieden.ec-net.jp/" }, "geometry": { "type": "Point", "coordinates": [ 131.349607635057026, 32.007227684469434 ] } },
{ "type": "Feature", "properties": { "内容": "企業組合福祉サービスみちくさ　居宅介護支援事業所【居宅介護支援】向高字和田1383番地１", "url": "https://www.kaigokensaku.mhlw.go.jp/45/index.php?action_kouhyou_detail_004_kani=true&JigyosyoCd=4571900531-00&ServiceCd=430&Type=search", "url2": null }, "geometry": { "type": "Point", "coordinates": [ 131.285987799999987, 31.9886148 ] } },
{ "type": "Feature", "properties": { "内容": "社会福祉法人慶明会　国富慶明会在宅介護支援センター【居宅介護支援】宮崎県東諸県郡国富町大字岩知野字明久357番地", "url": "https://www.kaigokensaku.mhlw.go.jp/45/index.php?action_kouhyou_detail_004_kani=true&JigyosyoCd=4571900028-00&ServiceCd=430&Type=search", "url2": "http://www.keimeisw.or.jp/" }, "geometry": { "type": "Point", "coordinates": [ 131.323535399999969, 31.9906436 ] } },
{ "type": "Feature", "properties": { "内容": "ミューズの朝国富居宅介護支援事業所【居宅介護支援】宮崎県東諸県郡国富町大字本庄６５２２－１", "url": "https://www.kaigokensaku.mhlw.go.jp/45/index.php?action_kouhyou_detail_004_kani=true&JigyosyoCd=4571900887-00&ServiceCd=430&Type=search", "url2": "managers@hoshakai.com" }, "geometry": { "type": "Point", "coordinates": [ 131.31197480000003, 31.992782 ] } },
{ "type": "Feature", "properties": { "内容": "国富中央居宅介護支援事業所【居宅介護支援】宮崎県東諸県郡国富町大字本庄8107番地", "url": "https://www.kaigokensaku.mhlw.go.jp/45/index.php?action_kouhyou_detail_004_kani=true&JigyosyoCd=4571900168-00&ServiceCd=430&Type=search", "url2": null }, "geometry": { "type": "Point", "coordinates": [ 131.329918099999986, 31.9972626 ] } },
{ "type": "Feature", "properties": { "内容": "ＴＳケア【居宅介護支援】宮崎県東諸県郡国富町大字木脇1236-1", "url": "https://www.kaigokensaku.mhlw.go.jp/45/index.php?action_kouhyou_detail_004_kani=true&JigyosyoCd=4571901190-00&ServiceCd=430&Type=search", "url2": null }, "geometry": { "type": "Point", "coordinates": [ 131.3627176, 31.9875187 ] } },
{ "type": "Feature", "properties": { "内容": "合同会社ケアプランセンターSASAE【居宅介護支援】宮崎県東諸県郡国富町大字本庄１７３７番地１２", "url": "https://www.kaigokensaku.mhlw.go.jp/45/index.php?action_kouhyou_detail_004_kani=true&JigyosyoCd=4571900838-00&ServiceCd=430&Type=search", "url2": "http://www5.hp-ez.com/hp/sasae" }, "geometry": { "type": "Point", "coordinates": [ 131.335110751309458, 31.990212321221613 ] } },
{ "type": "Feature", "properties": { "内容": "不老閣居宅介護支援事業所【居宅介護支援】宮崎県東諸県郡国富町大字八代南俣２０４７番地２", "url": "https://www.kaigokensaku.mhlw.go.jp/45/index.php?action_kouhyou_detail_004_kani=true&JigyosyoCd=4571900705-00&ServiceCd=430&Type=search", "url2": null }, "geometry": { "type": "Point", "coordinates": [ 131.303623099999982, 32.0292177 ] } },
{ "type": "Feature", "properties": { "内容": "ケアプランセンターてる【居宅介護支援】宮崎県東諸県郡国富町大字深年6628", "url": "https://www.kaigokensaku.mhlw.go.jp/45/index.php?action_kouhyou_detail_004_kani=true&JigyosyoCd=4571900937-00&ServiceCd=430&Type=search", "url2": "fukumoto4569@gmail.com" }, "geometry": { "type": "Point", "coordinates": [ 131.309924200000069, 32.0057339 ] } },
{ "type": "Feature", "properties": { "内容": "社会福祉法人慶明会　綾慶明会在宅介護支援センター【居宅介護支援】宮崎県東諸県郡綾町大字北俣字平田26番地7", "url": "https://www.kaigokensaku.mhlw.go.jp/45/index.php?action_kouhyou_detail_004_kani=true&JigyosyoCd=4571901026-00&ServiceCd=430&Type=search", "url2": "http://www.keimeisw.or.jp" }, "geometry": { "type": "Point", "coordinates": [ 131.263256954189274, 31.999379398138966 ] } },
{ "type": "Feature", "properties": { "内容": "居宅介護支援事業所　ケアプランぬくもり【居宅介護支援】宮崎県東諸県郡綾町大字南俣622-3", "url": "https://www.kaigokensaku.mhlw.go.jp/45/index.php?action_kouhyou_detail_004_kani=true&JigyosyoCd=4571900986-00&ServiceCd=430&Type=search", "url2": null }, "geometry": { "type": "Point", "coordinates": [ 131.252548700000034, 31.9967439 ] } },
{ "type": "Feature", "properties": { "内容": "プランニング　諸井【居宅介護支援】大字北俣372番地7", "url": "https://www.kaigokensaku.mhlw.go.jp/45/index.php?action_kouhyou_detail_004_kani=true&JigyosyoCd=4571900903-00&ServiceCd=430&Type=search", "url2": null }, "geometry": { "type": "Point", "coordinates": [ 131.2580951, 32.0018854 ] } },
{ "type": "Feature", "properties": { "内容": "ケアプランやすらぎ【居宅介護支援】宮崎県東諸県郡綾町大字入野3282-1やすらぎの杜内", "url": "https://www.kaigokensaku.mhlw.go.jp/45/index.php?action_kouhyou_detail_004_kani=true&JigyosyoCd=4571900879-00&ServiceCd=430&Type=search", "url2": "http://yasuragi-sato.main.jp" }, "geometry": { "type": "Point", "coordinates": [ 131.270610459924342, 31.998497968290209 ] } },
{ "type": "Feature", "properties": { "内容": "居宅介護支援事業所こころ【居宅介護支援】宮崎県児湯郡高鍋町大字高鍋町５０７番地２", "url": "https://www.kaigokensaku.mhlw.go.jp/45/index.php?action_kouhyou_detail_004_kani=true&JigyosyoCd=4572001966-00&ServiceCd=430&Type=search", "url2": null }, "geometry": { "type": "Point", "coordinates": [ 131.50846580000001, 32.1264102 ] } },
{ "type": "Feature", "properties": { "内容": "居宅介護支援事業所エンゼル【居宅介護支援】宮崎県児湯郡高鍋町大字持田１７４１－３", "url": "https://www.kaigokensaku.mhlw.go.jp/45/index.php?action_kouhyou_detail_004_kani=true&JigyosyoCd=4572000943-00&ServiceCd=430&Type=search", "url2": null }, "geometry": { "type": "Point", "coordinates": [ 131.51282980597378, 32.139088349207746 ] } },
{ "type": "Feature", "properties": { "内容": "居宅介護支援事業所　ミモザ【居宅介護支援】宮崎県児湯郡高鍋町大字北高鍋2608番地　エンカレム105号", "url": "https://www.kaigokensaku.mhlw.go.jp/45/index.php?action_kouhyou_detail_004_kani=true&JigyosyoCd=4572001818-00&ServiceCd=430&Type=search", "url2": null }, "geometry": { "type": "Point", "coordinates": [ 131.518291942900049, 32.122540203960881 ] } },
{ "type": "Feature", "properties": { "内容": "居宅介護支援事業所ほおのき【居宅介護支援】宮崎県児湯郡高鍋町大字北高鍋763-3", "url": "https://www.kaigokensaku.mhlw.go.jp/45/index.php?action_kouhyou_detail_004_kani=true&JigyosyoCd=4572001073-00&ServiceCd=430&Type=search", "url2": null }, "geometry": { "type": "Point", "coordinates": [ 131.507201500000065, 32.129654 ] } },
{ "type": "Feature", "properties": { "内容": "居宅介護支援事業所　凛【居宅介護支援】宮崎県児湯郡高鍋町大字北高鍋884番地3", "url": "https://www.kaigokensaku.mhlw.go.jp/45/index.php?action_kouhyou_detail_004_kani=true&JigyosyoCd=4572001842-00&ServiceCd=430&Type=search", "url2": null }, "geometry": { "type": "Point", "coordinates": [ 131.50865680000004, 32.1319426 ] } },
{ "type": "Feature", "properties": { "内容": "しゃちんぼの濱居宅介護支援事業所【居宅介護支援】宮崎県児湯郡高鍋町大字蚊口浦６１９５－６", "url": "https://www.kaigokensaku.mhlw.go.jp/45/index.php?action_kouhyou_detail_004_kani=true&JigyosyoCd=4572001701-00&ServiceCd=430&Type=search", "url2": "http://shachib・jp" }, "geometry": { "type": "Point", "coordinates": [ 131.535154499999976, 32.1252742 ] } },
{ "type": "Feature", "properties": { "内容": "居宅介護支援事業所スマイル【居宅介護支援】宮崎県児湯郡高鍋町大字上江８１６番地４", "url": "https://www.kaigokensaku.mhlw.go.jp/45/index.php?action_kouhyou_detail_004_kani=true&JigyosyoCd=4572001909-00&ServiceCd=430&Type=search", "url2": null }, "geometry": { "type": "Point", "coordinates": [ 131.504292099999986, 32.1380122 ] } },
{ "type": "Feature", "properties": { "内容": "居宅介護支援事業所　にじいろ【居宅介護支援】宮崎県児湯郡高鍋町大字北高鍋3427-6", "url": "https://www.kaigokensaku.mhlw.go.jp/45/index.php?action_kouhyou_detail_004_kani=true&JigyosyoCd=4572002071-00&ServiceCd=430&Type=search", "url2": null }, "geometry": { "type": "Point", "coordinates": [ 131.5214422, 32.1282277 ] } },
{ "type": "Feature", "properties": { "内容": "居宅介護支援事業所羽廣【居宅介護支援】宮崎県児湯郡新富町大字上富田4881-2モンブランハイツA103", "url": "https://www.kaigokensaku.mhlw.go.jp/45/index.php?action_kouhyou_detail_004_kani=true&JigyosyoCd=4572001982-00&ServiceCd=430&Type=search", "url2": "ｆ217-habiro@zaronbai.net" }, "geometry": { "type": "Point", "coordinates": [ 131.46819539570086, 32.064464276503564 ] } },
{ "type": "Feature", "properties": { "内容": "指定居宅介護支援事業所陽【居宅介護支援】宮崎県児湯郡新富町大字上富田2932-1", "url": "https://www.kaigokensaku.mhlw.go.jp/45/index.php?action_kouhyou_detail_004_kani=true&JigyosyoCd=4572000547-00&ServiceCd=430&Type=search", "url2": "haru-86@icomtweb.jp" }, "geometry": { "type": "Point", "coordinates": [ 131.478588100000024, 32.0560303 ] } },
{ "type": "Feature", "properties": { "内容": "しんとみ希望の里居宅介護支援事業所【居宅介護支援】宮崎県児湯郡新富町大字下富田字小島江629-5", "url": "https://www.kaigokensaku.mhlw.go.jp/45/index.php?action_kouhyou_detail_004_kani=true&JigyosyoCd=4572000042-00&ServiceCd=430&Type=search", "url2": "http://www.kouseikai.biz/" }, "geometry": { "type": "Point", "coordinates": [ 131.499293253092446, 32.055228674628324 ] } },
{ "type": "Feature", "properties": { "内容": "ケアプランステーションルピナス【居宅介護支援】宮崎県児湯郡新富町大字新田481-1", "url": "https://www.kaigokensaku.mhlw.go.jp/45/index.php?action_kouhyou_detail_004_kani=true&JigyosyoCd=4572000257-00&ServiceCd=430&Type=search", "url2": null }, "geometry": { "type": "Point", "coordinates": [ 131.460672599999953, 32.064423 ] } },
{ "type": "Feature", "properties": { "内容": "居宅介護支援おとなり【居宅介護支援】宮崎県児湯郡新富町大字新田4638番地１", "url": "https://www.kaigokensaku.mhlw.go.jp/45/index.php?action_kouhyou_detail_004_kani=true&JigyosyoCd=4572001016-00&ServiceCd=430&Type=search", "url2": null }, "geometry": { "type": "Point", "coordinates": [ 131.4515123, 32.0639173 ] } },
{ "type": "Feature", "properties": { "内容": "西米良村居宅介護支援事業所【居宅介護支援】宮崎県児湯郡西米良村大字竹原432番地", "url": "https://www.kaigokensaku.mhlw.go.jp/45/index.php?action_kouhyou_detail_004_kani=true&JigyosyoCd=4572000158-00&ServiceCd=430&Type=search", "url2": null }, "geometry": { "type": "Point", "coordinates": [ 131.152128800000014, 32.2409586 ] } },
{ "type": "Feature", "properties": { "内容": "居宅介護支援事業所Life【居宅介護支援】大字椎木字椎木4646-2", "url": "https://www.kaigokensaku.mhlw.go.jp/45/index.php?action_kouhyou_detail_004_kani=true&JigyosyoCd=4572001800-00&ServiceCd=430&Type=search", "url2": "http://re-plus.petit.cc" }, "geometry": { "type": "Point", "coordinates": [ 131.467571, 32.158823 ] } },
{ "type": "Feature", "properties": { "内容": "木城町社協居宅介護支援事業所【居宅介護支援】宮崎県児湯郡木城町大字高城1427番地1木城地域ふれあい館　輝らら", "url": "https://www.kaigokensaku.mhlw.go.jp/45/index.php?action_kouhyou_detail_004_kani=true&JigyosyoCd=4572000141-00&ServiceCd=430&Type=search", "url2": null }, "geometry": { "type": "Point", "coordinates": [ 131.479338043608095, 32.167824978350097 ] } },
{ "type": "Feature", "properties": { "内容": "木城町居宅介護支援事業所【居宅介護支援】宮崎県児湯郡木城町大字高城3064番地", "url": "https://www.kaigokensaku.mhlw.go.jp/45/index.php?action_kouhyou_detail_004_kani=true&JigyosyoCd=4572000323-00&ServiceCd=430&Type=search", "url2": null }, "geometry": { "type": "Point", "coordinates": [ 131.463409700000057, 32.1667912 ] } },
{ "type": "Feature", "properties": { "内容": "居宅介護支援事業所　ケアポート【居宅介護支援】宮崎県児湯郡木城町大字椎木6027-1", "url": "https://www.kaigokensaku.mhlw.go.jp/45/index.php?action_kouhyou_detail_004_kani=true&JigyosyoCd=4572001081-00&ServiceCd=430&Type=search", "url2": "https://kinose0220.com/service/day/" }, "geometry": { "type": "Point", "coordinates": [ 131.482266699999968, 32.154601 ] } },
{ "type": "Feature", "properties": { "内容": "居宅介護支援事業所そらKijo【居宅介護支援】宮崎県児湯郡城町大字椎木2289番地３コーポ池田3号室", "url": "https://www.kaigokensaku.mhlw.go.jp/45/index.php?action_kouhyou_detail_004_kani=true&JigyosyoCd=4572002048-00&ServiceCd=430&Type=search", "url2": null }, "geometry": { "type": "Point", "coordinates": [ 131.464375100000012, 32.1600982 ] } },
{ "type": "Feature", "properties": { "内容": "居宅介護支援センター蓮華【居宅介護支援】宮崎県児湯郡木城町大字高城156-1", "url": "https://www.kaigokensaku.mhlw.go.jp/45/index.php?action_kouhyou_detail_004_kani=true&JigyosyoCd=4572002055-00&ServiceCd=430&Type=search", "url2": null }, "geometry": { "type": "Point", "coordinates": [ 131.4895933, 32.1610357 ] } },
{ "type": "Feature", "properties": { "内容": "居宅介護支援事業所オレンジ【居宅介護支援】宮崎県児湯郡木城町大字椎木４５５０番地２", "url": "https://www.kaigokensaku.mhlw.go.jp/45/index.php?action_kouhyou_detail_004_kani=true&JigyosyoCd=4572000745-00&ServiceCd=430&Type=search", "url2": null }, "geometry": { "type": "Point", "coordinates": [ 131.474872799999957, 32.155848 ] } },
{ "type": "Feature", "properties": { "内容": "川南病院ケアプランセンター【居宅介護支援】宮崎県児湯郡川南町大字川南18150-47", "url": "https://www.kaigokensaku.mhlw.go.jp/45/index.php?action_kouhyou_detail_004_kani=true&JigyosyoCd=4572001040-00&ServiceCd=430&Type=search", "url2": "www.kawaminami.or.jp" }, "geometry": { "type": "Point", "coordinates": [ 131.517115500000045, 32.2160541 ] } },
{ "type": "Feature", "properties": { "内容": "社会医療法人善仁会尾鈴クリニック【居宅介護支援】宮崎県児湯郡川南町大字川南１３６８１－１", "url": "https://www.kaigokensaku.mhlw.go.jp/45/index.php?action_kouhyou_detail_004_kani=true&JigyosyoCd=4512010739-00&ServiceCd=430&Type=search", "url2": "https://www.m-zenjin.or.jp/satellite/osuzu-clinic/about" }, "geometry": { "type": "Point", "coordinates": [ 131.525979600000028, 32.1905596 ] } },
{ "type": "Feature", "properties": { "内容": "居宅介護支援事業所そら【居宅介護支援】宮崎県児湯郡川南町大字川南１７７０１番地１０８", "url": "https://www.kaigokensaku.mhlw.go.jp/45/index.php?action_kouhyou_detail_004_kani=true&JigyosyoCd=4572001461-00&ServiceCd=430&Type=search", "url2": "https://www.sora2014.com/" }, "geometry": { "type": "Point", "coordinates": [ 131.526707200000033, 32.191429 ] } },
{ "type": "Feature", "properties": { "内容": "鈴南の里居宅介護支援センター【居宅介護支援】宮崎県児湯郡川南町大字川南１２７０７番地", "url": "https://www.kaigokensaku.mhlw.go.jp/45/index.php?action_kouhyou_detail_004_kani=true&JigyosyoCd=4572000083-00&ServiceCd=430&Type=search", "url2": "http://www.suzunaminosato.com/" }, "geometry": { "type": "Point", "coordinates": [ 131.538358099999982, 32.2092444 ] } },
{ "type": "Feature", "properties": { "内容": "居宅介護支援事業所湯癒亭【居宅介護支援】宮崎県児湯郡川南町大字平田2379番地1", "url": "https://www.kaigokensaku.mhlw.go.jp/45/index.php?action_kouhyou_detail_004_kani=true&JigyosyoCd=4572000695-00&ServiceCd=430&Type=search", "url2": "https://yuuyuutei.jp/" }, "geometry": { "type": "Point", "coordinates": [ 131.52862835186761, 32.193650253221634 ] } },
{ "type": "Feature", "properties": { "内容": "居宅介護支援事業所　喜結【居宅介護支援】宮崎県児湯郡川南町大字川南16544番地19", "url": "https://www.kaigokensaku.mhlw.go.jp/45/index.php?action_kouhyou_detail_004_kani=true&JigyosyoCd=4572001834-00&ServiceCd=430&Type=search", "url2": null }, "geometry": { "type": "Point", "coordinates": [ 131.522572299999979, 32.1787717 ] } },
{ "type": "Feature", "properties": { "内容": "川南町社協ヘルプサービス【居宅介護支援】宮崎県児湯郡川南町大字川南13680-1", "url": "https://www.kaigokensaku.mhlw.go.jp/45/index.php?action_kouhyou_detail_004_kani=true&JigyosyoCd=4572000018-00&ServiceCd=430&Type=search", "url2": "http://www.kawashakyo.com/" }, "geometry": { "type": "Point", "coordinates": [ 131.526043781614675, 32.192209268545824 ] } },
{ "type": "Feature", "properties": { "内容": "ケアプランセンター和【居宅介護支援】宮崎県児湯郡都農町大字川北3538-3", "url": "https://www.kaigokensaku.mhlw.go.jp/45/index.php?action_kouhyou_detail_004_kani=true&JigyosyoCd=4572001719-00&ServiceCd=430&Type=search", "url2": null }, "geometry": { "type": "Point", "coordinates": [ 131.566329099999962, 32.2492159 ] } },
{ "type": "Feature", "properties": { "内容": "居宅介護支援事業所　杏梨【居宅介護支援】宮崎県児湯郡都農町川北1171番地3", "url": "https://www.kaigokensaku.mhlw.go.jp/45/index.php?action_kouhyou_detail_004_kani=true&JigyosyoCd=4572001941-00&ServiceCd=430&Type=search", "url2": null }, "geometry": { "type": "Point", "coordinates": [ 131.5548312, 32.2507594 ] } },
{ "type": "Feature", "properties": { "内容": "尾鈴荘居宅介護支援事業所【居宅介護支援】宮崎県児湯郡都農町大字川北5484番地1在宅福祉センター　尾鈴", "url": "https://www.kaigokensaku.mhlw.go.jp/45/index.php?action_kouhyou_detail_004_kani=true&JigyosyoCd=4572000356-00&ServiceCd=430&Type=search", "url2": null }, "geometry": { "type": "Point", "coordinates": [ 131.555912900000067, 32.2552958 ] } },
{ "type": "Feature", "properties": { "内容": "居宅介護支援事業所　たばた【居宅介護支援】宮崎県児湯郡都農町大字川北16794-7", "url": "https://www.kaigokensaku.mhlw.go.jp/45/index.php?action_kouhyou_detail_004_kani=true&JigyosyoCd=4572001594-00&ServiceCd=430&Type=search", "url2": null }, "geometry": { "type": "Point", "coordinates": [ 131.57948179999994, 32.2903198 ] } },
{ "type": "Feature", "properties": { "内容": "ケアプランサポートたいよう【居宅介護支援】宮崎県児湯郡都農町大字川北６２１９番地４２", "url": "https://www.kaigokensaku.mhlw.go.jp/45/index.php?action_kouhyou_detail_004_kani=true&JigyosyoCd=4572000927-00&ServiceCd=430&Type=search", "url2": "https://nishukai.jp/" }, "geometry": { "type": "Point", "coordinates": [ 131.5438087, 32.2506765 ] } },
{ "type": "Feature", "properties": { "内容": "夢くらぶ２４介護福祉サービス【居宅介護支援】宮崎県東臼杵郡門川町大字加草１６２９番地", "url": "https://www.kaigokensaku.mhlw.go.jp/45/index.php?action_kouhyou_detail_004_kani=true&JigyosyoCd=4572100792-00&ServiceCd=430&Type=search", "url2": null }, "geometry": { "type": "Point", "coordinates": [ 131.660434872460854, 32.487163070794814 ] } },
{ "type": "Feature", "properties": { "内容": "居宅介護支援事業所和【居宅介護支援】宮崎県東臼杵郡門川町西栄町３丁目４番１６号", "url": "https://www.kaigokensaku.mhlw.go.jp/45/index.php?action_kouhyou_detail_004_kani=true&JigyosyoCd=4572101287-00&ServiceCd=430&Type=search", "url2": null }, "geometry": { "type": "Point", "coordinates": [ 131.6475877, 32.4811596 ] } },
{ "type": "Feature", "properties": { "内容": "浩洋会居宅介護支援事業所【居宅介護支援】宮崎県東臼杵郡門川町東栄町４丁目６番３号", "url": "https://www.kaigokensaku.mhlw.go.jp/45/index.php?action_kouhyou_detail_004_kani=true&JigyosyoCd=4572100479-00&ServiceCd=430&Type=search", "url2": null }, "geometry": { "type": "Point", "coordinates": [ 131.653522807270718, 32.480734308240265 ] } },
{ "type": "Feature", "properties": { "内容": "ふれあい地球館ケアプランセンター【居宅介護支援】宮崎県東臼杵郡門川町大字庵川２５９６番地２ふれあい地球館ビル", "url": "https://www.kaigokensaku.mhlw.go.jp/45/index.php?action_kouhyou_detail_004_kani=true&JigyosyoCd=4572100933-00&ServiceCd=430&Type=search", "url2": "www.himawarikai.or.jp/" }, "geometry": { "type": "Point", "coordinates": [ 131.675399925795006, 32.484702456805877 ] } },
{ "type": "Feature", "properties": { "内容": "門川町社会福祉協議会居宅介護支援センター【居宅介護支援】宮崎県東臼杵郡門川町庵川西６丁目６０番地", "url": "https://www.kaigokensaku.mhlw.go.jp/45/index.php?action_kouhyou_detail_004_kani=true&JigyosyoCd=4572100131-00&ServiceCd=430&Type=search", "url2": null }, "geometry": { "type": "Point", "coordinates": [ 131.67381469999998, 32.4826732 ] } },
{ "type": "Feature", "properties": { "内容": "特定非営利活動法人　ふれあい【居宅介護支援】東臼杵郡門川町南町１丁目５", "url": "https://www.kaigokensaku.mhlw.go.jp/45/index.php?action_kouhyou_detail_004_kani=true&JigyosyoCd=4572101063-00&ServiceCd=430&Type=search", "url2": "https://fufu-fureai.com" }, "geometry": { "type": "Point", "coordinates": [ 131.646057089288348, 32.46255655592055 ] } },
{ "type": "Feature", "properties": { "内容": "ケアプランセンター縁【居宅介護支援】宮崎県東臼杵郡門川町南町五丁目８４番地", "url": "https://www.kaigokensaku.mhlw.go.jp/45/index.php?action_kouhyou_detail_004_kani=true&JigyosyoCd=4572101238-00&ServiceCd=430&Type=search", "url2": "http://www.hiromi5308k.com" }, "geometry": { "type": "Point", "coordinates": [ 131.649511699999948, 32.459291 ] } },
{ "type": "Feature", "properties": { "内容": "いきいき会居宅介護支援事業所【居宅介護支援】宮崎県東臼杵郡門川町須賀崎4丁目48番地", "url": "https://www.kaigokensaku.mhlw.go.jp/45/index.php?action_kouhyou_detail_004_kani=true&JigyosyoCd=4572100891-00&ServiceCd=430&Type=search", "url2": "https://www.npo-ikiikikai.com" }, "geometry": { "type": "Point", "coordinates": [ 131.667421190807346, 32.489963148862955 ] } },
{ "type": "Feature", "properties": { "内容": "宮崎県済生会居宅介護支援事業所【居宅介護支援】宮崎県東臼杵郡門川町南町4丁目128番地日向病院", "url": "https://www.kaigokensaku.mhlw.go.jp/45/index.php?action_kouhyou_detail_004_kani=true&JigyosyoCd=4572101246-00&ServiceCd=430&Type=search", "url2": "http://www.hyuga.saiseikai.or.jp" }, "geometry": { "type": "Point", "coordinates": [ 131.648203500000022, 32.4580467 ] } },
{ "type": "Feature", "properties": { "内容": "居宅介護支援事業所いすず【居宅介護支援】宮崎県東臼杵郡門川町宮ケ原二丁目１０４番地コーポ宮ケ原１０１号", "url": "https://www.kaigokensaku.mhlw.go.jp/45/index.php?action_kouhyou_detail_004_kani=true&JigyosyoCd=4572101220-00&ServiceCd=430&Type=search", "url2": null }, "geometry": { "type": "Point", "coordinates": [ 131.651035200000024, 32.48497540000001 ] } },
{ "type": "Feature", "properties": { "内容": "ひむか福祉サービス【居宅介護支援】宮崎県東臼杵郡門川町大字加草1541番地1", "url": "https://www.kaigokensaku.mhlw.go.jp/45/index.php?action_kouhyou_detail_004_kani=true&JigyosyoCd=4572100693-00&ServiceCd=430&Type=search", "url2": "http://care-net.biz/45/himukafs/" }, "geometry": { "type": "Point", "coordinates": [ 131.653133272816518, 32.475261439379004 ] } },
{ "type": "Feature", "properties": { "内容": "居宅支援事業所もろつかせせらぎの里【居宅介護支援】宮崎県東臼杵郡諸塚村大字家代２６８３番地諸塚村役場庁舎（地域包括支援センターふれあい内）", "url": "https://www.kaigokensaku.mhlw.go.jp/45/index.php?action_kouhyou_detail_004_kani=true&JigyosyoCd=4572101154-00&ServiceCd=430&Type=search", "url2": null }, "geometry": { "type": "Point", "coordinates": [ 131.3304157, 32.5123925 ] } },
{ "type": "Feature", "properties": { "内容": "平寿園居宅介護支援事業所【居宅介護支援】宮崎県東臼杵郡椎葉村大字下福良５４－３３７", "url": "https://www.kaigokensaku.mhlw.go.jp/45/index.php?action_kouhyou_detail_004_kani=true&JigyosyoCd=4572100107-00&ServiceCd=430&Type=search", "url2": null }, "geometry": { "type": "Point", "coordinates": [ 131.147726229647105, 32.45445863102659 ] } },
{ "type": "Feature", "properties": { "内容": "椎葉村社会福祉協議会居宅介護支援事業所【居宅介護支援】宮崎県東臼杵郡椎葉村大字下福良１７６２－１", "url": "https://www.kaigokensaku.mhlw.go.jp/45/index.php?action_kouhyou_detail_004_kani=true&JigyosyoCd=4572100172-00&ServiceCd=430&Type=search", "url2": "https://shiiba-syakyo.or.jp" }, "geometry": { "type": "Point", "coordinates": [ 131.158653700000059, 32.4673558 ] } },
{ "type": "Feature", "properties": { "内容": "特別養護老人ホームシルバースターうなまの里居宅介護支援事業所【居宅介護支援】宮崎県東臼杵郡美郷町北郷宇納間170", "url": "https://www.kaigokensaku.mhlw.go.jp/45/index.php?action_kouhyou_detail_004_kani=true&JigyosyoCd=4572100016-00&ServiceCd=430&Type=search", "url2": "https://www.unamanosato.jp/" }, "geometry": { "type": "Point", "coordinates": [ 131.443698828836119, 32.505020536746095 ] } },
{ "type": "Feature", "properties": { "内容": "さいごうきょたくかいごしえんじぎょうしょ【居宅介護支援】宮崎県東臼杵郡美郷町西郷田代29番地1西郷健康管理センター内", "url": "https://www.kaigokensaku.mhlw.go.jp/45/index.php?action_kouhyou_detail_004_kani=true&JigyosyoCd=4572100065-00&ServiceCd=430&Type=search", "url2": "https://misato-shakyo.or.jp" }, "geometry": { "type": "Point", "coordinates": [ 131.426720599999953, 32.4309959 ] } },
{ "type": "Feature", "properties": { "内容": "南郷居宅介護支援事業所【居宅介護支援】宮崎県東臼杵郡美郷町南郷神門1075番地", "url": "https://www.kaigokensaku.mhlw.go.jp/45/index.php?action_kouhyou_detail_004_kani=true&JigyosyoCd=4572100099-00&ServiceCd=430&Type=search", "url2": "http://www.misato-syakyou.jp" }, "geometry": { "type": "Point", "coordinates": [ 131.328808900000013, 32.386204 ] } },
{ "type": "Feature", "properties": { "内容": "株式会社サン・ルーム皇寿【居宅介護支援】宮崎県西臼杵郡高千穂町大字三田井３３８０番地１", "url": "https://www.kaigokensaku.mhlw.go.jp/45/index.php?action_kouhyou_detail_004_kani=true&JigyosyoCd=4572200337-00&ServiceCd=430&Type=search", "url2": "http://care-net.biz/45/sun-room/" }, "geometry": { "type": "Point", "coordinates": [ 131.317210019773825, 32.71871818713381 ] } },
{ "type": "Feature", "properties": { "内容": "高千穂町在宅介護支援事業所【居宅介護支援】宮崎県西臼杵郡高千穂町大字三田井435番地1高千穂町保健福祉総合センター", "url": "https://www.kaigokensaku.mhlw.go.jp/45/index.php?action_kouhyou_detail_004_kani=true&JigyosyoCd=4572200055-00&ServiceCd=430&Type=search", "url2": null }, "geometry": { "type": "Point", "coordinates": [ 131.315091400000028, 32.716987 ] } },
{ "type": "Feature", "properties": { "内容": "株式会社サン・ルーム高千穂【居宅介護支援】宮崎県西臼杵郡高千穂町大字三田井6186-5", "url": "https://www.kaigokensaku.mhlw.go.jp/45/index.php?action_kouhyou_detail_004_kani=true&JigyosyoCd=4572200188-00&ServiceCd=430&Type=search", "url2": "http://care-net.biz/45/sr-4611/index.php" }, "geometry": { "type": "Point", "coordinates": [ 131.321175700000026, 32.7072649 ] } },
{ "type": "Feature", "properties": { "内容": "ソーシャルサポート【居宅介護支援】宮崎県西臼杵郡高千穂町大字岩戸115番地5", "url": "https://www.kaigokensaku.mhlw.go.jp/45/index.php?action_kouhyou_detail_004_kani=true&JigyosyoCd=4572200386-00&ServiceCd=430&Type=search", "url2": null }, "geometry": { "type": "Point", "coordinates": [ 131.3466467, 32.7273117 ] } },
{ "type": "Feature", "properties": { "内容": "社会福祉法人高千穂町社会福祉協議会【居宅介護支援】宮崎県西臼杵郡高千穂町大字三田750-7高千穂町老人福祉館", "url": "https://www.kaigokensaku.mhlw.go.jp/45/index.php?action_kouhyou_detail_004_kani=true&JigyosyoCd=4572200048-00&ServiceCd=430&Type=search", "url2": "www.shakyo.or.jp/hp/1727/" }, "geometry": { "type": "Point", "coordinates": [ 131.312049900000034, 32.7195589 ] } },
{ "type": "Feature", "properties": { "内容": "株式会社サン・ルーム西臼杵営業所【居宅介護支援】宮崎県西臼杵郡日之影町大字七折12190-1", "url": "https://www.kaigokensaku.mhlw.go.jp/45/index.php?action_kouhyou_detail_004_kani=true&JigyosyoCd=4572200105-00&ServiceCd=430&Type=search", "url2": "http://care-net.biz/45/sun-room" }, "geometry": { "type": "Point", "coordinates": [ 131.430494, 32.619977 ] } },
{ "type": "Feature", "properties": { "内容": "ケアサポートひだまり【居宅介護支援】宮崎県西臼杵郡日之影町大字七折２９９６番地１６", "url": "https://www.kaigokensaku.mhlw.go.jp/45/index.php?action_kouhyou_detail_004_kani=true&JigyosyoCd=4572200196-00&ServiceCd=430&Type=search", "url2": null }, "geometry": { "type": "Point", "coordinates": [ 131.39617185092618, 32.645736037438986 ] } },
{ "type": "Feature", "properties": { "内容": "日之影町社会福祉協議会居宅介護支援事業所【居宅介護支援】西臼杵郡日之影町大字七折8840番地日之影町地域福祉センター", "url": "https://www.kaigokensaku.mhlw.go.jp/45/index.php?action_kouhyou_detail_004_kani=true&JigyosyoCd=4572200014-00&ServiceCd=430&Type=search", "url2": "http://www.shakyo.or.jp/hp/1728/" }, "geometry": { "type": "Point", "coordinates": [ 131.38394059999996, 32.6586045 ] } },
{ "type": "Feature", "properties": { "内容": "社会福祉法人五ヶ瀬町社会福祉協議会【居宅介護支援】宮崎県西臼杵郡五ヶ瀬町大字三ヶ所10725-5", "url": "https://www.kaigokensaku.mhlw.go.jp/45/index.php?action_kouhyou_detail_004_kani=true&JigyosyoCd=4572200022-00&ServiceCd=430&Type=search", "url2": "https://gokase-csw.or.jp" }, "geometry": { "type": "Point", "coordinates": [ 131.198381199999972, 32.6854417 ] } }
]
}
