{
"type": "FeatureCollection",
"name": "geo_45_5",
"crs": { "type": "name", "properties": { "name": "urn:ogc:def:crs:OGC:1.3:CRS84" } },
"features": [
{ "type": "Feature", "properties": { "ID": 4555450100180, "正式名称": "宇都宮薬局", "機関区分": 5, "都道府県コード": 45, "市区町村コード": 382, "所在地": "宮崎県東諸県郡国富町大字本庄６７６４", "緯度": 31.991293, "経度": 131.315605, "url": "https://www.iryou.teikyouseido.mhlw.go.jp/znk-web/juminkanja/S2430/initialize?prefCd=45&kikanCd=5450100180&kikanKbn=5", "url2": null, "内容": "宇都宮薬局【5:薬局】宮崎県東諸県郡国富町大字本庄６７６４" }, "geometry": { "type": "Point", "coordinates": [ 131.315605, 31.991293 ] } },
{ "type": "Feature", "properties": { "ID": 4555450100470, "正式名称": "イナリ薬局", "機関区分": 5, "都道府県コード": 45, "市区町村コード": 382, "所在地": "宮崎県東諸県郡国富町大字本庄４０３０ー１２", "緯度": 31.989205, "経度": 131.319594, "url": "https://www.iryou.teikyouseido.mhlw.go.jp/znk-web/juminkanja/S2430/initialize?prefCd=45&kikanCd=5450100470&kikanKbn=5", "url2": null, "内容": "イナリ薬局【5:薬局】宮崎県東諸県郡国富町大字本庄４０３０ー１２" }, "geometry": { "type": "Point", "coordinates": [ 131.319594, 31.989205 ] } },
{ "type": "Feature", "properties": { "ID": 4555450100500, "正式名称": "本庄調剤薬局", "機関区分": 5, "都道府県コード": 45, "市区町村コード": 382, "所在地": "宮崎県東諸県郡国富町大字本庄１９１１ー３", "緯度": 31.988597, "経度": 131.333893, "url": "https://www.iryou.teikyouseido.mhlw.go.jp/znk-web/juminkanja/S2430/initialize?prefCd=45&kikanCd=5450100500&kikanKbn=5", "url2": null, "内容": "本庄調剤薬局【5:薬局】宮崎県東諸県郡国富町大字本庄１９１１ー３" }, "geometry": { "type": "Point", "coordinates": [ 131.333893, 31.988597 ] } },
{ "type": "Feature", "properties": { "ID": 4555450100890, "正式名称": "フロンティア薬局　国富店", "機関区分": 5, "都道府県コード": 45, "市区町村コード": 382, "所在地": "宮崎県東諸県郡国富町岩知野７５６番地３", "緯度": 31.978601, "経度": 131.372278, "url": "https://www.iryou.teikyouseido.mhlw.go.jp/znk-web/juminkanja/S2430/initialize?prefCd=45&kikanCd=5450100890&kikanKbn=5", "url2": "http://www.frontier-ph.com/", "内容": "フロンティア薬局　国富店【5:薬局】宮崎県東諸県郡国富町岩知野７５６番地３" }, "geometry": { "type": "Point", "coordinates": [ 131.372278, 31.978601 ] } },
{ "type": "Feature", "properties": { "ID": 4555450100920, "正式名称": "ひむか薬局国富店", "機関区分": 5, "都道府県コード": 45, "市区町村コード": 382, "所在地": "宮崎県東諸県郡国富町岩知野字六江７３６番地１", "緯度": 31.978353, "経度": 131.372543, "url": "https://www.iryou.teikyouseido.mhlw.go.jp/znk-web/juminkanja/S2430/initialize?prefCd=45&kikanCd=5450100920&kikanKbn=5", "url2": "http://www.himuka-medical.com/", "内容": "ひむか薬局国富店【5:薬局】宮崎県東諸県郡国富町岩知野字六江７３６番地１" }, "geometry": { "type": "Point", "coordinates": [ 131.372543, 31.978353 ] } },
{ "type": "Feature", "properties": { "ID": 4555450101060, "正式名称": "照葉薬局", "機関区分": 5, "都道府県コード": 45, "市区町村コード": 383, "所在地": "宮崎県東諸県郡綾町大字南俣７９０ー１", "緯度": 31.99703, "経度": 131.251902, "url": "https://www.iryou.teikyouseido.mhlw.go.jp/znk-web/juminkanja/S2430/initialize?prefCd=45&kikanCd=5450101060&kikanKbn=5", "url2": null, "内容": "照葉薬局【5:薬局】宮崎県東諸県郡綾町大字南俣７９０ー１" }, "geometry": { "type": "Point", "coordinates": [ 131.251902, 31.99703 ] } },
{ "type": "Feature", "properties": { "ID": 4555450101190, "正式名称": "郷田薬局", "機関区分": 5, "都道府県コード": 45, "市区町村コード": 383, "所在地": "宮崎県東諸県郡綾町南俣３０３ー４", "緯度": 31.998969, "経度": 131.257345, "url": "https://www.iryou.teikyouseido.mhlw.go.jp/znk-web/juminkanja/S2430/initialize?prefCd=45&kikanCd=5450101190&kikanKbn=5", "url2": null, "内容": "郷田薬局【5:薬局】宮崎県東諸県郡綾町南俣３０３ー４" }, "geometry": { "type": "Point", "coordinates": [ 131.257345, 31.998969 ] } },
{ "type": "Feature", "properties": { "ID": 4555450101220, "正式名称": "綾ほうゆう薬局", "機関区分": 5, "都道府県コード": 45, "市区町村コード": 383, "所在地": "宮崎県東諸県郡綾町大字南俣字深田６３６ー３", "緯度": 31.998972, "経度": 131.250888, "url": "https://www.iryou.teikyouseido.mhlw.go.jp/znk-web/juminkanja/S2430/initialize?prefCd=45&kikanCd=5450101220&kikanKbn=5", "url2": null, "内容": "綾ほうゆう薬局【5:薬局】宮崎県東諸県郡綾町大字南俣字深田６３６ー３" }, "geometry": { "type": "Point", "coordinates": [ 131.250888, 31.998972 ] } },
{ "type": "Feature", "properties": { "ID": 4555450101640, "正式名称": "むいかまち薬局", "機関区分": 5, "都道府県コード": 45, "市区町村コード": 382, "所在地": "宮崎県東諸県郡国富町大字本庄字東ノ原　４６３２番地２", "緯度": 31.990366, "経度": 131.331743, "url": "https://www.iryou.teikyouseido.mhlw.go.jp/znk-web/juminkanja/S2430/initialize?prefCd=45&kikanCd=5450101640&kikanKbn=5", "url2": null, "内容": "むいかまち薬局【5:薬局】宮崎県東諸県郡国富町大字本庄字東ノ原　４６３２番地２" }, "geometry": { "type": "Point", "coordinates": [ 131.331743, 31.990366 ] } },
{ "type": "Feature", "properties": { "ID": 4555450101770, "正式名称": "有限会社ハート薬局　国富店", "機関区分": 5, "都道府県コード": 45, "市区町村コード": 382, "所在地": "宮崎県東諸県郡国富町本庄２０５５番地１３", "緯度": 31.987608, "経度": 131.335154, "url": "https://www.iryou.teikyouseido.mhlw.go.jp/znk-web/juminkanja/S2430/initialize?prefCd=45&kikanCd=5450101770&kikanKbn=5", "url2": null, "内容": "有限会社ハート薬局　国富店【5:薬局】宮崎県東諸県郡国富町本庄２０５５番地１３" }, "geometry": { "type": "Point", "coordinates": [ 131.335154, 31.987608 ] } },
{ "type": "Feature", "properties": { "ID": 4555450101800, "正式名称": "パンダ調剤薬局", "機関区分": 5, "都道府県コード": 45, "市区町村コード": 382, "所在地": "宮崎県東諸県郡国富町宮王丸３７４番地６", "緯度": 31.987544, "経度": 131.342356, "url": "https://www.iryou.teikyouseido.mhlw.go.jp/znk-web/juminkanja/S2430/initialize?prefCd=45&kikanCd=5450101800&kikanKbn=5", "url2": null, "内容": "パンダ調剤薬局【5:薬局】宮崎県東諸県郡国富町宮王丸３７４番地６" }, "geometry": { "type": "Point", "coordinates": [ 131.342356, 31.987544 ] } },
{ "type": "Feature", "properties": { "ID": 4555450200370, "正式名称": "沖水薬局", "機関区分": 5, "都道府県コード": 45, "市区町村コード": 202, "所在地": "宮崎県都城市太郎坊町１５４７ー８", "緯度": 31.776578, "経度": 131.08921, "url": "https://www.iryou.teikyouseido.mhlw.go.jp/znk-web/juminkanja/S2430/initialize?prefCd=45&kikanCd=5450200370&kikanKbn=5", "url2": null, "内容": "沖水薬局【5:薬局】宮崎県都城市太郎坊町１５４７ー８" }, "geometry": { "type": "Point", "coordinates": [ 131.08921, 31.776578 ] } },
{ "type": "Feature", "properties": { "ID": 4555450200400, "正式名称": "つかさ薬局", "機関区分": 5, "都道府県コード": 45, "市区町村コード": 202, "所在地": "宮崎県都城市太郎坊町１９９１番地７", "緯度": 31.775067, "経度": 131.091598, "url": "https://www.iryou.teikyouseido.mhlw.go.jp/znk-web/juminkanja/S2430/initialize?prefCd=45&kikanCd=5450200400&kikanKbn=5", "url2": "https://tsukasa-yakkyoku.com", "内容": "つかさ薬局【5:薬局】宮崎県都城市太郎坊町１９９１番地７" }, "geometry": { "type": "Point", "coordinates": [ 131.091598, 31.775067 ] } },
{ "type": "Feature", "properties": { "ID": 4555450200530, "正式名称": "みやこ薬局", "機関区分": 5, "都道府県コード": 45, "市区町村コード": 202, "所在地": "宮崎県都城市都北町３６２３ー１", "緯度": 31.765248, "経度": 131.086211, "url": "https://www.iryou.teikyouseido.mhlw.go.jp/znk-web/juminkanja/S2430/initialize?prefCd=45&kikanCd=5450200530&kikanKbn=5", "url2": null, "内容": "みやこ薬局【5:薬局】宮崎県都城市都北町３６２３ー１" }, "geometry": { "type": "Point", "coordinates": [ 131.086211, 31.765248 ] } },
{ "type": "Feature", "properties": { "ID": 4555450200660, "正式名称": "ひむか薬局　都城店", "機関区分": 5, "都道府県コード": 45, "市区町村コード": 202, "所在地": "宮崎県都城市都北町５７３３番３", "緯度": 31.76044, "経度": 131.089318, "url": "https://www.iryou.teikyouseido.mhlw.go.jp/znk-web/juminkanja/S2430/initialize?prefCd=45&kikanCd=5450200660&kikanKbn=5", "url2": "https://www.himuka-medical.com/", "内容": "ひむか薬局　都城店【5:薬局】宮崎県都城市都北町５７３３番３" }, "geometry": { "type": "Point", "coordinates": [ 131.089318, 31.76044 ] } },
{ "type": "Feature", "properties": { "ID": 4555450201090, "正式名称": "有限会社　ケーアイ調剤薬局　吉尾店", "機関区分": 5, "都道府県コード": 45, "市区町村コード": 202, "所在地": "宮崎県都城市吉尾町６１１１番地４", "緯度": 31.756449, "経度": 131.085752, "url": "https://www.iryou.teikyouseido.mhlw.go.jp/znk-web/juminkanja/S2430/initialize?prefCd=45&kikanCd=5450201090&kikanKbn=5", "url2": "https://www.qol-net.co.jp/", "内容": "有限会社　ケーアイ調剤薬局　吉尾店【5:薬局】宮崎県都城市吉尾町６１１１番地４" }, "geometry": { "type": "Point", "coordinates": [ 131.085752, 31.756449 ] } },
{ "type": "Feature", "properties": { "ID": 4555450201120, "正式名称": "有限会社ケーアイ調剤薬局　都城店", "機関区分": 5, "都道府県コード": 45, "市区町村コード": 202, "所在地": "宮崎県都城市吉尾町１１９番地１", "緯度": 31.752982, "経度": 131.084344, "url": "https://www.iryou.teikyouseido.mhlw.go.jp/znk-web/juminkanja/S2430/initialize?prefCd=45&kikanCd=5450201120&kikanKbn=5", "url2": "https://www.qol-net.co.jp/", "内容": "有限会社ケーアイ調剤薬局　都城店【5:薬局】宮崎県都城市吉尾町１１９番地１" }, "geometry": { "type": "Point", "coordinates": [ 131.084344, 31.752982 ] } },
{ "type": "Feature", "properties": { "ID": 4555450201250, "正式名称": "ハートフル薬局", "機関区分": 5, "都道府県コード": 45, "市区町村コード": 202, "所在地": "宮崎県都城市下川東４丁目１３ー１３ー３", "緯度": 31.74493, "経度": 131.069984, "url": "https://www.iryou.teikyouseido.mhlw.go.jp/znk-web/juminkanja/S2430/initialize?prefCd=45&kikanCd=5450201250&kikanKbn=5", "url2": null, "内容": "ハートフル薬局【5:薬局】宮崎県都城市下川東４丁目１３ー１３ー３" }, "geometry": { "type": "Point", "coordinates": [ 131.069984, 31.74493 ] } },
{ "type": "Feature", "properties": { "ID": 4555450201380, "正式名称": "サンライト薬局　川東店", "機関区分": 5, "都道府県コード": 45, "市区町村コード": 202, "所在地": "宮崎県都城市下川東２丁目１２号２番地", "緯度": 31.741398, "経度": 131.070414, "url": "https://www.iryou.teikyouseido.mhlw.go.jp/znk-web/juminkanja/S2430/initialize?prefCd=45&kikanCd=5450201380&kikanKbn=5", "url2": null, "内容": "サンライト薬局　川東店【5:薬局】宮崎県都城市下川東２丁目１２号２番地" }, "geometry": { "type": "Point", "coordinates": [ 131.070414, 31.741398 ] } },
{ "type": "Feature", "properties": { "ID": 4555450201410, "正式名称": "チェロ調剤薬局", "機関区分": 5, "都道府県コード": 45, "市区町村コード": 202, "所在地": "宮崎県都城市上川東２丁目６号６番２", "緯度": 31.742009, "経度": 131.074641, "url": "https://www.iryou.teikyouseido.mhlw.go.jp/znk-web/juminkanja/S2430/initialize?prefCd=45&kikanCd=5450201410&kikanKbn=5", "url2": "https://mstmsg.co.jp/pharmacy-cello/", "内容": "チェロ調剤薬局【5:薬局】宮崎県都城市上川東２丁目６号６番２" }, "geometry": { "type": "Point", "coordinates": [ 131.074641, 31.742009 ] } },
{ "type": "Feature", "properties": { "ID": 4555450201540, "正式名称": "ふれあい薬局川東店", "機関区分": 5, "都道府県コード": 45, "市区町村コード": 202, "所在地": "宮崎県都城市上川東２丁目２号８番７", "緯度": 31.740935, "経度": 131.073262, "url": "https://www.iryou.teikyouseido.mhlw.go.jp/znk-web/juminkanja/S2430/initialize?prefCd=45&kikanCd=5450201540&kikanKbn=5", "url2": null, "内容": "ふれあい薬局川東店【5:薬局】宮崎県都城市上川東２丁目２号８番７" }, "geometry": { "type": "Point", "coordinates": [ 131.073262, 31.740935 ] } },
{ "type": "Feature", "properties": { "ID": 4555450201960, "正式名称": "かかりつけ薬局支援センター", "機関区分": 5, "都道府県コード": 45, "市区町村コード": 202, "所在地": "宮崎県都城市祝吉三丁目１１番地１１", "緯度": 31.740139, "経度": 131.084872, "url": "https://www.iryou.teikyouseido.mhlw.go.jp/znk-web/juminkanja/S2430/initialize?prefCd=45&kikanCd=5450201960&kikanKbn=5", "url2": null, "内容": "かかりつけ薬局支援センター【5:薬局】宮崎県都城市祝吉三丁目１１番地１１" }, "geometry": { "type": "Point", "coordinates": [ 131.084872, 31.740139 ] } },
{ "type": "Feature", "properties": { "ID": 4555450202000, "正式名称": "有限会社　薬研調剤薬局", "機関区分": 5, "都道府県コード": 45, "市区町村コード": 202, "所在地": "宮崎県都城市小松原町１１４１－８", "緯度": 31.732959, "経度": 131.071268, "url": "https://www.iryou.teikyouseido.mhlw.go.jp/znk-web/juminkanja/S2430/initialize?prefCd=45&kikanCd=5450202000&kikanKbn=5", "url2": null, "内容": "有限会社　薬研調剤薬局【5:薬局】宮崎県都城市小松原町１１４１－８" }, "geometry": { "type": "Point", "coordinates": [ 131.071268, 31.732959 ] } },
{ "type": "Feature", "properties": { "ID": 4555450202390, "正式名称": "きたはら薬局", "機関区分": 5, "都道府県コード": 45, "市区町村コード": 202, "所在地": "宮崎県都城市北原町２８街区１号", "緯度": 31.732917, "経度": 131.080709, "url": "https://www.iryou.teikyouseido.mhlw.go.jp/znk-web/juminkanja/S2430/initialize?prefCd=45&kikanCd=5450202390&kikanKbn=5", "url2": null, "内容": "きたはら薬局【5:薬局】宮崎県都城市北原町２８街区１号" }, "geometry": { "type": "Point", "coordinates": [ 131.080709, 31.732917 ] } },
{ "type": "Feature", "properties": { "ID": 4555450202840, "正式名称": "くげ薬局", "機関区分": 5, "都道府県コード": 45, "市区町村コード": 202, "所在地": "宮崎県都城市立野町５号３番地", "緯度": 31.731323, "経度": 131.092847, "url": "https://www.iryou.teikyouseido.mhlw.go.jp/znk-web/juminkanja/S2430/initialize?prefCd=45&kikanCd=5450202840&kikanKbn=5", "url2": null, "内容": "くげ薬局【5:薬局】宮崎県都城市立野町５号３番地" }, "geometry": { "type": "Point", "coordinates": [ 131.092847, 31.731323 ] } },
{ "type": "Feature", "properties": { "ID": 4555450202970, "正式名称": "株式会社サクラ薬局", "機関区分": 5, "都道府県コード": 45, "市区町村コード": 202, "所在地": "宮崎県都城市立野町", "緯度": 31.730585, "経度": 131.095097, "url": "https://www.iryou.teikyouseido.mhlw.go.jp/znk-web/juminkanja/S2430/initialize?prefCd=45&kikanCd=5450202970&kikanKbn=5", "url2": null, "内容": "株式会社サクラ薬局【5:薬局】宮崎県都城市立野町" }, "geometry": { "type": "Point", "coordinates": [ 131.095097, 31.730585 ] } },
{ "type": "Feature", "properties": { "ID": 4555450203010, "正式名称": "そうごう薬局　広原店", "機関区分": 5, "都道府県コード": 45, "市区町村コード": 202, "所在地": "宮崎県都城市広原町６号１２番地５", "緯度": 31.726754, "経度": 131.090192, "url": "https://www.iryou.teikyouseido.mhlw.go.jp/znk-web/juminkanja/S2430/initialize?prefCd=45&kikanCd=5450203010&kikanKbn=5", "url2": "http://www.sogo-medical.co.jp", "内容": "そうごう薬局　広原店【5:薬局】宮崎県都城市広原町６号１２番地５" }, "geometry": { "type": "Point", "coordinates": [ 131.090192, 31.726754 ] } },
{ "type": "Feature", "properties": { "ID": 4555450203270, "正式名称": "さわやか薬局", "機関区分": 5, "都道府県コード": 45, "市区町村コード": 202, "所在地": "宮崎県都城市花繰町１１街区８号", "緯度": 31.726176, "経度": 131.083725, "url": "https://www.iryou.teikyouseido.mhlw.go.jp/znk-web/juminkanja/S2430/initialize?prefCd=45&kikanCd=5450203270&kikanKbn=5", "url2": null, "内容": "さわやか薬局【5:薬局】宮崎県都城市花繰町１１街区８号" }, "geometry": { "type": "Point", "coordinates": [ 131.083725, 31.726176 ] } },
{ "type": "Feature", "properties": { "ID": 4555450203560, "正式名称": "とよみつ調剤薬局", "機関区分": 5, "都道府県コード": 45, "市区町村コード": 202, "所在地": "宮崎県都城市豊満町８１７番地５", "緯度": 31.696627, "経度": 131.099084, "url": "https://www.iryou.teikyouseido.mhlw.go.jp/znk-web/juminkanja/S2430/initialize?prefCd=45&kikanCd=5450203560&kikanKbn=5", "url2": null, "内容": "とよみつ調剤薬局【5:薬局】宮崎県都城市豊満町８１７番地５" }, "geometry": { "type": "Point", "coordinates": [ 131.099084, 31.696627 ] } },
{ "type": "Feature", "properties": { "ID": 4555450203720, "正式名称": "有限会社　坂口調剤薬局", "機関区分": 5, "都道府県コード": 45, "市区町村コード": 202, "所在地": "宮崎県都城市蔵原町９街区２１号", "緯度": 31.723051, "経度": 131.066596, "url": "https://www.iryou.teikyouseido.mhlw.go.jp/znk-web/juminkanja/S2430/initialize?prefCd=45&kikanCd=5450203720&kikanKbn=5", "url2": "https://sakaguchi-ph.info/", "内容": "有限会社　坂口調剤薬局【5:薬局】宮崎県都城市蔵原町９街区２１号" }, "geometry": { "type": "Point", "coordinates": [ 131.066596, 31.723051 ] } },
{ "type": "Feature", "properties": { "ID": 4555450204020, "正式名称": "調剤薬局くらはら", "機関区分": 5, "都道府県コード": 45, "市区町村コード": 202, "所在地": "宮崎県都城市蔵原町６街区３６号", "緯度": 31.723104, "経度": 131.064982, "url": "https://www.iryou.teikyouseido.mhlw.go.jp/znk-web/juminkanja/S2430/initialize?prefCd=45&kikanCd=5450204020&kikanKbn=5", "url2": "http://www.e-classa.net/kurahara/", "内容": "調剤薬局くらはら【5:薬局】宮崎県都城市蔵原町６街区３６号" }, "geometry": { "type": "Point", "coordinates": [ 131.064982, 31.723104 ] } },
{ "type": "Feature", "properties": { "ID": 4555450204280, "正式名称": "わかば薬局", "機関区分": 5, "都道府県コード": 45, "市区町村コード": 202, "所在地": "宮崎県都城市上東町１２街区１９号", "緯度": 31.722851, "経度": 131.076159, "url": "https://www.iryou.teikyouseido.mhlw.go.jp/znk-web/juminkanja/S2430/initialize?prefCd=45&kikanCd=5450204280&kikanKbn=5", "url2": "http://www.ochiai-pharmacy-group.com/", "内容": "わかば薬局【5:薬局】宮崎県都城市上東町１２街区１９号" }, "geometry": { "type": "Point", "coordinates": [ 131.076159, 31.722851 ] } },
{ "type": "Feature", "properties": { "ID": 4555450204310, "正式名称": "有限会社フクシマ薬局", "機関区分": 5, "都道府県コード": 45, "市区町村コード": 202, "所在地": "宮崎県都城市上東町２８街区１０号", "緯度": 31.722785, "経度": 131.081045, "url": "https://www.iryou.teikyouseido.mhlw.go.jp/znk-web/juminkanja/S2430/initialize?prefCd=45&kikanCd=5450204310&kikanKbn=5", "url2": "http://fukushima-ph.com/", "内容": "有限会社フクシマ薬局【5:薬局】宮崎県都城市上東町２８街区１０号" }, "geometry": { "type": "Point", "coordinates": [ 131.081045, 31.722785 ] } },
{ "type": "Feature", "properties": { "ID": 4555450204600, "正式名称": "オレンジ薬局", "機関区分": 5, "都道府県コード": 45, "市区町村コード": 202, "所在地": "宮崎県都城市中町１５ー１９", "緯度": 31.726419, "経度": 131.065435, "url": "https://www.iryou.teikyouseido.mhlw.go.jp/znk-web/juminkanja/S2430/initialize?prefCd=45&kikanCd=5450204600&kikanKbn=5", "url2": null, "内容": "オレンジ薬局【5:薬局】宮崎県都城市中町１５ー１９" }, "geometry": { "type": "Point", "coordinates": [ 131.065435, 31.726419 ] } },
{ "type": "Feature", "properties": { "ID": 4555450204860, "正式名称": "ひまわり薬局都城上町店", "機関区分": 5, "都道府県コード": 45, "市区町村コード": 202, "所在地": "宮崎県都城市上町９街区８号", "緯度": 31.724299, "経度": 131.064098, "url": "https://www.iryou.teikyouseido.mhlw.go.jp/znk-web/juminkanja/S2430/initialize?prefCd=45&kikanCd=5450204860&kikanKbn=5", "url2": "http://www.himuka-medical.com/tenpo/tenpodo.html", "内容": "ひまわり薬局都城上町店【5:薬局】宮崎県都城市上町９街区８号" }, "geometry": { "type": "Point", "coordinates": [ 131.064098, 31.724299 ] } },
{ "type": "Feature", "properties": { "ID": 4555450205030, "正式名称": "上町おおた薬局", "機関区分": 5, "都道府県コード": 45, "市区町村コード": 202, "所在地": "宮崎県都城市上町１５街区７号", "緯度": 31.722079, "経度": 131.064166, "url": "https://www.iryou.teikyouseido.mhlw.go.jp/znk-web/juminkanja/S2430/initialize?prefCd=45&kikanCd=5450205030&kikanKbn=5", "url2": null, "内容": "上町おおた薬局【5:薬局】宮崎県都城市上町１５街区７号" }, "geometry": { "type": "Point", "coordinates": [ 131.064166, 31.722079 ] } },
{ "type": "Feature", "properties": { "ID": 4555450205320, "正式名称": "姫城薬局", "機関区分": 5, "都道府県コード": 45, "市区町村コード": 202, "所在地": "宮崎県都城市姫城町１２街区６号", "緯度": 31.719215, "経度": 131.060768, "url": "https://www.iryou.teikyouseido.mhlw.go.jp/znk-web/juminkanja/S2430/initialize?prefCd=45&kikanCd=5450205320&kikanKbn=5", "url2": null, "内容": "姫城薬局【5:薬局】宮崎県都城市姫城町１２街区６号" }, "geometry": { "type": "Point", "coordinates": [ 131.060768, 31.719215 ] } },
{ "type": "Feature", "properties": { "ID": 4555450205450, "正式名称": "マリンバ調剤薬局　姫城店", "機関区分": 5, "都道府県コード": 45, "市区町村コード": 202, "所在地": "宮崎県都城市姫城町５街区５号", "緯度": 31.721028, "経度": 131.061867, "url": "https://www.iryou.teikyouseido.mhlw.go.jp/znk-web/juminkanja/S2430/initialize?prefCd=45&kikanCd=5450205450&kikanKbn=5", "url2": "https://www.satispharma.com/", "内容": "マリンバ調剤薬局　姫城店【5:薬局】宮崎県都城市姫城町５街区５号" }, "geometry": { "type": "Point", "coordinates": [ 131.061867, 31.721028 ] } },
{ "type": "Feature", "properties": { "ID": 4555450205610, "正式名称": "アート薬局", "機関区分": 5, "都道府県コード": 45, "市区町村コード": 202, "所在地": "宮崎県都城市宮丸町３０１７ー１４", "緯度": 31.730361, "経度": 131.055444, "url": "https://www.iryou.teikyouseido.mhlw.go.jp/znk-web/juminkanja/S2430/initialize?prefCd=45&kikanCd=5450205610&kikanKbn=5", "url2": "https://www.e-classa.net/a-to_pharmacy/index.html", "内容": "アート薬局【5:薬局】宮崎県都城市宮丸町３０１７ー１４" }, "geometry": { "type": "Point", "coordinates": [ 131.055444, 31.730361 ] } },
{ "type": "Feature", "properties": { "ID": 4555450205740, "正式名称": "プリマリー薬局", "機関区分": 5, "都道府県コード": 45, "市区町村コード": 202, "所在地": "宮崎県都城市牟田町３街区１５号", "緯度": 31.72522, "経度": 131.059952, "url": "https://www.iryou.teikyouseido.mhlw.go.jp/znk-web/juminkanja/S2430/initialize?prefCd=45&kikanCd=5450205740&kikanKbn=5", "url2": null, "内容": "プリマリー薬局【5:薬局】宮崎県都城市牟田町３街区１５号" }, "geometry": { "type": "Point", "coordinates": [ 131.059952, 31.72522 ] } },
{ "type": "Feature", "properties": { "ID": 4555450205870, "正式名称": "榎崎薬局", "機関区分": 5, "都道府県コード": 45, "市区町村コード": 202, "所在地": "宮崎県都城市牟田町１０街区１７号", "緯度": 31.726495, "経度": 131.061293, "url": "https://www.iryou.teikyouseido.mhlw.go.jp/znk-web/juminkanja/S2430/initialize?prefCd=45&kikanCd=5450205870&kikanKbn=5", "url2": null, "内容": "榎崎薬局【5:薬局】宮崎県都城市牟田町１０街区１７号" }, "geometry": { "type": "Point", "coordinates": [ 131.061293, 31.726495 ] } },
{ "type": "Feature", "properties": { "ID": 4555450205900, "正式名称": "かじや薬局　牟田町店", "機関区分": 5, "都道府県コード": 45, "市区町村コード": 202, "所在地": "宮崎県都城市牟田町１０ー９", "緯度": 31.726167, "経度": 131.062299, "url": "https://www.iryou.teikyouseido.mhlw.go.jp/znk-web/juminkanja/S2430/initialize?prefCd=45&kikanCd=5450205900&kikanKbn=5", "url2": null, "内容": "かじや薬局　牟田町店【5:薬局】宮崎県都城市牟田町１０ー９" }, "geometry": { "type": "Point", "coordinates": [ 131.062299, 31.726167 ] } },
{ "type": "Feature", "properties": { "ID": 4555450206040, "正式名称": "友愛薬局", "機関区分": 5, "都道府県コード": 45, "市区町村コード": 202, "所在地": "宮崎県都城市鷹尾４丁目４街区１９号", "緯度": 31.723903, "経度": 131.039996, "url": "https://www.iryou.teikyouseido.mhlw.go.jp/znk-web/juminkanja/S2430/initialize?prefCd=45&kikanCd=5450206040&kikanKbn=5", "url2": null, "内容": "友愛薬局【5:薬局】宮崎県都城市鷹尾４丁目４街区１９号" }, "geometry": { "type": "Point", "coordinates": [ 131.039996, 31.723903 ] } },
{ "type": "Feature", "properties": { "ID": 4555450206200, "正式名称": "そうごう薬局　たかお店", "機関区分": 5, "都道府県コード": 45, "市区町村コード": 202, "所在地": "宮崎県都城市鷹尾３丁目１０街区１０号", "緯度": 31.723492, "経度": 131.040729, "url": "https://www.iryou.teikyouseido.mhlw.go.jp/znk-web/juminkanja/S2430/initialize?prefCd=45&kikanCd=5450206200&kikanKbn=5", "url2": "https://shop.sogo-pharmacy.jp/detail/129/", "内容": "そうごう薬局　たかお店【5:薬局】宮崎県都城市鷹尾３丁目１０街区１０号" }, "geometry": { "type": "Point", "coordinates": [ 131.040729, 31.723492 ] } },
{ "type": "Feature", "properties": { "ID": 4555450206330, "正式名称": "たかお薬局", "機関区分": 5, "都道府県コード": 45, "市区町村コード": 202, "所在地": "宮崎県都城市南鷹尾町１１街区３０号", "緯度": 31.719118, "経度": 131.042179, "url": "https://www.iryou.teikyouseido.mhlw.go.jp/znk-web/juminkanja/S2430/initialize?prefCd=45&kikanCd=5450206330&kikanKbn=5", "url2": null, "内容": "たかお薬局【5:薬局】宮崎県都城市南鷹尾町１１街区３０号" }, "geometry": { "type": "Point", "coordinates": [ 131.042179, 31.719118 ] } },
{ "type": "Feature", "properties": { "ID": 4555450206590, "正式名称": "そうごう薬局たかお南店", "機関区分": 5, "都道府県コード": 45, "市区町村コード": 202, "所在地": "宮崎県都城市都島町５２４番地６", "緯度": 31.718801, "経度": 131.04767, "url": "https://www.iryou.teikyouseido.mhlw.go.jp/znk-web/juminkanja/S2430/initialize?prefCd=45&kikanCd=5450206590&kikanKbn=5", "url2": "http://www.sogo-medical.co.jp", "内容": "そうごう薬局たかお南店【5:薬局】宮崎県都城市都島町５２４番地６" }, "geometry": { "type": "Point", "coordinates": [ 131.04767, 31.718801 ] } },
{ "type": "Feature", "properties": { "ID": 4555450206910, "正式名称": "そうごう薬局都原店", "機関区分": 5, "都道府県コード": 45, "市区町村コード": 202, "所在地": "宮崎県都城市都原町２０ー１６", "緯度": 31.739838, "経度": 131.039476, "url": "https://www.iryou.teikyouseido.mhlw.go.jp/znk-web/juminkanja/S2430/initialize?prefCd=45&kikanCd=5450206910&kikanKbn=5", "url2": "http://www.sogo-medical.co.jp", "内容": "そうごう薬局都原店【5:薬局】宮崎県都城市都原町２０ー１６" }, "geometry": { "type": "Point", "coordinates": [ 131.039476, 31.739838 ] } },
{ "type": "Feature", "properties": { "ID": 4555450207180, "正式名称": "キャロット薬局", "機関区分": 5, "都道府県コード": 45, "市区町村コード": 202, "所在地": "宮崎県都城市都原町８１４５番６", "緯度": 31.734383, "経度": 131.035118, "url": "https://www.iryou.teikyouseido.mhlw.go.jp/znk-web/juminkanja/S2430/initialize?prefCd=45&kikanCd=5450207180&kikanKbn=5", "url2": null, "内容": "キャロット薬局【5:薬局】宮崎県都城市都原町８１４５番６" }, "geometry": { "type": "Point", "coordinates": [ 131.035118, 31.734383 ] } },
{ "type": "Feature", "properties": { "ID": 4555450207210, "正式名称": "ふれあい薬局庄内店", "機関区分": 5, "都道府県コード": 45, "市区町村コード": 202, "所在地": "宮崎県都城市庄内町７９８１番地１１", "緯度": 31.770162, "経度": 131.016508, "url": "https://www.iryou.teikyouseido.mhlw.go.jp/znk-web/juminkanja/S2430/initialize?prefCd=45&kikanCd=5450207210&kikanKbn=5", "url2": null, "内容": "ふれあい薬局庄内店【5:薬局】宮崎県都城市庄内町７９８１番地１１" }, "geometry": { "type": "Point", "coordinates": [ 131.016508, 31.770162 ] } },
{ "type": "Feature", "properties": { "ID": 4555450207470, "正式名称": "そうごう薬局　志和池店", "機関区分": 5, "都道府県コード": 45, "市区町村コード": 202, "所在地": "宮崎県都城市上水流町２３４８番３", "緯度": 31.811455, "経度": 131.094961, "url": "https://www.iryou.teikyouseido.mhlw.go.jp/znk-web/juminkanja/S2430/initialize?prefCd=45&kikanCd=5450207470&kikanKbn=5", "url2": "http://www.sogo-medical.co.jp/sogopharmacy/cgi-bin/area_detail.html?kencd=45&strid=134", "内容": "そうごう薬局　志和池店【5:薬局】宮崎県都城市上水流町２３４８番３" }, "geometry": { "type": "Point", "coordinates": [ 131.094961, 31.811455 ] } },
{ "type": "Feature", "properties": { "ID": 4555450207500, "正式名称": "すずかけ薬局", "機関区分": 5, "都道府県コード": 45, "市区町村コード": 202, "所在地": "宮崎県都城市上水流町２２９７ー１", "緯度": 31.812077, "経度": 131.096879, "url": "https://www.iryou.teikyouseido.mhlw.go.jp/znk-web/juminkanja/S2430/initialize?prefCd=45&kikanCd=5450207500&kikanKbn=5", "url2": "https://suzukakeyakkyoku.crayonsite.info/", "内容": "すずかけ薬局【5:薬局】宮崎県都城市上水流町２２９７ー１" }, "geometry": { "type": "Point", "coordinates": [ 131.096879, 31.812077 ] } },
{ "type": "Feature", "properties": { "ID": 4555450207760, "正式名称": "グリーン薬局", "機関区分": 5, "都道府県コード": 45, "市区町村コード": 202, "所在地": "宮崎県都城市高城町穂満坊７９２ー１", "緯度": 31.801974, "経度": 131.124896, "url": "https://www.iryou.teikyouseido.mhlw.go.jp/znk-web/juminkanja/S2430/initialize?prefCd=45&kikanCd=5450207760&kikanKbn=5", "url2": null, "内容": "グリーン薬局【5:薬局】宮崎県都城市高城町穂満坊７９２ー１" }, "geometry": { "type": "Point", "coordinates": [ 131.124896, 31.801974 ] } },
{ "type": "Feature", "properties": { "ID": 4555450207890, "正式名称": "高城薬局", "機関区分": 5, "都道府県コード": 45, "市区町村コード": 202, "所在地": "宮崎県都城市高城町穂満坊３２１５ー２", "緯度": 31.81192, "経度": 131.125501, "url": "https://www.iryou.teikyouseido.mhlw.go.jp/znk-web/juminkanja/S2430/initialize?prefCd=45&kikanCd=5450207890&kikanKbn=5", "url2": null, "内容": "高城薬局【5:薬局】宮崎県都城市高城町穂満坊３２１５ー２" }, "geometry": { "type": "Point", "coordinates": [ 131.125501, 31.81192 ] } },
{ "type": "Feature", "properties": { "ID": 4555450208190, "正式名称": "みまたファミリー薬局", "機関区分": 5, "都道府県コード": 45, "市区町村コード": 341, "所在地": "宮崎県北諸県郡三股町大字樺山字射場前４５４０ー８", "緯度": 31.730008, "経度": 131.117234, "url": "https://www.iryou.teikyouseido.mhlw.go.jp/znk-web/juminkanja/S2430/initialize?prefCd=45&kikanCd=5450208190&kikanKbn=5", "url2": "https://www.bannou-ph.co.jp/", "内容": "みまたファミリー薬局【5:薬局】宮崎県北諸県郡三股町大字樺山字射場前４５４０ー８" }, "geometry": { "type": "Point", "coordinates": [ 131.117234, 31.730008 ] } },
{ "type": "Feature", "properties": { "ID": 4555450208350, "正式名称": "コアファーマシー", "機関区分": 5, "都道府県コード": 45, "市区町村コード": 341, "所在地": "宮崎県北諸県郡三股町大字樺山４９６９ー１１", "緯度": 31.738784, "経度": 131.105027, "url": "https://www.iryou.teikyouseido.mhlw.go.jp/znk-web/juminkanja/S2430/initialize?prefCd=45&kikanCd=5450208350&kikanKbn=5", "url2": null, "内容": "コアファーマシー【5:薬局】宮崎県北諸県郡三股町大字樺山４９６９ー１１" }, "geometry": { "type": "Point", "coordinates": [ 131.105027, 31.738784 ] } },
{ "type": "Feature", "properties": { "ID": 4555450208640, "正式名称": "慧光薬局", "機関区分": 5, "都道府県コード": 45, "市区町村コード": 341, "所在地": "宮崎県北諸県郡三股町稗田４７番地７", "緯度": 31.733704, "経度": 131.104577, "url": "https://www.iryou.teikyouseido.mhlw.go.jp/znk-web/juminkanja/S2430/initialize?prefCd=45&kikanCd=5450208640&kikanKbn=5", "url2": null, "内容": "慧光薬局【5:薬局】宮崎県北諸県郡三股町稗田４７番地７" }, "geometry": { "type": "Point", "coordinates": [ 131.104577, 31.733704 ] } },
{ "type": "Feature", "properties": { "ID": 4555450208770, "正式名称": "ひばり薬局", "機関区分": 5, "都道府県コード": 45, "市区町村コード": 341, "所在地": "宮崎県北諸県郡三股町新馬場２４番地１０", "緯度": 31.738696, "経度": 131.111429, "url": "https://www.iryou.teikyouseido.mhlw.go.jp/znk-web/juminkanja/S2430/initialize?prefCd=45&kikanCd=5450208770&kikanKbn=5", "url2": null, "内容": "ひばり薬局【5:薬局】宮崎県北諸県郡三股町新馬場２４番地１０" }, "geometry": { "type": "Point", "coordinates": [ 131.111429, 31.738696 ] } },
{ "type": "Feature", "properties": { "ID": 4555450208800, "正式名称": "みまたさくら薬局", "機関区分": 5, "都道府県コード": 45, "市区町村コード": 341, "所在地": "宮崎県北諸県郡三股町宮村２８２９－７", "緯度": 31.720036, "経度": 131.099923, "url": "https://www.iryou.teikyouseido.mhlw.go.jp/znk-web/juminkanja/S2430/initialize?prefCd=45&kikanCd=5450208800&kikanKbn=5", "url2": null, "内容": "みまたさくら薬局【5:薬局】宮崎県北諸県郡三股町宮村２８２９－７" }, "geometry": { "type": "Point", "coordinates": [ 131.099923, 31.720036 ] } },
{ "type": "Feature", "properties": { "ID": 4555450208930, "正式名称": "ひかり薬局", "機関区分": 5, "都道府県コード": 45, "市区町村コード": 341, "所在地": "宮崎県北諸県郡三股町大字蓼池３６０８番地２５", "緯度": 31.76223, "経度": 131.115734, "url": "https://www.iryou.teikyouseido.mhlw.go.jp/znk-web/juminkanja/S2430/initialize?prefCd=45&kikanCd=5450208930&kikanKbn=5", "url2": null, "内容": "ひかり薬局【5:薬局】宮崎県北諸県郡三股町大字蓼池３６０８番地２５" }, "geometry": { "type": "Point", "coordinates": [ 131.115734, 31.76223 ] } },
{ "type": "Feature", "properties": { "ID": 4555450209100, "正式名称": "そうごう薬局山田店", "機関区分": 5, "都道府県コード": 45, "市区町村コード": 202, "所在地": "宮崎県都城市山田町山田４３０７番地５", "緯度": 31.816114, "経度": 131.040706, "url": "https://www.iryou.teikyouseido.mhlw.go.jp/znk-web/juminkanja/S2430/initialize?prefCd=45&kikanCd=5450209100&kikanKbn=5", "url2": "https://www.sogo-pharmacy.jp/shop/view/131", "内容": "そうごう薬局山田店【5:薬局】宮崎県都城市山田町山田４３０７番地５" }, "geometry": { "type": "Point", "coordinates": [ 131.040706, 31.816114 ] } },
{ "type": "Feature", "properties": { "ID": 4555450209360, "正式名称": "東原薬局", "機関区分": 5, "都道府県コード": 45, "市区町村コード": 202, "所在地": "宮崎県都城市山田町中霧島字東原３３７０番地２", "緯度": 31.796175, "経度": 131.052145, "url": "https://www.iryou.teikyouseido.mhlw.go.jp/znk-web/juminkanja/S2430/initialize?prefCd=45&kikanCd=5450209360&kikanKbn=5", "url2": null, "内容": "東原薬局【5:薬局】宮崎県都城市山田町中霧島字東原３３７０番地２" }, "geometry": { "type": "Point", "coordinates": [ 131.052145, 31.796175 ] } },
{ "type": "Feature", "properties": { "ID": 4555450209520, "正式名称": "ハートハンズ薬局", "機関区分": 5, "都道府県コード": 45, "市区町村コード": 202, "所在地": "宮崎県都城市久保原町", "緯度": 31.72352, "経度": 131.033819, "url": "https://www.iryou.teikyouseido.mhlw.go.jp/znk-web/juminkanja/S2430/initialize?prefCd=45&kikanCd=5450209520&kikanKbn=5", "url2": null, "内容": "ハートハンズ薬局【5:薬局】宮崎県都城市久保原町" }, "geometry": { "type": "Point", "coordinates": [ 131.033819, 31.72352 ] } },
{ "type": "Feature", "properties": { "ID": 4555450209650, "正式名称": "ファン薬局　都城病院前", "機関区分": 5, "都道府県コード": 45, "市区町村コード": 202, "所在地": "宮崎県都城市祝吉３丁目１２－１５", "緯度": 31.740167, "経度": 131.085136, "url": "https://www.iryou.teikyouseido.mhlw.go.jp/znk-web/juminkanja/S2430/initialize?prefCd=45&kikanCd=5450209650&kikanKbn=5", "url2": "http://www.fan-medical.com/company/", "内容": "ファン薬局　都城病院前【5:薬局】宮崎県都城市祝吉３丁目１２－１５" }, "geometry": { "type": "Point", "coordinates": [ 131.085136, 31.740167 ] } },
{ "type": "Feature", "properties": { "ID": 4555450209780, "正式名称": "そうごう薬局　上川東店", "機関区分": 5, "都道府県コード": 45, "市区町村コード": 202, "所在地": "宮崎県都城市上川東１丁目２７ー６ー２", "緯度": 31.74, "経度": 131.07, "url": "https://www.iryou.teikyouseido.mhlw.go.jp/znk-web/juminkanja/S2430/initialize?prefCd=45&kikanCd=5450209780&kikanKbn=5", "url2": "https://www.sogo-medical.co.jp/sogopharmacy/shop/view/505", "内容": "そうごう薬局　上川東店【5:薬局】宮崎県都城市上川東１丁目２７ー６ー２" }, "geometry": { "type": "Point", "coordinates": [ 131.07, 31.74 ] } },
{ "type": "Feature", "properties": { "ID": 4555450210340, "正式名称": "古川調剤薬局", "機関区分": 5, "都道府県コード": 45, "市区町村コード": 202, "所在地": "宮崎県都城市蔵原町４街区２５号", "緯度": 31.72141, "経度": 131.066055, "url": "https://www.iryou.teikyouseido.mhlw.go.jp/znk-web/juminkanja/S2430/initialize?prefCd=45&kikanCd=5450210340&kikanKbn=5", "url2": null, "内容": "古川調剤薬局【5:薬局】宮崎県都城市蔵原町４街区２５号" }, "geometry": { "type": "Point", "coordinates": [ 131.066055, 31.72141 ] } },
{ "type": "Feature", "properties": { "ID": 4555450210500, "正式名称": "ひまわり薬局", "機関区分": 5, "都道府県コード": 45, "市区町村コード": 202, "所在地": "宮崎県都城市志比田町４９０７番地３", "緯度": 31.738535, "経度": 131.051766, "url": "https://www.iryou.teikyouseido.mhlw.go.jp/znk-web/juminkanja/S2430/initialize?prefCd=45&kikanCd=5450210500&kikanKbn=5", "url2": "http://smile-himawari.jp/", "内容": "ひまわり薬局【5:薬局】宮崎県都城市志比田町４９０７番地３" }, "geometry": { "type": "Point", "coordinates": [ 131.051766, 31.738535 ] } },
{ "type": "Feature", "properties": { "ID": 4555450210660, "正式名称": "妻ヶ丘薬局", "機関区分": 5, "都道府県コード": 45, "市区町村コード": 202, "所在地": "宮崎県都城市妻ヶ丘町１８街区１１号", "緯度": 31.726141, "経度": 131.074506, "url": "https://www.iryou.teikyouseido.mhlw.go.jp/znk-web/juminkanja/S2430/initialize?prefCd=45&kikanCd=5450210660&kikanKbn=5", "url2": "http://www.ochiai-pharmacy-group.com", "内容": "妻ヶ丘薬局【5:薬局】宮崎県都城市妻ヶ丘町１８街区１１号" }, "geometry": { "type": "Point", "coordinates": [ 131.074506, 31.726141 ] } },
{ "type": "Feature", "properties": { "ID": 4555450210790, "正式名称": "都北町薬局", "機関区分": 5, "都道府県コード": 45, "市区町村コード": 202, "所在地": "宮崎県都城市都北町６４４８ー２", "緯度": 31.764001, "経度": 131.087193, "url": "https://www.iryou.teikyouseido.mhlw.go.jp/znk-web/juminkanja/S2430/initialize?prefCd=45&kikanCd=5450210790&kikanKbn=5", "url2": "http://www.ochiai-pharmacy-group.com", "内容": "都北町薬局【5:薬局】宮崎県都城市都北町６４４８ー２" }, "geometry": { "type": "Point", "coordinates": [ 131.087193, 31.764001 ] } },
{ "type": "Feature", "properties": { "ID": 4555450210820, "正式名称": "とまと薬局　都城店", "機関区分": 5, "都道府県コード": 45, "市区町村コード": 202, "所在地": "宮崎県都城市南鷹尾町２４街区３号", "緯度": 31.720656, "経度": 131.041287, "url": "https://www.iryou.teikyouseido.mhlw.go.jp/znk-web/juminkanja/S2430/initialize?prefCd=45&kikanCd=5450210820&kikanKbn=5", "url2": "http://tomato-p.com/", "内容": "とまと薬局　都城店【5:薬局】宮崎県都城市南鷹尾町２４街区３号" }, "geometry": { "type": "Point", "coordinates": [ 131.041287, 31.720656 ] } },
{ "type": "Feature", "properties": { "ID": 4555450210950, "正式名称": "みんなの薬局都城", "機関区分": 5, "都道府県コード": 45, "市区町村コード": 202, "所在地": "宮崎県都城市北原町２７－２０", "緯度": 31.733186, "経度": 131.079404, "url": "https://www.iryou.teikyouseido.mhlw.go.jp/znk-web/juminkanja/S2430/initialize?prefCd=45&kikanCd=5450210950&kikanKbn=5", "url2": null, "内容": "みんなの薬局都城【5:薬局】宮崎県都城市北原町２７－２０" }, "geometry": { "type": "Point", "coordinates": [ 131.079404, 31.733186 ] } },
{ "type": "Feature", "properties": { "ID": 4555450211090, "正式名称": "中原町薬局", "機関区分": 5, "都道府県コード": 45, "市区町村コード": 202, "所在地": "宮崎県都城市中原町４１街区５号", "緯度": 31.730877, "経度": 131.073836, "url": "https://www.iryou.teikyouseido.mhlw.go.jp/znk-web/juminkanja/S2430/initialize?prefCd=45&kikanCd=5450211090&kikanKbn=5", "url2": "http://www.ochiai-pharmacy-group.com", "内容": "中原町薬局【5:薬局】宮崎県都城市中原町４１街区５号" }, "geometry": { "type": "Point", "coordinates": [ 131.073836, 31.730877 ] } },
{ "type": "Feature", "properties": { "ID": 4555450211120, "正式名称": "ウエスト薬局", "機関区分": 5, "都道府県コード": 45, "市区町村コード": 202, "所在地": "宮崎県都城市都原町８１４８番地３", "緯度": 31.734858, "経度": 131.035331, "url": "https://www.iryou.teikyouseido.mhlw.go.jp/znk-web/juminkanja/S2430/initialize?prefCd=45&kikanCd=5450211120&kikanKbn=5", "url2": null, "内容": "ウエスト薬局【5:薬局】宮崎県都城市都原町８１４８番地３" }, "geometry": { "type": "Point", "coordinates": [ 131.035331, 31.734858 ] } },
{ "type": "Feature", "properties": { "ID": 4555450211250, "正式名称": "アウルズ薬局　東町店", "機関区分": 5, "都道府県コード": 45, "市区町村コード": 202, "所在地": "宮崎県都城市東町９街区２７号", "緯度": 31.722571, "経度": 131.069737, "url": "https://www.iryou.teikyouseido.mhlw.go.jp/znk-web/juminkanja/S2430/initialize?prefCd=45&kikanCd=5450211250&kikanKbn=5", "url2": null, "内容": "アウルズ薬局　東町店【5:薬局】宮崎県都城市東町９街区２７号" }, "geometry": { "type": "Point", "coordinates": [ 131.069737, 31.722571 ] } },
{ "type": "Feature", "properties": { "ID": 4555450211380, "正式名称": "有限会社　リブ薬局", "機関区分": 5, "都道府県コード": 45, "市区町村コード": 202, "所在地": "宮崎県都城市安久町５６番地１", "緯度": 31.7019, "経度": 131.076465, "url": "https://www.iryou.teikyouseido.mhlw.go.jp/znk-web/juminkanja/S2430/initialize?prefCd=45&kikanCd=5450211380&kikanKbn=5", "url2": null, "内容": "有限会社　リブ薬局【5:薬局】宮崎県都城市安久町５６番地１" }, "geometry": { "type": "Point", "coordinates": [ 131.076465, 31.7019 ] } },
{ "type": "Feature", "properties": { "ID": 4555450211410, "正式名称": "アンジュ薬局", "機関区分": 5, "都道府県コード": 45, "市区町村コード": 202, "所在地": "宮崎県都城市平江町５－１２", "緯度": 31.732839, "経度": 131.068236, "url": "https://www.iryou.teikyouseido.mhlw.go.jp/znk-web/juminkanja/S2430/initialize?prefCd=45&kikanCd=5450211410&kikanKbn=5", "url2": null, "内容": "アンジュ薬局【5:薬局】宮崎県都城市平江町５－１２" }, "geometry": { "type": "Point", "coordinates": [ 131.068236, 31.732839 ] } },
{ "type": "Feature", "properties": { "ID": 4555450211540, "正式名称": "そうごう薬局三股仲町店", "機関区分": 5, "都道府県コード": 45, "市区町村コード": 341, "所在地": "宮崎県北諸県郡三股町樺山３４９１－２", "緯度": 31.731783, "経度": 131.125937, "url": "https://www.iryou.teikyouseido.mhlw.go.jp/znk-web/juminkanja/S2430/initialize?prefCd=45&kikanCd=5450211540&kikanKbn=5", "url2": "https://shop.sogo-pharmacy.jp/detail/349/", "内容": "そうごう薬局三股仲町店【5:薬局】宮崎県北諸県郡三股町樺山３４９１－２" }, "geometry": { "type": "Point", "coordinates": [ 131.125937, 31.731783 ] } },
{ "type": "Feature", "properties": { "ID": 4555450211670, "正式名称": "あい薬局上町店", "機関区分": 5, "都道府県コード": 45, "市区町村コード": 202, "所在地": "宮崎県都城市上町１０ー６", "緯度": 31.72438, "経度": 131.065285, "url": "https://www.iryou.teikyouseido.mhlw.go.jp/znk-web/juminkanja/S2430/initialize?prefCd=45&kikanCd=5450211670&kikanKbn=5", "url2": "http://www.ochiai-pharmacy-group.com/pharmacy/ai_kanmachi/", "内容": "あい薬局上町店【5:薬局】宮崎県都城市上町１０ー６" }, "geometry": { "type": "Point", "coordinates": [ 131.065285, 31.72438 ] } },
{ "type": "Feature", "properties": { "ID": 4555450211700, "正式名称": "前田町　椎の木薬局", "機関区分": 5, "都道府県コード": 45, "市区町村コード": 202, "所在地": "宮崎県都城市前田町６街区１９号", "緯度": 31.73006, "経度": 131.066268, "url": "https://www.iryou.teikyouseido.mhlw.go.jp/znk-web/juminkanja/S2430/initialize?prefCd=45&kikanCd=5450211700&kikanKbn=5", "url2": null, "内容": "前田町　椎の木薬局【5:薬局】宮崎県都城市前田町６街区１９号" }, "geometry": { "type": "Point", "coordinates": [ 131.066268, 31.73006 ] } },
{ "type": "Feature", "properties": { "ID": 4555450211830, "正式名称": "東町マリンバ薬局", "機関区分": 5, "都道府県コード": 45, "市区町村コード": 202, "所在地": "宮崎県都城市東町１４街区２１号", "緯度": 31.723893, "経度": 131.069765, "url": "https://www.iryou.teikyouseido.mhlw.go.jp/znk-web/juminkanja/S2430/initialize?prefCd=45&kikanCd=5450211830&kikanKbn=5", "url2": "https://www.satispharma.com/", "内容": "東町マリンバ薬局【5:薬局】宮崎県都城市東町１４街区２１号" }, "geometry": { "type": "Point", "coordinates": [ 131.069765, 31.723893 ] } },
{ "type": "Feature", "properties": { "ID": 4555450211960, "正式名称": "サンライト薬局　三股店", "機関区分": 5, "都道府県コード": 45, "市区町村コード": 341, "所在地": "宮崎県北諸県郡三股町樺山４６７２番地３５０", "緯度": 31.730834, "経度": 131.116173, "url": "https://www.iryou.teikyouseido.mhlw.go.jp/znk-web/juminkanja/S2430/initialize?prefCd=45&kikanCd=5450211960&kikanKbn=5", "url2": null, "内容": "サンライト薬局　三股店【5:薬局】宮崎県北諸県郡三股町樺山４６７２番地３５０" }, "geometry": { "type": "Point", "coordinates": [ 131.116173, 31.730834 ] } },
{ "type": "Feature", "properties": { "ID": 4555450212000, "正式名称": "はなぐり薬局", "機関区分": 5, "都道府県コード": 45, "市区町村コード": 202, "所在地": "宮崎県都城市花繰町１４街区１号", "緯度": 31.72543, "経度": 131.084378, "url": "https://www.iryou.teikyouseido.mhlw.go.jp/znk-web/juminkanja/S2430/initialize?prefCd=45&kikanCd=5450212000&kikanKbn=5", "url2": "http://www.ochiai-pharmacy-group.com", "内容": "はなぐり薬局【5:薬局】宮崎県都城市花繰町１４街区１号" }, "geometry": { "type": "Point", "coordinates": [ 131.084378, 31.72543 ] } },
{ "type": "Feature", "properties": { "ID": 4555450212130, "正式名称": "エイト薬局", "機関区分": 5, "都道府県コード": 45, "市区町村コード": 202, "所在地": "宮崎県都城市八幡町", "緯度": 31.721159, "経度": 131.058054, "url": "https://www.iryou.teikyouseido.mhlw.go.jp/znk-web/juminkanja/S2430/initialize?prefCd=45&kikanCd=5450212130&kikanKbn=5", "url2": null, "内容": "エイト薬局【5:薬局】宮崎県都城市八幡町" }, "geometry": { "type": "Point", "coordinates": [ 131.058054, 31.721159 ] } },
{ "type": "Feature", "properties": { "ID": 4555450212260, "正式名称": "サン調剤薬局蔵原店", "機関区分": 5, "都道府県コード": 45, "市区町村コード": 202, "所在地": "宮崎県都城市蔵原町１０街区２２ー１号", "緯度": 31.723239, "経度": 131.065511, "url": "https://www.iryou.teikyouseido.mhlw.go.jp/znk-web/juminkanja/S2430/initialize?prefCd=45&kikanCd=5450212260&kikanKbn=5", "url2": "http://www.himuka-medical.com/", "内容": "サン調剤薬局蔵原店【5:薬局】宮崎県都城市蔵原町１０街区２２ー１号" }, "geometry": { "type": "Point", "coordinates": [ 131.065511, 31.723239 ] } },
{ "type": "Feature", "properties": { "ID": 4555450212390, "正式名称": "サン薬局久保原店", "機関区分": 5, "都道府県コード": 45, "市区町村コード": 202, "所在地": "宮崎県都城市久保原町２０６０番地９", "緯度": 31.725747, "経度": 131.034958, "url": "https://www.iryou.teikyouseido.mhlw.go.jp/znk-web/juminkanja/S2430/initialize?prefCd=45&kikanCd=5450212390&kikanKbn=5", "url2": "http://www.himuka-medical.com/pharmacy/004kubobaru.html", "内容": "サン薬局久保原店【5:薬局】宮崎県都城市久保原町２０６０番地９" }, "geometry": { "type": "Point", "coordinates": [ 131.034958, 31.725747 ] } },
{ "type": "Feature", "properties": { "ID": 4555450212420, "正式名称": "いわよし薬局", "機関区分": 5, "都道府県コード": 45, "市区町村コード": 202, "所在地": "宮崎県都城市千町５２６８番地２", "緯度": 31.738758, "経度": 131.079847, "url": "https://www.iryou.teikyouseido.mhlw.go.jp/znk-web/juminkanja/S2430/initialize?prefCd=45&kikanCd=5450212420&kikanKbn=5", "url2": null, "内容": "いわよし薬局【5:薬局】宮崎県都城市千町５２６８番地２" }, "geometry": { "type": "Point", "coordinates": [ 131.079847, 31.738758 ] } },
{ "type": "Feature", "properties": { "ID": 4555450212710, "正式名称": "ハロー薬局牟田町店", "機関区分": 5, "都道府県コード": 45, "市区町村コード": 202, "所在地": "宮崎県都城市牟田町２５街区４号", "緯度": 31.726748, "経度": 131.061425, "url": "https://www.iryou.teikyouseido.mhlw.go.jp/znk-web/juminkanja/S2430/initialize?prefCd=45&kikanCd=5450212710&kikanKbn=5", "url2": "https://www.axisnet.jp/h-mutachou/", "内容": "ハロー薬局牟田町店【5:薬局】宮崎県都城市牟田町２５街区４号" }, "geometry": { "type": "Point", "coordinates": [ 131.061425, 31.726748 ] } },
{ "type": "Feature", "properties": { "ID": 4555450212970, "正式名称": "白山薬局", "機関区分": 5, "都道府県コード": 45, "市区町村コード": 202, "所在地": "宮崎県都城市郡元町３２４５番地３５", "緯度": 31.742773, "経度": 131.092229, "url": "https://www.iryou.teikyouseido.mhlw.go.jp/znk-web/juminkanja/S2430/initialize?prefCd=45&kikanCd=5450212970&kikanKbn=5", "url2": null, "内容": "白山薬局【5:薬局】宮崎県都城市郡元町３２４５番地３５" }, "geometry": { "type": "Point", "coordinates": [ 131.092229, 31.742773 ] } },
{ "type": "Feature", "properties": { "ID": 4555450213010, "正式名称": "ひむか薬局甲斐元町店", "機関区分": 5, "都道府県コード": 45, "市区町村コード": 202, "所在地": "宮崎県都城市甲斐元町１４街区３７の１号", "緯度": 31.715262, "経度": 131.061138, "url": "https://www.iryou.teikyouseido.mhlw.go.jp/znk-web/juminkanja/S2430/initialize?prefCd=45&kikanCd=5450213010&kikanKbn=5", "url2": "https://himuka-medical.com/", "内容": "ひむか薬局甲斐元町店【5:薬局】宮崎県都城市甲斐元町１４街区３７の１号" }, "geometry": { "type": "Point", "coordinates": [ 131.061138, 31.715262 ] } },
{ "type": "Feature", "properties": { "ID": 4555450213140, "正式名称": "みんなの薬局スマイリング・パーク", "機関区分": 5, "都道府県コード": 45, "市区町村コード": 202, "所在地": "宮崎県都城市早鈴町１８６６番４０の３", "緯度": 31.714691, "経度": 131.077592, "url": "https://www.iryou.teikyouseido.mhlw.go.jp/znk-web/juminkanja/S2430/initialize?prefCd=45&kikanCd=5450213140&kikanKbn=5", "url2": null, "内容": "みんなの薬局スマイリング・パーク【5:薬局】宮崎県都城市早鈴町１８６６番４０の３" }, "geometry": { "type": "Point", "coordinates": [ 131.077592, 31.714691 ] } },
{ "type": "Feature", "properties": { "ID": 4555450213270, "正式名称": "早鈴マリンバ薬局", "機関区分": 5, "都道府県コード": 45, "市区町村コード": 202, "所在地": "宮崎県都城市早鈴町１５０７番地２", "緯度": 31.713619, "経度": 131.072408, "url": "https://www.iryou.teikyouseido.mhlw.go.jp/znk-web/juminkanja/S2430/initialize?prefCd=45&kikanCd=5450213270&kikanKbn=5", "url2": "https://www.satispharma.com/", "内容": "早鈴マリンバ薬局【5:薬局】宮崎県都城市早鈴町１５０７番地２" }, "geometry": { "type": "Point", "coordinates": [ 131.072408, 31.713619 ] } },
{ "type": "Feature", "properties": { "ID": 4555450213300, "正式名称": "三股マリンバ薬局", "機関区分": 5, "都道府県コード": 45, "市区町村コード": 341, "所在地": "宮崎県北諸県郡三股町樺山字中原５０３６番地８８", "緯度": 31.735866, "経度": 131.107133, "url": "https://www.iryou.teikyouseido.mhlw.go.jp/znk-web/juminkanja/S2430/initialize?prefCd=45&kikanCd=5450213300&kikanKbn=5", "url2": "https://www.satispharma.com/", "内容": "三股マリンバ薬局【5:薬局】宮崎県北諸県郡三股町樺山字中原５０３６番地８８" }, "geometry": { "type": "Point", "coordinates": [ 131.107133, 31.735866 ] } },
{ "type": "Feature", "properties": { "ID": 4555450213430, "正式名称": "はやみず薬局", "機関区分": 5, "都道府県コード": 45, "市区町村コード": 202, "所在地": "宮崎県都城市早水町４５０３－１４３", "緯度": 31.737576, "経度": 131.091491, "url": "https://www.iryou.teikyouseido.mhlw.go.jp/znk-web/juminkanja/S2430/initialize?prefCd=45&kikanCd=5450213430&kikanKbn=5", "url2": null, "内容": "はやみず薬局【5:薬局】宮崎県都城市早水町４５０３－１４３" }, "geometry": { "type": "Point", "coordinates": [ 131.091491, 31.737576 ] } },
{ "type": "Feature", "properties": { "ID": 4555450213560, "正式名称": "ひなた薬局　五十市店", "機関区分": 5, "都道府県コード": 45, "市区町村コード": 202, "所在地": "宮崎県都城市五十町２２６７－４", "緯度": 31.715404, "経度": 131.037227, "url": "https://www.iryou.teikyouseido.mhlw.go.jp/znk-web/juminkanja/S2430/initialize?prefCd=45&kikanCd=5450213560&kikanKbn=5", "url2": null, "内容": "ひなた薬局　五十市店【5:薬局】宮崎県都城市五十町２２６７－４" }, "geometry": { "type": "Point", "coordinates": [ 131.037227, 31.715404 ] } },
{ "type": "Feature", "properties": { "ID": 4555450213690, "正式名称": "いざき調剤薬局ＮＴ", "機関区分": 5, "都道府県コード": 45, "市区町村コード": 202, "所在地": "宮崎県都城市蔵原町１－４", "緯度": 31.721186, "経度": 131.064032, "url": "https://www.iryou.teikyouseido.mhlw.go.jp/znk-web/juminkanja/S2430/initialize?prefCd=45&kikanCd=5450213690&kikanKbn=5", "url2": "https://www.sunrise-kusuri.co.jp/", "内容": "いざき調剤薬局ＮＴ【5:薬局】宮崎県都城市蔵原町１－４" }, "geometry": { "type": "Point", "coordinates": [ 131.064032, 31.721186 ] } },
{ "type": "Feature", "properties": { "ID": 4555450213980, "正式名称": "さくら薬局", "機関区分": 5, "都道府県コード": 45, "市区町村コード": 341, "所在地": "宮崎県北諸県郡三股町大字樺山字中原５０３６番地９０", "緯度": 31.735659, "経度": 131.105945, "url": "https://www.iryou.teikyouseido.mhlw.go.jp/znk-web/juminkanja/S2430/initialize?prefCd=45&kikanCd=5450213980&kikanKbn=5", "url2": "https://www.satispharma.com/", "内容": "さくら薬局【5:薬局】宮崎県北諸県郡三股町大字樺山字中原５０３６番地９０" }, "geometry": { "type": "Point", "coordinates": [ 131.105945, 31.735659 ] } },
{ "type": "Feature", "properties": { "ID": 4555450214020, "正式名称": "調剤薬局日研", "機関区分": 5, "都道府県コード": 45, "市区町村コード": 202, "所在地": "宮崎県都城市上町１２－２８", "緯度": 31.723438, "経度": 131.063943, "url": "https://www.iryou.teikyouseido.mhlw.go.jp/znk-web/juminkanja/S2430/initialize?prefCd=45&kikanCd=5450214020&kikanKbn=5", "url2": null, "内容": "調剤薬局日研【5:薬局】宮崎県都城市上町１２－２８" }, "geometry": { "type": "Point", "coordinates": [ 131.063943, 31.723438 ] } },
{ "type": "Feature", "properties": { "ID": 4555450214280, "正式名称": "大王町薬局", "機関区分": 5, "都道府県コード": 45, "市区町村コード": 202, "所在地": "宮崎県都城市大王町１５－６", "緯度": 31.731078, "経度": 131.062476, "url": "https://www.iryou.teikyouseido.mhlw.go.jp/znk-web/juminkanja/S2430/initialize?prefCd=45&kikanCd=5450214280&kikanKbn=5", "url2": "https://www.ochiai-pharmacy-group.com/", "内容": "大王町薬局【5:薬局】宮崎県都城市大王町１５－６" }, "geometry": { "type": "Point", "coordinates": [ 131.062476, 31.731078 ] } },
{ "type": "Feature", "properties": { "ID": 4555450214440, "正式名称": "生薬漢方薬局　かすみ堂", "機関区分": 5, "都道府県コード": 45, "市区町村コード": 202, "所在地": "宮崎県都城市前田町３－１３前田ビル１階", "緯度": 31.728307, "経度": 131.066315, "url": "https://www.iryou.teikyouseido.mhlw.go.jp/znk-web/juminkanja/S2430/initialize?prefCd=45&kikanCd=5450214440&kikanKbn=5", "url2": null, "内容": "生薬漢方薬局　かすみ堂【5:薬局】宮崎県都城市前田町３－１３前田ビル１階" }, "geometry": { "type": "Point", "coordinates": [ 131.066315, 31.728307 ] } },
{ "type": "Feature", "properties": { "ID": 4555450214570, "正式名称": "なないろ薬局", "機関区分": 5, "都道府県コード": 45, "市区町村コード": 202, "所在地": "宮崎県都城市広原町３－９", "緯度": 31.7265, "経度": 131.089811, "url": "https://www.iryou.teikyouseido.mhlw.go.jp/znk-web/juminkanja/S2430/initialize?prefCd=45&kikanCd=5450214570&kikanKbn=5", "url2": null, "内容": "なないろ薬局【5:薬局】宮崎県都城市広原町３－９" }, "geometry": { "type": "Point", "coordinates": [ 131.089811, 31.7265 ] } },
{ "type": "Feature", "properties": { "ID": 4555450214860, "正式名称": "ファーマライズ薬局都城店", "機関区分": 5, "都道府県コード": 45, "市区町村コード": 202, "所在地": "宮崎県都城市年見町２３号２番地", "緯度": 31.732891, "経度": 131.087148, "url": "https://www.iryou.teikyouseido.mhlw.go.jp/znk-web/juminkanja/S2430/initialize?prefCd=45&kikanCd=5450214860&kikanKbn=5", "url2": "https://www.pharmarise.com/company/store/store.php?store_id=706", "内容": "ファーマライズ薬局都城店【5:薬局】宮崎県都城市年見町２３号２番地" }, "geometry": { "type": "Point", "coordinates": [ 131.087148, 31.732891 ] } },
{ "type": "Feature", "properties": { "ID": 4555450214990, "正式名称": "トリム薬局　都城店", "機関区分": 5, "都道府県コード": 45, "市区町村コード": 202, "所在地": "宮崎県都城市年見町２４号４番地", "緯度": 31.733261, "経度": 131.088233, "url": "https://www.iryou.teikyouseido.mhlw.go.jp/znk-web/juminkanja/S2430/initialize?prefCd=45&kikanCd=5450214990&kikanKbn=5", "url2": "https://www.pharmarise.com/company/store/store.php?store_id=707", "内容": "トリム薬局　都城店【5:薬局】宮崎県都城市年見町２４号４番地" }, "geometry": { "type": "Point", "coordinates": [ 131.088233, 31.733261 ] } },
{ "type": "Feature", "properties": { "ID": 4555450215030, "正式名称": "ふれあい薬局花繰店", "機関区分": 5, "都道府県コード": 45, "市区町村コード": 202, "所在地": "宮崎県都城市花繰町６街区１９号", "緯度": 31.725876, "経度": 131.082078, "url": "https://www.iryou.teikyouseido.mhlw.go.jp/znk-web/juminkanja/S2430/initialize?prefCd=45&kikanCd=5450215030&kikanKbn=5", "url2": null, "内容": "ふれあい薬局花繰店【5:薬局】宮崎県都城市花繰町６街区１９号" }, "geometry": { "type": "Point", "coordinates": [ 131.082078, 31.725876 ] } },
{ "type": "Feature", "properties": { "ID": 4555450215160, "正式名称": "すみれ薬局", "機関区分": 5, "都道府県コード": 45, "市区町村コード": 202, "所在地": "宮崎県都城市金田町２２６０－６", "緯度": 31.770433, "経度": 131.08194, "url": "https://www.iryou.teikyouseido.mhlw.go.jp/znk-web/juminkanja/S2430/initialize?prefCd=45&kikanCd=5450215160&kikanKbn=5", "url2": null, "内容": "すみれ薬局【5:薬局】宮崎県都城市金田町２２６０－６" }, "geometry": { "type": "Point", "coordinates": [ 131.08194, 31.770433 ] } },
{ "type": "Feature", "properties": { "ID": 4555450215320, "正式名称": "ニシムタ薬局　五十市店", "機関区分": 5, "都道府県コード": 45, "市区町村コード": 202, "所在地": "宮崎県都城市五十町２３７５－５スーパーセンターニシムタ五十市店内", "緯度": 31.708014, "経度": 131.03802, "url": "https://www.iryou.teikyouseido.mhlw.go.jp/znk-web/juminkanja/S2430/initialize?prefCd=45&kikanCd=5450215320&kikanKbn=5", "url2": null, "内容": "ニシムタ薬局　五十市店【5:薬局】宮崎県都城市五十町２３７５－５スーパーセンターニシムタ五十市店内" }, "geometry": { "type": "Point", "coordinates": [ 131.03802, 31.708014 ] } },
{ "type": "Feature", "properties": { "ID": 4555450215450, "正式名称": "ＭＩＫＡＴＡ薬局", "機関区分": 5, "都道府県コード": 45, "市区町村コード": 202, "所在地": "宮崎県都城市南横市町３９５９番地１０", "緯度": 31.741361, "経度": 131.038611, "url": "https://www.iryou.teikyouseido.mhlw.go.jp/znk-web/juminkanja/S2430/initialize?prefCd=45&kikanCd=5450215450&kikanKbn=5", "url2": null, "内容": "ＭＩＫＡＴＡ薬局【5:薬局】宮崎県都城市南横市町３９５９番地１０" }, "geometry": { "type": "Point", "coordinates": [ 131.038611, 31.741361 ] } },
{ "type": "Feature", "properties": { "ID": 4555450300140, "正式名称": "カイ薬局一ヶ岡店", "機関区分": 5, "都道府県コード": 45, "市区町村コード": 203, "所在地": "宮崎県延岡市旭ケ丘５丁目９－１０", "緯度": 32.528967, "経度": 131.68048, "url": "https://www.iryou.teikyouseido.mhlw.go.jp/znk-web/juminkanja/S2430/initialize?prefCd=45&kikanCd=5450300140&kikanKbn=5", "url2": "https://www.kai-yakkyoku.com/", "内容": "カイ薬局一ヶ岡店【5:薬局】宮崎県延岡市旭ケ丘５丁目９－１０" }, "geometry": { "type": "Point", "coordinates": [ 131.68048, 32.528967 ] } },
{ "type": "Feature", "properties": { "ID": 4555450300270, "正式名称": "おおさきＹＯＵ薬局", "機関区分": 5, "都道府県コード": 45, "市区町村コード": 203, "所在地": "宮崎県延岡市夏田町３８４ー１", "緯度": 32.606743, "経度": 131.671688, "url": "https://www.iryou.teikyouseido.mhlw.go.jp/znk-web/juminkanja/S2430/initialize?prefCd=45&kikanCd=5450300270&kikanKbn=5", "url2": "http://www.e-classa.net/oosaki-you/", "内容": "おおさきＹＯＵ薬局【5:薬局】宮崎県延岡市夏田町３８４ー１" }, "geometry": { "type": "Point", "coordinates": [ 131.671688, 32.606743 ] } },
{ "type": "Feature", "properties": { "ID": 4555450300300, "正式名称": "みずほ薬局", "機関区分": 5, "都道府県コード": 45, "市区町村コード": 203, "所在地": "宮崎県延岡市川島町１６４５番１", "緯度": 32.617999, "経度": 131.699408, "url": "https://www.iryou.teikyouseido.mhlw.go.jp/znk-web/juminkanja/S2430/initialize?prefCd=45&kikanCd=5450300300&kikanKbn=5", "url2": null, "内容": "みずほ薬局【5:薬局】宮崎県延岡市川島町１６４５番１" }, "geometry": { "type": "Point", "coordinates": [ 131.699408, 32.617999 ] } },
{ "type": "Feature", "properties": { "ID": 4555450300560, "正式名称": "メディカル薬局　大門店", "機関区分": 5, "都道府県コード": 45, "市区町村コード": 203, "所在地": "宮崎県延岡市大門町２１８ー２", "緯度": 32.602846, "経度": 131.68079, "url": "https://www.iryou.teikyouseido.mhlw.go.jp/znk-web/juminkanja/S2430/initialize?prefCd=45&kikanCd=5450300560&kikanKbn=5", "url2": "https://medicalcare-gr.com/", "内容": "メディカル薬局　大門店【5:薬局】宮崎県延岡市大門町２１８ー２" }, "geometry": { "type": "Point", "coordinates": [ 131.68079, 32.602846 ] } },
{ "type": "Feature", "properties": { "ID": 4555450300980, "正式名称": "有限会社丘の上薬局　日の出店", "機関区分": 5, "都道府県コード": 45, "市区町村コード": 203, "所在地": "宮崎県延岡市日の出町１丁目１２ー３", "緯度": 32.587156, "経度": 131.673711, "url": "https://www.iryou.teikyouseido.mhlw.go.jp/znk-web/juminkanja/S2430/initialize?prefCd=45&kikanCd=5450300980&kikanKbn=5", "url2": "http://okanoue.main.jp/index.html", "内容": "有限会社丘の上薬局　日の出店【5:薬局】宮崎県延岡市日の出町１丁目１２ー３" }, "geometry": { "type": "Point", "coordinates": [ 131.673711, 32.587156 ] } },
{ "type": "Feature", "properties": { "ID": 4555450301020, "正式名称": "敬愛薬局", "機関区分": 5, "都道府県コード": 45, "市区町村コード": 203, "所在地": "宮崎県延岡市日の出町１丁目５番地１４", "緯度": 32.587392, "経度": 131.675819, "url": "https://www.iryou.teikyouseido.mhlw.go.jp/znk-web/juminkanja/S2430/initialize?prefCd=45&kikanCd=5450301020&kikanKbn=5", "url2": null, "内容": "敬愛薬局【5:薬局】宮崎県延岡市日の出町１丁目５番地１４" }, "geometry": { "type": "Point", "coordinates": [ 131.675819, 32.587392 ] } },
{ "type": "Feature", "properties": { "ID": 4555450301150, "正式名称": "北小路調剤薬局。", "機関区分": 5, "都道府県コード": 45, "市区町村コード": 203, "所在地": "宮崎県延岡市北小路１４番地２８", "緯度": 32.584811, "経度": 131.662901, "url": "https://www.iryou.teikyouseido.mhlw.go.jp/znk-web/juminkanja/S2430/initialize?prefCd=45&kikanCd=5450301150&kikanKbn=5", "url2": null, "内容": "北小路調剤薬局。【5:薬局】宮崎県延岡市北小路１４番地２８" }, "geometry": { "type": "Point", "coordinates": [ 131.662901, 32.584811 ] } },
{ "type": "Feature", "properties": { "ID": 4555450301280, "正式名称": "ハラダ調剤薬局高千穂通店", "機関区分": 5, "都道府県コード": 45, "市区町村コード": 203, "所在地": "宮崎県延岡市高千穂通５番６号", "緯度": 32.58595, "経度": 131.665376, "url": "https://www.iryou.teikyouseido.mhlw.go.jp/znk-web/juminkanja/S2430/initialize?prefCd=45&kikanCd=5450301280&kikanKbn=5", "url2": null, "内容": "ハラダ調剤薬局高千穂通店【5:薬局】宮崎県延岡市高千穂通５番６号" }, "geometry": { "type": "Point", "coordinates": [ 131.665376, 32.58595 ] } },
{ "type": "Feature", "properties": { "ID": 4555450301310, "正式名称": "きりん薬局", "機関区分": 5, "都道府県コード": 45, "市区町村コード": 203, "所在地": "宮崎県延岡市博労町２番地２３", "緯度": 32.585597, "経度": 131.669753, "url": "https://www.iryou.teikyouseido.mhlw.go.jp/znk-web/juminkanja/S2430/initialize?prefCd=45&kikanCd=5450301310&kikanKbn=5", "url2": "http://www.medicalcare-ogawa.com/", "内容": "きりん薬局【5:薬局】宮崎県延岡市博労町２番地２３" }, "geometry": { "type": "Point", "coordinates": [ 131.669753, 32.585597 ] } },
{ "type": "Feature", "properties": { "ID": 4555450301440, "正式名称": "丘の上薬局　瀬の口店", "機関区分": 5, "都道府県コード": 45, "市区町村コード": 203, "所在地": "宮崎県延岡市瀬之口町１丁目４ー１１　ＭＨＢＵＩＬＤ１Ｆ西側", "緯度": 32.586589, "経度": 131.671914, "url": "https://www.iryou.teikyouseido.mhlw.go.jp/znk-web/juminkanja/S2430/initialize?prefCd=45&kikanCd=5450301440&kikanKbn=5", "url2": "http://okanoue.main.jp", "内容": "丘の上薬局　瀬の口店【5:薬局】宮崎県延岡市瀬之口町１丁目４ー１１　ＭＨＢＵＩＬＤ１Ｆ西側" }, "geometry": { "type": "Point", "coordinates": [ 131.671914, 32.586589 ] } },
{ "type": "Feature", "properties": { "ID": 4555450301570, "正式名称": "ハラダ調剤薬局　萩店", "機関区分": 5, "都道府県コード": 45, "市区町村コード": 203, "所在地": "宮崎県延岡市萩町１９番１", "緯度": 32.591094, "経度": 131.671589, "url": "https://www.iryou.teikyouseido.mhlw.go.jp/znk-web/juminkanja/S2430/initialize?prefCd=45&kikanCd=5450301570&kikanKbn=5", "url2": "http://www.haradagr-dp.co.jp", "内容": "ハラダ調剤薬局　萩店【5:薬局】宮崎県延岡市萩町１９番１" }, "geometry": { "type": "Point", "coordinates": [ 131.671589, 32.591094 ] } },
{ "type": "Feature", "properties": { "ID": 4555450301730, "正式名称": "合資会社　宇野薬局", "機関区分": 5, "都道府県コード": 45, "市区町村コード": 203, "所在地": "宮崎県延岡市幸町３丁目３番地", "緯度": 32.590078, "経度": 131.671395, "url": "https://www.iryou.teikyouseido.mhlw.go.jp/znk-web/juminkanja/S2430/initialize?prefCd=45&kikanCd=5450301730&kikanKbn=5", "url2": null, "内容": "合資会社　宇野薬局【5:薬局】宮崎県延岡市幸町３丁目３番地" }, "geometry": { "type": "Point", "coordinates": [ 131.671395, 32.590078 ] } },
{ "type": "Feature", "properties": { "ID": 4555450301990, "正式名称": "きたかた調剤薬局", "機関区分": 5, "都道府県コード": 45, "市区町村コード": 203, "所在地": "宮崎県延岡市北方町川水流卯１３８８ー１", "緯度": 32.567167, "経度": 131.524898, "url": "https://www.iryou.teikyouseido.mhlw.go.jp/znk-web/juminkanja/S2430/initialize?prefCd=45&kikanCd=5450301990&kikanKbn=5", "url2": "https://www.fuji-pharmacy.jp/home", "内容": "きたかた調剤薬局【5:薬局】宮崎県延岡市北方町川水流卯１３８８ー１" }, "geometry": { "type": "Point", "coordinates": [ 131.524898, 32.567167 ] } },
{ "type": "Feature", "properties": { "ID": 4555450302030, "正式名称": "ハラダ調剤薬局　野田店", "機関区分": 5, "都道府県コード": 45, "市区町村コード": 203, "所在地": "宮崎県延岡市野田町１８３９番地３", "緯度": 32.578441, "経度": 131.638344, "url": "https://www.iryou.teikyouseido.mhlw.go.jp/znk-web/juminkanja/S2430/initialize?prefCd=45&kikanCd=5450302030&kikanKbn=5", "url2": null, "内容": "ハラダ調剤薬局　野田店【5:薬局】宮崎県延岡市野田町１８３９番地３" }, "geometry": { "type": "Point", "coordinates": [ 131.638344, 32.578441 ] } },
{ "type": "Feature", "properties": { "ID": 4555450302160, "正式名称": "西高通り調剤薬局", "機関区分": 5, "都道府県コード": 45, "市区町村コード": 203, "所在地": "宮崎県延岡市大貫町４丁目１３３８ー３", "緯度": 32.578783, "経度": 131.649941, "url": "https://www.iryou.teikyouseido.mhlw.go.jp/znk-web/juminkanja/S2430/initialize?prefCd=45&kikanCd=5450302160&kikanKbn=5", "url2": "https://kiaki.co.jp/", "内容": "西高通り調剤薬局【5:薬局】宮崎県延岡市大貫町４丁目１３３８ー３" }, "geometry": { "type": "Point", "coordinates": [ 131.649941, 32.578783 ] } },
{ "type": "Feature", "properties": { "ID": 4555450302290, "正式名称": "延岡すずらん薬局", "機関区分": 5, "都道府県コード": 45, "市区町村コード": 203, "所在地": "宮崎県延岡市大貫町２丁目３０２７ー３", "緯度": 32.573559, "経度": 131.656496, "url": "https://www.iryou.teikyouseido.mhlw.go.jp/znk-web/juminkanja/S2430/initialize?prefCd=45&kikanCd=5450302290&kikanKbn=5", "url2": "https://kiaki.co.jp/", "内容": "延岡すずらん薬局【5:薬局】宮崎県延岡市大貫町２丁目３０２７ー３" }, "geometry": { "type": "Point", "coordinates": [ 131.656496, 32.573559 ] } },
{ "type": "Feature", "properties": { "ID": 4555450302320, "正式名称": "ハロー薬局大貫店", "機関区分": 5, "都道府県コード": 45, "市区町村コード": 203, "所在地": "宮崎県延岡市大貫町２ー９６７ー１", "緯度": 32.575705, "経度": 131.654746, "url": "https://www.iryou.teikyouseido.mhlw.go.jp/znk-web/juminkanja/S2430/initialize?prefCd=45&kikanCd=5450302320&kikanKbn=5", "url2": "http://www.axisnet.jp/", "内容": "ハロー薬局大貫店【5:薬局】宮崎県延岡市大貫町２ー９６７ー１" }, "geometry": { "type": "Point", "coordinates": [ 131.654746, 32.575705 ] } },
{ "type": "Feature", "properties": { "ID": 4555450302580, "正式名称": "やすらぎ漢方堂薬局", "機関区分": 5, "都道府県コード": 45, "市区町村コード": 203, "所在地": "宮崎県延岡市大貫町３丁目１２０４ー２", "緯度": 32.576103, "経度": 131.65618, "url": "https://www.iryou.teikyouseido.mhlw.go.jp/znk-web/juminkanja/S2430/initialize?prefCd=45&kikanCd=5450302580&kikanKbn=5", "url2": "http://www.yasuragikanpodo.com/", "内容": "やすらぎ漢方堂薬局【5:薬局】宮崎県延岡市大貫町３丁目１２０４ー２" }, "geometry": { "type": "Point", "coordinates": [ 131.65618, 32.576103 ] } },
{ "type": "Feature", "properties": { "ID": 4555450302740, "正式名称": "たかし薬局", "機関区分": 5, "都道府県コード": 45, "市区町村コード": 203, "所在地": "宮崎県延岡市大貫町３丁目７５４番地２", "緯度": 32.572407, "経度": 131.653477, "url": "https://www.iryou.teikyouseido.mhlw.go.jp/znk-web/juminkanja/S2430/initialize?prefCd=45&kikanCd=5450302740&kikanKbn=5", "url2": "https://www.nakagawa-pharmacy.com/", "内容": "たかし薬局【5:薬局】宮崎県延岡市大貫町３丁目７５４番地２" }, "geometry": { "type": "Point", "coordinates": [ 131.653477, 32.572407 ] } },
{ "type": "Feature", "properties": { "ID": 4555450303910, "正式名称": "有限会社丘の上薬局　古城店", "機関区分": 5, "都道府県コード": 45, "市区町村コード": 203, "所在地": "宮崎県延岡市古城町４丁目１４２番地", "緯度": 32.566415, "経度": 131.657244, "url": "https://www.iryou.teikyouseido.mhlw.go.jp/znk-web/juminkanja/S2430/initialize?prefCd=45&kikanCd=5450303910&kikanKbn=5", "url2": "http://okanoue.main.jp/html/company.html", "内容": "有限会社丘の上薬局　古城店【5:薬局】宮崎県延岡市古城町４丁目１４２番地" }, "geometry": { "type": "Point", "coordinates": [ 131.657244, 32.566415 ] } },
{ "type": "Feature", "properties": { "ID": 4555450304050, "正式名称": "延岡医薬分業支援センター", "機関区分": 5, "都道府県コード": 45, "市区町村コード": 203, "所在地": "宮崎県延岡市大瀬町３丁目５ー９", "緯度": 32.570809, "経度": 131.66709, "url": "https://www.iryou.teikyouseido.mhlw.go.jp/znk-web/juminkanja/S2430/initialize?prefCd=45&kikanCd=5450304050&kikanKbn=5", "url2": "http://www.e-classa.net/shiencenter-pharmaceutical-d/", "内容": "延岡医薬分業支援センター【5:薬局】宮崎県延岡市大瀬町３丁目５ー９" }, "geometry": { "type": "Point", "coordinates": [ 131.66709, 32.570809 ] } },
{ "type": "Feature", "properties": { "ID": 4555450304210, "正式名称": "合資会社延岡薬局", "機関区分": 5, "都道府県コード": 45, "市区町村コード": 203, "所在地": "宮崎県延岡市安賀多町１丁目４ー１０", "緯度": 32.576723, "経度": 131.669634, "url": "https://www.iryou.teikyouseido.mhlw.go.jp/znk-web/juminkanja/S2430/initialize?prefCd=45&kikanCd=5450304210&kikanKbn=5", "url2": null, "内容": "合資会社延岡薬局【5:薬局】宮崎県延岡市安賀多町１丁目４ー１０" }, "geometry": { "type": "Point", "coordinates": [ 131.669634, 32.576723 ] } },
{ "type": "Feature", "properties": { "ID": 4555450304470, "正式名称": "ひまわり薬局　はまご店", "機関区分": 5, "都道府県コード": 45, "市区町村コード": 203, "所在地": "宮崎県延岡市浜砂１丁目５番３号", "緯度": 32.579754, "経度": 131.680589, "url": "https://www.iryou.teikyouseido.mhlw.go.jp/znk-web/juminkanja/S2430/initialize?prefCd=45&kikanCd=5450304470&kikanKbn=5", "url2": "http://www.himuka-medical.com/pharmacy/016hamago.html", "内容": "ひまわり薬局　はまご店【5:薬局】宮崎県延岡市浜砂１丁目５番３号" }, "geometry": { "type": "Point", "coordinates": [ 131.680589, 32.579754 ] } },
{ "type": "Feature", "properties": { "ID": 4555450304500, "正式名称": "おざき調剤薬局", "機関区分": 5, "都道府県コード": 45, "市区町村コード": 203, "所在地": "宮崎県延岡市長浜町１丁目１７６７ー１", "緯度": 32.578599, "経度": 131.691636, "url": "https://www.iryou.teikyouseido.mhlw.go.jp/znk-web/juminkanja/S2430/initialize?prefCd=45&kikanCd=5450304500&kikanKbn=5", "url2": null, "内容": "おざき調剤薬局【5:薬局】宮崎県延岡市長浜町１丁目１７６７ー１" }, "geometry": { "type": "Point", "coordinates": [ 131.691636, 32.578599 ] } },
{ "type": "Feature", "properties": { "ID": 4555450304630, "正式名称": "すみれ薬局", "機関区分": 5, "都道府県コード": 45, "市区町村コード": 203, "所在地": "宮崎県延岡市出北１丁目３２番９号", "緯度": 32.576668, "経度": 131.677909, "url": "https://www.iryou.teikyouseido.mhlw.go.jp/znk-web/juminkanja/S2430/initialize?prefCd=45&kikanCd=5450304630&kikanKbn=5", "url2": "http://www.sumire-pharma.com/", "内容": "すみれ薬局【5:薬局】宮崎県延岡市出北１丁目３２番９号" }, "geometry": { "type": "Point", "coordinates": [ 131.677909, 32.576668 ] } },
{ "type": "Feature", "properties": { "ID": 4555450304890, "正式名称": "ハラダ調剤薬局東出北店", "機関区分": 5, "都道府県コード": 45, "市区町村コード": 203, "所在地": "宮崎県延岡市出北６丁目１６４０ー１", "緯度": 32.575905, "経度": 131.688642, "url": "https://www.iryou.teikyouseido.mhlw.go.jp/znk-web/juminkanja/S2430/initialize?prefCd=45&kikanCd=5450304890&kikanKbn=5", "url2": "https://haradagr-dp.co.jp/", "内容": "ハラダ調剤薬局東出北店【5:薬局】宮崎県延岡市出北６丁目１６４０ー１" }, "geometry": { "type": "Point", "coordinates": [ 131.688642, 32.575905 ] } },
{ "type": "Feature", "properties": { "ID": 4555450304920, "正式名称": "ハラダ調剤薬局　西出北店", "機関区分": 5, "都道府県コード": 45, "市区町村コード": 203, "所在地": "宮崎県延岡市出北６丁目１６６５ー１", "緯度": 32.575827, "経度": 131.68627, "url": "https://www.iryou.teikyouseido.mhlw.go.jp/znk-web/juminkanja/S2430/initialize?prefCd=45&kikanCd=5450304920&kikanKbn=5", "url2": null, "内容": "ハラダ調剤薬局　西出北店【5:薬局】宮崎県延岡市出北６丁目１６６５ー１" }, "geometry": { "type": "Point", "coordinates": [ 131.68627, 32.575827 ] } },
{ "type": "Feature", "properties": { "ID": 4555450305190, "正式名称": "ハラダ調剤薬局惣領店", "機関区分": 5, "都道府県コード": 45, "市区町村コード": 203, "所在地": "宮崎県延岡市惣領町１２９ー１", "緯度": 32.580802, "経度": 131.678012, "url": "https://www.iryou.teikyouseido.mhlw.go.jp/znk-web/juminkanja/S2430/initialize?prefCd=45&kikanCd=5450305190&kikanKbn=5", "url2": "http://haradagr-dp.co.jp/contents/souryo", "内容": "ハラダ調剤薬局惣領店【5:薬局】宮崎県延岡市惣領町１２９ー１" }, "geometry": { "type": "Point", "coordinates": [ 131.678012, 32.580802 ] } },
{ "type": "Feature", "properties": { "ID": 4555450305350, "正式名称": "緑ヶ丘薬局", "機関区分": 5, "都道府県コード": 45, "市区町村コード": 203, "所在地": "宮崎県延岡市緑ケ丘３丁目４番６号", "緯度": 32.553395, "経度": 131.682012, "url": "https://www.iryou.teikyouseido.mhlw.go.jp/znk-web/juminkanja/S2430/initialize?prefCd=45&kikanCd=5450305350&kikanKbn=5", "url2": "https://www.midori-ikoi-pharmacy.com/", "内容": "緑ヶ丘薬局【5:薬局】宮崎県延岡市緑ケ丘３丁目４番６号" }, "geometry": { "type": "Point", "coordinates": [ 131.682012, 32.553395 ] } },
{ "type": "Feature", "properties": { "ID": 4555450305640, "正式名称": "平和堂調剤薬局", "機関区分": 5, "都道府県コード": 45, "市区町村コード": 203, "所在地": "宮崎県延岡市平原町３丁目１３０１番地", "緯度": 32.550495, "経度": 131.674771, "url": "https://www.iryou.teikyouseido.mhlw.go.jp/znk-web/juminkanja/S2430/initialize?prefCd=45&kikanCd=5450305640&kikanKbn=5", "url2": null, "内容": "平和堂調剤薬局【5:薬局】宮崎県延岡市平原町３丁目１３０１番地" }, "geometry": { "type": "Point", "coordinates": [ 131.674771, 32.550495 ] } },
{ "type": "Feature", "properties": { "ID": 4555450305770, "正式名称": "有限会社小宮調剤薬局", "機関区分": 5, "都道府県コード": 45, "市区町村コード": 203, "所在地": "宮崎県延岡市平原町１丁目１０１０ー２", "緯度": 32.556869, "経度": 131.675218, "url": "https://www.iryou.teikyouseido.mhlw.go.jp/znk-web/juminkanja/S2430/initialize?prefCd=45&kikanCd=5450305770&kikanKbn=5", "url2": null, "内容": "有限会社小宮調剤薬局【5:薬局】宮崎県延岡市平原町１丁目１０１０ー２" }, "geometry": { "type": "Point", "coordinates": [ 131.675218, 32.556869 ] } },
{ "type": "Feature", "properties": { "ID": 4555450305800, "正式名称": "平和堂調剤薬局南店", "機関区分": 5, "都道府県コード": 45, "市区町村コード": 203, "所在地": "宮崎県延岡市平原町１丁目１３９０ー２", "緯度": 32.554759, "経度": 131.675244, "url": "https://www.iryou.teikyouseido.mhlw.go.jp/znk-web/juminkanja/S2430/initialize?prefCd=45&kikanCd=5450305800&kikanKbn=5", "url2": null, "内容": "平和堂調剤薬局南店【5:薬局】宮崎県延岡市平原町１丁目１３９０ー２" }, "geometry": { "type": "Point", "coordinates": [ 131.675244, 32.554759 ] } },
{ "type": "Feature", "properties": { "ID": 4555450305930, "正式名称": "ひらばる調剤薬局", "機関区分": 5, "都道府県コード": 45, "市区町村コード": 203, "所在地": "宮崎県延岡市平原町１丁目２７０番地１", "緯度": 32.555378, "経度": 131.675615, "url": "https://www.iryou.teikyouseido.mhlw.go.jp/znk-web/juminkanja/S2430/initialize?prefCd=45&kikanCd=5450305930&kikanKbn=5", "url2": null, "内容": "ひらばる調剤薬局【5:薬局】宮崎県延岡市平原町１丁目２７０番地１" }, "geometry": { "type": "Point", "coordinates": [ 131.675615, 32.555378 ] } },
{ "type": "Feature", "properties": { "ID": 4555450306100, "正式名称": "調剤薬局同仁堂", "機関区分": 5, "都道府県コード": 45, "市区町村コード": 203, "所在地": "宮崎県延岡市愛宕町２丁目１番地９", "緯度": 32.569307, "経度": 131.669454, "url": "https://www.iryou.teikyouseido.mhlw.go.jp/znk-web/juminkanja/S2430/initialize?prefCd=45&kikanCd=5450306100&kikanKbn=5", "url2": null, "内容": "調剤薬局同仁堂【5:薬局】宮崎県延岡市愛宕町２丁目１番地９" }, "geometry": { "type": "Point", "coordinates": [ 131.669454, 32.569307 ] } },
{ "type": "Feature", "properties": { "ID": 4555450306230, "正式名称": "ハラダ調剤薬局愛宕店", "機関区分": 5, "都道府県コード": 45, "市区町村コード": 203, "所在地": "宮崎県延岡市愛宕町３丁目１７０", "緯度": 32.566618, "経度": 131.666857, "url": "https://www.iryou.teikyouseido.mhlw.go.jp/znk-web/juminkanja/S2430/initialize?prefCd=45&kikanCd=5450306230&kikanKbn=5", "url2": "http://www.haradagr-dp.co.jp/top.php", "内容": "ハラダ調剤薬局愛宕店【5:薬局】宮崎県延岡市愛宕町３丁目１７０" }, "geometry": { "type": "Point", "coordinates": [ 131.666857, 32.566618 ] } },
{ "type": "Feature", "properties": { "ID": 4555450306490, "正式名称": "きたうら薬局", "機関区分": 5, "都道府県コード": 45, "市区町村コード": 203, "所在地": "宮崎県延岡市北浦町古江２４９２番地１０", "緯度": 32.705575, "経度": 131.820272, "url": "https://www.iryou.teikyouseido.mhlw.go.jp/znk-web/juminkanja/S2430/initialize?prefCd=45&kikanCd=5450306490&kikanKbn=5", "url2": "http://www.e-classa.net/kitaura/index.html", "内容": "きたうら薬局【5:薬局】宮崎県延岡市北浦町古江２４９２番地１０" }, "geometry": { "type": "Point", "coordinates": [ 131.820272, 32.705575 ] } },
{ "type": "Feature", "properties": { "ID": 4555450306780, "正式名称": "ハラダ調剤薬局伊形店", "機関区分": 5, "都道府県コード": 45, "市区町村コード": 203, "所在地": "宮崎県延岡市伊形町５２１６番地７", "緯度": 32.531333, "経度": 131.673897, "url": "https://www.iryou.teikyouseido.mhlw.go.jp/znk-web/juminkanja/S2430/initialize?prefCd=45&kikanCd=5450306780&kikanKbn=5", "url2": "http://www.haradagr-dp.co.jp", "内容": "ハラダ調剤薬局伊形店【5:薬局】宮崎県延岡市伊形町５２１６番地７" }, "geometry": { "type": "Point", "coordinates": [ 131.673897, 32.531333 ] } },
{ "type": "Feature", "properties": { "ID": 4555450306940, "正式名称": "有限会社カトウ薬局", "機関区分": 5, "都道府県コード": 45, "市区町村コード": 203, "所在地": "宮崎県延岡市北一ケ岡４丁目５番３号", "緯度": 32.52385, "経度": 131.678328, "url": "https://www.iryou.teikyouseido.mhlw.go.jp/znk-web/juminkanja/S2430/initialize?prefCd=45&kikanCd=5450306940&kikanKbn=5", "url2": null, "内容": "有限会社カトウ薬局【5:薬局】宮崎県延岡市北一ケ岡４丁目５番３号" }, "geometry": { "type": "Point", "coordinates": [ 131.678328, 32.52385 ] } },
{ "type": "Feature", "properties": { "ID": 4555450307080, "正式名称": "平和堂薬局", "機関区分": 5, "都道府県コード": 45, "市区町村コード": 203, "所在地": "宮崎県延岡市北一ケ岡４丁目５番７号", "緯度": 32.523342, "経度": 131.678283, "url": "https://www.iryou.teikyouseido.mhlw.go.jp/znk-web/juminkanja/S2430/initialize?prefCd=45&kikanCd=5450307080&kikanKbn=5", "url2": null, "内容": "平和堂薬局【5:薬局】宮崎県延岡市北一ケ岡４丁目５番７号" }, "geometry": { "type": "Point", "coordinates": [ 131.678283, 32.523342 ] } },
{ "type": "Feature", "properties": { "ID": 4555450307400, "正式名称": "にじいろ薬局", "機関区分": 5, "都道府県コード": 45, "市区町村コード": 203, "所在地": "宮崎県延岡市昭和町１丁目１１番地９", "緯度": 32.587167, "経度": 131.676282, "url": "https://www.iryou.teikyouseido.mhlw.go.jp/znk-web/juminkanja/S2430/initialize?prefCd=45&kikanCd=5450307400&kikanKbn=5", "url2": null, "内容": "にじいろ薬局【5:薬局】宮崎県延岡市昭和町１丁目１１番地９" }, "geometry": { "type": "Point", "coordinates": [ 131.676282, 32.587167 ] } },
{ "type": "Feature", "properties": { "ID": 4555450307530, "正式名称": "ひむか薬局しおはま店", "機関区分": 5, "都道府県コード": 45, "市区町村コード": 203, "所在地": "宮崎県延岡市塩浜町２丁目１９５１－７", "緯度": 32.542752, "経度": 131.676378, "url": "https://www.iryou.teikyouseido.mhlw.go.jp/znk-web/juminkanja/S2430/initialize?prefCd=45&kikanCd=5450307530&kikanKbn=5", "url2": "http://www.himuka-medical.com/", "内容": "ひむか薬局しおはま店【5:薬局】宮崎県延岡市塩浜町２丁目１９５１－７" }, "geometry": { "type": "Point", "coordinates": [ 131.676378, 32.542752 ] } },
{ "type": "Feature", "properties": { "ID": 4555450307660, "正式名称": "イオン薬局多々良店", "機関区分": 5, "都道府県コード": 45, "市区町村コード": 203, "所在地": "宮崎県延岡市岡富町１５４番", "緯度": 32.589879, "経度": 131.656337, "url": "https://www.iryou.teikyouseido.mhlw.go.jp/znk-web/juminkanja/S2430/initialize?prefCd=45&kikanCd=5450307660&kikanKbn=5", "url2": null, "内容": "イオン薬局多々良店【5:薬局】宮崎県延岡市岡富町１５４番" }, "geometry": { "type": "Point", "coordinates": [ 131.656337, 32.589879 ] } },
{ "type": "Feature", "properties": { "ID": 4555450307790, "正式名称": "フローラ薬局", "機関区分": 5, "都道府県コード": 45, "市区町村コード": 203, "所在地": "宮崎県延岡市中央通１丁目３－１", "緯度": 32.582678, "経度": 131.668981, "url": "https://www.iryou.teikyouseido.mhlw.go.jp/znk-web/juminkanja/S2430/initialize?prefCd=45&kikanCd=5450307790&kikanKbn=5", "url2": "http://medi-f.com/", "内容": "フローラ薬局【5:薬局】宮崎県延岡市中央通１丁目３－１" }, "geometry": { "type": "Point", "coordinates": [ 131.668981, 32.582678 ] } },
{ "type": "Feature", "properties": { "ID": 4555450307820, "正式名称": "岡富調剤薬局", "機関区分": 5, "都道府県コード": 45, "市区町村コード": 203, "所在地": "宮崎県延岡市岡富町１１７番地", "緯度": 32.590578, "経度": 131.658048, "url": "https://www.iryou.teikyouseido.mhlw.go.jp/znk-web/juminkanja/S2430/initialize?prefCd=45&kikanCd=5450307820&kikanKbn=5", "url2": null, "内容": "岡富調剤薬局【5:薬局】宮崎県延岡市岡富町１１７番地" }, "geometry": { "type": "Point", "coordinates": [ 131.658048, 32.590578 ] } },
{ "type": "Feature", "properties": { "ID": 4555450308120, "正式名称": "ハラダ調剤薬局　平原店", "機関区分": 5, "都道府県コード": 45, "市区町村コード": 203, "所在地": "宮崎県延岡市平原町１丁目９９４ー３", "緯度": 32.555717, "経度": 131.675298, "url": "https://www.iryou.teikyouseido.mhlw.go.jp/znk-web/juminkanja/S2430/initialize?prefCd=45&kikanCd=5450308120&kikanKbn=5", "url2": "http://www.haradagr-dp.co.jp/", "内容": "ハラダ調剤薬局　平原店【5:薬局】宮崎県延岡市平原町１丁目９９４ー３" }, "geometry": { "type": "Point", "coordinates": [ 131.675298, 32.555717 ] } },
{ "type": "Feature", "properties": { "ID": 4555450308410, "正式名称": "ひまわり薬局　みさき店", "機関区分": 5, "都道府県コード": 45, "市区町村コード": 203, "所在地": "宮崎県延岡市南一ヶ岡７丁目８３４８ー２５９", "緯度": 32.516082, "経度": 131.676552, "url": "https://www.iryou.teikyouseido.mhlw.go.jp/znk-web/juminkanja/S2430/initialize?prefCd=45&kikanCd=5450308410&kikanKbn=5", "url2": null, "内容": "ひまわり薬局　みさき店【5:薬局】宮崎県延岡市南一ヶ岡７丁目８３４８ー２５９" }, "geometry": { "type": "Point", "coordinates": [ 131.676552, 32.516082 ] } },
{ "type": "Feature", "properties": { "ID": 4555450308540, "正式名称": "そうごう薬局　延岡緑ケ丘店", "機関区分": 5, "都道府県コード": 45, "市区町村コード": 203, "所在地": "宮崎県延岡市緑ケ丘５丁目１８番１１号", "緯度": 32.545946, "経度": 131.681214, "url": "https://www.iryou.teikyouseido.mhlw.go.jp/znk-web/juminkanja/S2430/initialize?prefCd=45&kikanCd=5450308540&kikanKbn=5", "url2": "http://www.sogo-medical.co.jp/", "内容": "そうごう薬局　延岡緑ケ丘店【5:薬局】宮崎県延岡市緑ケ丘５丁目１８番１１号" }, "geometry": { "type": "Point", "coordinates": [ 131.681214, 32.545946 ] } },
{ "type": "Feature", "properties": { "ID": 4555450308670, "正式名称": "北川調剤薬局", "機関区分": 5, "都道府県コード": 45, "市区町村コード": 203, "所在地": "宮崎県延岡市北川町川内名７０５５番地１４", "緯度": 32.733649, "経度": 131.614558, "url": "https://www.iryou.teikyouseido.mhlw.go.jp/znk-web/juminkanja/S2430/initialize?prefCd=45&kikanCd=5450308670&kikanKbn=5", "url2": null, "内容": "北川調剤薬局【5:薬局】宮崎県延岡市北川町川内名７０５５番地１４" }, "geometry": { "type": "Point", "coordinates": [ 131.614558, 32.733649 ] } },
{ "type": "Feature", "properties": { "ID": 4555450308700, "正式名称": "なないろ薬局　出北", "機関区分": 5, "都道府県コード": 45, "市区町村コード": 203, "所在地": "宮崎県延岡市卸本町２番地２１", "緯度": 32.5774, "経度": 131.684, "url": "https://www.iryou.teikyouseido.mhlw.go.jp/znk-web/juminkanja/S2430/initialize?prefCd=45&kikanCd=5450308700&kikanKbn=5", "url2": "https://www.e-classa.net/kiaki/blog.html", "内容": "なないろ薬局　出北【5:薬局】宮崎県延岡市卸本町２番地２１" }, "geometry": { "type": "Point", "coordinates": [ 131.684, 32.5774 ] } },
{ "type": "Feature", "properties": { "ID": 4555450308830, "正式名称": "ファン薬局　県立延岡病院前", "機関区分": 5, "都道府県コード": 45, "市区町村コード": 203, "所在地": "宮崎県延岡市新小路１丁目１１番地５", "緯度": 32.571236, "経度": 131.666282, "url": "https://www.iryou.teikyouseido.mhlw.go.jp/znk-web/juminkanja/S2430/initialize?prefCd=45&kikanCd=5450308830&kikanKbn=5", "url2": "http://www.fan-medical.com/", "内容": "ファン薬局　県立延岡病院前【5:薬局】宮崎県延岡市新小路１丁目１１番地５" }, "geometry": { "type": "Point", "coordinates": [ 131.666282, 32.571236 ] } },
{ "type": "Feature", "properties": { "ID": 4555450308960, "正式名称": "アイン薬局　おおぬき店", "機関区分": 5, "都道府県コード": 45, "市区町村コード": 203, "所在地": "宮崎県延岡市大貫町２丁目１１０２番地４", "緯度": 32.57604, "経度": 131.655335, "url": "https://www.iryou.teikyouseido.mhlw.go.jp/znk-web/juminkanja/S2430/initialize?prefCd=45&kikanCd=5450308960&kikanKbn=5", "url2": "http://www.ainj.co.jp/", "内容": "アイン薬局　おおぬき店【5:薬局】宮崎県延岡市大貫町２丁目１１０２番地４" }, "geometry": { "type": "Point", "coordinates": [ 131.655335, 32.57604 ] } },
{ "type": "Feature", "properties": { "ID": 4555450309000, "正式名称": "さとかん薬局　北新小路店", "機関区分": 5, "都道府県コード": 45, "市区町村コード": 203, "所在地": "宮崎県延岡市北新小路３ー１３", "緯度": 32.575015, "経度": 131.664004, "url": "https://www.iryou.teikyouseido.mhlw.go.jp/znk-web/juminkanja/S2430/initialize?prefCd=45&kikanCd=5450309000&kikanKbn=5", "url2": "http://satokan.com", "内容": "さとかん薬局　北新小路店【5:薬局】宮崎県延岡市北新小路３ー１３" }, "geometry": { "type": "Point", "coordinates": [ 131.664004, 32.575015 ] } },
{ "type": "Feature", "properties": { "ID": 4555450309130, "正式名称": "なないろ薬局　桜小路", "機関区分": 5, "都道府県コード": 45, "市区町村コード": 203, "所在地": "宮崎県延岡市桜小路３６０番地１", "緯度": 32.579142, "経度": 131.66312, "url": "https://www.iryou.teikyouseido.mhlw.go.jp/znk-web/juminkanja/S2430/initialize?prefCd=45&kikanCd=5450309130&kikanKbn=5", "url2": "http://www.e-classa.net/kiaki/", "内容": "なないろ薬局　桜小路【5:薬局】宮崎県延岡市桜小路３６０番地１" }, "geometry": { "type": "Point", "coordinates": [ 131.66312, 32.579142 ] } },
{ "type": "Feature", "properties": { "ID": 4555450309260, "正式名称": "たむら薬局", "機関区分": 5, "都道府県コード": 45, "市区町村コード": 203, "所在地": "宮崎県延岡市岡富ちょう１２７ー２", "緯度": 32.589526, "経度": 131.657656, "url": "https://www.iryou.teikyouseido.mhlw.go.jp/znk-web/juminkanja/S2430/initialize?prefCd=45&kikanCd=5450309260&kikanKbn=5", "url2": null, "内容": "たむら薬局【5:薬局】宮崎県延岡市岡富ちょう１２７ー２" }, "geometry": { "type": "Point", "coordinates": [ 131.657656, 32.589526 ] } },
{ "type": "Feature", "properties": { "ID": 4555450309390, "正式名称": "なないろ薬局　岡富店", "機関区分": 5, "都道府県コード": 45, "市区町村コード": 203, "所在地": "宮崎県延岡市岡富町", "緯度": 32.589083, "経度": 131.657892, "url": "https://www.iryou.teikyouseido.mhlw.go.jp/znk-web/juminkanja/S2430/initialize?prefCd=45&kikanCd=5450309390&kikanKbn=5", "url2": "https://kiaki.co.jp/", "内容": "なないろ薬局　岡富店【5:薬局】宮崎県延岡市岡富町" }, "geometry": { "type": "Point", "coordinates": [ 131.657892, 32.589083 ] } },
{ "type": "Feature", "properties": { "ID": 4555450309420, "正式名称": "なないろ薬局　緑ヶ丘店", "機関区分": 5, "都道府県コード": 45, "市区町村コード": 203, "所在地": "宮崎県延岡市緑ヶ丘２丁目９番５号", "緯度": 32.553577, "経度": 131.68471, "url": "https://www.iryou.teikyouseido.mhlw.go.jp/znk-web/juminkanja/S2430/initialize?prefCd=45&kikanCd=5450309420&kikanKbn=5", "url2": "http://www.e-classa.net/kiaki/", "内容": "なないろ薬局　緑ヶ丘店【5:薬局】宮崎県延岡市緑ヶ丘２丁目９番５号" }, "geometry": { "type": "Point", "coordinates": [ 131.68471, 32.553577 ] } },
{ "type": "Feature", "properties": { "ID": 4555450309550, "正式名称": "さとかん薬局山月店", "機関区分": 5, "都道府県コード": 45, "市区町村コード": 203, "所在地": "宮崎県延岡市山月町５丁目５６８３番地４５", "緯度": 32.600879, "経度": 131.664069, "url": "https://www.iryou.teikyouseido.mhlw.go.jp/znk-web/juminkanja/S2430/initialize?prefCd=45&kikanCd=5450309550&kikanKbn=5", "url2": "https://satokan.com/", "内容": "さとかん薬局山月店【5:薬局】宮崎県延岡市山月町５丁目５６８３番地４５" }, "geometry": { "type": "Point", "coordinates": [ 131.664069, 32.600879 ] } },
{ "type": "Feature", "properties": { "ID": 4555450309710, "正式名称": "フラワー薬局　しろやま", "機関区分": 5, "都道府県コード": 45, "市区町村コード": 203, "所在地": "宮崎県延岡市本小路９３番地１", "緯度": 32.582582, "経度": 131.663598, "url": "https://www.iryou.teikyouseido.mhlw.go.jp/znk-web/juminkanja/S2430/initialize?prefCd=45&kikanCd=5450309710&kikanKbn=5", "url2": "https://www.fuji-pharmacy.jp/", "内容": "フラワー薬局　しろやま【5:薬局】宮崎県延岡市本小路９３番地１" }, "geometry": { "type": "Point", "coordinates": [ 131.663598, 32.582582 ] } },
{ "type": "Feature", "properties": { "ID": 4555450309840, "正式名称": "なないろ薬局　古川", "機関区分": 5, "都道府県コード": 45, "市区町村コード": 203, "所在地": "宮崎県延岡市岡富町２０１５番地", "緯度": 32.584574, "経度": 131.654982, "url": "https://www.iryou.teikyouseido.mhlw.go.jp/znk-web/juminkanja/S2430/initialize?prefCd=45&kikanCd=5450309840&kikanKbn=5", "url2": "https://kiaki.co.jp/", "内容": "なないろ薬局　古川【5:薬局】宮崎県延岡市岡富町２０１５番地" }, "geometry": { "type": "Point", "coordinates": [ 131.654982, 32.584574 ] } },
{ "type": "Feature", "properties": { "ID": 4555450309970, "正式名称": "たたら薬局　祇園町店", "機関区分": 5, "都道府県コード": 45, "市区町村コード": 203, "所在地": "宮崎県延岡市博労町１－８", "緯度": 32.585179, "経度": 131.669855, "url": "https://www.iryou.teikyouseido.mhlw.go.jp/znk-web/juminkanja/S2430/initialize?prefCd=45&kikanCd=5450309970&kikanKbn=5", "url2": null, "内容": "たたら薬局　祇園町店【5:薬局】宮崎県延岡市博労町１－８" }, "geometry": { "type": "Point", "coordinates": [ 131.669855, 32.585179 ] } },
{ "type": "Feature", "properties": { "ID": 4555450310010, "正式名称": "ハラダ調剤薬局　北小路店", "機関区分": 5, "都道府県コード": 45, "市区町村コード": 203, "所在地": "宮崎県延岡市北小路１０番地２２", "緯度": 32.585443, "経度": 131.665573, "url": "https://www.iryou.teikyouseido.mhlw.go.jp/znk-web/juminkanja/S2430/initialize?prefCd=45&kikanCd=5450310010&kikanKbn=5", "url2": "https://haradagr-dp.co.jp/", "内容": "ハラダ調剤薬局　北小路店【5:薬局】宮崎県延岡市北小路１０番地２２" }, "geometry": { "type": "Point", "coordinates": [ 131.665573, 32.585443 ] } },
{ "type": "Feature", "properties": { "ID": 4555450310140, "正式名称": "のぞみ薬局", "機関区分": 5, "都道府県コード": 45, "市区町村コード": 203, "所在地": "宮崎県延岡市川原崎町３８５", "緯度": 32.59283, "経度": 131.67813, "url": "https://www.iryou.teikyouseido.mhlw.go.jp/znk-web/juminkanja/S2430/initialize?prefCd=45&kikanCd=5450310140&kikanKbn=5", "url2": null, "内容": "のぞみ薬局【5:薬局】宮崎県延岡市川原崎町３８５" }, "geometry": { "type": "Point", "coordinates": [ 131.67813, 32.59283 ] } },
{ "type": "Feature", "properties": { "ID": 4555450310270, "正式名称": "さとかん薬局　平原店", "機関区分": 5, "都道府県コード": 45, "市区町村コード": 203, "所在地": "宮崎県延岡市平原町１丁目２７０－１", "緯度": 32.555372, "経度": 131.675706, "url": "https://www.iryou.teikyouseido.mhlw.go.jp/znk-web/juminkanja/S2430/initialize?prefCd=45&kikanCd=5450310270&kikanKbn=5", "url2": "https://satokan.com/", "内容": "さとかん薬局　平原店【5:薬局】宮崎県延岡市平原町１丁目２７０－１" }, "geometry": { "type": "Point", "coordinates": [ 131.675706, 32.555372 ] } },
{ "type": "Feature", "properties": { "ID": 4555450310430, "正式名称": "延岡駅東　ひよこ調剤薬局", "機関区分": 5, "都道府県コード": 45, "市区町村コード": 203, "所在地": "宮崎県延岡市日の出町２４－２０", "緯度": 32.591092, "経度": 131.675461, "url": "https://www.iryou.teikyouseido.mhlw.go.jp/znk-web/juminkanja/S2430/initialize?prefCd=45&kikanCd=5450310430&kikanKbn=5", "url2": "https://haradagr-dp.co.jp/", "内容": "延岡駅東　ひよこ調剤薬局【5:薬局】宮崎県延岡市日の出町２４－２０" }, "geometry": { "type": "Point", "coordinates": [ 131.675461, 32.591092 ] } },
{ "type": "Feature", "properties": { "ID": 4555450310560, "正式名称": "なないろ薬局　塩浜店", "機関区分": 5, "都道府県コード": 45, "市区町村コード": 203, "所在地": "宮崎県延岡市塩浜町４丁目１７１７番地２", "緯度": 32.537232, "経度": 131.673738, "url": "https://www.iryou.teikyouseido.mhlw.go.jp/znk-web/juminkanja/S2430/initialize?prefCd=45&kikanCd=5450310560&kikanKbn=5", "url2": "https://kiaki.co.jp", "内容": "なないろ薬局　塩浜店【5:薬局】宮崎県延岡市塩浜町４丁目１７１７番地２" }, "geometry": { "type": "Point", "coordinates": [ 131.673738, 32.537232 ] } },
{ "type": "Feature", "properties": { "ID": 4555450310720, "正式名称": "なないろ薬局　延岡安賀多店", "機関区分": 5, "都道府県コード": 45, "市区町村コード": 203, "所在地": "宮崎県延岡市安賀多町２丁目４番地４", "緯度": 32.575766, "経度": 131.669116, "url": "https://www.iryou.teikyouseido.mhlw.go.jp/znk-web/juminkanja/S2430/initialize?prefCd=45&kikanCd=5450310720&kikanKbn=5", "url2": "https://kiaki.co.jp/", "内容": "なないろ薬局　延岡安賀多店【5:薬局】宮崎県延岡市安賀多町２丁目４番地４" }, "geometry": { "type": "Point", "coordinates": [ 131.669116, 32.575766 ] } },
{ "type": "Feature", "properties": { "ID": 4555450310850, "正式名称": "友愛薬局", "機関区分": 5, "都道府県コード": 45, "市区町村コード": 203, "所在地": "宮崎県延岡市中央通２丁目２番８号", "緯度": 32.581381, "経度": 131.668474, "url": "https://www.iryou.teikyouseido.mhlw.go.jp/znk-web/juminkanja/S2430/initialize?prefCd=45&kikanCd=5450310850&kikanKbn=5", "url2": null, "内容": "友愛薬局【5:薬局】宮崎県延岡市中央通２丁目２番８号" }, "geometry": { "type": "Point", "coordinates": [ 131.668474, 32.581381 ] } },
{ "type": "Feature", "properties": { "ID": 4555450400200, "正式名称": "かすが薬局", "機関区分": 5, "都道府県コード": 45, "市区町村コード": 204, "所在地": "宮崎県日南市春日町１番５号", "緯度": 31.586225, "経度": 131.402285, "url": "https://www.iryou.teikyouseido.mhlw.go.jp/znk-web/juminkanja/S2430/initialize?prefCd=45&kikanCd=5450400200&kikanKbn=5", "url2": null, "内容": "かすが薬局【5:薬局】宮崎県日南市春日町１番５号" }, "geometry": { "type": "Point", "coordinates": [ 131.402285, 31.586225 ] } },
{ "type": "Feature", "properties": { "ID": 4555450400620, "正式名称": "木山調剤薬局", "機関区分": 5, "都道府県コード": 45, "市区町村コード": 204, "所在地": "宮崎県日南市木山１丁目２１ー１４", "緯度": 31.590553, "経度": 131.395561, "url": "https://www.iryou.teikyouseido.mhlw.go.jp/znk-web/juminkanja/S2430/initialize?prefCd=45&kikanCd=5450400620&kikanKbn=5", "url2": null, "内容": "木山調剤薬局【5:薬局】宮崎県日南市木山１丁目２１ー１４" }, "geometry": { "type": "Point", "coordinates": [ 131.395561, 31.590553 ] } },
{ "type": "Feature", "properties": { "ID": 4555450400750, "正式名称": "有限会社みどり調剤薬局", "機関区分": 5, "都道府県コード": 45, "市区町村コード": 204, "所在地": "宮崎県日南市木山１丁目４番１４号", "緯度": 31.589536, "経度": 131.39736, "url": "https://www.iryou.teikyouseido.mhlw.go.jp/znk-web/juminkanja/S2430/initialize?prefCd=45&kikanCd=5450400750&kikanKbn=5", "url2": "https://www.kusurinomadoguchi.com/miyazaki/s1000091849", "内容": "有限会社みどり調剤薬局【5:薬局】宮崎県日南市木山１丁目４番１４号" }, "geometry": { "type": "Point", "coordinates": [ 131.39736, 31.589536 ] } },
{ "type": "Feature", "properties": { "ID": 4555450401340, "正式名称": "すみれ中央薬局", "機関区分": 5, "都道府県コード": 45, "市区町村コード": 204, "所在地": "宮崎県日南市中央通１丁目１０番地２９", "緯度": 31.600832, "経度": 131.381472, "url": "https://www.iryou.teikyouseido.mhlw.go.jp/znk-web/juminkanja/S2430/initialize?prefCd=45&kikanCd=5450401340&kikanKbn=5", "url2": null, "内容": "すみれ中央薬局【5:薬局】宮崎県日南市中央通１丁目１０番地２９" }, "geometry": { "type": "Point", "coordinates": [ 131.381472, 31.600832 ] } },
{ "type": "Feature", "properties": { "ID": 4555450401470, "正式名称": "すみれ薬局有限会社", "機関区分": 5, "都道府県コード": 45, "市区町村コード": 204, "所在地": "宮崎県日南市中央通１ー２ー１３", "緯度": 31.602574, "経度": 131.379292, "url": "https://www.iryou.teikyouseido.mhlw.go.jp/znk-web/juminkanja/S2430/initialize?prefCd=45&kikanCd=5450401470&kikanKbn=5", "url2": null, "内容": "すみれ薬局有限会社【5:薬局】宮崎県日南市中央通１ー２ー１３" }, "geometry": { "type": "Point", "coordinates": [ 131.379292, 31.602574 ] } },
{ "type": "Feature", "properties": { "ID": 4555450401630, "正式名称": "上平野調剤薬局", "機関区分": 5, "都道府県コード": 45, "市区町村コード": 204, "所在地": "宮崎県日南市上平野町２丁目８番地１号", "緯度": 31.594886, "経度": 131.384656, "url": "https://www.iryou.teikyouseido.mhlw.go.jp/znk-web/juminkanja/S2430/initialize?prefCd=45&kikanCd=5450401630&kikanKbn=5", "url2": "https://yppp.jp/pharmacy/5d3nbf70", "内容": "上平野調剤薬局【5:薬局】宮崎県日南市上平野町２丁目８番地１号" }, "geometry": { "type": "Point", "coordinates": [ 131.384656, 31.594886 ] } },
{ "type": "Feature", "properties": { "ID": 4555450401890, "正式名称": "田園調剤薬局", "機関区分": 5, "都道府県コード": 45, "市区町村コード": 204, "所在地": "宮崎県日南市戸高四丁目１ー９", "緯度": 31.598227, "経度": 131.379522, "url": "https://www.iryou.teikyouseido.mhlw.go.jp/znk-web/juminkanja/S2430/initialize?prefCd=45&kikanCd=5450401890&kikanKbn=5", "url2": null, "内容": "田園調剤薬局【5:薬局】宮崎県日南市戸高四丁目１ー９" }, "geometry": { "type": "Point", "coordinates": [ 131.379522, 31.598227 ] } },
{ "type": "Feature", "properties": { "ID": 4555450402190, "正式名称": "すみれ吾田薬局", "機関区分": 5, "都道府県コード": 45, "市区町村コード": 204, "所在地": "宮崎県日南市戸高４ー２ー１", "緯度": 31.598374, "経度": 131.380281, "url": "https://www.iryou.teikyouseido.mhlw.go.jp/znk-web/juminkanja/S2430/initialize?prefCd=45&kikanCd=5450402190&kikanKbn=5", "url2": null, "内容": "すみれ吾田薬局【5:薬局】宮崎県日南市戸高４ー２ー１" }, "geometry": { "type": "Point", "coordinates": [ 131.380281, 31.598374 ] } },
{ "type": "Feature", "properties": { "ID": 4555450402220, "正式名称": "マリーズ薬局　風田", "機関区分": 5, "都道府県コード": 45, "市区町村コード": 204, "所在地": "宮崎県日南市大字風田３８４４ー１", "緯度": 31.613239, "経度": 131.423403, "url": "https://www.iryou.teikyouseido.mhlw.go.jp/znk-web/juminkanja/S2430/initialize?prefCd=45&kikanCd=5450402220&kikanKbn=5", "url2": null, "内容": "マリーズ薬局　風田【5:薬局】宮崎県日南市大字風田３８４４ー１" }, "geometry": { "type": "Point", "coordinates": [ 131.423403, 31.613239 ] } },
{ "type": "Feature", "properties": { "ID": 4555450402510, "正式名称": "岩本調剤薬局　天神橋店", "機関区分": 5, "都道府県コード": 45, "市区町村コード": 207, "所在地": "宮崎県串間市大字西方字添田橋５３３５ー４", "緯度": 31.468391, "経度": 131.227311, "url": "https://www.iryou.teikyouseido.mhlw.go.jp/znk-web/juminkanja/S2430/initialize?prefCd=45&kikanCd=5450402510&kikanKbn=5", "url2": null, "内容": "岩本調剤薬局　天神橋店【5:薬局】宮崎県串間市大字西方字添田橋５３３５ー４" }, "geometry": { "type": "Point", "coordinates": [ 131.227311, 31.468391 ] } },
{ "type": "Feature", "properties": { "ID": 4555450403230, "正式名称": "株式会社髙橋薬局", "機関区分": 5, "都道府県コード": 45, "市区町村コード": 204, "所在地": "宮崎県日南市飫肥５丁目２ー１６", "緯度": 31.625046, "経度": 131.353093, "url": "https://www.iryou.teikyouseido.mhlw.go.jp/znk-web/juminkanja/S2430/initialize?prefCd=45&kikanCd=5450403230&kikanKbn=5", "url2": null, "内容": "株式会社髙橋薬局【5:薬局】宮崎県日南市飫肥５丁目２ー１６" }, "geometry": { "type": "Point", "coordinates": [ 131.353093, 31.625046 ] } },
{ "type": "Feature", "properties": { "ID": 4555450403360, "正式名称": "平部薬局", "機関区分": 5, "都道府県コード": 45, "市区町村コード": 204, "所在地": "宮崎県日南市飫肥２丁目５ー１１", "緯度": 31.625472, "経度": 131.355898, "url": "https://www.iryou.teikyouseido.mhlw.go.jp/znk-web/juminkanja/S2430/initialize?prefCd=45&kikanCd=5450403360&kikanKbn=5", "url2": null, "内容": "平部薬局【5:薬局】宮崎県日南市飫肥２丁目５ー１１" }, "geometry": { "type": "Point", "coordinates": [ 131.355898, 31.625472 ] } },
{ "type": "Feature", "properties": { "ID": 4555450403490, "正式名称": "堺薬局", "機関区分": 5, "都道府県コード": 45, "市区町村コード": 204, "所在地": "宮崎県日南市吾田西３丁目２ー５５", "緯度": 31.61024, "経度": 131.37495, "url": "https://www.iryou.teikyouseido.mhlw.go.jp/znk-web/juminkanja/S2430/initialize?prefCd=45&kikanCd=5450403490&kikanKbn=5", "url2": null, "内容": "堺薬局【5:薬局】宮崎県日南市吾田西３丁目２ー５５" }, "geometry": { "type": "Point", "coordinates": [ 131.37495, 31.61024 ] } },
{ "type": "Feature", "properties": { "ID": 4555450403520, "正式名称": "ハロー薬局　吾田店", "機関区分": 5, "都道府県コード": 45, "市区町村コード": 204, "所在地": "宮崎県日南市吾田西３丁目７ー４２", "緯度": 31.610341, "経度": 131.372397, "url": "https://www.iryou.teikyouseido.mhlw.go.jp/znk-web/juminkanja/S2430/initialize?prefCd=45&kikanCd=5450403520&kikanKbn=5", "url2": null, "内容": "ハロー薬局　吾田店【5:薬局】宮崎県日南市吾田西３丁目７ー４２" }, "geometry": { "type": "Point", "coordinates": [ 131.372397, 31.610341 ] } },
{ "type": "Feature", "properties": { "ID": 4555450403650, "正式名称": "日南調剤薬局", "機関区分": 5, "都道府県コード": 45, "市区町村コード": 204, "所在地": "宮崎県日南市吾田西１丁目８番２３号", "緯度": 31.609542, "経度": 131.37352, "url": "https://www.iryou.teikyouseido.mhlw.go.jp/znk-web/juminkanja/S2430/initialize?prefCd=45&kikanCd=5450403650&kikanKbn=5", "url2": null, "内容": "日南調剤薬局【5:薬局】宮崎県日南市吾田西１丁目８番２３号" }, "geometry": { "type": "Point", "coordinates": [ 131.37352, 31.609542 ] } },
{ "type": "Feature", "properties": { "ID": 4555450404370, "正式名称": "すみれ大堂津薬局", "機関区分": 5, "都道府県コード": 45, "市区町村コード": 204, "所在地": "宮崎県日南市大堂津５丁目９ー８", "緯度": 31.549303, "経度": 131.379131, "url": "https://www.iryou.teikyouseido.mhlw.go.jp/znk-web/juminkanja/S2430/initialize?prefCd=45&kikanCd=5450404370&kikanKbn=5", "url2": null, "内容": "すみれ大堂津薬局【5:薬局】宮崎県日南市大堂津５丁目９ー８" }, "geometry": { "type": "Point", "coordinates": [ 131.379131, 31.549303 ] } },
{ "type": "Feature", "properties": { "ID": 4555450404400, "正式名称": "マリーズ薬局　南郷", "機関区分": 5, "都道府県コード": 45, "市区町村コード": 204, "所在地": "宮崎県日南市南郷町中村乙２１０５番地４", "緯度": 31.539253, "経度": 131.378536, "url": "https://www.iryou.teikyouseido.mhlw.go.jp/znk-web/juminkanja/S2430/initialize?prefCd=45&kikanCd=5450404400&kikanKbn=5", "url2": null, "内容": "マリーズ薬局　南郷【5:薬局】宮崎県日南市南郷町中村乙２１０５番地４" }, "geometry": { "type": "Point", "coordinates": [ 131.378536, 31.539253 ] } },
{ "type": "Feature", "properties": { "ID": 4555450404660, "正式名称": "かすが薬局　南町店", "機関区分": 5, "都道府県コード": 45, "市区町村コード": 204, "所在地": "宮崎県日南市南郷町南町６番６号", "緯度": 31.534708, "経度": 131.372093, "url": "https://www.iryou.teikyouseido.mhlw.go.jp/znk-web/juminkanja/S2430/initialize?prefCd=45&kikanCd=5450404660&kikanKbn=5", "url2": null, "内容": "かすが薬局　南町店【5:薬局】宮崎県日南市南郷町南町６番６号" }, "geometry": { "type": "Point", "coordinates": [ 131.372093, 31.534708 ] } },
{ "type": "Feature", "properties": { "ID": 4555450404950, "正式名称": "つぼみ薬局", "機関区分": 5, "都道府県コード": 45, "市区町村コード": 207, "所在地": "宮崎県串間市都井２１８１－３", "緯度": 31.396814, "経度": 131.305431, "url": "https://www.iryou.teikyouseido.mhlw.go.jp/znk-web/juminkanja/S2430/initialize?prefCd=45&kikanCd=5450404950&kikanKbn=5", "url2": null, "内容": "つぼみ薬局【5:薬局】宮崎県串間市都井２１８１－３" }, "geometry": { "type": "Point", "coordinates": [ 131.305431, 31.396814 ] } },
{ "type": "Feature", "properties": { "ID": 4555450405120, "正式名称": "日本調剤串間薬局", "機関区分": 5, "都道府県コード": 45, "市区町村コード": 207, "所在地": "宮崎県串間市西方９３６５－１", "緯度": 31.465202, "経度": 131.218987, "url": "https://www.iryou.teikyouseido.mhlw.go.jp/znk-web/juminkanja/S2430/initialize?prefCd=45&kikanCd=5450405120&kikanKbn=5", "url2": "http://www.nicho.co.jp/", "内容": "日本調剤串間薬局【5:薬局】宮崎県串間市西方９３６５－１" }, "geometry": { "type": "Point", "coordinates": [ 131.218987, 31.465202 ] } },
{ "type": "Feature", "properties": { "ID": 4555450405250, "正式名称": "つぼみ薬局　北方店", "機関区分": 5, "都道府県コード": 45, "市区町村コード": 207, "所在地": "宮崎県串間市串間字南方堀９５５‐３", "緯度": 31.496457, "経度": 131.249473, "url": "https://www.iryou.teikyouseido.mhlw.go.jp/znk-web/juminkanja/S2430/initialize?prefCd=45&kikanCd=5450405250&kikanKbn=5", "url2": null, "内容": "つぼみ薬局　北方店【5:薬局】宮崎県串間市串間字南方堀９５５‐３" }, "geometry": { "type": "Point", "coordinates": [ 131.249473, 31.496457 ] } },
{ "type": "Feature", "properties": { "ID": 4555450405380, "正式名称": "岡留薬局", "機関区分": 5, "都道府県コード": 45, "市区町村コード": 204, "所在地": "宮崎県日南市戸高１丁目７ー５", "緯度": 31.59878, "経度": 131.378644, "url": "https://www.iryou.teikyouseido.mhlw.go.jp/znk-web/juminkanja/S2430/initialize?prefCd=45&kikanCd=5450405380&kikanKbn=5", "url2": "https://k8okawa.wixsite.com/website", "内容": "岡留薬局【5:薬局】宮崎県日南市戸高１丁目７ー５" }, "geometry": { "type": "Point", "coordinates": [ 131.378644, 31.59878 ] } },
{ "type": "Feature", "properties": { "ID": 4555450405540, "正式名称": "みなみ薬局", "機関区分": 5, "都道府県コード": 45, "市区町村コード": 204, "所在地": "宮崎県日南市吾田東", "緯度": 31.615173, "経度": 131.377171, "url": "https://www.iryou.teikyouseido.mhlw.go.jp/znk-web/juminkanja/S2430/initialize?prefCd=45&kikanCd=5450405540&kikanKbn=5", "url2": null, "内容": "みなみ薬局【5:薬局】宮崎県日南市吾田東" }, "geometry": { "type": "Point", "coordinates": [ 131.377171, 31.615173 ] } },
{ "type": "Feature", "properties": { "ID": 4555450405670, "正式名称": "豊栄調剤薬局　日南店", "機関区分": 5, "都道府県コード": 45, "市区町村コード": 204, "所在地": "宮崎県日南市星倉１５７４－１２", "緯度": 31.614425, "経度": 131.367203, "url": "https://www.iryou.teikyouseido.mhlw.go.jp/znk-web/juminkanja/S2430/initialize?prefCd=45&kikanCd=5450405670&kikanKbn=5", "url2": null, "内容": "豊栄調剤薬局　日南店【5:薬局】宮崎県日南市星倉１５７４－１２" }, "geometry": { "type": "Point", "coordinates": [ 131.367203, 31.614425 ] } },
{ "type": "Feature", "properties": { "ID": 4555450405700, "正式名称": "ファミリー薬局", "機関区分": 5, "都道府県コード": 45, "市区町村コード": 207, "所在地": "宮崎県串間市大字西方６５９０番地４", "緯度": 31.46102, "経度": 131.226966, "url": "https://www.iryou.teikyouseido.mhlw.go.jp/znk-web/juminkanja/S2430/initialize?prefCd=45&kikanCd=5450405700&kikanKbn=5", "url2": "https://welth8.wordpress.com/", "内容": "ファミリー薬局【5:薬局】宮崎県串間市大字西方６５９０番地４" }, "geometry": { "type": "Point", "coordinates": [ 131.226966, 31.46102 ] } },
{ "type": "Feature", "properties": { "ID": 4555450405830, "正式名称": "とまと薬局　日南店", "機関区分": 5, "都道府県コード": 45, "市区町村コード": 204, "所在地": "宮崎県日南市星倉", "緯度": 31.614184, "経度": 131.368697, "url": "https://www.iryou.teikyouseido.mhlw.go.jp/znk-web/juminkanja/S2430/initialize?prefCd=45&kikanCd=5450405830&kikanKbn=5", "url2": null, "内容": "とまと薬局　日南店【5:薬局】宮崎県日南市星倉" }, "geometry": { "type": "Point", "coordinates": [ 131.368697, 31.614184 ] } },
{ "type": "Feature", "properties": { "ID": 4555450406000, "正式名称": "日南地区医薬分業支援センター会営薬局", "機関区分": 5, "都道府県コード": 45, "市区町村コード": 204, "所在地": "宮崎県日南市中平野３丁目７番１４号", "緯度": 31.591931, "経度": 131.395098, "url": "https://www.iryou.teikyouseido.mhlw.go.jp/znk-web/juminkanja/S2430/initialize?prefCd=45&kikanCd=5450406000&kikanKbn=5", "url2": "https://www.nichinankushimayakuzaishikai.com/", "内容": "日南地区医薬分業支援センター会営薬局【5:薬局】宮崎県日南市中平野３丁目７番１４号" }, "geometry": { "type": "Point", "coordinates": [ 131.395098, 31.591931 ] } },
{ "type": "Feature", "properties": { "ID": 4555450406260, "正式名称": "カープ油津薬局", "機関区分": 5, "都道府県コード": 45, "市区町村コード": 204, "所在地": "宮崎県日南市園田２丁目２番１号", "緯度": 31.0, "経度": 131.0, "url": "https://www.iryou.teikyouseido.mhlw.go.jp/znk-web/juminkanja/S2430/initialize?prefCd=45&kikanCd=5450406260&kikanKbn=5", "url2": null, "内容": "カープ油津薬局【5:薬局】宮崎県日南市園田２丁目２番１号" }, "geometry": { "type": "Point", "coordinates": [ 131.0, 31.0 ] } },
{ "type": "Feature", "properties": { "ID": 4555450406550, "正式名称": "みなと調剤薬局", "機関区分": 5, "都道府県コード": 45, "市区町村コード": 204, "所在地": "宮崎県日南市油津２ー５ー１６", "緯度": 31.582903, "経度": 131.404463, "url": "https://www.iryou.teikyouseido.mhlw.go.jp/znk-web/juminkanja/S2430/initialize?prefCd=45&kikanCd=5450406550&kikanKbn=5", "url2": null, "内容": "みなと調剤薬局【5:薬局】宮崎県日南市油津２ー５ー１６" }, "geometry": { "type": "Point", "coordinates": [ 131.404463, 31.582903 ] } },
{ "type": "Feature", "properties": { "ID": 4555450406710, "正式名称": "あい薬局", "機関区分": 5, "都道府県コード": 45, "市区町村コード": 204, "所在地": "宮崎県日南市中央通１丁目丁目１０番２８", "緯度": 31.600308, "経度": 131.38151, "url": "https://www.iryou.teikyouseido.mhlw.go.jp/znk-web/juminkanja/S2430/initialize?prefCd=45&kikanCd=5450406710&kikanKbn=5", "url2": null, "内容": "あい薬局【5:薬局】宮崎県日南市中央通１丁目丁目１０番２８" }, "geometry": { "type": "Point", "coordinates": [ 131.38151, 31.600308 ] } },
{ "type": "Feature", "properties": { "ID": 4555450407010, "正式名称": "おおつか調剤薬局", "機関区分": 5, "都道府県コード": 45, "市区町村コード": 207, "所在地": "宮崎県串間市大字奈留５１７１", "緯度": 31.512285, "経度": 131.247489, "url": "https://www.iryou.teikyouseido.mhlw.go.jp/znk-web/juminkanja/S2430/initialize?prefCd=45&kikanCd=5450407010&kikanKbn=5", "url2": null, "内容": "おおつか調剤薬局【5:薬局】宮崎県串間市大字奈留５１７１" }, "geometry": { "type": "Point", "coordinates": [ 131.247489, 31.512285 ] } },
{ "type": "Feature", "properties": { "ID": 4555450407140, "正式名称": "ひまわり薬局", "機関区分": 5, "都道府県コード": 45, "市区町村コード": 204, "所在地": "宮崎県日南市星倉５丁目４番１３号", "緯度": 31.620219, "経度": 131.373181, "url": "https://www.iryou.teikyouseido.mhlw.go.jp/znk-web/juminkanja/S2430/initialize?prefCd=45&kikanCd=5450407140&kikanKbn=5", "url2": null, "内容": "ひまわり薬局【5:薬局】宮崎県日南市星倉５丁目４番１３号" }, "geometry": { "type": "Point", "coordinates": [ 131.373181, 31.620219 ] } },
{ "type": "Feature", "properties": { "ID": 4555450407270, "正式名称": "ふるかわ薬局", "機関区分": 5, "都道府県コード": 45, "市区町村コード": 204, "所在地": "宮崎県日南市吾田東１１丁目９番２１号", "緯度": 31.616363, "経度": 131.377517, "url": "https://www.iryou.teikyouseido.mhlw.go.jp/znk-web/juminkanja/S2430/initialize?prefCd=45&kikanCd=5450407270&kikanKbn=5", "url2": null, "内容": "ふるかわ薬局【5:薬局】宮崎県日南市吾田東１１丁目９番２１号" }, "geometry": { "type": "Point", "coordinates": [ 131.377517, 31.616363 ] } },
{ "type": "Feature", "properties": { "ID": 4555450407430, "正式名称": "おおた薬局", "機関区分": 5, "都道府県コード": 45, "市区町村コード": 204, "所在地": "宮崎県日南市吾田東５丁目２番１０号", "緯度": 31.609822, "経度": 131.377611, "url": "https://www.iryou.teikyouseido.mhlw.go.jp/znk-web/juminkanja/S2430/initialize?prefCd=45&kikanCd=5450407430&kikanKbn=5", "url2": null, "内容": "おおた薬局【5:薬局】宮崎県日南市吾田東５丁目２番１０号" }, "geometry": { "type": "Point", "coordinates": [ 131.377611, 31.609822 ] } },
{ "type": "Feature", "properties": { "ID": 4555450407560, "正式名称": "ひらの薬局", "機関区分": 5, "都道府県コード": 45, "市区町村コード": 204, "所在地": "宮崎県日南市上平野町２丁目１５－６", "緯度": 31.594661, "経度": 131.387758, "url": "https://www.iryou.teikyouseido.mhlw.go.jp/znk-web/juminkanja/S2430/initialize?prefCd=45&kikanCd=5450407560&kikanKbn=5", "url2": null, "内容": "ひらの薬局【5:薬局】宮崎県日南市上平野町２丁目１５－６" }, "geometry": { "type": "Point", "coordinates": [ 131.387758, 31.594661 ] } },
{ "type": "Feature", "properties": { "ID": 4555450500520, "正式名称": "ハーモニー薬局", "機関区分": 5, "都道府県コード": 45, "市区町村コード": 205, "所在地": "宮崎県小林市堤３７２４番地４", "緯度": 31.961988, "経度": 131.005106, "url": "https://www.iryou.teikyouseido.mhlw.go.jp/znk-web/juminkanja/S2430/initialize?prefCd=45&kikanCd=5450500520&kikanKbn=5", "url2": null, "内容": "ハーモニー薬局【5:薬局】宮崎県小林市堤３７２４番地４" }, "geometry": { "type": "Point", "coordinates": [ 131.005106, 31.961988 ] } },
{ "type": "Feature", "properties": { "ID": 4555450500650, "正式名称": "太洋薬局", "機関区分": 5, "都道府県コード": 45, "市区町村コード": 205, "所在地": "宮崎県小林市大字細野１９５１", "緯度": 31.98666, "経度": 130.97736, "url": "https://www.iryou.teikyouseido.mhlw.go.jp/znk-web/juminkanja/S2430/initialize?prefCd=45&kikanCd=5450500650&kikanKbn=5", "url2": null, "内容": "太洋薬局【5:薬局】宮崎県小林市大字細野１９５１" }, "geometry": { "type": "Point", "coordinates": [ 130.97736, 31.98666 ] } },
{ "type": "Feature", "properties": { "ID": 4555450500780, "正式名称": "こばやし薬局", "機関区分": 5, "都道府県コード": 45, "市区町村コード": 205, "所在地": "宮崎県小林市大字細野２８２ー１１", "緯度": 31.997712, "経度": 130.974826, "url": "https://www.iryou.teikyouseido.mhlw.go.jp/znk-web/juminkanja/S2430/initialize?prefCd=45&kikanCd=5450500780&kikanKbn=5", "url2": null, "内容": "こばやし薬局【5:薬局】宮崎県小林市大字細野２８２ー１１" }, "geometry": { "type": "Point", "coordinates": [ 130.974826, 31.997712 ] } },
{ "type": "Feature", "properties": { "ID": 4555450501080, "正式名称": "サン調剤薬局　小林市立病院前店", "機関区分": 5, "都道府県コード": 45, "市区町村コード": 205, "所在地": "宮崎県小林市細野２２５６ー２", "緯度": 31.989305, "経度": 130.986321, "url": "https://www.iryou.teikyouseido.mhlw.go.jp/znk-web/juminkanja/S2430/initialize?prefCd=45&kikanCd=5450501080&kikanKbn=5", "url2": "http://www.himuka-medical.com", "内容": "サン調剤薬局　小林市立病院前店【5:薬局】宮崎県小林市細野２２５６ー２" }, "geometry": { "type": "Point", "coordinates": [ 130.986321, 31.989305 ] } },
{ "type": "Feature", "properties": { "ID": 4555450501370, "正式名称": "二葉薬局細野", "機関区分": 5, "都道府県コード": 45, "市区町村コード": 205, "所在地": "宮崎県小林市細野２０４２ー２", "緯度": 31.989296, "経度": 130.980581, "url": "https://www.iryou.teikyouseido.mhlw.go.jp/znk-web/juminkanja/S2430/initialize?prefCd=45&kikanCd=5450501370&kikanKbn=5", "url2": "http://futaba-gr.co.jp/", "内容": "二葉薬局細野【5:薬局】宮崎県小林市細野２０４２ー２" }, "geometry": { "type": "Point", "coordinates": [ 130.980581, 31.989296 ] } },
{ "type": "Feature", "properties": { "ID": 4555450501660, "正式名称": "健康薬局", "機関区分": 5, "都道府県コード": 45, "市区町村コード": 205, "所在地": "宮崎県小林市細野１２５２ー１", "緯度": 31.993312, "経度": 130.970399, "url": "https://www.iryou.teikyouseido.mhlw.go.jp/znk-web/juminkanja/S2430/initialize?prefCd=45&kikanCd=5450501660&kikanKbn=5", "url2": null, "内容": "健康薬局【5:薬局】宮崎県小林市細野１２５２ー１" }, "geometry": { "type": "Point", "coordinates": [ 130.970399, 31.993312 ] } },
{ "type": "Feature", "properties": { "ID": 4555450501790, "正式名称": "保険調剤なかまち薬局", "機関区分": 5, "都道府県コード": 45, "市区町村コード": 205, "所在地": "宮崎県小林市細野杉ノ場１３４番地１２", "緯度": 31.99484, "経度": 130.979945, "url": "https://www.iryou.teikyouseido.mhlw.go.jp/znk-web/juminkanja/S2430/initialize?prefCd=45&kikanCd=5450501790&kikanKbn=5", "url2": null, "内容": "保険調剤なかまち薬局【5:薬局】宮崎県小林市細野杉ノ場１３４番地１２" }, "geometry": { "type": "Point", "coordinates": [ 130.979945, 31.99484 ] } },
{ "type": "Feature", "properties": { "ID": 4555450502120, "正式名称": "有限会社二葉薬局", "機関区分": 5, "都道府県コード": 45, "市区町村コード": 205, "所在地": "宮崎県小林市真方１３番地", "緯度": 31.994648, "経度": 130.982556, "url": "https://www.iryou.teikyouseido.mhlw.go.jp/znk-web/juminkanja/S2430/initialize?prefCd=45&kikanCd=5450502120&kikanKbn=5", "url2": "http://futaba-gr.co.jp/", "内容": "有限会社二葉薬局【5:薬局】宮崎県小林市真方１３番地" }, "geometry": { "type": "Point", "coordinates": [ 130.982556, 31.994648 ] } },
{ "type": "Feature", "properties": { "ID": 4555450502250, "正式名称": "あたご調剤薬局", "機関区分": 5, "都道府県コード": 45, "市区町村コード": 205, "所在地": "宮崎県小林市大字真方３５番地５", "緯度": 31.995456, "経度": 130.981362, "url": "https://www.iryou.teikyouseido.mhlw.go.jp/znk-web/juminkanja/S2430/initialize?prefCd=45&kikanCd=5450502250&kikanKbn=5", "url2": null, "内容": "あたご調剤薬局【5:薬局】宮崎県小林市大字真方３５番地５" }, "geometry": { "type": "Point", "coordinates": [ 130.981362, 31.995456 ] } },
{ "type": "Feature", "properties": { "ID": 4555450502540, "正式名称": "有限会社本町薬局", "機関区分": 5, "都道府県コード": 45, "市区町村コード": 205, "所在地": "宮崎県小林市本町４９番地４", "緯度": 31.991929, "経度": 130.974824, "url": "https://www.iryou.teikyouseido.mhlw.go.jp/znk-web/juminkanja/S2430/initialize?prefCd=45&kikanCd=5450502540&kikanKbn=5", "url2": null, "内容": "有限会社本町薬局【5:薬局】宮崎県小林市本町４９番地４" }, "geometry": { "type": "Point", "coordinates": [ 130.974824, 31.991929 ] } },
{ "type": "Feature", "properties": { "ID": 4555450502960, "正式名称": "坂尾薬局", "機関区分": 5, "都道府県コード": 45, "市区町村コード": 205, "所在地": "宮崎県小林市野尻町東麓２１９６番地", "緯度": 31.958468, "経度": 131.100751, "url": "https://www.iryou.teikyouseido.mhlw.go.jp/znk-web/juminkanja/S2430/initialize?prefCd=45&kikanCd=5450502960&kikanKbn=5", "url2": "https://www.sakao-mintopharmacy.com", "内容": "坂尾薬局【5:薬局】宮崎県小林市野尻町東麓２１９６番地" }, "geometry": { "type": "Point", "coordinates": [ 131.100751, 31.958468 ] } },
{ "type": "Feature", "properties": { "ID": 4555450503130, "正式名称": "二葉薬局　京町", "機関区分": 5, "都道府県コード": 45, "市区町村コード": 209, "所在地": "宮崎県えびの市大字向江４９９", "緯度": 32.047676, "経度": 130.770755, "url": "https://www.iryou.teikyouseido.mhlw.go.jp/znk-web/juminkanja/S2430/initialize?prefCd=45&kikanCd=5450503130&kikanKbn=5", "url2": "http://futaba-gr.co.jp", "内容": "二葉薬局　京町【5:薬局】宮崎県えびの市大字向江４９９" }, "geometry": { "type": "Point", "coordinates": [ 130.770755, 32.047676 ] } },
{ "type": "Feature", "properties": { "ID": 4555450503420, "正式名称": "有限会社ケーアイ調剤薬局えびの店", "機関区分": 5, "都道府県コード": 45, "市区町村コード": 209, "所在地": "宮崎県えびの市大字原田字蓑原３２３６番地３", "緯度": 32.044474, "経度": 130.864895, "url": "https://www.iryou.teikyouseido.mhlw.go.jp/znk-web/juminkanja/S2430/initialize?prefCd=45&kikanCd=5450503420&kikanKbn=5", "url2": "https://ki-pharm.com/", "内容": "有限会社ケーアイ調剤薬局えびの店【5:薬局】宮崎県えびの市大字原田字蓑原３２３６番地３" }, "geometry": { "type": "Point", "coordinates": [ 130.864895, 32.044474 ] } },
{ "type": "Feature", "properties": { "ID": 4555450503680, "正式名称": "いいの薬局", "機関区分": 5, "都道府県コード": 45, "市区町村コード": 209, "所在地": "宮崎県えびの市大字原田２２３７ー７", "緯度": 32.032672, "経度": 130.870389, "url": "https://www.iryou.teikyouseido.mhlw.go.jp/znk-web/juminkanja/S2430/initialize?prefCd=45&kikanCd=5450503680&kikanKbn=5", "url2": "https://www.bannou-ph.co.jp", "内容": "いいの薬局【5:薬局】宮崎県えびの市大字原田２２３７ー７" }, "geometry": { "type": "Point", "coordinates": [ 130.870389, 32.032672 ] } },
{ "type": "Feature", "properties": { "ID": 4555450503710, "正式名称": "ひむか薬局えびの店", "機関区分": 5, "都道府県コード": 45, "市区町村コード": 209, "所在地": "宮崎県えびの市原田２１４３－３", "緯度": 32.028277, "経度": 130.874823, "url": "https://www.iryou.teikyouseido.mhlw.go.jp/znk-web/juminkanja/S2430/initialize?prefCd=45&kikanCd=5450503710&kikanKbn=5", "url2": "http://www.himuka-medical.com/", "内容": "ひむか薬局えびの店【5:薬局】宮崎県えびの市原田２１４３－３" }, "geometry": { "type": "Point", "coordinates": [ 130.874823, 32.028277 ] } },
{ "type": "Feature", "properties": { "ID": 4555450503970, "正式名称": "有限会社あい薬局", "機関区分": 5, "都道府県コード": 45, "市区町村コード": 209, "所在地": "宮崎県えびの市大字大明司１０２４ー５", "緯度": 32.050066, "経度": 130.82818, "url": "https://www.iryou.teikyouseido.mhlw.go.jp/znk-web/juminkanja/S2430/initialize?prefCd=45&kikanCd=5450503970&kikanKbn=5", "url2": null, "内容": "有限会社あい薬局【5:薬局】宮崎県えびの市大字大明司１０２４ー５" }, "geometry": { "type": "Point", "coordinates": [ 130.82818, 32.050066 ] } },
{ "type": "Feature", "properties": { "ID": 4555450504010, "正式名称": "すみれ薬局", "機関区分": 5, "都道府県コード": 45, "市区町村コード": 209, "所在地": "宮崎県えびの市杉水流５１ー３", "緯度": 32.04666, "経度": 130.872541, "url": "https://www.iryou.teikyouseido.mhlw.go.jp/znk-web/juminkanja/S2430/initialize?prefCd=45&kikanCd=5450504010&kikanKbn=5", "url2": "https://www.st-medic.net/sumire.php", "内容": "すみれ薬局【5:薬局】宮崎県えびの市杉水流５１ー３" }, "geometry": { "type": "Point", "coordinates": [ 130.872541, 32.04666 ] } },
{ "type": "Feature", "properties": { "ID": 4555450504300, "正式名称": "ハロー薬局高原店", "機関区分": 5, "都道府県コード": 45, "市区町村コード": 361, "所在地": "宮崎県西諸県郡高原町西麓４３２ー１", "緯度": 31.929057, "経度": 131.006784, "url": "https://www.iryou.teikyouseido.mhlw.go.jp/znk-web/juminkanja/S2430/initialize?prefCd=45&kikanCd=5450504300&kikanKbn=5", "url2": null, "内容": "ハロー薬局高原店【5:薬局】宮崎県西諸県郡高原町西麓４３２ー１" }, "geometry": { "type": "Point", "coordinates": [ 131.006784, 31.929057 ] } },
{ "type": "Feature", "properties": { "ID": 4555450504430, "正式名称": "二葉薬局　高原", "機関区分": 5, "都道府県コード": 45, "市区町村コード": 361, "所在地": "宮崎県西諸県郡高原町西麓", "緯度": 31.928649, "経度": 131.006309, "url": "https://www.iryou.teikyouseido.mhlw.go.jp/znk-web/juminkanja/S2430/initialize?prefCd=45&kikanCd=5450504430&kikanKbn=5", "url2": "http://futaba-gr.co.jp", "内容": "二葉薬局　高原【5:薬局】宮崎県西諸県郡高原町西麓" }, "geometry": { "type": "Point", "coordinates": [ 131.006309, 31.928649 ] } },
{ "type": "Feature", "properties": { "ID": 4555450504690, "正式名称": "二葉薬局　加久藤", "機関区分": 5, "都道府県コード": 45, "市区町村コード": 209, "所在地": "宮崎県えびの市栗下２１４－８", "緯度": 32.043058, "経度": 130.815389, "url": "https://www.iryou.teikyouseido.mhlw.go.jp/znk-web/juminkanja/S2430/initialize?prefCd=45&kikanCd=5450504690&kikanKbn=5", "url2": "http://www.futaba-gr.co.jp/", "内容": "二葉薬局　加久藤【5:薬局】宮崎県えびの市栗下２１４－８" }, "geometry": { "type": "Point", "coordinates": [ 130.815389, 32.043058 ] } },
{ "type": "Feature", "properties": { "ID": 4555450504850, "正式名称": "そうごう薬局　えびの店", "機関区分": 5, "都道府県コード": 45, "市区町村コード": 209, "所在地": "宮崎県えびの市原田字西谷ノ口３１８７ー２", "緯度": 32.042193, "経度": 130.865405, "url": "https://www.iryou.teikyouseido.mhlw.go.jp/znk-web/juminkanja/S2430/initialize?prefCd=45&kikanCd=5450504850&kikanKbn=5", "url2": "http://www.sogo-medical.co.jp/sogopharmacy/index", "内容": "そうごう薬局　えびの店【5:薬局】宮崎県えびの市原田字西谷ノ口３１８７ー２" }, "geometry": { "type": "Point", "coordinates": [ 130.865405, 32.042193 ] } },
{ "type": "Feature", "properties": { "ID": 4555450504980, "正式名称": "二葉薬局　小林南店", "機関区分": 5, "都道府県コード": 45, "市区町村コード": 205, "所在地": "宮崎県小林市細野２７５８ー６", "緯度": 31.983245, "経度": 130.975699, "url": "https://www.iryou.teikyouseido.mhlw.go.jp/znk-web/juminkanja/S2430/initialize?prefCd=45&kikanCd=5450504980&kikanKbn=5", "url2": "http://futaba-gr.co.jp", "内容": "二葉薬局　小林南店【5:薬局】宮崎県小林市細野２７５８ー６" }, "geometry": { "type": "Point", "coordinates": [ 130.975699, 31.983245 ] } },
{ "type": "Feature", "properties": { "ID": 4555450505020, "正式名称": "むさし薬局", "機関区分": 5, "都道府県コード": 45, "市区町村コード": 361, "所在地": "宮崎県西諸県郡高原町大字西麓１７３番地１", "緯度": 31.923515, "経度": 130.999907, "url": "https://www.iryou.teikyouseido.mhlw.go.jp/znk-web/juminkanja/S2430/initialize?prefCd=45&kikanCd=5450505020&kikanKbn=5", "url2": "https://www.musashi-ph-takaharu.com/", "内容": "むさし薬局【5:薬局】宮崎県西諸県郡高原町大字西麓１７３番地１" }, "geometry": { "type": "Point", "coordinates": [ 130.999907, 31.923515 ] } },
{ "type": "Feature", "properties": { "ID": 4555450505150, "正式名称": "小林こすもす薬局", "機関区分": 5, "都道府県コード": 45, "市区町村コード": 205, "所在地": "宮崎県　小林市真方２３９ー１", "緯度": 31.997378, "経度": 130.979748, "url": "https://www.iryou.teikyouseido.mhlw.go.jp/znk-web/juminkanja/S2430/initialize?prefCd=45&kikanCd=5450505150&kikanKbn=5", "url2": null, "内容": "小林こすもす薬局【5:薬局】宮崎県　小林市真方２３９ー１" }, "geometry": { "type": "Point", "coordinates": [ 130.979748, 31.997378 ] } },
{ "type": "Feature", "properties": { "ID": 4555450505280, "正式名称": "そうごう薬局　細野店", "機関区分": 5, "都道府県コード": 45, "市区町村コード": 205, "所在地": "宮崎県　小林市　細野　１６１７番地１", "緯度": 31.993268, "経度": 130.972493, "url": "https://www.iryou.teikyouseido.mhlw.go.jp/znk-web/juminkanja/S2430/initialize?prefCd=45&kikanCd=5450505280&kikanKbn=5", "url2": "http://www.sogo-medical.co.jp/sogopharmacy/shop/view/511", "内容": "そうごう薬局　細野店【5:薬局】宮崎県　小林市　細野　１６１７番地１" }, "geometry": { "type": "Point", "coordinates": [ 130.972493, 31.993268 ] } },
{ "type": "Feature", "properties": { "ID": 4555450505310, "正式名称": "保険調剤薬局つつみ", "機関区分": 5, "都道府県コード": 45, "市区町村コード": 205, "所在地": "宮崎県小林市堤３０２６番地６", "緯度": 31.98265, "経度": 130.998253, "url": "https://www.iryou.teikyouseido.mhlw.go.jp/znk-web/juminkanja/S2430/initialize?prefCd=45&kikanCd=5450505310&kikanKbn=5", "url2": "http://www.e-classa.net/tsutsumi-kobayashi", "内容": "保険調剤薬局つつみ【5:薬局】宮崎県小林市堤３０２６番地６" }, "geometry": { "type": "Point", "coordinates": [ 130.998253, 31.98265 ] } },
{ "type": "Feature", "properties": { "ID": 4555450505440, "正式名称": "二葉薬局　小林中央店", "機関区分": 5, "都道府県コード": 45, "市区町村コード": 205, "所在地": "宮崎県小林市細野１６０６ー２", "緯度": 31.992929, "経度": 130.973759, "url": "https://www.iryou.teikyouseido.mhlw.go.jp/znk-web/juminkanja/S2430/initialize?prefCd=45&kikanCd=5450505440&kikanKbn=5", "url2": "http://futaba-gr.co.jp/", "内容": "二葉薬局　小林中央店【5:薬局】宮崎県小林市細野１６０６ー２" }, "geometry": { "type": "Point", "coordinates": [ 130.973759, 31.992929 ] } },
{ "type": "Feature", "properties": { "ID": 4555450505570, "正式名称": "二葉薬局　野尻", "機関区分": 5, "都道府県コード": 45, "市区町村コード": 205, "所在地": "宮崎県小林市野尻町東麓１１７１ー９", "緯度": 31.960005, "経度": 131.09929, "url": "https://www.iryou.teikyouseido.mhlw.go.jp/znk-web/juminkanja/S2430/initialize?prefCd=45&kikanCd=5450505570&kikanKbn=5", "url2": "http://www.futaba-gr.co.jp", "内容": "二葉薬局　野尻【5:薬局】宮崎県小林市野尻町東麓１１７１ー９" }, "geometry": { "type": "Point", "coordinates": [ 131.09929, 31.960005 ] } },
{ "type": "Feature", "properties": { "ID": 4555450505600, "正式名称": "アイン薬局　こばやし中央店", "機関区分": 5, "都道府県コード": 45, "市区町村コード": 205, "所在地": "宮崎県小林市細野１６０番地５", "緯度": 31.994641, "経度": 130.978341, "url": "https://www.iryou.teikyouseido.mhlw.go.jp/znk-web/juminkanja/S2430/initialize?prefCd=45&kikanCd=5450505600&kikanKbn=5", "url2": "http://www.ainj.co.jp/", "内容": "アイン薬局　こばやし中央店【5:薬局】宮崎県小林市細野１６０番地５" }, "geometry": { "type": "Point", "coordinates": [ 130.978341, 31.994641 ] } },
{ "type": "Feature", "properties": { "ID": 4555450505690, "正式名称": "みずほ調剤薬局", "機関区分": 5, "都道府県コード": 45, "市区町村コード": 205, "所在地": "宮崎県小林市大字真方６５ー４", "緯度": 31.996853, "経度": 130.979562, "url": "https://www.iryou.teikyouseido.mhlw.go.jp/znk-web/juminkanja/S2430/initialize?prefCd=45&kikanCd=5450505690&kikanKbn=5", "url2": "https://mstmsg.co.jp/pharmacy-mizuho/", "内容": "みずほ調剤薬局【5:薬局】宮崎県小林市大字真方６５ー４" }, "geometry": { "type": "Point", "coordinates": [ 130.979562, 31.996853 ] } },
{ "type": "Feature", "properties": { "ID": 4555450505730, "正式名称": "ヘルシー薬局　京町店", "機関区分": 5, "都道府県コード": 45, "市区町村コード": 209, "所在地": "宮崎県えびの市亀沢３９２－２１", "緯度": 32.037788, "経度": 130.751604, "url": "https://www.iryou.teikyouseido.mhlw.go.jp/znk-web/juminkanja/S2430/initialize?prefCd=45&kikanCd=5450505730&kikanKbn=5", "url2": "https://healthy-pharmacy.jp/", "内容": "ヘルシー薬局　京町店【5:薬局】宮崎県えびの市亀沢３９２－２１" }, "geometry": { "type": "Point", "coordinates": [ 130.751604, 32.037788 ] } },
{ "type": "Feature", "properties": { "ID": 4555450505860, "正式名称": "エルブルース薬局", "機関区分": 5, "都道府県コード": 45, "市区町村コード": 205, "所在地": "宮崎県小林市野尻町東麓１０８７－２", "緯度": 31.956191, "経度": 131.103104, "url": "https://www.iryou.teikyouseido.mhlw.go.jp/znk-web/juminkanja/S2430/initialize?prefCd=45&kikanCd=5450505860&kikanKbn=5", "url2": "https://www.mt-pharmacy.jp", "内容": "エルブルース薬局【5:薬局】宮崎県小林市野尻町東麓１０８７－２" }, "geometry": { "type": "Point", "coordinates": [ 131.103104, 31.956191 ] } },
{ "type": "Feature", "properties": { "ID": 4555450505990, "正式名称": "えびの薬局", "機関区分": 5, "都道府県コード": 45, "市区町村コード": 209, "所在地": "宮崎県えびの市上江１０２６番２", "緯度": 32.030236, "経度": 130.855493, "url": "https://www.iryou.teikyouseido.mhlw.go.jp/znk-web/juminkanja/S2430/initialize?prefCd=45&kikanCd=5450505990&kikanKbn=5", "url2": "https://welth8.wordpress.com/", "内容": "えびの薬局【5:薬局】宮崎県えびの市上江１０２６番２" }, "geometry": { "type": "Point", "coordinates": [ 130.855493, 32.030236 ] } },
{ "type": "Feature", "properties": { "ID": 4555450506160, "正式名称": "国武薬局　小林店", "機関区分": 5, "都道府県コード": 45, "市区町村コード": 205, "所在地": "宮崎県小林市駅南２７９番地", "緯度": 31.989835, "経度": 130.975172, "url": "https://www.iryou.teikyouseido.mhlw.go.jp/znk-web/juminkanja/S2430/initialize?prefCd=45&kikanCd=5450506160&kikanKbn=5", "url2": null, "内容": "国武薬局　小林店【5:薬局】宮崎県小林市駅南２７９番地" }, "geometry": { "type": "Point", "coordinates": [ 130.975172, 31.989835 ] } },
{ "type": "Feature", "properties": { "ID": 4555450506320, "正式名称": "アオバト薬局", "機関区分": 5, "都道府県コード": 45, "市区町村コード": 205, "所在地": "宮崎県小林市堤２３２２−３", "緯度": 31.973756, "経度": 131.000073, "url": "https://www.iryou.teikyouseido.mhlw.go.jp/znk-web/juminkanja/S2430/initialize?prefCd=45&kikanCd=5450506320&kikanKbn=5", "url2": null, "内容": "アオバト薬局【5:薬局】宮崎県小林市堤２３２２−３" }, "geometry": { "type": "Point", "coordinates": [ 131.000073, 31.973756 ] } },
{ "type": "Feature", "properties": { "ID": 4555450506580, "正式名称": "こあら薬局", "機関区分": 5, "都道府県コード": 45, "市区町村コード": 205, "所在地": "宮崎県小林市水流迫９４４番地８", "緯度": 31.994048, "経度": 130.993827, "url": "https://www.iryou.teikyouseido.mhlw.go.jp/znk-web/juminkanja/S2430/initialize?prefCd=45&kikanCd=5450506580&kikanKbn=5", "url2": null, "内容": "こあら薬局【5:薬局】宮崎県小林市水流迫９４４番地８" }, "geometry": { "type": "Point", "coordinates": [ 130.993827, 31.994048 ] } },
{ "type": "Feature", "properties": { "ID": 4555450600130, "正式名称": "みやけ調剤薬局", "機関区分": 5, "都道府県コード": 45, "市区町村コード": 208, "所在地": "宮崎県西都市三宅", "緯度": 32.0971, "経度": 131.399338, "url": "https://www.iryou.teikyouseido.mhlw.go.jp/znk-web/juminkanja/S2430/initialize?prefCd=45&kikanCd=5450600130&kikanKbn=5", "url2": null, "内容": "みやけ調剤薬局【5:薬局】宮崎県西都市三宅" }, "geometry": { "type": "Point", "coordinates": [ 131.399338, 32.0971 ] } },
{ "type": "Feature", "properties": { "ID": 4555450600260, "正式名称": "長嶺薬局", "機関区分": 5, "都道府県コード": 45, "市区町村コード": 208, "所在地": "宮崎県西都市有吉町１丁目３番地", "緯度": 32.107459, "経度": 131.405705, "url": "https://www.iryou.teikyouseido.mhlw.go.jp/znk-web/juminkanja/S2430/initialize?prefCd=45&kikanCd=5450600260&kikanKbn=5", "url2": "https://www.ohira-pharmacy.com", "内容": "長嶺薬局【5:薬局】宮崎県西都市有吉町１丁目３番地" }, "geometry": { "type": "Point", "coordinates": [ 131.405705, 32.107459 ] } },
{ "type": "Feature", "properties": { "ID": 4555450600420, "正式名称": "有限会社トキワ薬局", "機関区分": 5, "都道府県コード": 45, "市区町村コード": 208, "所在地": "宮崎県西都市小野崎２丁目３９番地", "緯度": 32.104979, "経度": 131.405311, "url": "https://www.iryou.teikyouseido.mhlw.go.jp/znk-web/juminkanja/S2430/initialize?prefCd=45&kikanCd=5450600420&kikanKbn=5", "url2": null, "内容": "有限会社トキワ薬局【5:薬局】宮崎県西都市小野崎２丁目３９番地" }, "geometry": { "type": "Point", "coordinates": [ 131.405311, 32.104979 ] } },
{ "type": "Feature", "properties": { "ID": 4555450600550, "正式名称": "みふね調剤薬局", "機関区分": 5, "都道府県コード": 45, "市区町村コード": 208, "所在地": "宮崎県西都市聖陵町２丁目１４番地", "緯度": 32.107912, "経度": 131.402108, "url": "https://www.iryou.teikyouseido.mhlw.go.jp/znk-web/juminkanja/S2430/initialize?prefCd=45&kikanCd=5450600550&kikanKbn=5", "url2": "https://www.ohira-pharmacy.com", "内容": "みふね調剤薬局【5:薬局】宮崎県西都市聖陵町２丁目１４番地" }, "geometry": { "type": "Point", "coordinates": [ 131.402108, 32.107912 ] } },
{ "type": "Feature", "properties": { "ID": 4555450600680, "正式名称": "わかば薬局", "機関区分": 5, "都道府県コード": 45, "市区町村コード": 208, "所在地": "宮崎県西都市御舟町２丁目４７番地", "緯度": 32.107651, "経度": 131.404844, "url": "https://www.iryou.teikyouseido.mhlw.go.jp/znk-web/juminkanja/S2430/initialize?prefCd=45&kikanCd=5450600680&kikanKbn=5", "url2": "https://www.ohira-pharmacy.com", "内容": "わかば薬局【5:薬局】宮崎県西都市御舟町２丁目４７番地" }, "geometry": { "type": "Point", "coordinates": [ 131.404844, 32.107651 ] } },
{ "type": "Feature", "properties": { "ID": 4555450600710, "正式名称": "株式会社　さくら調剤薬局", "機関区分": 5, "都道府県コード": 45, "市区町村コード": 208, "所在地": "宮崎県西都市御舟町１丁目５７番地２", "緯度": 32.110909, "経度": 131.403972, "url": "https://www.iryou.teikyouseido.mhlw.go.jp/znk-web/juminkanja/S2430/initialize?prefCd=45&kikanCd=5450600710&kikanKbn=5", "url2": "https://wagokoro-h.com/", "内容": "株式会社　さくら調剤薬局【5:薬局】宮崎県西都市御舟町１丁目５７番地２" }, "geometry": { "type": "Point", "coordinates": [ 131.403972, 32.110909 ] } },
{ "type": "Feature", "properties": { "ID": 4555450600840, "正式名称": "有限会社調剤薬局心愛メディック", "機関区分": 5, "都道府県コード": 45, "市区町村コード": 208, "所在地": "宮崎県西都市大字調殿１００４ー４", "緯度": 32.112548, "経度": 131.411027, "url": "https://www.iryou.teikyouseido.mhlw.go.jp/znk-web/juminkanja/S2430/initialize?prefCd=45&kikanCd=5450600840&kikanKbn=5", "url2": "https://www.fuji-pharmacy.jp/", "内容": "有限会社調剤薬局心愛メディック【5:薬局】宮崎県西都市大字調殿１００４ー４" }, "geometry": { "type": "Point", "coordinates": [ 131.411027, 32.112548 ] } },
{ "type": "Feature", "properties": { "ID": 4555450601140, "正式名称": "さいと薬局", "機関区分": 5, "都道府県コード": 45, "市区町村コード": 208, "所在地": "宮崎県西都市妻町３丁目１３３番地", "緯度": 32.11204, "経度": 131.407466, "url": "https://www.iryou.teikyouseido.mhlw.go.jp/znk-web/juminkanja/S2430/initialize?prefCd=45&kikanCd=5450601140&kikanKbn=5", "url2": "https://www.saitopharmacy.com", "内容": "さいと薬局【5:薬局】宮崎県西都市妻町３丁目１３３番地" }, "geometry": { "type": "Point", "coordinates": [ 131.407466, 32.11204 ] } },
{ "type": "Feature", "properties": { "ID": 4555450601300, "正式名称": "株式会社　みずき薬局", "機関区分": 5, "都道府県コード": 45, "市区町村コード": 208, "所在地": "宮崎県西都市下三財３３７７番地３", "緯度": 32.061302, "経度": 131.359527, "url": "https://www.iryou.teikyouseido.mhlw.go.jp/znk-web/juminkanja/S2430/initialize?prefCd=45&kikanCd=5450601300&kikanKbn=5", "url2": "https://wagokoro-h.com/", "内容": "株式会社　みずき薬局【5:薬局】宮崎県西都市下三財３３７７番地３" }, "geometry": { "type": "Point", "coordinates": [ 131.359527, 32.061302 ] } },
{ "type": "Feature", "properties": { "ID": 4555450602310, "正式名称": "明倫堂薬局", "機関区分": 5, "都道府県コード": 45, "市区町村コード": 401, "所在地": "宮崎県児湯郡高鍋町北高鍋４７８０ー１", "緯度": 32.126844, "経度": 131.521916, "url": "https://www.iryou.teikyouseido.mhlw.go.jp/znk-web/juminkanja/S2430/initialize?prefCd=45&kikanCd=5450602310&kikanKbn=5", "url2": "https://intron.co.jp", "内容": "明倫堂薬局【5:薬局】宮崎県児湯郡高鍋町北高鍋４７８０ー１" }, "geometry": { "type": "Point", "coordinates": [ 131.521916, 32.126844 ] } },
{ "type": "Feature", "properties": { "ID": 4555450602570, "正式名称": "セイシェル薬局　高鍋", "機関区分": 5, "都道府県コード": 45, "市区町村コード": 401, "所在地": "宮崎県児湯郡高鍋町大字蚊口浦６１９９番地６２", "緯度": 32.119608, "経度": 131.531786, "url": "https://www.iryou.teikyouseido.mhlw.go.jp/znk-web/juminkanja/S2430/initialize?prefCd=45&kikanCd=5450602570&kikanKbn=5", "url2": null, "内容": "セイシェル薬局　高鍋【5:薬局】宮崎県児湯郡高鍋町大字蚊口浦６１９９番地６２" }, "geometry": { "type": "Point", "coordinates": [ 131.531786, 32.119608 ] } },
{ "type": "Feature", "properties": { "ID": 4555450602730, "正式名称": "さとかん薬局　木城店", "機関区分": 5, "都道府県コード": 45, "市区町村コード": 404, "所在地": "宮崎県児湯郡木城町高城３８４８－３", "緯度": 32.165047, "経度": 131.470754, "url": "https://www.iryou.teikyouseido.mhlw.go.jp/znk-web/juminkanja/S2430/initialize?prefCd=45&kikanCd=5450602730&kikanKbn=5", "url2": "http://satokan.com/", "内容": "さとかん薬局　木城店【5:薬局】宮崎県児湯郡木城町高城３８４８－３" }, "geometry": { "type": "Point", "coordinates": [ 131.470754, 32.165047 ] } },
{ "type": "Feature", "properties": { "ID": 4555450602860, "正式名称": "有限会社やました薬局", "機関区分": 5, "都道府県コード": 45, "市区町村コード": 406, "所在地": "宮崎県児湯郡都農町川北４８９５ー７", "緯度": 32.254429, "経度": 131.561024, "url": "https://www.iryou.teikyouseido.mhlw.go.jp/znk-web/juminkanja/S2430/initialize?prefCd=45&kikanCd=5450602860&kikanKbn=5", "url2": null, "内容": "有限会社やました薬局【5:薬局】宮崎県児湯郡都農町川北４８９５ー７" }, "geometry": { "type": "Point", "coordinates": [ 131.561024, 32.254429 ] } },
{ "type": "Feature", "properties": { "ID": 4555450602990, "正式名称": "有限会社光和薬局", "機関区分": 5, "都道府県コード": 45, "市区町村コード": 406, "所在地": "宮崎県児湯郡都農町大字川北５４８５ー５", "緯度": 32.255051, "経度": 131.555377, "url": "https://www.iryou.teikyouseido.mhlw.go.jp/znk-web/juminkanja/S2430/initialize?prefCd=45&kikanCd=5450602990&kikanKbn=5", "url2": null, "内容": "有限会社光和薬局【5:薬局】宮崎県児湯郡都農町大字川北５４８５ー５" }, "geometry": { "type": "Point", "coordinates": [ 131.555377, 32.255051 ] } },
{ "type": "Feature", "properties": { "ID": 4555450603580, "正式名称": "トロン調剤薬局", "機関区分": 5, "都道府県コード": 45, "市区町村コード": 405, "所在地": "宮崎県児湯郡川南町大字平田２３８０ー９", "緯度": 32.193504, "経度": 131.528151, "url": "https://www.iryou.teikyouseido.mhlw.go.jp/znk-web/juminkanja/S2430/initialize?prefCd=45&kikanCd=5450603580&kikanKbn=5", "url2": null, "内容": "トロン調剤薬局【5:薬局】宮崎県児湯郡川南町大字平田２３８０ー９" }, "geometry": { "type": "Point", "coordinates": [ 131.528151, 32.193504 ] } },
{ "type": "Feature", "properties": { "ID": 4555450604040, "正式名称": "ルピナス薬局", "機関区分": 5, "都道府県コード": 45, "市区町村コード": 402, "所在地": "宮崎県児湯郡新富町富田１ー３ー１", "緯度": 32.06849, "経度": 131.48902, "url": "https://www.iryou.teikyouseido.mhlw.go.jp/znk-web/juminkanja/S2430/initialize?prefCd=45&kikanCd=5450604040&kikanKbn=5", "url2": null, "内容": "ルピナス薬局【5:薬局】宮崎県児湯郡新富町富田１ー３ー１" }, "geometry": { "type": "Point", "coordinates": [ 131.48902, 32.06849 ] } },
{ "type": "Feature", "properties": { "ID": 4555450604170, "正式名称": "虹ヶ丘薬局", "機関区分": 5, "都道府県コード": 45, "市区町村コード": 402, "所在地": "宮崎県児湯郡新富町富田三丁目４番地２", "緯度": 32.071119, "経度": 131.491928, "url": "https://www.iryou.teikyouseido.mhlw.go.jp/znk-web/juminkanja/S2430/initialize?prefCd=45&kikanCd=5450604170&kikanKbn=5", "url2": null, "内容": "虹ヶ丘薬局【5:薬局】宮崎県児湯郡新富町富田三丁目４番地２" }, "geometry": { "type": "Point", "coordinates": [ 131.491928, 32.071119 ] } },
{ "type": "Feature", "properties": { "ID": 4555450604200, "正式名称": "関屋薬局", "機関区分": 5, "都道府県コード": 45, "市区町村コード": 402, "所在地": "宮崎県児湯郡新富町富田１丁目２６ー１", "緯度": 32.068035, "経度": 131.491378, "url": "https://www.iryou.teikyouseido.mhlw.go.jp/znk-web/juminkanja/S2430/initialize?prefCd=45&kikanCd=5450604200&kikanKbn=5", "url2": null, "内容": "関屋薬局【5:薬局】宮崎県児湯郡新富町富田１丁目２６ー１" }, "geometry": { "type": "Point", "coordinates": [ 131.491378, 32.068035 ] } },
{ "type": "Feature", "properties": { "ID": 4555450604750, "正式名称": "おすず調剤薬局", "機関区分": 5, "都道府県コード": 45, "市区町村コード": 401, "所在地": "宮崎県児湯郡高鍋町大字北高鍋７８４番４", "緯度": 32.131102, "経度": 131.509367, "url": "https://www.iryou.teikyouseido.mhlw.go.jp/znk-web/juminkanja/S2430/initialize?prefCd=45&kikanCd=5450604750&kikanKbn=5", "url2": "http://www.himuka-medical.com/store/index.html", "内容": "おすず調剤薬局【5:薬局】宮崎県児湯郡高鍋町大字北高鍋７８４番４" }, "geometry": { "type": "Point", "coordinates": [ 131.509367, 32.131102 ] } },
{ "type": "Feature", "properties": { "ID": 4555450604880, "正式名称": "メディカル薬局　新富店", "機関区分": 5, "都道府県コード": 45, "市区町村コード": 402, "所在地": "宮崎県児湯郡新富町上富田字八反田下３３３７番１", "緯度": 32.062119, "経度": 131.484504, "url": "https://www.iryou.teikyouseido.mhlw.go.jp/znk-web/juminkanja/S2430/initialize?prefCd=45&kikanCd=5450604880&kikanKbn=5", "url2": "https://medicalcare-gr.com/", "内容": "メディカル薬局　新富店【5:薬局】宮崎県児湯郡新富町上富田字八反田下３３３７番１" }, "geometry": { "type": "Point", "coordinates": [ 131.484504, 32.062119 ] } },
{ "type": "Feature", "properties": { "ID": 4555450604910, "正式名称": "あやめ薬局", "機関区分": 5, "都道府県コード": 45, "市区町村コード": 401, "所在地": "宮崎県児湯郡高鍋町上江堂ヶ瀬２０７番地８", "緯度": 32.146794, "経度": 131.502924, "url": "https://www.iryou.teikyouseido.mhlw.go.jp/znk-web/juminkanja/S2430/initialize?prefCd=45&kikanCd=5450604910&kikanKbn=5", "url2": null, "内容": "あやめ薬局【5:薬局】宮崎県児湯郡高鍋町上江堂ヶ瀬２０７番地８" }, "geometry": { "type": "Point", "coordinates": [ 131.502924, 32.146794 ] } },
{ "type": "Feature", "properties": { "ID": 4555450605050, "正式名称": "やました薬局新富店", "機関区分": 5, "都道府県コード": 45, "市区町村コード": 402, "所在地": "宮崎県児湯郡新富町富田西２丁目２番３", "緯度": 32.0, "経度": 131.0, "url": "https://www.iryou.teikyouseido.mhlw.go.jp/znk-web/juminkanja/S2430/initialize?prefCd=45&kikanCd=5450605050&kikanKbn=5", "url2": null, "内容": "やました薬局新富店【5:薬局】宮崎県児湯郡新富町富田西２丁目２番３" }, "geometry": { "type": "Point", "coordinates": [ 131.0, 32.0 ] } },
{ "type": "Feature", "properties": { "ID": 4555450605210, "正式名称": "富高薬局　Ｇｒａｎｄ　Ｔｓｕｎｏ", "機関区分": 5, "都道府県コード": 45, "市区町村コード": 406, "所在地": "宮崎県児湯郡都農町川北５２０２番地", "緯度": 32.259795, "経度": 131.555087, "url": "https://www.iryou.teikyouseido.mhlw.go.jp/znk-web/juminkanja/S2430/initialize?prefCd=45&kikanCd=5450605210&kikanKbn=5", "url2": "http://www.tomitaka.co.jp/", "内容": "富高薬局　Ｇｒａｎｄ　Ｔｓｕｎｏ【5:薬局】宮崎県児湯郡都農町川北５２０２番地" }, "geometry": { "type": "Point", "coordinates": [ 131.555087, 32.259795 ] } },
{ "type": "Feature", "properties": { "ID": 4555450605500, "正式名称": "しんとみ薬局", "機関区分": 5, "都道府県コード": 45, "市区町村コード": 402, "所在地": "宮崎県児湯郡新富町大字上富田字八反田３３４１番３", "緯度": 32.063516, "経度": 131.481712, "url": "https://www.iryou.teikyouseido.mhlw.go.jp/znk-web/juminkanja/S2430/initialize?prefCd=45&kikanCd=5450605500&kikanKbn=5", "url2": "https://www.kusurinomadoguchi.com/miyazaki/s820030", "内容": "しんとみ薬局【5:薬局】宮崎県児湯郡新富町大字上富田字八反田３３４１番３" }, "geometry": { "type": "Point", "coordinates": [ 131.481712, 32.063516 ] } },
{ "type": "Feature", "properties": { "ID": 4555450605760, "正式名称": "ひまわり薬局高鍋上江店", "機関区分": 5, "都道府県コード": 45, "市区町村コード": 401, "所在地": "宮崎県児湯郡高鍋町上江字西畑田８２８０－３", "緯度": 32.131838, "経度": 131.503355, "url": "https://www.iryou.teikyouseido.mhlw.go.jp/znk-web/juminkanja/S2430/initialize?prefCd=45&kikanCd=5450605760&kikanKbn=5", "url2": "http://www.himuka-medical.com/", "内容": "ひまわり薬局高鍋上江店【5:薬局】宮崎県児湯郡高鍋町上江字西畑田８２８０－３" }, "geometry": { "type": "Point", "coordinates": [ 131.503355, 32.131838 ] } },
{ "type": "Feature", "properties": { "ID": 4555450605890, "正式名称": "セイシェル薬局高鍋中央", "機関区分": 5, "都道府県コード": 45, "市区町村コード": 401, "所在地": "宮崎県児湯郡高鍋町大字上江８１２３ー１", "緯度": 32.131748, "経度": 131.504513, "url": "https://www.iryou.teikyouseido.mhlw.go.jp/znk-web/juminkanja/S2430/initialize?prefCd=45&kikanCd=5450605890&kikanKbn=5", "url2": null, "内容": "セイシェル薬局高鍋中央【5:薬局】宮崎県児湯郡高鍋町大字上江８１２３ー１" }, "geometry": { "type": "Point", "coordinates": [ 131.504513, 32.131748 ] } },
{ "type": "Feature", "properties": { "ID": 4555450605920, "正式名称": "西都　ゆり薬局", "機関区分": 5, "都道府県コード": 45, "市区町村コード": 208, "所在地": "宮崎県西都市大字右松１０８４番地５", "緯度": 32.098449, "経度": 131.409197, "url": "https://www.iryou.teikyouseido.mhlw.go.jp/znk-web/juminkanja/S2430/initialize?prefCd=45&kikanCd=5450605920&kikanKbn=5", "url2": null, "内容": "西都　ゆり薬局【5:薬局】宮崎県西都市大字右松１０８４番地５" }, "geometry": { "type": "Point", "coordinates": [ 131.409197, 32.098449 ] } },
{ "type": "Feature", "properties": { "ID": 4555450606060, "正式名称": "にしめら薬局", "機関区分": 5, "都道府県コード": 45, "市区町村コード": 403, "所在地": "宮崎県児湯郡西米良村村所６５‐１", "緯度": 32.225683, "経度": 131.155205, "url": "https://www.iryou.teikyouseido.mhlw.go.jp/znk-web/juminkanja/S2430/initialize?prefCd=45&kikanCd=5450606060&kikanKbn=5", "url2": null, "内容": "にしめら薬局【5:薬局】宮崎県児湯郡西米良村村所６５‐１" }, "geometry": { "type": "Point", "coordinates": [ 131.155205, 32.225683 ] } },
{ "type": "Feature", "properties": { "ID": 4555450606190, "正式名称": "尾鈴農協薬局", "機関区分": 5, "都道府県コード": 45, "市区町村コード": 405, "所在地": "宮崎県児湯郡川南町大字川南１３５９３ー１", "緯度": 32.196882, "経度": 131.527053, "url": "https://www.iryou.teikyouseido.mhlw.go.jp/znk-web/juminkanja/S2430/initialize?prefCd=45&kikanCd=5450606190&kikanKbn=5", "url2": null, "内容": "尾鈴農協薬局【5:薬局】宮崎県児湯郡川南町大字川南１３５９３ー１" }, "geometry": { "type": "Point", "coordinates": [ 131.527053, 32.196882 ] } },
{ "type": "Feature", "properties": { "ID": 4555450606220, "正式名称": "みどり薬局", "機関区分": 5, "都道府県コード": 45, "市区町村コード": 401, "所在地": "宮崎県児湯郡高鍋町大字北高鍋１２５８番地２", "緯度": 32.126882, "経度": 131.512318, "url": "https://www.iryou.teikyouseido.mhlw.go.jp/znk-web/juminkanja/S2430/initialize?prefCd=45&kikanCd=5450606220&kikanKbn=5", "url2": null, "内容": "みどり薬局【5:薬局】宮崎県児湯郡高鍋町大字北高鍋１２５８番地２" }, "geometry": { "type": "Point", "coordinates": [ 131.512318, 32.126882 ] } },
{ "type": "Feature", "properties": { "ID": 4555450606350, "正式名称": "白雲堂薬局", "機関区分": 5, "都道府県コード": 45, "市区町村コード": 401, "所在地": "宮崎県児湯郡高鍋町上江８０９３", "緯度": 32.132314, "経度": 131.505325, "url": "https://www.iryou.teikyouseido.mhlw.go.jp/znk-web/juminkanja/S2430/initialize?prefCd=45&kikanCd=5450606350&kikanKbn=5", "url2": "https://hikaripharma.com/pharmacy/hakuundo", "内容": "白雲堂薬局【5:薬局】宮崎県児湯郡高鍋町上江８０９３" }, "geometry": { "type": "Point", "coordinates": [ 131.505325, 32.132314 ] } },
{ "type": "Feature", "properties": { "ID": 4555450700160, "正式名称": "すずらん調剤薬局", "機関区分": 5, "都道府県コード": 45, "市区町村コード": 441, "所在地": "宮崎県西臼杵郡高千穂町三田井５０９ー３", "緯度": 32.716176, "経度": 131.315236, "url": "https://www.iryou.teikyouseido.mhlw.go.jp/znk-web/juminkanja/S2430/initialize?prefCd=45&kikanCd=5450700160&kikanKbn=5", "url2": "http://mk-pharmacy.net/", "内容": "すずらん調剤薬局【5:薬局】宮崎県西臼杵郡高千穂町三田井５０９ー３" }, "geometry": { "type": "Point", "coordinates": [ 131.315236, 32.716176 ] } },
{ "type": "Feature", "properties": { "ID": 4555450700610, "正式名称": "五ヶ瀬調剤薬局", "機関区分": 5, "都道府県コード": 45, "市区町村コード": 443, "所在地": "宮崎県西臼杵郡五ヶ瀬町三ヶ所２１１９－８", "緯度": 32.68399, "経度": 131.197916, "url": "https://www.iryou.teikyouseido.mhlw.go.jp/znk-web/juminkanja/S2430/initialize?prefCd=45&kikanCd=5450700610&kikanKbn=5", "url2": null, "内容": "五ヶ瀬調剤薬局【5:薬局】宮崎県西臼杵郡五ヶ瀬町三ヶ所２１１９－８" }, "geometry": { "type": "Point", "coordinates": [ 131.197916, 32.68399 ] } },
{ "type": "Feature", "properties": { "ID": 4555450700740, "正式名称": "たかちほ薬局", "機関区分": 5, "都道府県コード": 45, "市区町村コード": 441, "所在地": "宮崎県西臼杵郡高千穂町三田井４３７－１", "緯度": 32.715993, "経度": 131.314741, "url": "https://www.iryou.teikyouseido.mhlw.go.jp/znk-web/juminkanja/S2430/initialize?prefCd=45&kikanCd=5450700740&kikanKbn=5", "url2": null, "内容": "たかちほ薬局【5:薬局】宮崎県西臼杵郡高千穂町三田井４３７－１" }, "geometry": { "type": "Point", "coordinates": [ 131.314741, 32.715993 ] } },
{ "type": "Feature", "properties": { "ID": 4555450900120, "正式名称": "ひまわり薬局曽根町店", "機関区分": 5, "都道府県コード": 45, "市区町村コード": 206, "所在地": "宮崎県日向市曽根町３丁目２５番", "緯度": 32.424198, "経度": 131.649494, "url": "https://www.iryou.teikyouseido.mhlw.go.jp/znk-web/juminkanja/S2430/initialize?prefCd=45&kikanCd=5450900120&kikanKbn=5", "url2": "http://www.himuka-medical.com", "内容": "ひまわり薬局曽根町店【5:薬局】宮崎県日向市曽根町３丁目２５番" }, "geometry": { "type": "Point", "coordinates": [ 131.649494, 32.424198 ] } },
{ "type": "Feature", "properties": { "ID": 4555450900250, "正式名称": "イオン薬局　日向店", "機関区分": 5, "都道府県コード": 45, "市区町村コード": 206, "所在地": "宮崎県日向市大字日知屋字古田町６１ー１　イオンＳＣ内", "緯度": 32.424475, "経度": 131.650972, "url": "https://www.iryou.teikyouseido.mhlw.go.jp/znk-web/juminkanja/S2430/initialize?prefCd=45&kikanCd=5450900250&kikanKbn=5", "url2": null, "内容": "イオン薬局　日向店【5:薬局】宮崎県日向市大字日知屋字古田町６１ー１　イオンＳＣ内" }, "geometry": { "type": "Point", "coordinates": [ 131.650972, 32.424475 ] } },
{ "type": "Feature", "properties": { "ID": 4555450900960, "正式名称": "富高薬局Ａ", "機関区分": 5, "都道府県コード": 45, "市区町村コード": 206, "所在地": "宮崎県日向市原町４丁目９番６号", "緯度": 32.423179, "経度": 131.634964, "url": "https://www.iryou.teikyouseido.mhlw.go.jp/znk-web/juminkanja/S2430/initialize?prefCd=45&kikanCd=5450900960&kikanKbn=5", "url2": "http://tomitaka.co.jp", "内容": "富高薬局Ａ【5:薬局】宮崎県日向市原町４丁目９番６号" }, "geometry": { "type": "Point", "coordinates": [ 131.634964, 32.423179 ] } },
{ "type": "Feature", "properties": { "ID": 4555450901000, "正式名称": "さくら薬局", "機関区分": 5, "都道府県コード": 45, "市区町村コード": 206, "所在地": "宮崎県日向市原町１丁目２番７号", "緯度": 32.424558, "経度": 131.629429, "url": "https://www.iryou.teikyouseido.mhlw.go.jp/znk-web/juminkanja/S2430/initialize?prefCd=45&kikanCd=5450901000&kikanKbn=5", "url2": null, "内容": "さくら薬局【5:薬局】宮崎県日向市原町１丁目２番７号" }, "geometry": { "type": "Point", "coordinates": [ 131.629429, 32.424558 ] } },
{ "type": "Feature", "properties": { "ID": 4555450901130, "正式名称": "まいづる薬局日向", "機関区分": 5, "都道府県コード": 45, "市区町村コード": 206, "所在地": "宮崎県日向市原町４丁目５８番６", "緯度": 32.421864, "経度": 131.634039, "url": "https://www.iryou.teikyouseido.mhlw.go.jp/znk-web/juminkanja/S2430/initialize?prefCd=45&kikanCd=5450901130&kikanKbn=5", "url2": "http://www.himuka-medical.com/index.html", "内容": "まいづる薬局日向【5:薬局】宮崎県日向市原町４丁目５８番６" }, "geometry": { "type": "Point", "coordinates": [ 131.634039, 32.421864 ] } },
{ "type": "Feature", "properties": { "ID": 4555450901260, "正式名称": "財光寺薬局", "機関区分": 5, "都道府県コード": 45, "市区町村コード": 206, "所在地": "宮崎県日向市財光寺３４４３ー８", "緯度": 32.40023, "経度": 131.624799, "url": "https://www.iryou.teikyouseido.mhlw.go.jp/znk-web/juminkanja/S2430/initialize?prefCd=45&kikanCd=5450901260&kikanKbn=5", "url2": null, "内容": "財光寺薬局【5:薬局】宮崎県日向市財光寺３４４３ー８" }, "geometry": { "type": "Point", "coordinates": [ 131.624799, 32.40023 ] } },
{ "type": "Feature", "properties": { "ID": 4555450901390, "正式名称": "有限会社やました薬局", "機関区分": 5, "都道府県コード": 45, "市区町村コード": 206, "所在地": "宮崎県日向市大字財光寺６２６番地２", "緯度": 32.413081, "経度": 131.627351, "url": "https://www.iryou.teikyouseido.mhlw.go.jp/znk-web/juminkanja/S2430/initialize?prefCd=45&kikanCd=5450901390&kikanKbn=5", "url2": "http://yamashita-ph.main.jp/", "内容": "有限会社やました薬局【5:薬局】宮崎県日向市大字財光寺６２６番地２" }, "geometry": { "type": "Point", "coordinates": [ 131.627351, 32.413081 ] } },
{ "type": "Feature", "properties": { "ID": 4555450901710, "正式名称": "しおみ薬局", "機関区分": 5, "都道府県コード": 45, "市区町村コード": 206, "所在地": "宮崎県日向市大字塩見１４１６４ー１０", "緯度": 32.40867, "経度": 131.605142, "url": "https://www.iryou.teikyouseido.mhlw.go.jp/znk-web/juminkanja/S2430/initialize?prefCd=45&kikanCd=5450901710&kikanKbn=5", "url2": "https://soreil.site", "内容": "しおみ薬局【5:薬局】宮崎県日向市大字塩見１４１６４ー１０" }, "geometry": { "type": "Point", "coordinates": [ 131.605142, 32.40867 ] } },
{ "type": "Feature", "properties": { "ID": 4555450901840, "正式名称": "たまご薬局", "機関区分": 5, "都道府県コード": 45, "市区町村コード": 206, "所在地": "宮崎県日向市大字塩見１１６４５ー４", "緯度": 32.411206, "経度": 131.600609, "url": "https://www.iryou.teikyouseido.mhlw.go.jp/znk-web/juminkanja/S2430/initialize?prefCd=45&kikanCd=5450901840&kikanKbn=5", "url2": "https://www.fujidrug.jp/store", "内容": "たまご薬局【5:薬局】宮崎県日向市大字塩見１１６４５ー４" }, "geometry": { "type": "Point", "coordinates": [ 131.600609, 32.411206 ] } },
{ "type": "Feature", "properties": { "ID": 4555450902140, "正式名称": "メディカル薬局", "機関区分": 5, "都道府県コード": 45, "市区町村コード": 206, "所在地": "宮崎県日向市北町１丁目２番地", "緯度": 32.427849, "経度": 131.627104, "url": "https://www.iryou.teikyouseido.mhlw.go.jp/znk-web/juminkanja/S2430/initialize?prefCd=45&kikanCd=5450902140&kikanKbn=5", "url2": "https://medicalcare-gr.com/free/hyuga", "内容": "メディカル薬局【5:薬局】宮崎県日向市北町１丁目２番地" }, "geometry": { "type": "Point", "coordinates": [ 131.627104, 32.427849 ] } },
{ "type": "Feature", "properties": { "ID": 4555450902690, "正式名称": "株式会社フレンド薬局", "機関区分": 5, "都道府県コード": 45, "市区町村コード": 206, "所在地": "宮崎県日向市中町５番地２", "緯度": 32.420083, "経度": 131.626115, "url": "https://www.iryou.teikyouseido.mhlw.go.jp/znk-web/juminkanja/S2430/initialize?prefCd=45&kikanCd=5450902690&kikanKbn=5", "url2": null, "内容": "株式会社フレンド薬局【5:薬局】宮崎県日向市中町５番地２" }, "geometry": { "type": "Point", "coordinates": [ 131.626115, 32.420083 ] } },
{ "type": "Feature", "properties": { "ID": 4555450902720, "正式名称": "向江町薬局", "機関区分": 5, "都道府県コード": 45, "市区町村コード": 206, "所在地": "宮崎県日向市向江町１丁目１９６ー５", "緯度": 32.42921, "経度": 131.629259, "url": "https://www.iryou.teikyouseido.mhlw.go.jp/znk-web/juminkanja/S2430/initialize?prefCd=45&kikanCd=5450902720&kikanKbn=5", "url2": null, "内容": "向江町薬局【5:薬局】宮崎県日向市向江町１丁目１９６ー５" }, "geometry": { "type": "Point", "coordinates": [ 131.629259, 32.42921 ] } },
{ "type": "Feature", "properties": { "ID": 4555450902850, "正式名称": "富高薬局　原町支店", "機関区分": 5, "都道府県コード": 45, "市区町村コード": 206, "所在地": "宮崎県日向市原町１丁目２番５号", "緯度": 32.424692, "経度": 131.629643, "url": "https://www.iryou.teikyouseido.mhlw.go.jp/znk-web/juminkanja/S2430/initialize?prefCd=45&kikanCd=5450902850&kikanKbn=5", "url2": "http://www.tomitaka.co.jp", "内容": "富高薬局　原町支店【5:薬局】宮崎県日向市原町１丁目２番５号" }, "geometry": { "type": "Point", "coordinates": [ 131.629643, 32.424692 ] } },
{ "type": "Feature", "properties": { "ID": 4555450903280, "正式名称": "そうごう薬局　亀崎店", "機関区分": 5, "都道府県コード": 45, "市区町村コード": 206, "所在地": "宮崎県日向市亀崎１丁目１４番地", "緯度": 32.430655, "経度": 131.628953, "url": "https://www.iryou.teikyouseido.mhlw.go.jp/znk-web/juminkanja/S2430/initialize?prefCd=45&kikanCd=5450903280&kikanKbn=5", "url2": "http://www.sogo-medical.co.jp", "内容": "そうごう薬局　亀崎店【5:薬局】宮崎県日向市亀崎１丁目１４番地" }, "geometry": { "type": "Point", "coordinates": [ 131.628953, 32.430655 ] } },
{ "type": "Feature", "properties": { "ID": 4555450903440, "正式名称": "有限会社　丘の上薬局", "機関区分": 5, "都道府県コード": 45, "市区町村コード": 206, "所在地": "宮崎県日向市亀崎西２丁目１３７番地", "緯度": 32.436946, "経度": 131.629234, "url": "https://www.iryou.teikyouseido.mhlw.go.jp/znk-web/juminkanja/S2430/initialize?prefCd=45&kikanCd=5450903440&kikanKbn=5", "url2": null, "内容": "有限会社　丘の上薬局【5:薬局】宮崎県日向市亀崎西２丁目１３７番地" }, "geometry": { "type": "Point", "coordinates": [ 131.629234, 32.436946 ] } },
{ "type": "Feature", "properties": { "ID": 4555450903570, "正式名称": "大王谷薬局", "機関区分": 5, "都道府県コード": 45, "市区町村コード": 206, "所在地": "宮崎県日向市亀崎西１丁目２６", "緯度": 32.439234, "経度": 131.62882, "url": "https://www.iryou.teikyouseido.mhlw.go.jp/znk-web/juminkanja/S2430/initialize?prefCd=45&kikanCd=5450903570&kikanKbn=5", "url2": null, "内容": "大王谷薬局【5:薬局】宮崎県日向市亀崎西１丁目２６" }, "geometry": { "type": "Point", "coordinates": [ 131.62882, 32.439234 ] } },
{ "type": "Feature", "properties": { "ID": 4555450903730, "正式名称": "ハラダ調剤薬局　東郷店", "機関区分": 5, "都道府県コード": 45, "市区町村コード": 206, "所在地": "宮崎県日向市東郷町山陰辛２４１ー９", "緯度": 32.391525, "経度": 131.514037, "url": "https://www.iryou.teikyouseido.mhlw.go.jp/znk-web/juminkanja/S2430/initialize?prefCd=45&kikanCd=5450903730&kikanKbn=5", "url2": "http://www.haradagr-dp.co.jp", "内容": "ハラダ調剤薬局　東郷店【5:薬局】宮崎県日向市東郷町山陰辛２４１ー９" }, "geometry": { "type": "Point", "coordinates": [ 131.514037, 32.391525 ] } },
{ "type": "Feature", "properties": { "ID": 4555450903990, "正式名称": "富高薬局　西郷支店", "機関区分": 5, "都道府県コード": 45, "市区町村コード": 431, "所在地": "宮崎県東臼杵郡美郷町西郷田代５４番地", "緯度": 32.439787, "経度": 131.422535, "url": "https://www.iryou.teikyouseido.mhlw.go.jp/znk-web/juminkanja/S2430/initialize?prefCd=45&kikanCd=5450903990&kikanKbn=5", "url2": null, "内容": "富高薬局　西郷支店【5:薬局】宮崎県東臼杵郡美郷町西郷田代５４番地" }, "geometry": { "type": "Point", "coordinates": [ 131.422535, 32.439787 ] } },
{ "type": "Feature", "properties": { "ID": 4555450904030, "正式名称": "あおば薬局", "機関区分": 5, "都道府県コード": 45, "市区町村コード": 429, "所在地": "宮崎県東臼杵郡諸塚村大字家代３０６５ー４", "緯度": 32.517164, "経度": 131.336061, "url": "https://www.iryou.teikyouseido.mhlw.go.jp/znk-web/juminkanja/S2430/initialize?prefCd=45&kikanCd=5450904030&kikanKbn=5", "url2": null, "内容": "あおば薬局【5:薬局】宮崎県東臼杵郡諸塚村大字家代３０６５ー４" }, "geometry": { "type": "Point", "coordinates": [ 131.336061, 32.517164 ] } },
{ "type": "Feature", "properties": { "ID": 4555450904160, "正式名称": "きむら薬局", "機関区分": 5, "都道府県コード": 45, "市区町村コード": 421, "所在地": "宮崎県東臼杵郡門川町須賀崎１ー４１", "緯度": 32.487507, "経度": 131.66748, "url": "https://www.iryou.teikyouseido.mhlw.go.jp/znk-web/juminkanja/S2430/initialize?prefCd=45&kikanCd=5450904160&kikanKbn=5", "url2": null, "内容": "きむら薬局【5:薬局】宮崎県東臼杵郡門川町須賀崎１ー４１" }, "geometry": { "type": "Point", "coordinates": [ 131.66748, 32.487507 ] } },
{ "type": "Feature", "properties": { "ID": 4555450904290, "正式名称": "有限会社東美薬局", "機関区分": 5, "都道府県コード": 45, "市区町村コード": 421, "所在地": "宮崎県東臼杵郡門川町大字門川尾末８６００ー３８", "緯度": 32.473176, "経度": 131.65305, "url": "https://www.iryou.teikyouseido.mhlw.go.jp/znk-web/juminkanja/S2430/initialize?prefCd=45&kikanCd=5450904290&kikanKbn=5", "url2": null, "内容": "有限会社東美薬局【5:薬局】宮崎県東臼杵郡門川町大字門川尾末８６００ー３８" }, "geometry": { "type": "Point", "coordinates": [ 131.65305, 32.473176 ] } },
{ "type": "Feature", "properties": { "ID": 4555450904450, "正式名称": "そうごう薬局　日向店", "機関区分": 5, "都道府県コード": 45, "市区町村コード": 421, "所在地": "宮崎県東臼杵郡門川町南町４丁目１４７番地", "緯度": 32.457463, "経度": 131.647498, "url": "https://www.iryou.teikyouseido.mhlw.go.jp/znk-web/juminkanja/S2430/initialize?prefCd=45&kikanCd=5450904450&kikanKbn=5", "url2": "http://www.sogo-medical.co.jp/sogopharmacy/", "内容": "そうごう薬局　日向店【5:薬局】宮崎県東臼杵郡門川町南町４丁目１４７番地" }, "geometry": { "type": "Point", "coordinates": [ 131.647498, 32.457463 ] } },
{ "type": "Feature", "properties": { "ID": 4555450904610, "正式名称": "日向市・東臼杵郡薬剤師会　会営薬局", "機関区分": 5, "都道府県コード": 45, "市区町村コード": 421, "所在地": "宮崎県東臼杵郡門川町南町", "緯度": 32.457427, "経度": 131.647687, "url": "https://www.iryou.teikyouseido.mhlw.go.jp/znk-web/juminkanja/S2430/initialize?prefCd=45&kikanCd=5450904610&kikanKbn=5", "url2": null, "内容": "日向市・東臼杵郡薬剤師会　会営薬局【5:薬局】宮崎県東臼杵郡門川町南町" }, "geometry": { "type": "Point", "coordinates": [ 131.647687, 32.457427 ] } },
{ "type": "Feature", "properties": { "ID": 4555450905040, "正式名称": "フラワー薬局　みみつ", "機関区分": 5, "都道府県コード": 45, "市区町村コード": 206, "所在地": "宮崎県日向市美々津町３８７２番地５", "緯度": 32.330964, "経度": 131.604528, "url": "https://www.iryou.teikyouseido.mhlw.go.jp/znk-web/juminkanja/S2430/initialize?prefCd=45&kikanCd=5450905040&kikanKbn=5", "url2": "http://fuji-pharmacy.jp/", "内容": "フラワー薬局　みみつ【5:薬局】宮崎県日向市美々津町３８７２番地５" }, "geometry": { "type": "Point", "coordinates": [ 131.604528, 32.330964 ] } },
{ "type": "Feature", "properties": { "ID": 4555450905170, "正式名称": "富高薬局　Ｇｒａｎｄ　Ｓｏｎｅ", "機関区分": 5, "都道府県コード": 45, "市区町村コード": 206, "所在地": "宮崎県日向市曽根町３－２３", "緯度": 32.42422, "経度": 131.649449, "url": "https://www.iryou.teikyouseido.mhlw.go.jp/znk-web/juminkanja/S2430/initialize?prefCd=45&kikanCd=5450905170&kikanKbn=5", "url2": "http://www.tomitaka.co.jp", "内容": "富高薬局　Ｇｒａｎｄ　Ｓｏｎｅ【5:薬局】宮崎県日向市曽根町３－２３" }, "geometry": { "type": "Point", "coordinates": [ 131.649449, 32.42422 ] } },
{ "type": "Feature", "properties": { "ID": 4555450905200, "正式名称": "富高薬局　財光寺支店", "機関区分": 5, "都道府県コード": 45, "市区町村コード": 206, "所在地": "宮崎県日向市財光寺山下１６２番地５", "緯度": 32.415434, "経度": 131.629262, "url": "https://www.iryou.teikyouseido.mhlw.go.jp/znk-web/juminkanja/S2430/initialize?prefCd=45&kikanCd=5450905200&kikanKbn=5", "url2": "http://www.tomitaka.co.jp/", "内容": "富高薬局　財光寺支店【5:薬局】宮崎県日向市財光寺山下１６２番地５" }, "geometry": { "type": "Point", "coordinates": [ 131.629262, 32.415434 ] } },
{ "type": "Feature", "properties": { "ID": 4555450905590, "正式名称": "いろは薬局", "機関区分": 5, "都道府県コード": 45, "市区町村コード": 206, "所在地": "宮崎県日向市亀崎西２丁目１５５番地２", "緯度": 32.437565, "経度": 131.629847, "url": "https://www.iryou.teikyouseido.mhlw.go.jp/znk-web/juminkanja/S2430/initialize?prefCd=45&kikanCd=5450905590&kikanKbn=5", "url2": null, "内容": "いろは薬局【5:薬局】宮崎県日向市亀崎西２丁目１５５番地２" }, "geometry": { "type": "Point", "coordinates": [ 131.629847, 32.437565 ] } },
{ "type": "Feature", "properties": { "ID": 4555450905620, "正式名称": "ほのか薬局", "機関区分": 5, "都道府県コード": 45, "市区町村コード": 206, "所在地": "宮崎県日向市大字富高字春原７４５４番地６", "緯度": 32.423415, "経度": 131.622959, "url": "https://www.iryou.teikyouseido.mhlw.go.jp/znk-web/juminkanja/S2430/initialize?prefCd=45&kikanCd=5450905620&kikanKbn=5", "url2": null, "内容": "ほのか薬局【5:薬局】宮崎県日向市大字富高字春原７４５４番地６" }, "geometry": { "type": "Point", "coordinates": [ 131.622959, 32.423415 ] } },
{ "type": "Feature", "properties": { "ID": 4555450905880, "正式名称": "企業組合　富高薬局　本町本店", "機関区分": 5, "都道府県コード": 45, "市区町村コード": 206, "所在地": "宮崎県日向市本町　１４番１号", "緯度": 32.423661, "経度": 131.626281, "url": "https://www.iryou.teikyouseido.mhlw.go.jp/znk-web/juminkanja/S2430/initialize?prefCd=45&kikanCd=5450905880&kikanKbn=5", "url2": "http://tomitaka.co.jp", "内容": "企業組合　富高薬局　本町本店【5:薬局】宮崎県日向市本町　１４番１号" }, "geometry": { "type": "Point", "coordinates": [ 131.626281, 32.423661 ] } },
{ "type": "Feature", "properties": { "ID": 4555450905910, "正式名称": "富高薬局　お倉ヶ浜店", "機関区分": 5, "都道府県コード": 45, "市区町村コード": 206, "所在地": "宮崎県日向市大字財光寺字池１７３７ー１ー２", "緯度": 32.40786, "経度": 131.623479, "url": "https://www.iryou.teikyouseido.mhlw.go.jp/znk-web/juminkanja/S2430/initialize?prefCd=45&kikanCd=5450905910&kikanKbn=5", "url2": "http://www.tomitaka.co.jp/", "内容": "富高薬局　お倉ヶ浜店【5:薬局】宮崎県日向市大字財光寺字池１７３７ー１ー２" }, "geometry": { "type": "Point", "coordinates": [ 131.623479, 32.40786 ] } },
{ "type": "Feature", "properties": { "ID": 4555450906050, "正式名称": "きらり薬局", "機関区分": 5, "都道府県コード": 45, "市区町村コード": 206, "所在地": "宮崎県日向市財光寺３４４３－１２", "緯度": 32.40043, "経度": 131.624613, "url": "https://www.iryou.teikyouseido.mhlw.go.jp/znk-web/juminkanja/S2430/initialize?prefCd=45&kikanCd=5450906050&kikanKbn=5", "url2": "http://okanoue.main.jp", "内容": "きらり薬局【5:薬局】宮崎県日向市財光寺３４４３－１２" }, "geometry": { "type": "Point", "coordinates": [ 131.624613, 32.40043 ] } },
{ "type": "Feature", "properties": { "ID": 4555450906180, "正式名称": "マリーンフェニックス薬局", "機関区分": 5, "都道府県コード": 45, "市区町村コード": 206, "所在地": "宮崎県日向市日知屋７６２４ー１４", "緯度": 32.442915, "経度": 131.638251, "url": "https://www.iryou.teikyouseido.mhlw.go.jp/znk-web/juminkanja/S2430/initialize?prefCd=45&kikanCd=5450906180&kikanKbn=5", "url2": "https://www.marinegroup.jp/store", "内容": "マリーンフェニックス薬局【5:薬局】宮崎県日向市日知屋７６２４ー１４" }, "geometry": { "type": "Point", "coordinates": [ 131.638251, 32.442915 ] } },
{ "type": "Feature", "properties": { "ID": 4555450906340, "正式名称": "つばき薬局", "機関区分": 5, "都道府県コード": 45, "市区町村コード": 206, "所在地": "宮崎県日向市鶴町１番地コルセ・カレ日向１０２", "緯度": 32.425368, "経度": 131.628489, "url": "https://www.iryou.teikyouseido.mhlw.go.jp/znk-web/juminkanja/S2430/initialize?prefCd=45&kikanCd=5450906340&kikanKbn=5", "url2": null, "内容": "つばき薬局【5:薬局】宮崎県日向市鶴町１番地コルセ・カレ日向１０２" }, "geometry": { "type": "Point", "coordinates": [ 131.628489, 32.425368 ] } },
{ "type": "Feature", "properties": { "ID": 4555450906500, "正式名称": "そね薬局", "機関区分": 5, "都道府県コード": 45, "市区町村コード": 206, "所在地": "宮崎県日向市曽根町１丁目１５７番地", "緯度": 32.420789, "経度": 131.644331, "url": "https://www.iryou.teikyouseido.mhlw.go.jp/znk-web/juminkanja/S2430/initialize?prefCd=45&kikanCd=5450906500&kikanKbn=5", "url2": "sone-ph.jp", "内容": "そね薬局【5:薬局】宮崎県日向市曽根町１丁目１５７番地" }, "geometry": { "type": "Point", "coordinates": [ 131.644331, 32.420789 ] } },
{ "type": "Feature", "properties": { "ID": 4555450906630, "正式名称": "トロン薬局日向", "機関区分": 5, "都道府県コード": 45, "市区町村コード": 206, "所在地": "宮崎県日向市財光寺字松立１４４５番地８", "緯度": 32.404603, "経度": 131.634235, "url": "https://www.iryou.teikyouseido.mhlw.go.jp/znk-web/juminkanja/S2430/initialize?prefCd=45&kikanCd=5450906630&kikanKbn=5", "url2": "https://tron-grp.jp/medical/", "内容": "トロン薬局日向【5:薬局】宮崎県日向市財光寺字松立１４４５番地８" }, "geometry": { "type": "Point", "coordinates": [ 131.634235, 32.404603 ] } },
{ "type": "Feature", "properties": { "ID": 4555450906890, "正式名称": "クロキ薬局門川店", "機関区分": 5, "都道府県コード": 45, "市区町村コード": 421, "所在地": "宮崎県東臼杵郡門川町東栄町", "緯度": 32.481022, "経度": 131.653976, "url": "https://www.iryou.teikyouseido.mhlw.go.jp/znk-web/juminkanja/S2430/initialize?prefCd=45&kikanCd=5450906890&kikanKbn=5", "url2": "https://www.kuroki-kadogawa.com", "内容": "クロキ薬局門川店【5:薬局】宮崎県東臼杵郡門川町東栄町" }, "geometry": { "type": "Point", "coordinates": [ 131.653976, 32.481022 ] } },
{ "type": "Feature", "properties": { "ID": 4555450906920, "正式名称": "ひむか薬局鶴町店", "機関区分": 5, "都道府県コード": 45, "市区町村コード": 206, "所在地": "宮崎県日向市鶴町１丁目６番１４号", "緯度": 32.425951, "経度": 131.629364, "url": "https://www.iryou.teikyouseido.mhlw.go.jp/znk-web/juminkanja/S2430/initialize?prefCd=45&kikanCd=5450906920&kikanKbn=5", "url2": "http://www.himuka-medical.com/", "内容": "ひむか薬局鶴町店【5:薬局】宮崎県日向市鶴町１丁目６番１４号" }, "geometry": { "type": "Point", "coordinates": [ 131.629364, 32.425951 ] } },
{ "type": "Feature", "properties": { "ID": 4555450907060, "正式名称": "ハラダ調剤薬局　春原店", "機関区分": 5, "都道府県コード": 45, "市区町村コード": 206, "所在地": "宮崎県日向市春原町１丁目３９番地１", "緯度": 32.423873, "経度": 131.622719, "url": "https://www.iryou.teikyouseido.mhlw.go.jp/znk-web/juminkanja/S2430/initialize?prefCd=45&kikanCd=5450907060&kikanKbn=5", "url2": "https://haradagr-dp.co.jp/", "内容": "ハラダ調剤薬局　春原店【5:薬局】宮崎県日向市春原町１丁目３９番地１" }, "geometry": { "type": "Point", "coordinates": [ 131.622719, 32.423873 ] } },
{ "type": "Feature", "properties": { "ID": 4555450907190, "正式名称": "みかど薬局", "機関区分": 5, "都道府県コード": 45, "市区町村コード": 431, "所在地": "宮崎県東臼杵郡美郷町南郷神門字長堀１０８２－１", "緯度": 32.387011, "経度": 131.328637, "url": "https://www.iryou.teikyouseido.mhlw.go.jp/znk-web/juminkanja/S2430/initialize?prefCd=45&kikanCd=5450907190&kikanKbn=5", "url2": null, "内容": "みかど薬局【5:薬局】宮崎県東臼杵郡美郷町南郷神門字長堀１０８２－１" }, "geometry": { "type": "Point", "coordinates": [ 131.328637, 32.387011 ] } },
{ "type": "Feature", "properties": { "ID": 4555450907220, "正式名称": "なでしこ薬局", "機関区分": 5, "都道府県コード": 45, "市区町村コード": 206, "所在地": "宮崎県日向市北町１丁目８７番地", "緯度": 32.430857, "経度": 131.625784, "url": "https://www.iryou.teikyouseido.mhlw.go.jp/znk-web/juminkanja/S2430/initialize?prefCd=45&kikanCd=5450907220&kikanKbn=5", "url2": "https://welth8.wordpress.com", "内容": "なでしこ薬局【5:薬局】宮崎県日向市北町１丁目８７番地" }, "geometry": { "type": "Point", "coordinates": [ 131.625784, 32.430857 ] } },
{ "type": "Feature", "properties": { "ID": 4555450907350, "正式名称": "とうごう薬局", "機関区分": 5, "都道府県コード": 45, "市区町村コード": 206, "所在地": "宮崎県日向市東郷町山陰丙１４５２－１", "緯度": 32.392961, "経度": 131.532219, "url": "https://www.iryou.teikyouseido.mhlw.go.jp/znk-web/juminkanja/S2430/initialize?prefCd=45&kikanCd=5450907350&kikanKbn=5", "url2": null, "内容": "とうごう薬局【5:薬局】宮崎県日向市東郷町山陰丙１４５２－１" }, "geometry": { "type": "Point", "coordinates": [ 131.532219, 32.392961 ] } },
{ "type": "Feature", "properties": { "ID": 4555450907480, "正式名称": "日向北町薬局", "機関区分": 5, "都道府県コード": 45, "市区町村コード": 206, "所在地": "宮崎県日向市北町１丁目４９番地２", "緯度": 32.429454, "経度": 131.627564, "url": "https://www.iryou.teikyouseido.mhlw.go.jp/znk-web/juminkanja/S2430/initialize?prefCd=45&kikanCd=5450907480&kikanKbn=5", "url2": null, "内容": "日向北町薬局【5:薬局】宮崎県日向市北町１丁目４９番地２" }, "geometry": { "type": "Point", "coordinates": [ 131.627564, 32.429454 ] } },
{ "type": "Feature", "properties": { "ID": 4555453100240, "正式名称": "ふるさと薬局　佐土原店", "機関区分": 5, "都道府県コード": 45, "市区町村コード": 201, "所在地": "宮崎県宮崎市佐土原町下田島", "緯度": 32.024804, "経度": 131.46761, "url": "https://www.iryou.teikyouseido.mhlw.go.jp/znk-web/juminkanja/S2430/initialize?prefCd=45&kikanCd=5453100240&kikanKbn=5", "url2": null, "内容": "ふるさと薬局　佐土原店【5:薬局】宮崎県宮崎市佐土原町下田島" }, "geometry": { "type": "Point", "coordinates": [ 131.46761, 32.024804 ] } },
{ "type": "Feature", "properties": { "ID": 4555453100400, "正式名称": "ひむか調剤薬局宮崎駅前店", "機関区分": 5, "都道府県コード": 45, "市区町村コード": 201, "所在地": "宮崎県宮崎市高千穂通２丁目８番２１号", "緯度": 31.917076, "経度": 131.429889, "url": "https://www.iryou.teikyouseido.mhlw.go.jp/znk-web/juminkanja/S2430/initialize?prefCd=45&kikanCd=5453100400&kikanKbn=5", "url2": "http://www.himuka-medical.com/", "内容": "ひむか調剤薬局宮崎駅前店【5:薬局】宮崎県宮崎市高千穂通２丁目８番２１号" }, "geometry": { "type": "Point", "coordinates": [ 131.429889, 31.917076 ] } },
{ "type": "Feature", "properties": { "ID": 4555453100660, "正式名称": "そうごう薬局　恒久店", "機関区分": 5, "都道府県コード": 45, "市区町村コード": 201, "所在地": "宮崎県宮崎市恒久５６５５－１", "緯度": 31.889476, "経度": 131.405471, "url": "https://www.iryou.teikyouseido.mhlw.go.jp/znk-web/juminkanja/S2430/initialize?prefCd=45&kikanCd=5453100660&kikanKbn=5", "url2": null, "内容": "そうごう薬局　恒久店【5:薬局】宮崎県宮崎市恒久５６５５－１" }, "geometry": { "type": "Point", "coordinates": [ 131.405471, 31.889476 ] } },
{ "type": "Feature", "properties": { "ID": 4555453101120, "正式名称": "ひまわり調剤薬局県病院前千草店", "機関区分": 5, "都道府県コード": 45, "市区町村コード": 201, "所在地": "宮崎県宮崎市千草町９９ー３・１０２ー１", "緯度": 31.915492, "経度": 131.420011, "url": "https://www.iryou.teikyouseido.mhlw.go.jp/znk-web/juminkanja/S2430/initialize?prefCd=45&kikanCd=5453101120&kikanKbn=5", "url2": null, "内容": "ひまわり調剤薬局県病院前千草店【5:薬局】宮崎県宮崎市千草町９９ー３・１０２ー１" }, "geometry": { "type": "Point", "coordinates": [ 131.420011, 31.915492 ] } },
{ "type": "Feature", "properties": { "ID": 4555453101250, "正式名称": "ヒロ薬局", "機関区分": 5, "都道府県コード": 45, "市区町村コード": 201, "所在地": "宮崎県宮崎市千草町９ー１", "緯度": 31.915339, "経度": 131.418685, "url": "https://www.iryou.teikyouseido.mhlw.go.jp/znk-web/juminkanja/S2430/initialize?prefCd=45&kikanCd=5453101250&kikanKbn=5", "url2": null, "内容": "ヒロ薬局【5:薬局】宮崎県宮崎市千草町９ー１" }, "geometry": { "type": "Point", "coordinates": [ 131.418685, 31.915339 ] } },
{ "type": "Feature", "properties": { "ID": 4555453101380, "正式名称": "会営薬局　宮崎地区研修センター", "機関区分": 5, "都道府県コード": 45, "市区町村コード": 201, "所在地": "宮崎県宮崎市千草町１１番４号", "緯度": 31.916232, "経度": 131.417928, "url": "https://www.iryou.teikyouseido.mhlw.go.jp/znk-web/juminkanja/S2430/initialize?prefCd=45&kikanCd=5453101380&kikanKbn=5", "url2": "https://www.shiyaku-miyazaki.or.jp/", "内容": "会営薬局　宮崎地区研修センター【5:薬局】宮崎県宮崎市千草町１１番４号" }, "geometry": { "type": "Point", "coordinates": [ 131.417928, 31.916232 ] } },
{ "type": "Feature", "properties": { "ID": 4555453101410, "正式名称": "はらまち薬局", "機関区分": 5, "都道府県コード": 45, "市区町村コード": 201, "所在地": "宮崎県宮崎市原町８番２１号", "緯度": 31.925941, "経度": 131.423607, "url": "https://www.iryou.teikyouseido.mhlw.go.jp/znk-web/juminkanja/S2430/initialize?prefCd=45&kikanCd=5453101410&kikanKbn=5", "url2": null, "内容": "はらまち薬局【5:薬局】宮崎県宮崎市原町８番２１号" }, "geometry": { "type": "Point", "coordinates": [ 131.423607, 31.925941 ] } },
{ "type": "Feature", "properties": { "ID": 4555453101700, "正式名称": "あおい薬局", "機関区分": 5, "都道府県コード": 45, "市区町村コード": 201, "所在地": "宮崎県宮崎市大工２丁目１０２番地２", "緯度": 31.917911, "経度": 131.411292, "url": "https://www.iryou.teikyouseido.mhlw.go.jp/znk-web/juminkanja/S2430/initialize?prefCd=45&kikanCd=5453101700&kikanKbn=5", "url2": null, "内容": "あおい薬局【5:薬局】宮崎県宮崎市大工２丁目１０２番地２" }, "geometry": { "type": "Point", "coordinates": [ 131.411292, 31.917911 ] } },
{ "type": "Feature", "properties": { "ID": 4555453101960, "正式名称": "本田調剤薬局", "機関区分": 5, "都道府県コード": 45, "市区町村コード": 201, "所在地": "宮崎県宮崎市清水町３丁目１ー７", "緯度": 31.918006, "経度": 131.417972, "url": "https://www.iryou.teikyouseido.mhlw.go.jp/znk-web/juminkanja/S2430/initialize?prefCd=45&kikanCd=5453101960&kikanKbn=5", "url2": null, "内容": "本田調剤薬局【5:薬局】宮崎県宮崎市清水町３丁目１ー７" }, "geometry": { "type": "Point", "coordinates": [ 131.417972, 31.918006 ] } },
{ "type": "Feature", "properties": { "ID": 4555453102000, "正式名称": "アイワ調剤薬局", "機関区分": 5, "都道府県コード": 45, "市区町村コード": 201, "所在地": "宮崎県宮崎市清水３丁目９番３１号", "緯度": 31.920236, "経度": 131.416408, "url": "https://www.iryou.teikyouseido.mhlw.go.jp/znk-web/juminkanja/S2430/initialize?prefCd=45&kikanCd=5453102000&kikanKbn=5", "url2": null, "内容": "アイワ調剤薬局【5:薬局】宮崎県宮崎市清水３丁目９番３１号" }, "geometry": { "type": "Point", "coordinates": [ 131.416408, 31.920236 ] } },
{ "type": "Feature", "properties": { "ID": 4555453102130, "正式名称": "清水町調剤薬局", "機関区分": 5, "都道府県コード": 45, "市区町村コード": 201, "所在地": "宮崎県宮崎市清水３－２－３５", "緯度": 31.918683, "経度": 131.417555, "url": "https://www.iryou.teikyouseido.mhlw.go.jp/znk-web/juminkanja/S2430/initialize?prefCd=45&kikanCd=5453102130&kikanKbn=5", "url2": null, "内容": "清水町調剤薬局【5:薬局】宮崎県宮崎市清水３－２－３５" }, "geometry": { "type": "Point", "coordinates": [ 131.417555, 31.918683 ] } },
{ "type": "Feature", "properties": { "ID": 4555453102390, "正式名称": "ハロー薬局　清水店", "機関区分": 5, "都道府県コード": 45, "市区町村コード": 201, "所在地": "宮崎県宮崎市清水１－２－１４", "緯度": 31.917436, "経度": 131.421536, "url": "https://www.iryou.teikyouseido.mhlw.go.jp/znk-web/juminkanja/S2430/initialize?prefCd=45&kikanCd=5453102390&kikanKbn=5", "url2": null, "内容": "ハロー薬局　清水店【5:薬局】宮崎県宮崎市清水１－２－１４" }, "geometry": { "type": "Point", "coordinates": [ 131.421536, 31.917436 ] } },
{ "type": "Feature", "properties": { "ID": 4555453102680, "正式名称": "有限会社すこやかファーマシー", "機関区分": 5, "都道府県コード": 45, "市区町村コード": 201, "所在地": "宮崎県宮崎市大橋１丁目６６番地第１０永吉ビル１Ｆ", "緯度": 31.919744, "経度": 131.415063, "url": "https://www.iryou.teikyouseido.mhlw.go.jp/znk-web/juminkanja/S2430/initialize?prefCd=45&kikanCd=5453102680&kikanKbn=5", "url2": "https://sukoyaka-ph.com", "内容": "有限会社すこやかファーマシー【5:薬局】宮崎県宮崎市大橋１丁目６６番地第１０永吉ビル１Ｆ" }, "geometry": { "type": "Point", "coordinates": [ 131.415063, 31.919744 ] } },
{ "type": "Feature", "properties": { "ID": 4555453102710, "正式名称": "クローバー薬局", "機関区分": 5, "都道府県コード": 45, "市区町村コード": 201, "所在地": "宮崎県宮崎市和知川原２丁目１５", "緯度": 31.923907, "経度": 131.412315, "url": "https://www.iryou.teikyouseido.mhlw.go.jp/znk-web/juminkanja/S2430/initialize?prefCd=45&kikanCd=5453102710&kikanKbn=5", "url2": null, "内容": "クローバー薬局【5:薬局】宮崎県宮崎市和知川原２丁目１５" }, "geometry": { "type": "Point", "coordinates": [ 131.412315, 31.923907 ] } },
{ "type": "Feature", "properties": { "ID": 4555453102840, "正式名称": "トモ薬局　和知川原店", "機関区分": 5, "都道府県コード": 45, "市区町村コード": 201, "所在地": "宮崎県宮崎市和知川原３丁目７１番地", "緯度": 31.923816, "経度": 131.410964, "url": "https://www.iryou.teikyouseido.mhlw.go.jp/znk-web/juminkanja/S2430/initialize?prefCd=45&kikanCd=5453102840&kikanKbn=5", "url2": "https://tomo-pharmacy.com/", "内容": "トモ薬局　和知川原店【5:薬局】宮崎県宮崎市和知川原３丁目７１番地" }, "geometry": { "type": "Point", "coordinates": [ 131.410964, 31.923816 ] } },
{ "type": "Feature", "properties": { "ID": 4555453102970, "正式名称": "もみの木薬局", "機関区分": 5, "都道府県コード": 45, "市区町村コード": 201, "所在地": "宮崎県宮崎市和知川原１丁目６１番地１楓壱番館１０１号", "緯度": 31.923449, "経度": 131.415919, "url": "https://www.iryou.teikyouseido.mhlw.go.jp/znk-web/juminkanja/S2430/initialize?prefCd=45&kikanCd=5453102970&kikanKbn=5", "url2": null, "内容": "もみの木薬局【5:薬局】宮崎県宮崎市和知川原１丁目６１番地１楓壱番館１０１号" }, "geometry": { "type": "Point", "coordinates": [ 131.415919, 31.923449 ] } },
{ "type": "Feature", "properties": { "ID": 4555453103010, "正式名称": "テンダー薬局", "機関区分": 5, "都道府県コード": 45, "市区町村コード": 201, "所在地": "宮崎県宮崎市中津瀬町２６番８", "緯度": 31.921758, "経度": 131.41646, "url": "https://www.iryou.teikyouseido.mhlw.go.jp/znk-web/juminkanja/S2430/initialize?prefCd=45&kikanCd=5453103010&kikanKbn=5", "url2": null, "内容": "テンダー薬局【5:薬局】宮崎県宮崎市中津瀬町２６番８" }, "geometry": { "type": "Point", "coordinates": [ 131.41646, 31.921758 ] } },
{ "type": "Feature", "properties": { "ID": 4555453103140, "正式名称": "たちばな薬局きりしま", "機関区分": 5, "都道府県コード": 45, "市区町村コード": 201, "所在地": "宮崎県宮崎市霧島２丁目１３０番", "緯度": 31.929954, "経度": 131.416077, "url": "https://www.iryou.teikyouseido.mhlw.go.jp/znk-web/juminkanja/S2430/initialize?prefCd=45&kikanCd=5453103140&kikanKbn=5", "url2": "https://sites.google.com/view/tachibana-p", "内容": "たちばな薬局きりしま【5:薬局】宮崎県宮崎市霧島２丁目１３０番" }, "geometry": { "type": "Point", "coordinates": [ 131.416077, 31.929954 ] } },
{ "type": "Feature", "properties": { "ID": 4555453103300, "正式名称": "神宮西町薬局", "機関区分": 5, "都道府県コード": 45, "市区町村コード": 201, "所在地": "宮崎県宮崎市神宮西２丁目７７番地", "緯度": 31.937837, "経度": 131.416446, "url": "https://www.iryou.teikyouseido.mhlw.go.jp/znk-web/juminkanja/S2430/initialize?prefCd=45&kikanCd=5453103300&kikanKbn=5", "url2": null, "内容": "神宮西町薬局【5:薬局】宮崎県宮崎市神宮西２丁目７７番地" }, "geometry": { "type": "Point", "coordinates": [ 131.416446, 31.937837 ] } },
{ "type": "Feature", "properties": { "ID": 4555453103850, "正式名称": "タカフジ薬局", "機関区分": 5, "都道府県コード": 45, "市区町村コード": 201, "所在地": "宮崎県宮崎市下北方町目後８９９", "緯度": 31.943631, "経度": 131.423381, "url": "https://www.iryou.teikyouseido.mhlw.go.jp/znk-web/juminkanja/S2430/initialize?prefCd=45&kikanCd=5453103850&kikanKbn=5", "url2": null, "内容": "タカフジ薬局【5:薬局】宮崎県宮崎市下北方町目後８９９" }, "geometry": { "type": "Point", "coordinates": [ 131.423381, 31.943631 ] } },
{ "type": "Feature", "properties": { "ID": 4555453103980, "正式名称": "東洋堂薬局", "機関区分": 5, "都道府県コード": 45, "市区町村コード": 201, "所在地": "宮崎県宮崎市下北方町常盤元１０１０", "緯度": 31.942653, "経度": 131.426795, "url": "https://www.iryou.teikyouseido.mhlw.go.jp/znk-web/juminkanja/S2430/initialize?prefCd=45&kikanCd=5453103980&kikanKbn=5", "url2": "https://www.toyodo-ph.com", "内容": "東洋堂薬局【5:薬局】宮崎県宮崎市下北方町常盤元１０１０" }, "geometry": { "type": "Point", "coordinates": [ 131.426795, 31.942653 ] } },
{ "type": "Feature", "properties": { "ID": 4555453104020, "正式名称": "せんだん薬局", "機関区分": 5, "都道府県コード": 45, "市区町村コード": 201, "所在地": "宮崎県宮崎市花ケ島町入道２１９７番地４", "緯度": 31.942717, "経度": 131.43252, "url": "https://www.iryou.teikyouseido.mhlw.go.jp/znk-web/juminkanja/S2430/initialize?prefCd=45&kikanCd=5453104020&kikanKbn=5", "url2": null, "内容": "せんだん薬局【5:薬局】宮崎県宮崎市花ケ島町入道２１９７番地４" }, "geometry": { "type": "Point", "coordinates": [ 131.43252, 31.942717 ] } },
{ "type": "Feature", "properties": { "ID": 4555453104150, "正式名称": "ミント薬局", "機関区分": 5, "都道府県コード": 45, "市区町村コード": 201, "所在地": "宮崎県宮崎市花ケ島町小無田６４２－４", "緯度": 31.960858, "経度": 131.434544, "url": "https://www.iryou.teikyouseido.mhlw.go.jp/znk-web/juminkanja/S2430/initialize?prefCd=45&kikanCd=5453104150&kikanKbn=5", "url2": "http://www.e-classa.net/mint-ph-jp/", "内容": "ミント薬局【5:薬局】宮崎県宮崎市花ケ島町小無田６４２－４" }, "geometry": { "type": "Point", "coordinates": [ 131.434544, 31.960858 ] } },
{ "type": "Feature", "properties": { "ID": 4555453104280, "正式名称": "日本調剤　池内薬局", "機関区分": 5, "都道府県コード": 45, "市区町村コード": 201, "所在地": "宮崎県宮崎市池内町数太木１７６５", "緯度": 31.97192, "経度": 131.411028, "url": "https://www.iryou.teikyouseido.mhlw.go.jp/znk-web/juminkanja/S2430/initialize?prefCd=45&kikanCd=5453104280&kikanKbn=5", "url2": "http://www.nicho.co.jp/", "内容": "日本調剤　池内薬局【5:薬局】宮崎県宮崎市池内町数太木１７６５" }, "geometry": { "type": "Point", "coordinates": [ 131.411028, 31.97192 ] } },
{ "type": "Feature", "properties": { "ID": 4555453104310, "正式名称": "そうごう薬局　池内店", "機関区分": 5, "都道府県コード": 45, "市区町村コード": 201, "所在地": "宮崎県宮崎市池内町数太木１７６３番１", "緯度": 31.97192, "経度": 131.411028, "url": "https://www.iryou.teikyouseido.mhlw.go.jp/znk-web/juminkanja/S2430/initialize?prefCd=45&kikanCd=5453104310&kikanKbn=5", "url2": "http://www.sogo-medical.co.jp/sogopharmacy/", "内容": "そうごう薬局　池内店【5:薬局】宮崎県宮崎市池内町数太木１７６３番１" }, "geometry": { "type": "Point", "coordinates": [ 131.411028, 31.97192 ] } },
{ "type": "Feature", "properties": { "ID": 4555453104570, "正式名称": "誠調剤薬局", "機関区分": 5, "都道府県コード": 45, "市区町村コード": 201, "所在地": "宮崎県宮崎市大字大瀬町字ニクマ２１７６ー５", "緯度": 31.972357, "経度": 131.380603, "url": "https://www.iryou.teikyouseido.mhlw.go.jp/znk-web/juminkanja/S2430/initialize?prefCd=45&kikanCd=5453104570&kikanKbn=5", "url2": null, "内容": "誠調剤薬局【5:薬局】宮崎県宮崎市大字大瀬町字ニクマ２１７６ー５" }, "geometry": { "type": "Point", "coordinates": [ 131.380603, 31.972357 ] } },
{ "type": "Feature", "properties": { "ID": 4555453104600, "正式名称": "平和堂薬局", "機関区分": 5, "都道府県コード": 45, "市区町村コード": 201, "所在地": "宮崎県宮崎市平和が丘北町１３ー２", "緯度": 31.958212, "経度": 131.414098, "url": "https://www.iryou.teikyouseido.mhlw.go.jp/znk-web/juminkanja/S2430/initialize?prefCd=45&kikanCd=5453104600&kikanKbn=5", "url2": null, "内容": "平和堂薬局【5:薬局】宮崎県宮崎市平和が丘北町１３ー２" }, "geometry": { "type": "Point", "coordinates": [ 131.414098, 31.958212 ] } },
{ "type": "Feature", "properties": { "ID": 4555453104860, "正式名称": "ハート調剤薬局", "機関区分": 5, "都道府県コード": 45, "市区町村コード": 201, "所在地": "宮崎県宮崎市丸山１丁目１５４番地", "緯度": 31.927435, "経度": 131.422935, "url": "https://www.iryou.teikyouseido.mhlw.go.jp/znk-web/juminkanja/S2430/initialize?prefCd=45&kikanCd=5453104860&kikanKbn=5", "url2": "http://www.heart-kampo-pharmacy.com", "内容": "ハート調剤薬局【5:薬局】宮崎県宮崎市丸山１丁目１５４番地" }, "geometry": { "type": "Point", "coordinates": [ 131.422935, 31.927435 ] } },
{ "type": "Feature", "properties": { "ID": 4555453104990, "正式名称": "オアシス薬局　江平店", "機関区分": 5, "都道府県コード": 45, "市区町村コード": 201, "所在地": "宮崎県宮崎市丸山２丁目１１６番７", "緯度": 31.92866, "経度": 131.424682, "url": "https://www.iryou.teikyouseido.mhlw.go.jp/znk-web/juminkanja/S2430/initialize?prefCd=45&kikanCd=5453104990&kikanKbn=5", "url2": null, "内容": "オアシス薬局　江平店【5:薬局】宮崎県宮崎市丸山２丁目１１６番７" }, "geometry": { "type": "Point", "coordinates": [ 131.424682, 31.92866 ] } },
{ "type": "Feature", "properties": { "ID": 4555453105030, "正式名称": "あかね薬局", "機関区分": 5, "都道府県コード": 45, "市区町村コード": 201, "所在地": "宮崎県宮崎市丸山１ー１８１", "緯度": 31.927552, "経度": 131.424626, "url": "https://www.iryou.teikyouseido.mhlw.go.jp/znk-web/juminkanja/S2430/initialize?prefCd=45&kikanCd=5453105030&kikanKbn=5", "url2": "https://www.st-medic.net", "内容": "あかね薬局【5:薬局】宮崎県宮崎市丸山１ー１８１" }, "geometry": { "type": "Point", "coordinates": [ 131.424626, 31.927552 ] } },
{ "type": "Feature", "properties": { "ID": 4555453105160, "正式名称": "神宮薬局", "機関区分": 5, "都道府県コード": 45, "市区町村コード": 201, "所在地": "宮崎県宮崎市神宮東２丁目１３番２６号", "緯度": 31.93717, "経度": 131.426693, "url": "https://www.iryou.teikyouseido.mhlw.go.jp/znk-web/juminkanja/S2430/initialize?prefCd=45&kikanCd=5453105160&kikanKbn=5", "url2": null, "内容": "神宮薬局【5:薬局】宮崎県宮崎市神宮東２丁目１３番２６号" }, "geometry": { "type": "Point", "coordinates": [ 131.426693, 31.93717 ] } },
{ "type": "Feature", "properties": { "ID": 4555453105450, "正式名称": "すみれ調剤薬局", "機関区分": 5, "都道府県コード": 45, "市区町村コード": 201, "所在地": "宮崎県宮崎市神宮東３丁目２０５番地１", "緯度": 31.938378, "経度": 131.428344, "url": "https://www.iryou.teikyouseido.mhlw.go.jp/znk-web/juminkanja/S2430/initialize?prefCd=45&kikanCd=5453105450&kikanKbn=5", "url2": null, "内容": "すみれ調剤薬局【5:薬局】宮崎県宮崎市神宮東３丁目２０５番地１" }, "geometry": { "type": "Point", "coordinates": [ 131.428344, 31.938378 ] } },
{ "type": "Feature", "properties": { "ID": 4555453105580, "正式名称": "トロン薬局　花ヶ島", "機関区分": 5, "都道府県コード": 45, "市区町村コード": 201, "所在地": "宮崎県宮崎市桜町４番地１６", "緯度": 31.951457, "経度": 131.436754, "url": "https://www.iryou.teikyouseido.mhlw.go.jp/znk-web/juminkanja/S2430/initialize?prefCd=45&kikanCd=5453105580&kikanKbn=5", "url2": "https://tron-grp.jp/medical/", "内容": "トロン薬局　花ヶ島【5:薬局】宮崎県宮崎市桜町４番地１６" }, "geometry": { "type": "Point", "coordinates": [ 131.436754, 31.951457 ] } },
{ "type": "Feature", "properties": { "ID": 4555453105610, "正式名称": "ハロー薬局住吉店", "機関区分": 5, "都道府県コード": 45, "市区町村コード": 201, "所在地": "宮崎県宮崎市大字島之内７３０９ー５", "緯度": 31.985797, "経度": 131.451256, "url": "https://www.iryou.teikyouseido.mhlw.go.jp/znk-web/juminkanja/S2430/initialize?prefCd=45&kikanCd=5453105610&kikanKbn=5", "url2": null, "内容": "ハロー薬局住吉店【5:薬局】宮崎県宮崎市大字島之内７３０９ー５" }, "geometry": { "type": "Point", "coordinates": [ 131.451256, 31.985797 ] } },
{ "type": "Feature", "properties": { "ID": 4555453105740, "正式名称": "なごみ調剤薬局", "機関区分": 5, "都道府県コード": 45, "市区町村コード": 201, "所在地": "宮崎県宮崎市島之内６７２５番地５", "緯度": 31.983775, "経度": 131.447839, "url": "https://www.iryou.teikyouseido.mhlw.go.jp/znk-web/juminkanja/S2430/initialize?prefCd=45&kikanCd=5453105740&kikanKbn=5", "url2": "http://nagomipharmacy.com", "内容": "なごみ調剤薬局【5:薬局】宮崎県宮崎市島之内６７２５番地５" }, "geometry": { "type": "Point", "coordinates": [ 131.447839, 31.983775 ] } },
{ "type": "Feature", "properties": { "ID": 4555453105870, "正式名称": "みのり薬局", "機関区分": 5, "都道府県コード": 45, "市区町村コード": 201, "所在地": "宮崎県宮崎市島之内字永池９２１７ー１０７", "緯度": 31.980923, "経度": 131.455903, "url": "https://www.iryou.teikyouseido.mhlw.go.jp/znk-web/juminkanja/S2430/initialize?prefCd=45&kikanCd=5453105870&kikanKbn=5", "url2": null, "内容": "みのり薬局【5:薬局】宮崎県宮崎市島之内字永池９２１７ー１０７" }, "geometry": { "type": "Point", "coordinates": [ 131.455903, 31.980923 ] } },
{ "type": "Feature", "properties": { "ID": 4555453106170, "正式名称": "すみよし調剤薬局", "機関区分": 5, "都道府県コード": 45, "市区町村コード": 201, "所在地": "宮崎県宮崎市大字島之内字井手下７２８５番地", "緯度": 31.986014, "経度": 131.4513, "url": "https://www.iryou.teikyouseido.mhlw.go.jp/znk-web/juminkanja/S2430/initialize?prefCd=45&kikanCd=5453106170&kikanKbn=5", "url2": null, "内容": "すみよし調剤薬局【5:薬局】宮崎県宮崎市大字島之内字井手下７２８５番地" }, "geometry": { "type": "Point", "coordinates": [ 131.4513, 31.986014 ] } },
{ "type": "Feature", "properties": { "ID": 4555453106200, "正式名称": "ひむか薬局島之内店", "機関区分": 5, "都道府県コード": 45, "市区町村コード": 201, "所在地": "宮崎県宮崎市大字島之内字井手下７４０１ー３", "緯度": 31.982362, "経度": 131.448616, "url": "https://www.iryou.teikyouseido.mhlw.go.jp/znk-web/juminkanja/S2430/initialize?prefCd=45&kikanCd=5453106200&kikanKbn=5", "url2": "http://www.himuka-medical.com", "内容": "ひむか薬局島之内店【5:薬局】宮崎県宮崎市大字島之内字井手下７４０１ー３" }, "geometry": { "type": "Point", "coordinates": [ 131.448616, 31.982362 ] } },
{ "type": "Feature", "properties": { "ID": 4555453106460, "正式名称": "塩路調剤薬局", "機関区分": 5, "都道府県コード": 45, "市区町村コード": 201, "所在地": "宮崎県宮崎市塩路２７８３－８４", "緯度": 31.965024, "経度": 131.468028, "url": "https://www.iryou.teikyouseido.mhlw.go.jp/znk-web/juminkanja/S2430/initialize?prefCd=45&kikanCd=5453106460&kikanKbn=5", "url2": "http://www.technomix-miyazaki.jp/company/", "内容": "塩路調剤薬局【5:薬局】宮崎県宮崎市塩路２７８３－８４" }, "geometry": { "type": "Point", "coordinates": [ 131.468028, 31.965024 ] } },
{ "type": "Feature", "properties": { "ID": 4555453106630, "正式名称": "瞳薬局　芳士店", "機関区分": 5, "都道府県コード": 45, "市区町村コード": 201, "所在地": "宮崎県宮崎市大字芳士１０３６ー１　マードレモーリ１０５", "緯度": 31.96291, "経度": 131.441888, "url": "https://www.iryou.teikyouseido.mhlw.go.jp/znk-web/juminkanja/S2430/initialize?prefCd=45&kikanCd=5453106630&kikanKbn=5", "url2": "https://www.hitomi-ph.jp/shop02", "内容": "瞳薬局　芳士店【5:薬局】宮崎県宮崎市大字芳士１０３６ー１　マードレモーリ１０５" }, "geometry": { "type": "Point", "coordinates": [ 131.441888, 31.96291 ] } },
{ "type": "Feature", "properties": { "ID": 4555453106920, "正式名称": "ひまわり薬局広瀬店", "機関区分": 5, "都道府県コード": 45, "市区町村コード": 201, "所在地": "宮崎県宮崎市佐土原町下田島１２３７５番地１", "緯度": 32.035641, "経度": 131.46741, "url": "https://www.iryou.teikyouseido.mhlw.go.jp/znk-web/juminkanja/S2430/initialize?prefCd=45&kikanCd=5453106920&kikanKbn=5", "url2": "http://www.himuka-medical.com", "内容": "ひまわり薬局広瀬店【5:薬局】宮崎県宮崎市佐土原町下田島１２３７５番地１" }, "geometry": { "type": "Point", "coordinates": [ 131.46741, 32.035641 ] } },
{ "type": "Feature", "properties": { "ID": 4555453107050, "正式名称": "あさひ町薬局", "機関区分": 5, "都道府県コード": 45, "市区町村コード": 201, "所在地": "宮崎県宮崎市佐土原町下田島２０１１３番地２３", "緯度": 32.016287, "経度": 131.476688, "url": "https://www.iryou.teikyouseido.mhlw.go.jp/znk-web/juminkanja/S2430/initialize?prefCd=45&kikanCd=5453107050&kikanKbn=5", "url2": null, "内容": "あさひ町薬局【5:薬局】宮崎県宮崎市佐土原町下田島２０１１３番地２３" }, "geometry": { "type": "Point", "coordinates": [ 131.476688, 32.016287 ] } },
{ "type": "Feature", "properties": { "ID": 4555453107210, "正式名称": "有限会社なつみ薬局", "機関区分": 5, "都道府県コード": 45, "市区町村コード": 201, "所在地": "宮崎県宮崎市佐土原町下田島２０２９０ー１４４", "緯度": 32.015157, "経度": 131.471302, "url": "https://www.iryou.teikyouseido.mhlw.go.jp/znk-web/juminkanja/S2430/initialize?prefCd=45&kikanCd=5453107210&kikanKbn=5", "url2": null, "内容": "有限会社なつみ薬局【5:薬局】宮崎県宮崎市佐土原町下田島２０２９０ー１４４" }, "geometry": { "type": "Point", "coordinates": [ 131.471302, 32.015157 ] } },
{ "type": "Feature", "properties": { "ID": 4555453107470, "正式名称": "あらた薬局", "機関区分": 5, "都道府県コード": 45, "市区町村コード": 201, "所在地": "宮崎県宮崎市佐土原町下田島９１２２番地４", "緯度": 32.032344, "経度": 131.472523, "url": "https://www.iryou.teikyouseido.mhlw.go.jp/znk-web/juminkanja/S2430/initialize?prefCd=45&kikanCd=5453107470&kikanKbn=5", "url2": null, "内容": "あらた薬局【5:薬局】宮崎県宮崎市佐土原町下田島９１２２番地４" }, "geometry": { "type": "Point", "coordinates": [ 131.472523, 32.032344 ] } },
{ "type": "Feature", "properties": { "ID": 4555453107500, "正式名称": "下田島薬局", "機関区分": 5, "都道府県コード": 45, "市区町村コード": 201, "所在地": "宮崎県宮崎市佐土原町下田島９４２２", "緯度": 32.029761, "経度": 131.473168, "url": "https://www.iryou.teikyouseido.mhlw.go.jp/znk-web/juminkanja/S2430/initialize?prefCd=45&kikanCd=5453107500&kikanKbn=5", "url2": null, "内容": "下田島薬局【5:薬局】宮崎県宮崎市佐土原町下田島９４２２" }, "geometry": { "type": "Point", "coordinates": [ 131.473168, 32.029761 ] } },
{ "type": "Feature", "properties": { "ID": 4555453107890, "正式名称": "有限会社　英和薬局　三和薬局", "機関区分": 5, "都道府県コード": 45, "市区町村コード": 201, "所在地": "宮崎県宮崎市佐土原町下那珂２００４番２", "緯度": 32.011088, "経度": 131.475138, "url": "https://www.iryou.teikyouseido.mhlw.go.jp/znk-web/juminkanja/S2430/initialize?prefCd=45&kikanCd=5453107890&kikanKbn=5", "url2": null, "内容": "有限会社　英和薬局　三和薬局【5:薬局】宮崎県宮崎市佐土原町下那珂２００４番２" }, "geometry": { "type": "Point", "coordinates": [ 131.475138, 32.011088 ] } },
{ "type": "Feature", "properties": { "ID": 4555453107920, "正式名称": "ひまわり薬局", "機関区分": 5, "都道府県コード": 45, "市区町村コード": 201, "所在地": "宮崎県宮崎市佐土原町上田島８１７５番地４", "緯度": 32.05154, "経度": 131.426865, "url": "https://www.iryou.teikyouseido.mhlw.go.jp/znk-web/juminkanja/S2430/initialize?prefCd=45&kikanCd=5453107920&kikanKbn=5", "url2": "http://www.himuka-medical.com/store/miyazaki/himawari.html", "内容": "ひまわり薬局【5:薬局】宮崎県宮崎市佐土原町上田島８１７５番地４" }, "geometry": { "type": "Point", "coordinates": [ 131.426865, 32.05154 ] } },
{ "type": "Feature", "properties": { "ID": 4555453108060, "正式名称": "あおぞら薬局佐土原店", "機関区分": 5, "都道府県コード": 45, "市区町村コード": 201, "所在地": "宮崎県宮崎市佐土原町東上那珂字馬場田１４８３６番３", "緯度": 32.030065, "経度": 131.429918, "url": "https://www.iryou.teikyouseido.mhlw.go.jp/znk-web/juminkanja/S2430/initialize?prefCd=45&kikanCd=5453108060&kikanKbn=5", "url2": "http://www.e-classa.net/aozora1900/information.html", "内容": "あおぞら薬局佐土原店【5:薬局】宮崎県宮崎市佐土原町東上那珂字馬場田１４８３６番３" }, "geometry": { "type": "Point", "coordinates": [ 131.429918, 32.030065 ] } },
{ "type": "Feature", "properties": { "ID": 4555453108770, "正式名称": "有限会社保険調剤薬局トップ", "機関区分": 5, "都道府県コード": 45, "市区町村コード": 201, "所在地": "宮崎県宮崎市橘通東３丁目２番３０号", "緯度": 31.914256, "経度": 131.423821, "url": "https://www.iryou.teikyouseido.mhlw.go.jp/znk-web/juminkanja/S2430/initialize?prefCd=45&kikanCd=5453108770&kikanKbn=5", "url2": null, "内容": "有限会社保険調剤薬局トップ【5:薬局】宮崎県宮崎市橘通東３丁目２番３０号" }, "geometry": { "type": "Point", "coordinates": [ 131.423821, 31.914256 ] } },
{ "type": "Feature", "properties": { "ID": 4555453108800, "正式名称": "たちばな薬局", "機関区分": 5, "都道府県コード": 45, "市区町村コード": 201, "所在地": "宮崎県宮崎市橘通東４丁目６番１８号", "緯度": 31.917387, "経度": 131.424493, "url": "https://www.iryou.teikyouseido.mhlw.go.jp/znk-web/juminkanja/S2430/initialize?prefCd=45&kikanCd=5453108800&kikanKbn=5", "url2": "https://sites.google.com/view/tachibana-p/", "内容": "たちばな薬局【5:薬局】宮崎県宮崎市橘通東４丁目６番１８号" }, "geometry": { "type": "Point", "coordinates": [ 131.424493, 31.917387 ] } },
{ "type": "Feature", "properties": { "ID": 4555453109100, "正式名称": "マリーズ薬局広島通", "機関区分": 5, "都道府県コード": 45, "市区町村コード": 201, "所在地": "宮崎県宮崎市広島２丁目３番７号", "緯度": 31.914774, "経度": 131.428029, "url": "https://www.iryou.teikyouseido.mhlw.go.jp/znk-web/juminkanja/S2430/initialize?prefCd=45&kikanCd=5453109100&kikanKbn=5", "url2": "https://www.mary-s.com", "内容": "マリーズ薬局広島通【5:薬局】宮崎県宮崎市広島２丁目３番７号" }, "geometry": { "type": "Point", "coordinates": [ 131.428029, 31.914774 ] } },
{ "type": "Feature", "properties": { "ID": 4555453109230, "正式名称": "有限会社ユアサ薬局", "機関区分": 5, "都道府県コード": 45, "市区町村コード": 201, "所在地": "宮崎県宮崎市広島１丁目３番９号", "緯度": 31.915028, "経度": 131.425177, "url": "https://www.iryou.teikyouseido.mhlw.go.jp/znk-web/juminkanja/S2430/initialize?prefCd=45&kikanCd=5453109230&kikanKbn=5", "url2": null, "内容": "有限会社ユアサ薬局【5:薬局】宮崎県宮崎市広島１丁目３番９号" }, "geometry": { "type": "Point", "coordinates": [ 131.425177, 31.915028 ] } },
{ "type": "Feature", "properties": { "ID": 4555453109810, "正式名称": "ひまわり薬局生協病院前店", "機関区分": 5, "都道府県コード": 45, "市区町村コード": 201, "所在地": "宮崎県宮崎市大島町天神前１１７２番", "緯度": 31.938067, "経度": 131.438822, "url": "https://www.iryou.teikyouseido.mhlw.go.jp/znk-web/juminkanja/S2430/initialize?prefCd=45&kikanCd=5453109810&kikanKbn=5", "url2": "http://www.himuka-medical.com/", "内容": "ひまわり薬局生協病院前店【5:薬局】宮崎県宮崎市大島町天神前１１７２番" }, "geometry": { "type": "Point", "coordinates": [ 131.438822, 31.938067 ] } },
{ "type": "Feature", "properties": { "ID": 4555453109940, "正式名称": "ふるさと薬局", "機関区分": 5, "都道府県コード": 45, "市区町村コード": 201, "所在地": "宮崎県宮崎市大島町国草１５９番地３", "緯度": 31.941983, "経度": 131.437875, "url": "https://www.iryou.teikyouseido.mhlw.go.jp/znk-web/juminkanja/S2430/initialize?prefCd=45&kikanCd=5453109940&kikanKbn=5", "url2": null, "内容": "ふるさと薬局【5:薬局】宮崎県宮崎市大島町国草１５９番地３" }, "geometry": { "type": "Point", "coordinates": [ 131.437875, 31.941983 ] } },
{ "type": "Feature", "properties": { "ID": 4555453110050, "正式名称": "トモ薬局大島店", "機関区分": 5, "都道府県コード": 45, "市区町村コード": 201, "所在地": "宮崎県宮崎市大島町天神前１１６７番地４", "緯度": 31.938067, "経度": 131.438822, "url": "https://www.iryou.teikyouseido.mhlw.go.jp/znk-web/juminkanja/S2430/initialize?prefCd=45&kikanCd=5453110050&kikanKbn=5", "url2": "https://tomo-pharmacy.com/", "内容": "トモ薬局大島店【5:薬局】宮崎県宮崎市大島町天神前１１６７番地４" }, "geometry": { "type": "Point", "coordinates": [ 131.438822, 31.938067 ] } },
{ "type": "Feature", "properties": { "ID": 4555453110180, "正式名称": "パーム薬局", "機関区分": 5, "都道府県コード": 45, "市区町村コード": 201, "所在地": "宮崎県宮崎市大島町原ノ前１４４５番２０７", "緯度": 31.935384, "経度": 131.437986, "url": "https://www.iryou.teikyouseido.mhlw.go.jp/znk-web/juminkanja/S2430/initialize?prefCd=45&kikanCd=5453110180&kikanKbn=5", "url2": "http://www.e-classa.net/palm-pharmacy/", "内容": "パーム薬局【5:薬局】宮崎県宮崎市大島町原ノ前１４４５番２０７" }, "geometry": { "type": "Point", "coordinates": [ 131.437986, 31.935384 ] } },
{ "type": "Feature", "properties": { "ID": 4555453110470, "正式名称": "大島調剤薬局", "機関区分": 5, "都道府県コード": 45, "市区町村コード": 201, "所在地": "宮崎県宮崎市大島町前田３３４番地２", "緯度": 31.94357, "経度": 131.440616, "url": "https://www.iryou.teikyouseido.mhlw.go.jp/znk-web/juminkanja/S2430/initialize?prefCd=45&kikanCd=5453110470&kikanKbn=5", "url2": null, "内容": "大島調剤薬局【5:薬局】宮崎県宮崎市大島町前田３３４番地２" }, "geometry": { "type": "Point", "coordinates": [ 131.440616, 31.94357 ] } },
{ "type": "Feature", "properties": { "ID": 4555453110500, "正式名称": "啓愛調剤薬局", "機関区分": 5, "都道府県コード": 45, "市区町村コード": 201, "所在地": "宮崎県宮崎市新別府町植田８３７ー１", "緯度": 31.922134, "経度": 131.454138, "url": "https://www.iryou.teikyouseido.mhlw.go.jp/znk-web/juminkanja/S2430/initialize?prefCd=45&kikanCd=5453110500&kikanKbn=5", "url2": "https://www.yuai-k-i.com/", "内容": "啓愛調剤薬局【5:薬局】宮崎県宮崎市新別府町植田８３７ー１" }, "geometry": { "type": "Point", "coordinates": [ 131.454138, 31.922134 ] } },
{ "type": "Feature", "properties": { "ID": 4555453110630, "正式名称": "いきめの杜会営薬局", "機関区分": 5, "都道府県コード": 45, "市区町村コード": 201, "所在地": "宮崎県宮崎市有田１３７０番地１", "緯度": 31.939735, "経度": 131.368954, "url": "https://www.iryou.teikyouseido.mhlw.go.jp/znk-web/juminkanja/S2430/initialize?prefCd=45&kikanCd=5453110630&kikanKbn=5", "url2": "https://www.shiyaku-miyazaki.or.jp", "内容": "いきめの杜会営薬局【5:薬局】宮崎県宮崎市有田１３７０番地１" }, "geometry": { "type": "Point", "coordinates": [ 131.368954, 31.939735 ] } },
{ "type": "Feature", "properties": { "ID": 4555453110760, "正式名称": "木の実薬局", "機関区分": 5, "都道府県コード": 45, "市区町村コード": 201, "所在地": "宮崎県宮崎市阿波岐原町竹割２０３５番３", "緯度": 31.930693, "経度": 131.455085, "url": "https://www.iryou.teikyouseido.mhlw.go.jp/znk-web/juminkanja/S2430/initialize?prefCd=45&kikanCd=5453110760&kikanKbn=5", "url2": null, "内容": "木の実薬局【5:薬局】宮崎県宮崎市阿波岐原町竹割２０３５番３" }, "geometry": { "type": "Point", "coordinates": [ 131.455085, 31.930693 ] } },
{ "type": "Feature", "properties": { "ID": 4555453110890, "正式名称": "みこと薬局", "機関区分": 5, "都道府県コード": 45, "市区町村コード": 201, "所在地": "宮崎県宮崎市阿波岐原町堤添１０４３ー３", "緯度": 31.940251, "経度": 131.454418, "url": "https://www.iryou.teikyouseido.mhlw.go.jp/znk-web/juminkanja/S2430/initialize?prefCd=45&kikanCd=5453110890&kikanKbn=5", "url2": null, "内容": "みこと薬局【5:薬局】宮崎県宮崎市阿波岐原町堤添１０４３ー３" }, "geometry": { "type": "Point", "coordinates": [ 131.454418, 31.940251 ] } },
{ "type": "Feature", "properties": { "ID": 4555453110920, "正式名称": "サンライズ薬局", "機関区分": 5, "都道府県コード": 45, "市区町村コード": 201, "所在地": "宮崎県宮崎市阿波岐原町", "緯度": 31.929784, "経度": 131.452349, "url": "https://www.iryou.teikyouseido.mhlw.go.jp/znk-web/juminkanja/S2430/initialize?prefCd=45&kikanCd=5453110920&kikanKbn=5", "url2": null, "内容": "サンライズ薬局【5:薬局】宮崎県宮崎市阿波岐原町" }, "geometry": { "type": "Point", "coordinates": [ 131.452349, 31.929784 ] } },
{ "type": "Feature", "properties": { "ID": 4555453111060, "正式名称": "そうごう薬局村角店", "機関区分": 5, "都道府県コード": 45, "市区町村コード": 201, "所在地": "宮崎県宮崎市村角町北田１３３ー２", "緯度": 31.959869, "経度": 131.444027, "url": "https://www.iryou.teikyouseido.mhlw.go.jp/znk-web/juminkanja/S2430/initialize?prefCd=45&kikanCd=5453111060&kikanKbn=5", "url2": "https://www.sogo-pharmacy.jp/shop/view/136", "内容": "そうごう薬局村角店【5:薬局】宮崎県宮崎市村角町北田１３３ー２" }, "geometry": { "type": "Point", "coordinates": [ 131.444027, 31.959869 ] } },
{ "type": "Feature", "properties": { "ID": 4555453111350, "正式名称": "吉村町薬局", "機関区分": 5, "都道府県コード": 45, "市区町村コード": 201, "所在地": "宮崎県宮崎市吉村町北原甲１４１５番地１", "緯度": 31.920772, "経度": 131.440047, "url": "https://www.iryou.teikyouseido.mhlw.go.jp/znk-web/juminkanja/S2430/initialize?prefCd=45&kikanCd=5453111350&kikanKbn=5", "url2": null, "内容": "吉村町薬局【5:薬局】宮崎県宮崎市吉村町北原甲１４１５番地１" }, "geometry": { "type": "Point", "coordinates": [ 131.440047, 31.920772 ] } },
{ "type": "Feature", "properties": { "ID": 4555453111510, "正式名称": "ハロー薬局　吉村店", "機関区分": 5, "都道府県コード": 45, "市区町村コード": 201, "所在地": "宮崎県宮崎市吉村町前田甲１２０４番２", "緯度": 31.915754, "経度": 131.448502, "url": "https://www.iryou.teikyouseido.mhlw.go.jp/znk-web/juminkanja/S2430/initialize?prefCd=45&kikanCd=5453111510&kikanKbn=5", "url2": "https://www.axisnet.jp/", "内容": "ハロー薬局　吉村店【5:薬局】宮崎県宮崎市吉村町前田甲１２０４番２" }, "geometry": { "type": "Point", "coordinates": [ 131.448502, 31.915754 ] } },
{ "type": "Feature", "properties": { "ID": 4555453111640, "正式名称": "まき薬局", "機関区分": 5, "都道府県コード": 45, "市区町村コード": 201, "所在地": "宮崎県宮崎市吉村町嶋田甲７３０ー４", "緯度": 31.925761, "経度": 131.441272, "url": "https://www.iryou.teikyouseido.mhlw.go.jp/znk-web/juminkanja/S2430/initialize?prefCd=45&kikanCd=5453111640&kikanKbn=5", "url2": null, "内容": "まき薬局【5:薬局】宮崎県宮崎市吉村町嶋田甲７３０ー４" }, "geometry": { "type": "Point", "coordinates": [ 131.441272, 31.925761 ] } },
{ "type": "Feature", "properties": { "ID": 4555453111800, "正式名称": "あおき薬局", "機関区分": 5, "都道府県コード": 45, "市区町村コード": 201, "所在地": "宮崎県宮崎市吉村町江田原甲２６１番地３", "緯度": 31.926297, "経度": 131.446328, "url": "https://www.iryou.teikyouseido.mhlw.go.jp/znk-web/juminkanja/S2430/initialize?prefCd=45&kikanCd=5453111800&kikanKbn=5", "url2": "http://aoki-masaki-otamachi-p.jimdo.com/", "内容": "あおき薬局【5:薬局】宮崎県宮崎市吉村町江田原甲２６１番地３" }, "geometry": { "type": "Point", "coordinates": [ 131.446328, 31.926297 ] } },
{ "type": "Feature", "properties": { "ID": 4555453111930, "正式名称": "ハロー薬局　大町店", "機関区分": 5, "都道府県コード": 45, "市区町村コード": 201, "所在地": "宮崎県宮崎市吉村町大町甲１９３５－５", "緯度": 31.914603, "経度": 131.442661, "url": "https://www.iryou.teikyouseido.mhlw.go.jp/znk-web/juminkanja/S2430/initialize?prefCd=45&kikanCd=5453111930&kikanKbn=5", "url2": "https://www.axisnet.jp/h-omachi/", "内容": "ハロー薬局　大町店【5:薬局】宮崎県宮崎市吉村町大町甲１９３５－５" }, "geometry": { "type": "Point", "coordinates": [ 131.442661, 31.914603 ] } },
{ "type": "Feature", "properties": { "ID": 4555453112070, "正式名称": "サカイ薬局", "機関区分": 5, "都道府県コード": 45, "市区町村コード": 201, "所在地": "宮崎県宮崎市下原町２１６番地３", "緯度": 31.923008, "経度": 131.435945, "url": "https://www.iryou.teikyouseido.mhlw.go.jp/znk-web/juminkanja/S2430/initialize?prefCd=45&kikanCd=5453112070&kikanKbn=5", "url2": null, "内容": "サカイ薬局【5:薬局】宮崎県宮崎市下原町２１６番地３" }, "geometry": { "type": "Point", "coordinates": [ 131.435945, 31.923008 ] } },
{ "type": "Feature", "properties": { "ID": 4555453112230, "正式名称": "サンパーム　柳丸店", "機関区分": 5, "都道府県コード": 45, "市区町村コード": 201, "所在地": "宮崎県宮崎市柳丸町１３３番地", "緯度": 31.92611, "経度": 131.435173, "url": "https://www.iryou.teikyouseido.mhlw.go.jp/znk-web/juminkanja/S2430/initialize?prefCd=45&kikanCd=5453112230&kikanKbn=5", "url2": null, "内容": "サンパーム　柳丸店【5:薬局】宮崎県宮崎市柳丸町１３３番地" }, "geometry": { "type": "Point", "coordinates": [ 131.435173, 31.92611 ] } },
{ "type": "Feature", "properties": { "ID": 4555453112780, "正式名称": "橘公園薬局", "機関区分": 5, "都道府県コード": 45, "市区町村コード": 201, "所在地": "宮崎県宮崎市松山２丁目２番地３２", "緯度": 31.90518, "経度": 131.429068, "url": "https://www.iryou.teikyouseido.mhlw.go.jp/znk-web/juminkanja/S2430/initialize?prefCd=45&kikanCd=5453112780&kikanKbn=5", "url2": "http://www.technomix-miyazaki.jp/", "内容": "橘公園薬局【5:薬局】宮崎県宮崎市松山２丁目２番地３２" }, "geometry": { "type": "Point", "coordinates": [ 131.429068, 31.90518 ] } },
{ "type": "Feature", "properties": { "ID": 4555453112810, "正式名称": "たちばな薬局旭通", "機関区分": 5, "都道府県コード": 45, "市区町村コード": 201, "所在地": "宮崎県宮崎市川原町４番８号", "緯度": 31.907752, "経度": 131.424266, "url": "https://www.iryou.teikyouseido.mhlw.go.jp/znk-web/juminkanja/S2430/initialize?prefCd=45&kikanCd=5453112810&kikanKbn=5", "url2": "http://www.pro-pharma.co.jp", "内容": "たちばな薬局旭通【5:薬局】宮崎県宮崎市川原町４番８号" }, "geometry": { "type": "Point", "coordinates": [ 131.424266, 31.907752 ] } },
{ "type": "Feature", "properties": { "ID": 4555453113400, "正式名称": "けやき調剤薬局", "機関区分": 5, "都道府県コード": 45, "市区町村コード": 201, "所在地": "宮崎県宮崎市堀川町１０２番地１　外所ビル１０２号", "緯度": 31.907938, "経度": 131.434821, "url": "https://www.iryou.teikyouseido.mhlw.go.jp/znk-web/juminkanja/S2430/initialize?prefCd=45&kikanCd=5453113400&kikanKbn=5", "url2": null, "内容": "けやき調剤薬局【5:薬局】宮崎県宮崎市堀川町１０２番地１　外所ビル１０２号" }, "geometry": { "type": "Point", "coordinates": [ 131.434821, 31.907938 ] } },
{ "type": "Feature", "properties": { "ID": 4555453113530, "正式名称": "昭和町薬局", "機関区分": 5, "都道府県コード": 45, "市区町村コード": 201, "所在地": "宮崎県宮崎市昭和町１９７番地１９", "緯度": 31.912671, "経度": 131.436253, "url": "https://www.iryou.teikyouseido.mhlw.go.jp/znk-web/juminkanja/S2430/initialize?prefCd=45&kikanCd=5453113530&kikanKbn=5", "url2": "https://www.ohira-pharmacy.com", "内容": "昭和町薬局【5:薬局】宮崎県宮崎市昭和町１９７番地１９" }, "geometry": { "type": "Point", "coordinates": [ 131.436253, 31.912671 ] } },
{ "type": "Feature", "properties": { "ID": 4555453113660, "正式名称": "宮崎駅前薬局", "機関区分": 5, "都道府県コード": 45, "市区町村コード": 201, "所在地": "宮崎県宮崎市宮崎駅東１丁目６ー１２", "緯度": 31.914183, "経度": 131.432743, "url": "https://www.iryou.teikyouseido.mhlw.go.jp/znk-web/juminkanja/S2430/initialize?prefCd=45&kikanCd=5453113660&kikanKbn=5", "url2": null, "内容": "宮崎駅前薬局【5:薬局】宮崎県宮崎市宮崎駅東１丁目６ー１２" }, "geometry": { "type": "Point", "coordinates": [ 131.432743, 31.914183 ] } },
{ "type": "Feature", "properties": { "ID": 4555453113790, "正式名称": "あいね薬局", "機関区分": 5, "都道府県コード": 45, "市区町村コード": 201, "所在地": "宮崎県宮崎市大淀４丁目２ー２７", "緯度": 31.896622, "経度": 131.419669, "url": "https://www.iryou.teikyouseido.mhlw.go.jp/znk-web/juminkanja/S2430/initialize?prefCd=45&kikanCd=5453113790&kikanKbn=5", "url2": null, "内容": "あいね薬局【5:薬局】宮崎県宮崎市大淀４丁目２ー２７" }, "geometry": { "type": "Point", "coordinates": [ 131.419669, 31.896622 ] } },
{ "type": "Feature", "properties": { "ID": 4555453113820, "正式名称": "太田町薬局", "機関区分": 5, "都道府県コード": 45, "市区町村コード": 201, "所在地": "宮崎県宮崎市太田１丁目２番２０ー１号", "緯度": 31.902613, "経度": 131.421536, "url": "https://www.iryou.teikyouseido.mhlw.go.jp/znk-web/juminkanja/S2430/initialize?prefCd=45&kikanCd=5453113820&kikanKbn=5", "url2": null, "内容": "太田町薬局【5:薬局】宮崎県宮崎市太田１丁目２番２０ー１号" }, "geometry": { "type": "Point", "coordinates": [ 131.421536, 31.902613 ] } },
{ "type": "Feature", "properties": { "ID": 4555453114120, "正式名称": "えあろ薬局", "機関区分": 5, "都道府県コード": 45, "市区町村コード": 201, "所在地": "宮崎県宮崎市中村西３丁目５２番", "緯度": 31.895469, "経度": 131.416716, "url": "https://www.iryou.teikyouseido.mhlw.go.jp/znk-web/juminkanja/S2430/initialize?prefCd=45&kikanCd=5453114120&kikanKbn=5", "url2": null, "内容": "えあろ薬局【5:薬局】宮崎県宮崎市中村西３丁目５２番" }, "geometry": { "type": "Point", "coordinates": [ 131.416716, 31.895469 ] } },
{ "type": "Feature", "properties": { "ID": 4555453114250, "正式名称": "有限会社江南調剤薬局", "機関区分": 5, "都道府県コード": 45, "市区町村コード": 201, "所在地": "宮崎県宮崎市中村西１丁目３番４号", "緯度": 31.902027, "経度": 131.418725, "url": "https://www.iryou.teikyouseido.mhlw.go.jp/znk-web/juminkanja/S2430/initialize?prefCd=45&kikanCd=5453114250&kikanKbn=5", "url2": null, "内容": "有限会社江南調剤薬局【5:薬局】宮崎県宮崎市中村西１丁目３番４号" }, "geometry": { "type": "Point", "coordinates": [ 131.418725, 31.902027 ] } },
{ "type": "Feature", "properties": { "ID": 4555453114410, "正式名称": "ハロー薬局天神山店", "機関区分": 5, "都道府県コード": 45, "市区町村コード": 201, "所在地": "宮崎県宮崎市谷川１丁目７ー１０ー１Ｆ", "緯度": 31.902166, "経度": 131.414944, "url": "https://www.iryou.teikyouseido.mhlw.go.jp/znk-web/juminkanja/S2430/initialize?prefCd=45&kikanCd=5453114410&kikanKbn=5", "url2": null, "内容": "ハロー薬局天神山店【5:薬局】宮崎県宮崎市谷川１丁目７ー１０ー１Ｆ" }, "geometry": { "type": "Point", "coordinates": [ 131.414944, 31.902166 ] } },
{ "type": "Feature", "properties": { "ID": 4555453114670, "正式名称": "会営　ひがし薬局", "機関区分": 5, "都道府県コード": 45, "市区町村コード": 201, "所在地": "宮崎県宮崎市大字田吉４９７７番４０３", "緯度": 31.868369, "経度": 131.445438, "url": "https://www.iryou.teikyouseido.mhlw.go.jp/znk-web/juminkanja/S2430/initialize?prefCd=45&kikanCd=5453114670&kikanKbn=5", "url2": null, "内容": "会営　ひがし薬局【5:薬局】宮崎県宮崎市大字田吉４９７７番４０３" }, "geometry": { "type": "Point", "coordinates": [ 131.445438, 31.868369 ] } },
{ "type": "Feature", "properties": { "ID": 4555453115000, "正式名称": "城ヶ崎薬局", "機関区分": 5, "都道府県コード": 45, "市区町村コード": 201, "所在地": "宮崎県宮崎市城ヶ崎３丁目２３ー５", "緯度": 31.895586, "経度": 131.432079, "url": "https://www.iryou.teikyouseido.mhlw.go.jp/znk-web/juminkanja/S2430/initialize?prefCd=45&kikanCd=5453115000&kikanKbn=5", "url2": null, "内容": "城ヶ崎薬局【5:薬局】宮崎県宮崎市城ヶ崎３丁目２３ー５" }, "geometry": { "type": "Point", "coordinates": [ 131.432079, 31.895586 ] } },
{ "type": "Feature", "properties": { "ID": 4555453115260, "正式名称": "創明薬局", "機関区分": 5, "都道府県コード": 45, "市区町村コード": 201, "所在地": "宮崎県宮崎市大字恒久１０３４番地４", "緯度": 31.878271, "経度": 131.426364, "url": "https://www.iryou.teikyouseido.mhlw.go.jp/znk-web/juminkanja/S2430/initialize?prefCd=45&kikanCd=5453115260&kikanKbn=5", "url2": null, "内容": "創明薬局【5:薬局】宮崎県宮崎市大字恒久１０３４番地４" }, "geometry": { "type": "Point", "coordinates": [ 131.426364, 31.878271 ] } },
{ "type": "Feature", "properties": { "ID": 4555453115420, "正式名称": "わかな薬局", "機関区分": 5, "都道府県コード": 45, "市区町村コード": 201, "所在地": "宮崎県宮崎市大字恒久９３５番地３　サウスコートスギヤマ１０５", "緯度": 31.880785, "経度": 131.42727, "url": "https://www.iryou.teikyouseido.mhlw.go.jp/znk-web/juminkanja/S2430/initialize?prefCd=45&kikanCd=5453115420&kikanKbn=5", "url2": null, "内容": "わかな薬局【5:薬局】宮崎県宮崎市大字恒久９３５番地３　サウスコートスギヤマ１０５" }, "geometry": { "type": "Point", "coordinates": [ 131.42727, 31.880785 ] } },
{ "type": "Feature", "properties": { "ID": 4555453115680, "正式名称": "みなみ薬局", "機関区分": 5, "都道府県コード": 45, "市区町村コード": 201, "所在地": "宮崎県宮崎市恒久９０７番地８", "緯度": 31.882414, "経度": 131.427196, "url": "https://www.iryou.teikyouseido.mhlw.go.jp/znk-web/juminkanja/S2430/initialize?prefCd=45&kikanCd=5453115680&kikanKbn=5", "url2": "http://minamiyakkyoku.jp", "内容": "みなみ薬局【5:薬局】宮崎県宮崎市恒久９０７番地８" }, "geometry": { "type": "Point", "coordinates": [ 131.427196, 31.882414 ] } },
{ "type": "Feature", "properties": { "ID": 4555453115710, "正式名称": "いるか薬局", "機関区分": 5, "都道府県コード": 45, "市区町村コード": 201, "所在地": "宮崎県宮崎市大字恒久５９８７の５", "緯度": 31.889158, "経度": 131.404768, "url": "https://www.iryou.teikyouseido.mhlw.go.jp/znk-web/juminkanja/S2430/initialize?prefCd=45&kikanCd=5453115710&kikanKbn=5", "url2": null, "内容": "いるか薬局【5:薬局】宮崎県宮崎市大字恒久５９８７の５" }, "geometry": { "type": "Point", "coordinates": [ 131.404768, 31.889158 ] } },
{ "type": "Feature", "properties": { "ID": 4555453115840, "正式名称": "ひまわり薬局　恒久店", "機関区分": 5, "都道府県コード": 45, "市区町村コード": 201, "所在地": "宮崎県宮崎市大字恒久字山下５９４１番４", "緯度": 31.892343, "経度": 131.40606, "url": "https://www.iryou.teikyouseido.mhlw.go.jp/znk-web/juminkanja/S2430/initialize?prefCd=45&kikanCd=5453115840&kikanKbn=5", "url2": null, "内容": "ひまわり薬局　恒久店【5:薬局】宮崎県宮崎市大字恒久字山下５９４１番４" }, "geometry": { "type": "Point", "coordinates": [ 131.40606, 31.892343 ] } },
{ "type": "Feature", "properties": { "ID": 4555453115970, "正式名称": "あさひ調剤薬局", "機関区分": 5, "都道府県コード": 45, "市区町村コード": 201, "所在地": "宮崎県宮崎市恒久", "緯度": 31.890312, "経度": 131.406065, "url": "https://www.iryou.teikyouseido.mhlw.go.jp/znk-web/juminkanja/S2430/initialize?prefCd=45&kikanCd=5453115970&kikanKbn=5", "url2": null, "内容": "あさひ調剤薬局【5:薬局】宮崎県宮崎市恒久" }, "geometry": { "type": "Point", "coordinates": [ 131.406065, 31.890312 ] } },
{ "type": "Feature", "properties": { "ID": 4555453116010, "正式名称": "あすなろ薬局", "機関区分": 5, "都道府県コード": 45, "市区町村コード": 201, "所在地": "宮崎県宮崎市城ケ崎３丁目２番地８", "緯度": 31.898878, "経度": 131.431663, "url": "https://www.iryou.teikyouseido.mhlw.go.jp/znk-web/juminkanja/S2430/initialize?prefCd=45&kikanCd=5453116010&kikanKbn=5", "url2": null, "内容": "あすなろ薬局【5:薬局】宮崎県宮崎市城ケ崎３丁目２番地８" }, "geometry": { "type": "Point", "coordinates": [ 131.431663, 31.898878 ] } },
{ "type": "Feature", "properties": { "ID": 4555453116140, "正式名称": "漢方専門薬局宮崎厚仁堂", "機関区分": 5, "都道府県コード": 45, "市区町村コード": 201, "所在地": "宮崎県宮崎市城ケ崎３ー１３ー４", "緯度": 31.896461, "経度": 131.429932, "url": "https://www.iryou.teikyouseido.mhlw.go.jp/znk-web/juminkanja/S2430/initialize?prefCd=45&kikanCd=5453116140&kikanKbn=5", "url2": null, "内容": "漢方専門薬局宮崎厚仁堂【5:薬局】宮崎県宮崎市城ケ崎３ー１３ー４" }, "geometry": { "type": "Point", "coordinates": [ 131.429932, 31.896461 ] } },
{ "type": "Feature", "properties": { "ID": 4555453116430, "正式名称": "くどみ薬局", "機関区分": 5, "都道府県コード": 45, "市区町村コード": 201, "所在地": "宮崎県宮崎市本郷南方２１０１番地３", "緯度": 31.856414, "経度": 131.434595, "url": "https://www.iryou.teikyouseido.mhlw.go.jp/znk-web/juminkanja/S2430/initialize?prefCd=45&kikanCd=5453116430&kikanKbn=5", "url2": null, "内容": "くどみ薬局【5:薬局】宮崎県宮崎市本郷南方２１０１番地３" }, "geometry": { "type": "Point", "coordinates": [ 131.434595, 31.856414 ] } },
{ "type": "Feature", "properties": { "ID": 4555453116560, "正式名称": "あじさい薬局", "機関区分": 5, "都道府県コード": 45, "市区町村コード": 201, "所在地": "宮崎県宮崎市本郷南方２１０２ー４", "緯度": 31.856422, "経度": 131.434873, "url": "https://www.iryou.teikyouseido.mhlw.go.jp/znk-web/juminkanja/S2430/initialize?prefCd=45&kikanCd=5453116560&kikanKbn=5", "url2": null, "内容": "あじさい薬局【5:薬局】宮崎県宮崎市本郷南方２１０２ー４" }, "geometry": { "type": "Point", "coordinates": [ 131.434873, 31.856422 ] } },
{ "type": "Feature", "properties": { "ID": 4555453116720, "正式名称": "本郷あおば薬局", "機関区分": 5, "都道府県コード": 45, "市区町村コード": 201, "所在地": "宮崎県宮崎市本郷南方字榎田２４７６－３", "緯度": 31.855247, "経度": 131.43462, "url": "https://www.iryou.teikyouseido.mhlw.go.jp/znk-web/juminkanja/S2430/initialize?prefCd=45&kikanCd=5453116720&kikanKbn=5", "url2": "http://www.aoba-ph.com/", "内容": "本郷あおば薬局【5:薬局】宮崎県宮崎市本郷南方字榎田２４７６－３" }, "geometry": { "type": "Point", "coordinates": [ 131.43462, 31.855247 ] } },
{ "type": "Feature", "properties": { "ID": 4555453116850, "正式名称": "とまと薬局", "機関区分": 5, "都道府県コード": 45, "市区町村コード": 201, "所在地": "宮崎県宮崎市大字本郷南方２４７７番地１", "緯度": 31.854641, "経度": 131.434679, "url": "https://www.iryou.teikyouseido.mhlw.go.jp/znk-web/juminkanja/S2430/initialize?prefCd=45&kikanCd=5453116850&kikanKbn=5", "url2": "https://www.manabino2396.com/", "内容": "とまと薬局【5:薬局】宮崎県宮崎市大字本郷南方２４７７番地１" }, "geometry": { "type": "Point", "coordinates": [ 131.434679, 31.854641 ] } },
{ "type": "Feature", "properties": { "ID": 4555453117020, "正式名称": "ひまわり薬局まなび野店", "機関区分": 5, "都道府県コード": 45, "市区町村コード": 201, "所在地": "宮崎県宮崎市大字本郷北方字山崎３５８４ー４", "緯度": 31.86928, "経度": 131.422907, "url": "https://www.iryou.teikyouseido.mhlw.go.jp/znk-web/juminkanja/S2430/initialize?prefCd=45&kikanCd=5453117020&kikanKbn=5", "url2": "http://www.himuka-medical.com/", "内容": "ひまわり薬局まなび野店【5:薬局】宮崎県宮崎市大字本郷北方字山崎３５８４ー４" }, "geometry": { "type": "Point", "coordinates": [ 131.422907, 31.86928 ] } },
{ "type": "Feature", "properties": { "ID": 4555453117310, "正式名称": "まなび野薬局", "機関区分": 5, "都道府県コード": 45, "市区町村コード": 201, "所在地": "宮崎県宮崎市まなび野２丁目３９番地６", "緯度": 31.859319, "経度": 131.419838, "url": "https://www.iryou.teikyouseido.mhlw.go.jp/znk-web/juminkanja/S2430/initialize?prefCd=45&kikanCd=5453117310&kikanKbn=5", "url2": "http://www.e-classa.net/manabino/        https://www.manabino2396.com", "内容": "まなび野薬局【5:薬局】宮崎県宮崎市まなび野２丁目３９番地６" }, "geometry": { "type": "Point", "coordinates": [ 131.419838, 31.859319 ] } },
{ "type": "Feature", "properties": { "ID": 4555453117440, "正式名称": "まなべる薬局", "機関区分": 5, "都道府県コード": 45, "市区町村コード": 201, "所在地": "宮崎県宮崎市まなび野２丁目３７−８", "緯度": 31.860209, "経度": 131.420131, "url": "https://www.iryou.teikyouseido.mhlw.go.jp/znk-web/juminkanja/S2430/initialize?prefCd=45&kikanCd=5453117440&kikanKbn=5", "url2": "http://mannabell.com/", "内容": "まなべる薬局【5:薬局】宮崎県宮崎市まなび野２丁目３７−８" }, "geometry": { "type": "Point", "coordinates": [ 131.420131, 31.860209 ] } },
{ "type": "Feature", "properties": { "ID": 4555453117570, "正式名称": "おおつぼ町薬局", "機関区分": 5, "都道府県コード": 45, "市区町村コード": 201, "所在地": "宮崎県宮崎市大坪町西六月２２０７ー５", "緯度": 31.89571, "経度": 131.407043, "url": "https://www.iryou.teikyouseido.mhlw.go.jp/znk-web/juminkanja/S2430/initialize?prefCd=45&kikanCd=5453117570&kikanKbn=5", "url2": "https://koken-pharmacy.jp/access/", "内容": "おおつぼ町薬局【5:薬局】宮崎県宮崎市大坪町西六月２２０７ー５" }, "geometry": { "type": "Point", "coordinates": [ 131.407043, 31.89571 ] } },
{ "type": "Feature", "properties": { "ID": 4555453117600, "正式名称": "瞳薬局", "機関区分": 5, "都道府県コード": 45, "市区町村コード": 201, "所在地": "宮崎県宮崎市花山手東１丁目２ー４", "緯度": 31.907964, "経度": 131.404404, "url": "https://www.iryou.teikyouseido.mhlw.go.jp/znk-web/juminkanja/S2430/initialize?prefCd=45&kikanCd=5453117600&kikanKbn=5", "url2": "https://www.hitomi-ph.jp/", "内容": "瞳薬局【5:薬局】宮崎県宮崎市花山手東１丁目２ー４" }, "geometry": { "type": "Point", "coordinates": [ 131.404404, 31.907964 ] } },
{ "type": "Feature", "properties": { "ID": 4555453117730, "正式名称": "ヘルツ薬局", "機関区分": 5, "都道府県コード": 45, "市区町村コード": 201, "所在地": "宮崎県宮崎市大坪西１丁目１番地７", "緯度": 31.895941, "経度": 131.406054, "url": "https://www.iryou.teikyouseido.mhlw.go.jp/znk-web/juminkanja/S2430/initialize?prefCd=45&kikanCd=5453117730&kikanKbn=5", "url2": null, "内容": "ヘルツ薬局【5:薬局】宮崎県宮崎市大坪西１丁目１番地７" }, "geometry": { "type": "Point", "coordinates": [ 131.406054, 31.895941 ] } },
{ "type": "Feature", "properties": { "ID": 4555453117860, "正式名称": "花山手あおば薬局", "機関区分": 5, "都道府県コード": 45, "市区町村コード": 201, "所在地": "宮崎県宮崎市大坪町大坪４３１７ー５", "緯度": 31.897491, "経度": 131.398918, "url": "https://www.iryou.teikyouseido.mhlw.go.jp/znk-web/juminkanja/S2430/initialize?prefCd=45&kikanCd=5453117860&kikanKbn=5", "url2": null, "内容": "花山手あおば薬局【5:薬局】宮崎県宮崎市大坪町大坪４３１７ー５" }, "geometry": { "type": "Point", "coordinates": [ 131.398918, 31.897491 ] } },
{ "type": "Feature", "properties": { "ID": 4555453117990, "正式名称": "薬局　ラベンダーファーマシー", "機関区分": 5, "都道府県コード": 45, "市区町村コード": 201, "所在地": "宮崎県宮崎市天満３丁目１ー１１", "緯度": 31.896754, "経度": 131.416046, "url": "https://www.iryou.teikyouseido.mhlw.go.jp/znk-web/juminkanja/S2430/initialize?prefCd=45&kikanCd=5453117990&kikanKbn=5", "url2": null, "内容": "薬局　ラベンダーファーマシー【5:薬局】宮崎県宮崎市天満３丁目１ー１１" }, "geometry": { "type": "Point", "coordinates": [ 131.416046, 31.896754 ] } },
{ "type": "Feature", "properties": { "ID": 4555453118030, "正式名称": "瞳薬局　花店", "機関区分": 5, "都道府県コード": 45, "市区町村コード": 201, "所在地": "宮崎県宮崎市花山手西１丁目６番３号", "緯度": 31.903399, "経度": 131.39963, "url": "https://www.iryou.teikyouseido.mhlw.go.jp/znk-web/juminkanja/S2430/initialize?prefCd=45&kikanCd=5453118030&kikanKbn=5", "url2": "https://www.hitomi-ph.jp/", "内容": "瞳薬局　花店【5:薬局】宮崎県宮崎市花山手西１丁目６番３号" }, "geometry": { "type": "Point", "coordinates": [ 131.39963, 31.903399 ] } },
{ "type": "Feature", "properties": { "ID": 4555453118160, "正式名称": "ファミリー調剤薬局", "機関区分": 5, "都道府県コード": 45, "市区町村コード": 201, "所在地": "宮崎県宮崎市北川内町乱橋３６１８番地２０", "緯度": 31.903938, "経度": 131.391478, "url": "https://www.iryou.teikyouseido.mhlw.go.jp/znk-web/juminkanja/S2430/initialize?prefCd=45&kikanCd=5453118160&kikanKbn=5", "url2": "https://www.familyph-miyazaki.com/", "内容": "ファミリー調剤薬局【5:薬局】宮崎県宮崎市北川内町乱橋３６１８番地２０" }, "geometry": { "type": "Point", "coordinates": [ 131.391478, 31.903938 ] } },
{ "type": "Feature", "properties": { "ID": 4555453118290, "正式名称": "さくら薬局", "機関区分": 5, "都道府県コード": 45, "市区町村コード": 201, "所在地": "宮崎県宮崎市生目台東４丁目１８番地６", "緯度": 31.905519, "経度": 131.376842, "url": "https://www.iryou.teikyouseido.mhlw.go.jp/znk-web/juminkanja/S2430/initialize?prefCd=45&kikanCd=5453118290&kikanKbn=5", "url2": "https://ikomamedical.com", "内容": "さくら薬局【5:薬局】宮崎県宮崎市生目台東４丁目１８番地６" }, "geometry": { "type": "Point", "coordinates": [ 131.376842, 31.905519 ] } },
{ "type": "Feature", "properties": { "ID": 4555453118320, "正式名称": "マリン薬局大塚店", "機関区分": 5, "都道府県コード": 45, "市区町村コード": 201, "所在地": "宮崎県宮崎市大塚町原ノ前１５８０番地４", "緯度": 31.920257, "経度": 131.396315, "url": "https://www.iryou.teikyouseido.mhlw.go.jp/znk-web/juminkanja/S2430/initialize?prefCd=45&kikanCd=5453118320&kikanKbn=5", "url2": null, "内容": "マリン薬局大塚店【5:薬局】宮崎県宮崎市大塚町原ノ前１５８０番地４" }, "geometry": { "type": "Point", "coordinates": [ 131.396315, 31.920257 ] } },
{ "type": "Feature", "properties": { "ID": 4555453118450, "正式名称": "エリアおおつか薬局", "機関区分": 5, "都道府県コード": 45, "市区町村コード": 201, "所在地": "宮崎県宮崎市大塚町宮田２９３６番３号", "緯度": 31.914991, "経度": 131.396893, "url": "https://www.iryou.teikyouseido.mhlw.go.jp/znk-web/juminkanja/S2430/initialize?prefCd=45&kikanCd=5453118450&kikanKbn=5", "url2": "http://koken-pharmacy.jp/", "内容": "エリアおおつか薬局【5:薬局】宮崎県宮崎市大塚町宮田２９３６番３号" }, "geometry": { "type": "Point", "coordinates": [ 131.396893, 31.914991 ] } },
{ "type": "Feature", "properties": { "ID": 4555453118580, "正式名称": "そうごう薬局大塚店", "機関区分": 5, "都道府県コード": 45, "市区町村コード": 201, "所在地": "宮崎県宮崎市大塚町樋ノ口１８８４番５", "緯度": 31.919186, "経度": 131.400614, "url": "https://www.iryou.teikyouseido.mhlw.go.jp/znk-web/juminkanja/S2430/initialize?prefCd=45&kikanCd=5453118580&kikanKbn=5", "url2": "https://www.sogo-medical.co.jp/sp/sogopharmacy/", "内容": "そうごう薬局大塚店【5:薬局】宮崎県宮崎市大塚町樋ノ口１８８４番５" }, "geometry": { "type": "Point", "coordinates": [ 131.400614, 31.919186 ] } },
{ "type": "Feature", "properties": { "ID": 4555453118610, "正式名称": "桜ヶ丘薬局", "機関区分": 5, "都道府県コード": 45, "市区町村コード": 201, "所在地": "宮崎県宮崎市大塚町無量寺道下３８ー１", "緯度": 31.932131, "経度": 131.399503, "url": "https://www.iryou.teikyouseido.mhlw.go.jp/znk-web/juminkanja/S2430/initialize?prefCd=45&kikanCd=5453118610&kikanKbn=5", "url2": null, "内容": "桜ヶ丘薬局【5:薬局】宮崎県宮崎市大塚町無量寺道下３８ー１" }, "geometry": { "type": "Point", "coordinates": [ 131.399503, 31.932131 ] } },
{ "type": "Feature", "properties": { "ID": 4555453118870, "正式名称": "タカフジ薬局　大塚店", "機関区分": 5, "都道府県コード": 45, "市区町村コード": 201, "所在地": "宮崎県宮崎市大塚町権現昔７８１ー１１", "緯度": 31.923332, "経度": 131.397451, "url": "https://www.iryou.teikyouseido.mhlw.go.jp/znk-web/juminkanja/S2430/initialize?prefCd=45&kikanCd=5453118870&kikanKbn=5", "url2": null, "内容": "タカフジ薬局　大塚店【5:薬局】宮崎県宮崎市大塚町権現昔７８１ー１１" }, "geometry": { "type": "Point", "coordinates": [ 131.397451, 31.923332 ] } },
{ "type": "Feature", "properties": { "ID": 4555453118900, "正式名称": "たのうえ調剤薬局", "機関区分": 5, "都道府県コード": 45, "市区町村コード": 201, "所在地": "宮崎県宮崎市大塚町田渕ケ原４０７１番地", "緯度": 31.909647, "経度": 131.391169, "url": "https://www.iryou.teikyouseido.mhlw.go.jp/znk-web/juminkanja/S2430/initialize?prefCd=45&kikanCd=5453118900&kikanKbn=5", "url2": null, "内容": "たのうえ調剤薬局【5:薬局】宮崎県宮崎市大塚町田渕ケ原４０７１番地" }, "geometry": { "type": "Point", "coordinates": [ 131.391169, 31.909647 ] } },
{ "type": "Feature", "properties": { "ID": 4555453119330, "正式名称": "いこい調剤薬局", "機関区分": 5, "都道府県コード": 45, "市区町村コード": 201, "所在地": "宮崎県宮崎市大塚台西１丁目１番地４２", "緯度": 31.923584, "経度": 131.388791, "url": "https://www.iryou.teikyouseido.mhlw.go.jp/znk-web/juminkanja/S2430/initialize?prefCd=45&kikanCd=5453119330&kikanKbn=5", "url2": "https://151ikoi.com/", "内容": "いこい調剤薬局【5:薬局】宮崎県宮崎市大塚台西１丁目１番地４２" }, "geometry": { "type": "Point", "coordinates": [ 131.388791, 31.923584 ] } },
{ "type": "Feature", "properties": { "ID": 4555453119590, "正式名称": "わかくさ薬局", "機関区分": 5, "都道府県コード": 45, "市区町村コード": 201, "所在地": "宮崎県宮崎市大字小松２８４０ー４", "緯度": 31.927262, "経度": 131.38256, "url": "https://www.iryou.teikyouseido.mhlw.go.jp/znk-web/juminkanja/S2430/initialize?prefCd=45&kikanCd=5453119590&kikanKbn=5", "url2": "https://www.st-medic.net/", "内容": "わかくさ薬局【5:薬局】宮崎県宮崎市大字小松２８４０ー４" }, "geometry": { "type": "Point", "coordinates": [ 131.38256, 31.927262 ] } },
{ "type": "Feature", "properties": { "ID": 4555453120020, "正式名称": "杉光薬局", "機関区分": 5, "都道府県コード": 45, "市区町村コード": 201, "所在地": "宮崎県宮崎市小松字町屋敷６６７－２", "緯度": 31.938725, "経度": 131.400626, "url": "https://www.iryou.teikyouseido.mhlw.go.jp/znk-web/juminkanja/S2430/initialize?prefCd=45&kikanCd=5453120020&kikanKbn=5", "url2": null, "内容": "杉光薬局【5:薬局】宮崎県宮崎市小松字町屋敷６６７－２" }, "geometry": { "type": "Point", "coordinates": [ 131.400626, 31.938725 ] } },
{ "type": "Feature", "properties": { "ID": 4555453120280, "正式名称": "愛健調剤薬局", "機関区分": 5, "都道府県コード": 45, "市区町村コード": 201, "所在地": "宮崎県宮崎市高岡町花見９４４番地４", "緯度": 31.942984, "経度": 131.333552, "url": "https://www.iryou.teikyouseido.mhlw.go.jp/znk-web/juminkanja/S2430/initialize?prefCd=45&kikanCd=5453120280&kikanKbn=5", "url2": null, "内容": "愛健調剤薬局【5:薬局】宮崎県宮崎市高岡町花見９４４番地４" }, "geometry": { "type": "Point", "coordinates": [ 131.333552, 31.942984 ] } },
{ "type": "Feature", "properties": { "ID": 4555453120310, "正式名称": "高岡調剤薬局", "機関区分": 5, "都道府県コード": 45, "市区町村コード": 201, "所在地": "宮崎県宮崎市高岡町五町３５３番地４", "緯度": 31.956004, "経度": 131.298281, "url": "https://www.iryou.teikyouseido.mhlw.go.jp/znk-web/juminkanja/S2430/initialize?prefCd=45&kikanCd=5453120310&kikanKbn=5", "url2": null, "内容": "高岡調剤薬局【5:薬局】宮崎県宮崎市高岡町五町３５３番地４" }, "geometry": { "type": "Point", "coordinates": [ 131.298281, 31.956004 ] } },
{ "type": "Feature", "properties": { "ID": 4555453120440, "正式名称": "ドラッグストアモリモト　調剤薬局", "機関区分": 5, "都道府県コード": 45, "市区町村コード": 201, "所在地": "宮崎県宮崎市高岡町五町２５５", "緯度": 31.956023, "経度": 131.300303, "url": "https://www.iryou.teikyouseido.mhlw.go.jp/znk-web/juminkanja/S2430/initialize?prefCd=45&kikanCd=5453120440&kikanKbn=5", "url2": null, "内容": "ドラッグストアモリモト　調剤薬局【5:薬局】宮崎県宮崎市高岡町五町２５５" }, "geometry": { "type": "Point", "coordinates": [ 131.300303, 31.956023 ] } },
{ "type": "Feature", "properties": { "ID": 4555453120570, "正式名称": "やました薬局　高岡店", "機関区分": 5, "都道府県コード": 45, "市区町村コード": 201, "所在地": "宮崎県宮崎市高岡町飯田４丁目５番地１", "緯度": 31.956058, "経度": 131.303669, "url": "https://www.iryou.teikyouseido.mhlw.go.jp/znk-web/juminkanja/S2430/initialize?prefCd=45&kikanCd=5453120570&kikanKbn=5", "url2": "http://yamashita-ph.main.jp/", "内容": "やました薬局　高岡店【5:薬局】宮崎県宮崎市高岡町飯田４丁目５番地１" }, "geometry": { "type": "Point", "coordinates": [ 131.303669, 31.956058 ] } },
{ "type": "Feature", "properties": { "ID": 4555453120730, "正式名称": "よつば薬局", "機関区分": 5, "都道府県コード": 45, "市区町村コード": 201, "所在地": "宮崎県宮崎市清武町池田台北３４－４２", "緯度": 31.87996, "経度": 131.393531, "url": "https://www.iryou.teikyouseido.mhlw.go.jp/znk-web/juminkanja/S2430/initialize?prefCd=45&kikanCd=5453120730&kikanKbn=5", "url2": "https://wagokoro-h.com/", "内容": "よつば薬局【5:薬局】宮崎県宮崎市清武町池田台北３４－４２" }, "geometry": { "type": "Point", "coordinates": [ 131.393531, 31.87996 ] } },
{ "type": "Feature", "properties": { "ID": 4555453120860, "正式名称": "会営薬局清武地区研修センター", "機関区分": 5, "都道府県コード": 45, "市区町村コード": 201, "所在地": "宮崎県宮崎市清武町木原横小路５３０４ー１", "緯度": 31.842575, "経度": 131.399016, "url": "https://www.iryou.teikyouseido.mhlw.go.jp/znk-web/juminkanja/S2430/initialize?prefCd=45&kikanCd=5453120860&kikanKbn=5", "url2": "http://www.shiyaku-miyazaki.or.jp", "内容": "会営薬局清武地区研修センター【5:薬局】宮崎県宮崎市清武町木原横小路５３０４ー１" }, "geometry": { "type": "Point", "coordinates": [ 131.399016, 31.842575 ] } },
{ "type": "Feature", "properties": { "ID": 4555453120990, "正式名称": "日本調剤宮大前薬局", "機関区分": 5, "都道府県コード": 45, "市区町村コード": 201, "所在地": "宮崎県宮崎市清武町木原", "緯度": 31.842561, "経度": 131.3987, "url": "https://www.iryou.teikyouseido.mhlw.go.jp/znk-web/juminkanja/S2430/initialize?prefCd=45&kikanCd=5453120990&kikanKbn=5", "url2": "http://www.nicho.co.jp/", "内容": "日本調剤宮大前薬局【5:薬局】宮崎県宮崎市清武町木原" }, "geometry": { "type": "Point", "coordinates": [ 131.3987, 31.842561 ] } },
{ "type": "Feature", "properties": { "ID": 4555453121290, "正式名称": "あおぞら薬局", "機関区分": 5, "都道府県コード": 45, "市区町村コード": 201, "所在地": "宮崎県宮崎市清武町西新町１１番地１１", "緯度": 31.853102, "経度": 131.390124, "url": "https://www.iryou.teikyouseido.mhlw.go.jp/znk-web/juminkanja/S2430/initialize?prefCd=45&kikanCd=5453121290&kikanKbn=5", "url2": "http://aozorapharmacy-group.com/", "内容": "あおぞら薬局【5:薬局】宮崎県宮崎市清武町西新町１１番地１１" }, "geometry": { "type": "Point", "coordinates": [ 131.390124, 31.853102 ] } },
{ "type": "Feature", "properties": { "ID": 4555453121320, "正式名称": "松尾薬局", "機関区分": 5, "都道府県コード": 45, "市区町村コード": 201, "所在地": "宮崎県宮崎市清武町船引１３６番地２", "緯度": 31.85491, "経度": 131.387474, "url": "https://www.iryou.teikyouseido.mhlw.go.jp/znk-web/juminkanja/S2430/initialize?prefCd=45&kikanCd=5453121320&kikanKbn=5", "url2": null, "内容": "松尾薬局【5:薬局】宮崎県宮崎市清武町船引１３６番地２" }, "geometry": { "type": "Point", "coordinates": [ 131.387474, 31.85491 ] } },
{ "type": "Feature", "properties": { "ID": 4555453121580, "正式名称": "池田台薬局", "機関区分": 5, "都道府県コード": 45, "市区町村コード": 201, "所在地": "宮崎県宮崎市清武町加納甲１３３５－１", "緯度": 31.872866, "経度": 131.392407, "url": "https://www.iryou.teikyouseido.mhlw.go.jp/znk-web/juminkanja/S2430/initialize?prefCd=45&kikanCd=5453121580&kikanKbn=5", "url2": "https://aozorapharmacy-group.com/", "内容": "池田台薬局【5:薬局】宮崎県宮崎市清武町加納甲１３３５－１" }, "geometry": { "type": "Point", "coordinates": [ 131.392407, 31.872866 ] } },
{ "type": "Feature", "properties": { "ID": 4555453121610, "正式名称": "ハート薬局", "機関区分": 5, "都道府県コード": 45, "市区町村コード": 201, "所在地": "宮崎県宮崎市清武町加納２丁目５５番地１", "緯度": 31.872087, "経度": 131.397547, "url": "https://www.iryou.teikyouseido.mhlw.go.jp/znk-web/juminkanja/S2430/initialize?prefCd=45&kikanCd=5453121610&kikanKbn=5", "url2": "http://www.heart-kampo-pharmacy.com", "内容": "ハート薬局【5:薬局】宮崎県宮崎市清武町加納２丁目５５番地１" }, "geometry": { "type": "Point", "coordinates": [ 131.397547, 31.872087 ] } },
{ "type": "Feature", "properties": { "ID": 4555453121870, "正式名称": "かのう薬局", "機関区分": 5, "都道府県コード": 45, "市区町村コード": 201, "所在地": "宮崎県宮崎市清武町加納２丁目４１番２", "緯度": 31.872631, "経度": 131.3994, "url": "https://www.iryou.teikyouseido.mhlw.go.jp/znk-web/juminkanja/S2430/initialize?prefCd=45&kikanCd=5453121870&kikanKbn=5", "url2": "http://www.pro-pharma.co.jp/", "内容": "かのう薬局【5:薬局】宮崎県宮崎市清武町加納２丁目４１番２" }, "geometry": { "type": "Point", "coordinates": [ 131.3994, 31.872631 ] } },
{ "type": "Feature", "properties": { "ID": 4555453122170, "正式名称": "宮田薬局", "機関区分": 5, "都道府県コード": 45, "市区町村コード": 201, "所在地": "宮崎県宮崎市田野町甲２９０６の２", "緯度": 31.838288, "経度": 131.301322, "url": "https://www.iryou.teikyouseido.mhlw.go.jp/znk-web/juminkanja/S2430/initialize?prefCd=45&kikanCd=5453122170&kikanKbn=5", "url2": null, "内容": "宮田薬局【5:薬局】宮崎県宮崎市田野町甲２９０６の２" }, "geometry": { "type": "Point", "coordinates": [ 131.301322, 31.838288 ] } },
{ "type": "Feature", "properties": { "ID": 4555453122200, "正式名称": "田野中央薬局", "機関区分": 5, "都道府県コード": 45, "市区町村コード": 201, "所在地": "宮崎県宮崎市田野町南原１丁目６番地４", "緯度": 31.83726, "経度": 131.29643, "url": "https://www.iryou.teikyouseido.mhlw.go.jp/znk-web/juminkanja/S2430/initialize?prefCd=45&kikanCd=5453122200&kikanKbn=5", "url2": null, "内容": "田野中央薬局【5:薬局】宮崎県宮崎市田野町南原１丁目６番地４" }, "geometry": { "type": "Point", "coordinates": [ 131.29643, 31.83726 ] } },
{ "type": "Feature", "properties": { "ID": 4555453122330, "正式名称": "おおにし薬局", "機関区分": 5, "都道府県コード": 45, "市区町村コード": 201, "所在地": "宮崎県宮崎市田野町字大明神原乙９３５３ー７２", "緯度": 31.838743, "経度": 131.298683, "url": "https://www.iryou.teikyouseido.mhlw.go.jp/znk-web/juminkanja/S2430/initialize?prefCd=45&kikanCd=5453122330&kikanKbn=5", "url2": null, "内容": "おおにし薬局【5:薬局】宮崎県宮崎市田野町字大明神原乙９３５３ー７２" }, "geometry": { "type": "Point", "coordinates": [ 131.298683, 31.838743 ] } },
{ "type": "Feature", "properties": { "ID": 4555453122750, "正式名称": "つばさ薬局", "機関区分": 5, "都道府県コード": 45, "市区町村コード": 201, "所在地": "宮崎県宮崎市熊野４８２ー４", "緯度": 31.828649, "経度": 131.437998, "url": "https://www.iryou.teikyouseido.mhlw.go.jp/znk-web/juminkanja/S2430/initialize?prefCd=45&kikanCd=5453122750&kikanKbn=5", "url2": null, "内容": "つばさ薬局【5:薬局】宮崎県宮崎市熊野４８２ー４" }, "geometry": { "type": "Point", "coordinates": [ 131.437998, 31.828649 ] } },
{ "type": "Feature", "properties": { "ID": 4555453123760, "正式名称": "ファミリー調剤薬局北川内", "機関区分": 5, "都道府県コード": 45, "市区町村コード": 201, "所在地": "宮崎県宮崎市北川内町乱橋３６２８番２", "緯度": 31.904139, "経度": 131.39289, "url": "https://www.iryou.teikyouseido.mhlw.go.jp/znk-web/juminkanja/S2430/initialize?prefCd=45&kikanCd=5453123760&kikanKbn=5", "url2": "https://www.familyph-miyazaki.com/", "内容": "ファミリー調剤薬局北川内【5:薬局】宮崎県宮崎市北川内町乱橋３６２８番２" }, "geometry": { "type": "Point", "coordinates": [ 131.39289, 31.904139 ] } },
{ "type": "Feature", "properties": { "ID": 4555453123890, "正式名称": "二葉薬局　本郷", "機関区分": 5, "都道府県コード": 45, "市区町村コード": 201, "所在地": "宮崎県宮崎市本郷南方２５４５－４", "緯度": 31.851227, "経度": 131.433476, "url": "https://www.iryou.teikyouseido.mhlw.go.jp/znk-web/juminkanja/S2430/initialize?prefCd=45&kikanCd=5453123890&kikanKbn=5", "url2": "http://futaba-gr.co.jp/", "内容": "二葉薬局　本郷【5:薬局】宮崎県宮崎市本郷南方２５４５－４" }, "geometry": { "type": "Point", "coordinates": [ 131.433476, 31.851227 ] } },
{ "type": "Feature", "properties": { "ID": 4555453124060, "正式名称": "ファーマライズ薬局　宮崎店", "機関区分": 5, "都道府県コード": 45, "市区町村コード": 201, "所在地": "宮崎県宮崎市高松町１－１６", "緯度": 31.914057, "経度": 131.419573, "url": "https://www.iryou.teikyouseido.mhlw.go.jp/znk-web/juminkanja/S2430/initialize?prefCd=45&kikanCd=5453124060&kikanKbn=5", "url2": "http://www.pharmarise.com", "内容": "ファーマライズ薬局　宮崎店【5:薬局】宮崎県宮崎市高松町１－１６" }, "geometry": { "type": "Point", "coordinates": [ 131.419573, 31.914057 ] } },
{ "type": "Feature", "properties": { "ID": 4555453124220, "正式名称": "ひまわり高岡薬局", "機関区分": 5, "都道府県コード": 45, "市区町村コード": 201, "所在地": "宮崎県宮崎市高岡町下倉永４２６番地１", "緯度": 31.939895, "経度": 131.343315, "url": "https://www.iryou.teikyouseido.mhlw.go.jp/znk-web/juminkanja/S2430/initialize?prefCd=45&kikanCd=5453124220&kikanKbn=5", "url2": null, "内容": "ひまわり高岡薬局【5:薬局】宮崎県宮崎市高岡町下倉永４２６番地１" }, "geometry": { "type": "Point", "coordinates": [ 131.343315, 31.939895 ] } },
{ "type": "Feature", "properties": { "ID": 4555453124800, "正式名称": "みはな薬局", "機関区分": 5, "都道府県コード": 45, "市区町村コード": 201, "所在地": "宮崎県宮崎市熊野東正連寺１６７１", "緯度": 31.831901, "経度": 131.441073, "url": "https://www.iryou.teikyouseido.mhlw.go.jp/znk-web/juminkanja/S2430/initialize?prefCd=45&kikanCd=5453124800&kikanKbn=5", "url2": null, "内容": "みはな薬局【5:薬局】宮崎県宮崎市熊野東正連寺１６７１" }, "geometry": { "type": "Point", "coordinates": [ 131.441073, 31.831901 ] } },
{ "type": "Feature", "properties": { "ID": 4555453124930, "正式名称": "さつき調剤薬局", "機関区分": 5, "都道府県コード": 45, "市区町村コード": 201, "所在地": "宮崎県宮崎市大字郡司分甲１０６９ー４", "緯度": 31.846403, "経度": 131.433543, "url": "https://www.iryou.teikyouseido.mhlw.go.jp/znk-web/juminkanja/S2430/initialize?prefCd=45&kikanCd=5453124930&kikanKbn=5", "url2": null, "内容": "さつき調剤薬局【5:薬局】宮崎県宮崎市大字郡司分甲１０６９ー４" }, "geometry": { "type": "Point", "coordinates": [ 131.433543, 31.846403 ] } },
{ "type": "Feature", "properties": { "ID": 4555453125100, "正式名称": "瓜生野薬局", "機関区分": 5, "都道府県コード": 45, "市区町村コード": 201, "所在地": "宮崎県宮崎市瓜生野２２８７番地１０８", "緯度": 31.968019, "経度": 131.386764, "url": "https://www.iryou.teikyouseido.mhlw.go.jp/znk-web/juminkanja/S2430/initialize?prefCd=45&kikanCd=5453125100&kikanKbn=5", "url2": null, "内容": "瓜生野薬局【5:薬局】宮崎県宮崎市瓜生野２２８７番地１０８" }, "geometry": { "type": "Point", "coordinates": [ 131.386764, 31.968019 ] } },
{ "type": "Feature", "properties": { "ID": 4555453125360, "正式名称": "薬局エンゼルファーマシー広島店", "機関区分": 5, "都道府県コード": 45, "市区町村コード": 201, "所在地": "宮崎県宮崎市広島１丁目１－２２　藤井ビル１Ｆ", "緯度": 31.9132, "経度": 131.425063, "url": "https://www.iryou.teikyouseido.mhlw.go.jp/znk-web/juminkanja/S2430/initialize?prefCd=45&kikanCd=5453125360&kikanKbn=5", "url2": null, "内容": "薬局エンゼルファーマシー広島店【5:薬局】宮崎県宮崎市広島１丁目１－２２　藤井ビル１Ｆ" }, "geometry": { "type": "Point", "coordinates": [ 131.425063, 31.9132 ] } },
{ "type": "Feature", "properties": { "ID": 4555453125520, "正式名称": "カンナ薬局", "機関区分": 5, "都道府県コード": 45, "市区町村コード": 201, "所在地": "宮崎県宮崎市大橋１丁目６０番地１", "緯度": 31.91902, "経度": 131.41467, "url": "https://www.iryou.teikyouseido.mhlw.go.jp/znk-web/juminkanja/S2430/initialize?prefCd=45&kikanCd=5453125520&kikanKbn=5", "url2": "https://sukoyaka-ph.com/", "内容": "カンナ薬局【5:薬局】宮崎県宮崎市大橋１丁目６０番地１" }, "geometry": { "type": "Point", "coordinates": [ 131.41467, 31.91902 ] } },
{ "type": "Feature", "properties": { "ID": 4555453125780, "正式名称": "セラピス調剤薬局", "機関区分": 5, "都道府県コード": 45, "市区町村コード": 201, "所在地": "宮崎県宮崎市清武町船引字新川６３３番地３", "緯度": 31.877449, "経度": 131.366124, "url": "https://www.iryou.teikyouseido.mhlw.go.jp/znk-web/juminkanja/S2430/initialize?prefCd=45&kikanCd=5453125780&kikanKbn=5", "url2": null, "内容": "セラピス調剤薬局【5:薬局】宮崎県宮崎市清武町船引字新川６３３番地３" }, "geometry": { "type": "Point", "coordinates": [ 131.366124, 31.877449 ] } },
{ "type": "Feature", "properties": { "ID": 4555453125810, "正式名称": "広島通りほうゆう薬局", "機関区分": 5, "都道府県コード": 45, "市区町村コード": 201, "所在地": "宮崎県宮崎市広島２丁目８番３０号　グリーンヒル広島通り１０１号", "緯度": 31.913128, "経度": 131.428843, "url": "https://www.iryou.teikyouseido.mhlw.go.jp/znk-web/juminkanja/S2430/initialize?prefCd=45&kikanCd=5453125810&kikanKbn=5", "url2": null, "内容": "広島通りほうゆう薬局【5:薬局】宮崎県宮崎市広島２丁目８番３０号　グリーンヒル広島通り１０１号" }, "geometry": { "type": "Point", "coordinates": [ 131.428843, 31.913128 ] } },
{ "type": "Feature", "properties": { "ID": 4555453125940, "正式名称": "そうごう薬局　北権現店", "機関区分": 5, "都道府県コード": 45, "市区町村コード": 201, "所在地": "宮崎県宮崎市北権現町２２１－１", "緯度": 31.911095, "経度": 131.423893, "url": "https://www.iryou.teikyouseido.mhlw.go.jp/znk-web/juminkanja/S2430/initialize?prefCd=45&kikanCd=5453125940&kikanKbn=5", "url2": "https://shop.sogo-pharmacy.jp/detail/571/", "内容": "そうごう薬局　北権現店【5:薬局】宮崎県宮崎市北権現町２２１－１" }, "geometry": { "type": "Point", "coordinates": [ 131.423893, 31.911095 ] } },
{ "type": "Feature", "properties": { "ID": 4555453126080, "正式名称": "ファミリー調剤薬局　大塚店", "機関区分": 5, "都道府県コード": 45, "市区町村コード": 201, "所在地": "宮崎県宮崎市大塚町馬場崎３５２８番地５", "緯度": 31.913663, "経度": 131.391588, "url": "https://www.iryou.teikyouseido.mhlw.go.jp/znk-web/juminkanja/S2430/initialize?prefCd=45&kikanCd=5453126080&kikanKbn=5", "url2": "https://www.familyph-miyazaki.com/", "内容": "ファミリー調剤薬局　大塚店【5:薬局】宮崎県宮崎市大塚町馬場崎３５２８番地５" }, "geometry": { "type": "Point", "coordinates": [ 131.391588, 31.913663 ] } },
{ "type": "Feature", "properties": { "ID": 4555453126240, "正式名称": "スカイ薬局", "機関区分": 5, "都道府県コード": 45, "市区町村コード": 201, "所在地": "宮崎県宮崎市大塚町西ノ原１３１７番地４", "緯度": 31.920606, "経度": 131.395304, "url": "https://www.iryou.teikyouseido.mhlw.go.jp/znk-web/juminkanja/S2430/initialize?prefCd=45&kikanCd=5453126240&kikanKbn=5", "url2": "https://tron-grp.jp/medical/", "内容": "スカイ薬局【5:薬局】宮崎県宮崎市大塚町西ノ原１３１７番地４" }, "geometry": { "type": "Point", "coordinates": [ 131.395304, 31.920606 ] } },
{ "type": "Feature", "properties": { "ID": 4555453126370, "正式名称": "広島通り薬局", "機関区分": 5, "都道府県コード": 45, "市区町村コード": 201, "所在地": "宮崎県宮崎市広島１丁目１７番３３号１階", "緯度": 31.915184, "経度": 131.426784, "url": "https://www.iryou.teikyouseido.mhlw.go.jp/znk-web/juminkanja/S2430/initialize?prefCd=45&kikanCd=5453126370&kikanKbn=5", "url2": "http://www.technomix-miyazaki.jp/", "内容": "広島通り薬局【5:薬局】宮崎県宮崎市広島１丁目１７番３３号１階" }, "geometry": { "type": "Point", "coordinates": [ 131.426784, 31.915184 ] } },
{ "type": "Feature", "properties": { "ID": 4555453126530, "正式名称": "ありす薬局", "機関区分": 5, "都道府県コード": 45, "市区町村コード": 201, "所在地": "宮崎県宮崎市池内町８９９－７", "緯度": 31.960544, "経度": 131.412092, "url": "https://www.iryou.teikyouseido.mhlw.go.jp/znk-web/juminkanja/S2430/initialize?prefCd=45&kikanCd=5453126530&kikanKbn=5", "url2": null, "内容": "ありす薬局【5:薬局】宮崎県宮崎市池内町８９９－７" }, "geometry": { "type": "Point", "coordinates": [ 131.412092, 31.960544 ] } },
{ "type": "Feature", "properties": { "ID": 4555453126790, "正式名称": "なぎさ薬局", "機関区分": 5, "都道府県コード": 45, "市区町村コード": 201, "所在地": "宮崎県宮崎市天満１丁目１－９", "緯度": 31.901058, "経度": 131.415164, "url": "https://www.iryou.teikyouseido.mhlw.go.jp/znk-web/juminkanja/S2430/initialize?prefCd=45&kikanCd=5453126790&kikanKbn=5", "url2": null, "内容": "なぎさ薬局【5:薬局】宮崎県宮崎市天満１丁目１－９" }, "geometry": { "type": "Point", "coordinates": [ 131.415164, 31.901058 ] } },
{ "type": "Feature", "properties": { "ID": 4555453126820, "正式名称": "二葉薬局　松橋", "機関区分": 5, "都道府県コード": 45, "市区町村コード": 201, "所在地": "宮崎県宮崎市松橋２丁目１番２３号", "緯度": 31.911092, "経度": 131.415422, "url": "https://www.iryou.teikyouseido.mhlw.go.jp/znk-web/juminkanja/S2430/initialize?prefCd=45&kikanCd=5453126820&kikanKbn=5", "url2": "http://www.futaba-gr.co.jp/", "内容": "二葉薬局　松橋【5:薬局】宮崎県宮崎市松橋２丁目１番２３号" }, "geometry": { "type": "Point", "coordinates": [ 131.415422, 31.911092 ] } },
{ "type": "Feature", "properties": { "ID": 4555453126950, "正式名称": "国武薬局　おおつか店", "機関区分": 5, "都道府県コード": 45, "市区町村コード": 201, "所在地": "宮崎県宮崎市大塚町大迫南平４４４８－４", "緯度": 31.905587, "経度": 131.388824, "url": "https://www.iryou.teikyouseido.mhlw.go.jp/znk-web/juminkanja/S2430/initialize?prefCd=45&kikanCd=5453126950&kikanKbn=5", "url2": null, "内容": "国武薬局　おおつか店【5:薬局】宮崎県宮崎市大塚町大迫南平４４４８－４" }, "geometry": { "type": "Point", "coordinates": [ 131.388824, 31.905587 ] } },
{ "type": "Feature", "properties": { "ID": 4555453127090, "正式名称": "はる薬局", "機関区分": 5, "都道府県コード": 45, "市区町村コード": 201, "所在地": "宮崎県宮崎市浮田３３１３－１", "緯度": 31.929836, "経度": 131.378899, "url": "https://www.iryou.teikyouseido.mhlw.go.jp/znk-web/juminkanja/S2430/initialize?prefCd=45&kikanCd=5453127090&kikanKbn=5", "url2": "https://kusurinohana.jimdo.com/", "内容": "はる薬局【5:薬局】宮崎県宮崎市浮田３３１３－１" }, "geometry": { "type": "Point", "coordinates": [ 131.378899, 31.929836 ] } },
{ "type": "Feature", "properties": { "ID": 4555453127120, "正式名称": "みつばち薬局", "機関区分": 5, "都道府県コード": 45, "市区町村コード": 201, "所在地": "宮崎県宮崎市谷川１丁目７－２３", "緯度": 31.902472, "経度": 131.414708, "url": "https://www.iryou.teikyouseido.mhlw.go.jp/znk-web/juminkanja/S2430/initialize?prefCd=45&kikanCd=5453127120&kikanKbn=5", "url2": null, "内容": "みつばち薬局【5:薬局】宮崎県宮崎市谷川１丁目７－２３" }, "geometry": { "type": "Point", "coordinates": [ 131.414708, 31.902472 ] } },
{ "type": "Feature", "properties": { "ID": 4555453127250, "正式名称": "そうごう薬局　大坪店", "機関区分": 5, "都道府県コード": 45, "市区町村コード": 201, "所在地": "宮崎県宮崎市大坪町西六月２２１０番地５号", "緯度": 31.895546, "経度": 131.40749, "url": "https://www.iryou.teikyouseido.mhlw.go.jp/znk-web/juminkanja/S2430/initialize?prefCd=45&kikanCd=5453127250&kikanKbn=5", "url2": "https://www.sogo-medical.co.jp/sogopharmacy/shop/view/625", "内容": "そうごう薬局　大坪店【5:薬局】宮崎県宮崎市大坪町西六月２２１０番地５号" }, "geometry": { "type": "Point", "coordinates": [ 131.40749, 31.895546 ] } },
{ "type": "Feature", "properties": { "ID": 4555453127410, "正式名称": "まなべる薬局　加納バイパス店", "機関区分": 5, "都道府県コード": 45, "市区町村コード": 201, "所在地": "宮崎県宮崎市恒久字山下５９１４番５", "緯度": 31.890714, "経度": 131.405981, "url": "https://www.iryou.teikyouseido.mhlw.go.jp/znk-web/juminkanja/S2430/initialize?prefCd=45&kikanCd=5453127410&kikanKbn=5", "url2": "https://takao-yakuho.jp/", "内容": "まなべる薬局　加納バイパス店【5:薬局】宮崎県宮崎市恒久字山下５９１４番５" }, "geometry": { "type": "Point", "coordinates": [ 131.405981, 31.890714 ] } },
{ "type": "Feature", "properties": { "ID": 4555453127540, "正式名称": "マリーズ薬局　江平", "機関区分": 5, "都道府県コード": 45, "市区町村コード": 201, "所在地": "宮崎県宮崎市江平東１丁目４番３号", "緯度": 31.927116, "経度": 131.426493, "url": "https://www.iryou.teikyouseido.mhlw.go.jp/znk-web/juminkanja/S2430/initialize?prefCd=45&kikanCd=5453127540&kikanKbn=5", "url2": null, "内容": "マリーズ薬局　江平【5:薬局】宮崎県宮崎市江平東１丁目４番３号" }, "geometry": { "type": "Point", "coordinates": [ 131.426493, 31.927116 ] } },
{ "type": "Feature", "properties": { "ID": 4555453127670, "正式名称": "シルク薬局", "機関区分": 5, "都道府県コード": 45, "市区町村コード": 201, "所在地": "宮崎県宮崎市大字小松字上川原１０９３ー１", "緯度": 31.936644, "経度": 131.402265, "url": "https://www.iryou.teikyouseido.mhlw.go.jp/znk-web/juminkanja/S2430/initialize?prefCd=45&kikanCd=5453127670&kikanKbn=5", "url2": null, "内容": "シルク薬局【5:薬局】宮崎県宮崎市大字小松字上川原１０９３ー１" }, "geometry": { "type": "Point", "coordinates": [ 131.402265, 31.936644 ] } },
{ "type": "Feature", "properties": { "ID": 4555453127920, "正式名称": "佐藤調剤薬局", "機関区分": 5, "都道府県コード": 45, "市区町村コード": 201, "所在地": "宮崎県宮崎市恒久５丁目１１番１８号", "緯度": 31.8912, "経度": 131.43553, "url": "https://www.iryou.teikyouseido.mhlw.go.jp/znk-web/juminkanja/S2430/initialize?prefCd=45&kikanCd=5453127920&kikanKbn=5", "url2": null, "内容": "佐藤調剤薬局【5:薬局】宮崎県宮崎市恒久５丁目１１番１８号" }, "geometry": { "type": "Point", "coordinates": [ 131.43553, 31.8912 ] } },
{ "type": "Feature", "properties": { "ID": 4555453128060, "正式名称": "あじさい薬局東宮店", "機関区分": 5, "都道府県コード": 45, "市区町村コード": 201, "所在地": "宮崎県宮崎市郡司分１６００－３", "緯度": 31.847315, "経度": 131.425774, "url": "https://www.iryou.teikyouseido.mhlw.go.jp/znk-web/juminkanja/S2430/initialize?prefCd=45&kikanCd=5453128060&kikanKbn=5", "url2": null, "内容": "あじさい薬局東宮店【5:薬局】宮崎県宮崎市郡司分１６００－３" }, "geometry": { "type": "Point", "coordinates": [ 131.425774, 31.847315 ] } },
{ "type": "Feature", "properties": { "ID": 4555453128480, "正式名称": "アイ調剤薬局", "機関区分": 5, "都道府県コード": 45, "市区町村コード": 201, "所在地": "宮崎県宮崎市中村東２丁目１－２６", "緯度": 31.899694, "経度": 131.418925, "url": "https://www.iryou.teikyouseido.mhlw.go.jp/znk-web/juminkanja/S2430/initialize?prefCd=45&kikanCd=5453128480&kikanKbn=5", "url2": null, "内容": "アイ調剤薬局【5:薬局】宮崎県宮崎市中村東２丁目１－２６" }, "geometry": { "type": "Point", "coordinates": [ 131.418925, 31.899694 ] } },
{ "type": "Feature", "properties": { "ID": 4555453128640, "正式名称": "まなべる薬局　曽井城下店", "機関区分": 5, "都道府県コード": 45, "市区町村コード": 201, "所在地": "宮崎県宮崎市恒久字寺ノ前", "緯度": 31.890385, "経度": 131.405776, "url": "https://www.iryou.teikyouseido.mhlw.go.jp/znk-web/juminkanja/S2430/initialize?prefCd=45&kikanCd=5453128640&kikanKbn=5", "url2": "http://mannabell.com", "内容": "まなべる薬局　曽井城下店【5:薬局】宮崎県宮崎市恒久字寺ノ前" }, "geometry": { "type": "Point", "coordinates": [ 131.405776, 31.890385 ] } },
{ "type": "Feature", "properties": { "ID": 4555453128770, "正式名称": "井上薬局", "機関区分": 5, "都道府県コード": 45, "市区町村コード": 201, "所在地": "宮崎県宮崎市大字浮田３１２４番地６", "緯度": 31.92794, "経度": 131.378676, "url": "https://www.iryou.teikyouseido.mhlw.go.jp/znk-web/juminkanja/S2430/initialize?prefCd=45&kikanCd=5453128770&kikanKbn=5", "url2": "https://mstmsg.co.jp/pharmacy-inoue/", "内容": "井上薬局【5:薬局】宮崎県宮崎市大字浮田３１２４番地６" }, "geometry": { "type": "Point", "coordinates": [ 131.378676, 31.92794 ] } },
{ "type": "Feature", "properties": { "ID": 4555453128930, "正式名称": "セイシェル薬局都城", "機関区分": 5, "都道府県コード": 45, "市区町村コード": 202, "所在地": "宮崎県都城市松元町２街区１３号", "緯度": 31.722062, "経度": 131.057228, "url": "https://www.iryou.teikyouseido.mhlw.go.jp/znk-web/juminkanja/S2430/initialize?prefCd=45&kikanCd=5453128930&kikanKbn=5", "url2": null, "内容": "セイシェル薬局都城【5:薬局】宮崎県都城市松元町２街区１３号" }, "geometry": { "type": "Point", "coordinates": [ 131.057228, 31.722062 ] } },
{ "type": "Feature", "properties": { "ID": 4555453129070, "正式名称": "ひむか薬局清武郵便局前店", "機関区分": 5, "都道府県コード": 45, "市区町村コード": 201, "所在地": "宮崎県宮崎市清武町船引２４０番地４", "緯度": 31.907726, "経度": 131.420197, "url": "https://www.iryou.teikyouseido.mhlw.go.jp/znk-web/juminkanja/S2430/initialize?prefCd=45&kikanCd=5453129070&kikanKbn=5", "url2": null, "内容": "ひむか薬局清武郵便局前店【5:薬局】宮崎県宮崎市清武町船引２４０番地４" }, "geometry": { "type": "Point", "coordinates": [ 131.420197, 31.907726 ] } },
{ "type": "Feature", "properties": { "ID": 4555453129100, "正式名称": "すまいる薬局", "機関区分": 5, "都道府県コード": 45, "市区町村コード": 201, "所在地": "宮崎県宮崎市丸山１丁目２４ー２　１Ｆ", "緯度": 31.926116, "経度": 131.422318, "url": "https://www.iryou.teikyouseido.mhlw.go.jp/znk-web/juminkanja/S2430/initialize?prefCd=45&kikanCd=5453129100&kikanKbn=5", "url2": null, "内容": "すまいる薬局【5:薬局】宮崎県宮崎市丸山１丁目２４ー２　１Ｆ" }, "geometry": { "type": "Point", "coordinates": [ 131.422318, 31.926116 ] } },
{ "type": "Feature", "properties": { "ID": 4555453129230, "正式名称": "ファン薬局　宮崎医大前", "機関区分": 5, "都道府県コード": 45, "市区町村コード": 201, "所在地": "宮崎県宮崎市清武町木原字長割６００９－１", "緯度": 31.84149, "経度": 131.395733, "url": "https://www.iryou.teikyouseido.mhlw.go.jp/znk-web/juminkanja/S2430/initialize?prefCd=45&kikanCd=5453129230&kikanKbn=5", "url2": "https://www.fan-medical.com/", "内容": "ファン薬局　宮崎医大前【5:薬局】宮崎県宮崎市清武町木原字長割６００９－１" }, "geometry": { "type": "Point", "coordinates": [ 131.395733, 31.84149 ] } },
{ "type": "Feature", "properties": { "ID": 4555453129490, "正式名称": "ハロー薬局　本郷店", "機関区分": 5, "都道府県コード": 45, "市区町村コード": 201, "所在地": "宮崎県宮崎市大字本郷南方４０４６番地２", "緯度": 31.862022, "経度": 131.432814, "url": "https://www.iryou.teikyouseido.mhlw.go.jp/znk-web/juminkanja/S2430/initialize?prefCd=45&kikanCd=5453129490&kikanKbn=5", "url2": "https://www.axisnet.jp", "内容": "ハロー薬局　本郷店【5:薬局】宮崎県宮崎市大字本郷南方４０４６番地２" }, "geometry": { "type": "Point", "coordinates": [ 131.432814, 31.862022 ] } },
{ "type": "Feature", "properties": { "ID": 4555453129520, "正式名称": "国武薬局", "機関区分": 5, "都道府県コード": 45, "市区町村コード": 201, "所在地": "宮崎県宮崎市中村東２丁目４番１３号", "緯度": 31.898477, "経度": 131.418964, "url": "https://www.iryou.teikyouseido.mhlw.go.jp/znk-web/juminkanja/S2430/initialize?prefCd=45&kikanCd=5453129520&kikanKbn=5", "url2": null, "内容": "国武薬局【5:薬局】宮崎県宮崎市中村東２丁目４番１３号" }, "geometry": { "type": "Point", "coordinates": [ 131.418964, 31.898477 ] } },
{ "type": "Feature", "properties": { "ID": 4555453129650, "正式名称": "みんなの薬局", "機関区分": 5, "都道府県コード": 45, "市区町村コード": 201, "所在地": "宮崎県宮崎市大塚町", "緯度": 31.913549, "経度": 131.392687, "url": "https://www.iryou.teikyouseido.mhlw.go.jp/znk-web/juminkanja/S2430/initialize?prefCd=45&kikanCd=5453129650&kikanKbn=5", "url2": "http.//tominobukan-Minnano.com", "内容": "みんなの薬局【5:薬局】宮崎県宮崎市大塚町" }, "geometry": { "type": "Point", "coordinates": [ 131.392687, 31.913549 ] } },
{ "type": "Feature", "properties": { "ID": 4555453129780, "正式名称": "くじら薬局", "機関区分": 5, "都道府県コード": 45, "市区町村コード": 201, "所在地": "宮崎県宮崎市佐土原町下田島牟田ノ二１０４０１ー５", "緯度": 32.024178, "経度": 131.481221, "url": "https://www.iryou.teikyouseido.mhlw.go.jp/znk-web/juminkanja/S2430/initialize?prefCd=45&kikanCd=5453129780&kikanKbn=5", "url2": null, "内容": "くじら薬局【5:薬局】宮崎県宮崎市佐土原町下田島牟田ノ二１０４０１ー５" }, "geometry": { "type": "Point", "coordinates": [ 131.481221, 32.024178 ] } },
{ "type": "Feature", "properties": { "ID": 4555453129940, "正式名称": "ゆう薬局", "機関区分": 5, "都道府県コード": 45, "市区町村コード": 201, "所在地": "宮崎県宮崎市村角町４５３－１", "緯度": 31.955584, "経度": 131.444448, "url": "https://www.iryou.teikyouseido.mhlw.go.jp/znk-web/juminkanja/S2430/initialize?prefCd=45&kikanCd=5453129940&kikanKbn=5", "url2": null, "内容": "ゆう薬局【5:薬局】宮崎県宮崎市村角町４５３－１" }, "geometry": { "type": "Point", "coordinates": [ 131.444448, 31.955584 ] } },
{ "type": "Feature", "properties": { "ID": 4555453130110, "正式名称": "ひむか薬局神宮店", "機関区分": 5, "都道府県コード": 45, "市区町村コード": 201, "所在地": "宮崎県宮崎市神宮西１丁目３９ー２", "緯度": 31.936098, "経度": 131.418446, "url": "https://www.iryou.teikyouseido.mhlw.go.jp/znk-web/juminkanja/S2430/initialize?prefCd=45&kikanCd=5453130110&kikanKbn=5", "url2": "http://www.himuka-medical.com/", "内容": "ひむか薬局神宮店【5:薬局】宮崎県宮崎市神宮西１丁目３９ー２" }, "geometry": { "type": "Point", "coordinates": [ 131.418446, 31.936098 ] } },
{ "type": "Feature", "properties": { "ID": 4555453130370, "正式名称": "シティ　薬局", "機関区分": 5, "都道府県コード": 45, "市区町村コード": 201, "所在地": "宮崎県宮崎市大淀４丁目６番２８号", "緯度": 31.89432, "経度": 131.41923, "url": "https://www.iryou.teikyouseido.mhlw.go.jp/znk-web/juminkanja/S2430/initialize?prefCd=45&kikanCd=5453130370&kikanKbn=5", "url2": null, "内容": "シティ　薬局【5:薬局】宮崎県宮崎市大淀４丁目６番２８号" }, "geometry": { "type": "Point", "coordinates": [ 131.41923, 31.89432 ] } },
{ "type": "Feature", "properties": { "ID": 4555453130660, "正式名称": "めけあ薬局", "機関区分": 5, "都道府県コード": 45, "市区町村コード": 201, "所在地": "宮崎県宮崎市恒久６００７番地３", "緯度": 31.890038, "経度": 131.404456, "url": "https://www.iryou.teikyouseido.mhlw.go.jp/znk-web/juminkanja/S2430/initialize?prefCd=45&kikanCd=5453130660&kikanKbn=5", "url2": null, "内容": "めけあ薬局【5:薬局】宮崎県宮崎市恒久６００７番地３" }, "geometry": { "type": "Point", "coordinates": [ 131.404456, 31.890038 ] } },
{ "type": "Feature", "properties": { "ID": 4555453130790, "正式名称": "源藤東ひなた薬局", "機関区分": 5, "都道府県コード": 45, "市区町村コード": 201, "所在地": "宮崎県宮崎市恒久１３８４－３", "緯度": 31.888402, "経度": 131.419447, "url": "https://www.iryou.teikyouseido.mhlw.go.jp/znk-web/juminkanja/S2430/initialize?prefCd=45&kikanCd=5453130790&kikanKbn=5", "url2": "http://www.technomix-miyazaki.jp/", "内容": "源藤東ひなた薬局【5:薬局】宮崎県宮崎市恒久１３８４－３" }, "geometry": { "type": "Point", "coordinates": [ 131.419447, 31.888402 ] } },
{ "type": "Feature", "properties": { "ID": 4555453130820, "正式名称": "てんとう虫薬局", "機関区分": 5, "都道府県コード": 45, "市区町村コード": 201, "所在地": "宮崎県宮崎市太田４丁目１－６", "緯度": 31.898677, "経度": 131.420611, "url": "https://www.iryou.teikyouseido.mhlw.go.jp/znk-web/juminkanja/S2430/initialize?prefCd=45&kikanCd=5453130820&kikanKbn=5", "url2": null, "内容": "てんとう虫薬局【5:薬局】宮崎県宮崎市太田４丁目１－６" }, "geometry": { "type": "Point", "coordinates": [ 131.420611, 31.898677 ] } },
{ "type": "Feature", "properties": { "ID": 4555453131120, "正式名称": "こころ薬局島之内", "機関区分": 5, "都道府県コード": 45, "市区町村コード": 201, "所在地": "宮崎県宮崎市島之内６７１５番地１", "緯度": 31.983691, "経度": 131.44694, "url": "https://www.iryou.teikyouseido.mhlw.go.jp/znk-web/juminkanja/S2430/initialize?prefCd=45&kikanCd=5453131120&kikanKbn=5", "url2": null, "内容": "こころ薬局島之内【5:薬局】宮崎県宮崎市島之内６７１５番地１" }, "geometry": { "type": "Point", "coordinates": [ 131.44694, 31.983691 ] } },
{ "type": "Feature", "properties": { "ID": 4555453131380, "正式名称": "紘和台薬局", "機関区分": 5, "都道府県コード": 45, "市区町村コード": 201, "所在地": "宮崎県宮崎市矢の先町１５０－１４", "緯度": 31.939158, "経度": 131.413476, "url": "https://www.iryou.teikyouseido.mhlw.go.jp/znk-web/juminkanja/S2430/initialize?prefCd=45&kikanCd=5453131380&kikanKbn=5", "url2": "https://tron-grp.jp/medical/", "内容": "紘和台薬局【5:薬局】宮崎県宮崎市矢の先町１５０－１４" }, "geometry": { "type": "Point", "coordinates": [ 131.413476, 31.939158 ] } },
{ "type": "Feature", "properties": { "ID": 4555453131410, "正式名称": "こうの調剤薬局", "機関区分": 5, "都道府県コード": 45, "市区町村コード": 201, "所在地": "宮崎県宮崎市小松字前田２７０４　マルショク小松店内", "緯度": 31.92761, "経度": 131.383508, "url": "https://www.iryou.teikyouseido.mhlw.go.jp/znk-web/juminkanja/S2430/initialize?prefCd=45&kikanCd=5453131410&kikanKbn=5", "url2": "http://kono-ph.com", "内容": "こうの調剤薬局【5:薬局】宮崎県宮崎市小松字前田２７０４　マルショク小松店内" }, "geometry": { "type": "Point", "coordinates": [ 131.383508, 31.92761 ] } },
{ "type": "Feature", "properties": { "ID": 4555453131540, "正式名称": "くらおか薬局", "機関区分": 5, "都道府県コード": 45, "市区町村コード": 201, "所在地": "宮崎県宮崎市金崎字大迫１４５６－３", "緯度": 31.970294, "経度": 131.358719, "url": "https://www.iryou.teikyouseido.mhlw.go.jp/znk-web/juminkanja/S2430/initialize?prefCd=45&kikanCd=5453131540&kikanKbn=5", "url2": null, "内容": "くらおか薬局【5:薬局】宮崎県宮崎市金崎字大迫１４５６－３" }, "geometry": { "type": "Point", "coordinates": [ 131.358719, 31.970294 ] } },
{ "type": "Feature", "properties": { "ID": 4555453131670, "正式名称": "まなべる薬局　しんびゅう店", "機関区分": 5, "都道府県コード": 45, "市区町村コード": 201, "所在地": "宮崎県宮崎市新別府町土田５８２番地３", "緯度": 31.928596, "経度": 131.453799, "url": "https://www.iryou.teikyouseido.mhlw.go.jp/znk-web/juminkanja/S2430/initialize?prefCd=45&kikanCd=5453131670&kikanKbn=5", "url2": null, "内容": "まなべる薬局　しんびゅう店【5:薬局】宮崎県宮崎市新別府町土田５８２番地３" }, "geometry": { "type": "Point", "coordinates": [ 131.453799, 31.928596 ] } },
{ "type": "Feature", "properties": { "ID": 4555453131700, "正式名称": "ハロー薬局　神宮西町店", "機関区分": 5, "都道府県コード": 45, "市区町村コード": 201, "所在地": "宮崎県宮崎市神宮西２丁目８３－３", "緯度": 31.938247, "経度": 131.416321, "url": "https://www.iryou.teikyouseido.mhlw.go.jp/znk-web/juminkanja/S2430/initialize?prefCd=45&kikanCd=5453131700&kikanKbn=5", "url2": null, "内容": "ハロー薬局　神宮西町店【5:薬局】宮崎県宮崎市神宮西２丁目８３－３" }, "geometry": { "type": "Point", "coordinates": [ 131.416321, 31.938247 ] } },
{ "type": "Feature", "properties": { "ID": 4555453131830, "正式名称": "セイシェル薬局　大島", "機関区分": 5, "都道府県コード": 45, "市区町村コード": 201, "所在地": "宮崎県宮崎市大島町１４４３ー２", "緯度": 31.944245, "経度": 131.44036, "url": "https://www.iryou.teikyouseido.mhlw.go.jp/znk-web/juminkanja/S2430/initialize?prefCd=45&kikanCd=5453131830&kikanKbn=5", "url2": null, "内容": "セイシェル薬局　大島【5:薬局】宮崎県宮崎市大島町１４４３ー２" }, "geometry": { "type": "Point", "coordinates": [ 131.44036, 31.944245 ] } },
{ "type": "Feature", "properties": { "ID": 4555453131960, "正式名称": "たちばな薬局江平", "機関区分": 5, "都道府県コード": 45, "市区町村コード": 201, "所在地": "宮崎県宮崎市江平西", "緯度": 31.92598, "経度": 131.42404, "url": "https://www.iryou.teikyouseido.mhlw.go.jp/znk-web/juminkanja/S2430/initialize?prefCd=45&kikanCd=5453131960&kikanKbn=5", "url2": "http://miyazaki-pro-pharma.com/company/", "内容": "たちばな薬局江平【5:薬局】宮崎県宮崎市江平西" }, "geometry": { "type": "Point", "coordinates": [ 131.42404, 31.92598 ] } },
{ "type": "Feature", "properties": { "ID": 4555453132000, "正式名称": "二葉薬局　あさひヶ丘店", "機関区分": 5, "都道府県コード": 45, "市区町村コード": 201, "所在地": "宮崎県宮崎市本郷北方２５２０－４２", "緯度": 31.875687, "経度": 131.413622, "url": "https://www.iryou.teikyouseido.mhlw.go.jp/znk-web/juminkanja/S2430/initialize?prefCd=45&kikanCd=5453132000&kikanKbn=5", "url2": "https://futaba-gr.co.jp/", "内容": "二葉薬局　あさひヶ丘店【5:薬局】宮崎県宮崎市本郷北方２５２０－４２" }, "geometry": { "type": "Point", "coordinates": [ 131.413622, 31.875687 ] } },
{ "type": "Feature", "properties": { "ID": 4555453132390, "正式名称": "トロン薬局村角", "機関区分": 5, "都道府県コード": 45, "市区町村コード": 201, "所在地": "宮崎県宮崎市村角町折口３５５番５", "緯度": 31.957005, "経度": 131.445452, "url": "https://www.iryou.teikyouseido.mhlw.go.jp/znk-web/juminkanja/S2430/initialize?prefCd=45&kikanCd=5453132390&kikanKbn=5", "url2": null, "内容": "トロン薬局村角【5:薬局】宮崎県宮崎市村角町折口３５５番５" }, "geometry": { "type": "Point", "coordinates": [ 131.445452, 31.957005 ] } },
{ "type": "Feature", "properties": { "ID": 4555453132420, "正式名称": "ちぐさ薬局", "機関区分": 5, "都道府県コード": 45, "市区町村コード": 201, "所在地": "宮崎県宮崎市大坪東２丁目１９－１５", "緯度": 31.901002, "経度": 131.407372, "url": "https://www.iryou.teikyouseido.mhlw.go.jp/znk-web/juminkanja/S2430/initialize?prefCd=45&kikanCd=5453132420&kikanKbn=5", "url2": null, "内容": "ちぐさ薬局【5:薬局】宮崎県宮崎市大坪東２丁目１９－１５" }, "geometry": { "type": "Point", "coordinates": [ 131.407372, 31.901002 ] } },
{ "type": "Feature", "properties": { "ID": 4555453132550, "正式名称": "ハロー薬局　　一の宮店", "機関区分": 5, "都道府県コード": 45, "市区町村コード": 201, "所在地": "宮崎県宮崎市吉村町ハシテ甲２３８０－２", "緯度": 31.910625, "経度": 131.445768, "url": "https://www.iryou.teikyouseido.mhlw.go.jp/znk-web/juminkanja/S2430/initialize?prefCd=45&kikanCd=5453132550&kikanKbn=5", "url2": "https://www.axisnet.jp/", "内容": "ハロー薬局　　一の宮店【5:薬局】宮崎県宮崎市吉村町ハシテ甲２３８０－２" }, "geometry": { "type": "Point", "coordinates": [ 131.445768, 31.910625 ] } },
{ "type": "Feature", "properties": { "ID": 4555453132680, "正式名称": "とも薬局　青葉店", "機関区分": 5, "都道府県コード": 45, "市区町村コード": 201, "所在地": "宮崎県宮崎市宮崎駅東３丁目９番地１０", "緯度": 31.91963, "経度": 131.432276, "url": "https://www.iryou.teikyouseido.mhlw.go.jp/znk-web/juminkanja/S2430/initialize?prefCd=45&kikanCd=5453132680&kikanKbn=5", "url2": "https://tomo-pharmacy.com/", "内容": "とも薬局　青葉店【5:薬局】宮崎県宮崎市宮崎駅東３丁目９番地１０" }, "geometry": { "type": "Point", "coordinates": [ 131.432276, 31.91963 ] } },
{ "type": "Feature", "properties": { "ID": 4555453132710, "正式名称": "マリーズ薬局　清武", "機関区分": 5, "都道府県コード": 45, "市区町村コード": 201, "所在地": "宮崎県宮崎市清武町岡２丁目９番地１６", "緯度": 31.850452, "経度": 131.388476, "url": "https://www.iryou.teikyouseido.mhlw.go.jp/znk-web/juminkanja/S2430/initialize?prefCd=45&kikanCd=5453132710&kikanKbn=5", "url2": "https://www.mary-s.com", "内容": "マリーズ薬局　清武【5:薬局】宮崎県宮崎市清武町岡２丁目９番地１６" }, "geometry": { "type": "Point", "coordinates": [ 131.388476, 31.850452 ] } },
{ "type": "Feature", "properties": { "ID": 4555453132840, "正式名称": "スイゲン薬局", "機関区分": 5, "都道府県コード": 45, "市区町村コード": 201, "所在地": "宮崎県宮崎市宮田町８番１２号", "緯度": 31.913046, "経度": 131.426268, "url": "https://www.iryou.teikyouseido.mhlw.go.jp/znk-web/juminkanja/S2430/initialize?prefCd=45&kikanCd=5453132840&kikanKbn=5", "url2": "suigen-phamacy.com", "内容": "スイゲン薬局【5:薬局】宮崎県宮崎市宮田町８番１２号" }, "geometry": { "type": "Point", "coordinates": [ 131.426268, 31.913046 ] } },
{ "type": "Feature", "properties": { "ID": 4555453132970, "正式名称": "ひかり薬局", "機関区分": 5, "都道府県コード": 45, "市区町村コード": 201, "所在地": "宮崎県宮崎市大島町国草１２５", "緯度": 31.941339, "経度": 131.440527, "url": "https://www.iryou.teikyouseido.mhlw.go.jp/znk-web/juminkanja/S2430/initialize?prefCd=45&kikanCd=5453132970&kikanKbn=5", "url2": null, "内容": "ひかり薬局【5:薬局】宮崎県宮崎市大島町国草１２５" }, "geometry": { "type": "Point", "coordinates": [ 131.440527, 31.941339 ] } },
{ "type": "Feature", "properties": { "ID": 4555453133010, "正式名称": "よこまち薬局", "機関区分": 5, "都道府県コード": 45, "市区町村コード": 201, "所在地": "宮崎県宮崎市恒久５０７３番地", "緯度": 31.890124, "経度": 131.411936, "url": "https://www.iryou.teikyouseido.mhlw.go.jp/znk-web/juminkanja/S2430/initialize?prefCd=45&kikanCd=5453133010&kikanKbn=5", "url2": null, "内容": "よこまち薬局【5:薬局】宮崎県宮崎市恒久５０７３番地" }, "geometry": { "type": "Point", "coordinates": [ 131.411936, 31.890124 ] } },
{ "type": "Feature", "properties": { "ID": 4555453133140, "正式名称": "さくら薬局　宮崎島之内店", "機関区分": 5, "都道府県コード": 45, "市区町村コード": 201, "所在地": "宮崎県宮崎市大字島之内７０７０番地１", "緯度": 31.987822, "経度": 131.450568, "url": "https://www.iryou.teikyouseido.mhlw.go.jp/znk-web/juminkanja/S2430/initialize?prefCd=45&kikanCd=5453133140&kikanKbn=5", "url2": "https://www.kraft-net.co.jp/sakura/store/4220/", "内容": "さくら薬局　宮崎島之内店【5:薬局】宮崎県宮崎市大字島之内７０７０番地１" }, "geometry": { "type": "Point", "coordinates": [ 131.450568, 31.987822 ] } },
{ "type": "Feature", "properties": { "ID": 4555453133270, "正式名称": "かぐら調剤薬局", "機関区分": 5, "都道府県コード": 45, "市区町村コード": 201, "所在地": "宮崎県宮崎市大工１丁目１０番２８号ひむかワールドビル１０１号", "緯度": 31.918365, "経度": 131.413479, "url": "https://www.iryou.teikyouseido.mhlw.go.jp/znk-web/juminkanja/S2430/initialize?prefCd=45&kikanCd=5453133270&kikanKbn=5", "url2": "http://www.himuka-medical.com/", "内容": "かぐら調剤薬局【5:薬局】宮崎県宮崎市大工１丁目１０番２８号ひむかワールドビル１０１号" }, "geometry": { "type": "Point", "coordinates": [ 131.413479, 31.918365 ] } },
{ "type": "Feature", "properties": { "ID": 4555453133430, "正式名称": "サン薬局芳士店", "機関区分": 5, "都道府県コード": 45, "市区町村コード": 201, "所在地": "宮崎県宮崎市芳士１０７４－５", "緯度": 31.963454, "経度": 131.442265, "url": "https://www.iryou.teikyouseido.mhlw.go.jp/znk-web/juminkanja/S2430/initialize?prefCd=45&kikanCd=5453133430&kikanKbn=5", "url2": "http://www.himuka-medical.com/", "内容": "サン薬局芳士店【5:薬局】宮崎県宮崎市芳士１０７４－５" }, "geometry": { "type": "Point", "coordinates": [ 131.442265, 31.963454 ] } },
{ "type": "Feature", "properties": { "ID": 4555453133560, "正式名称": "株式会社ひむかメディカル　サン薬局田野店", "機関区分": 5, "都道府県コード": 45, "市区町村コード": 201, "所在地": "宮崎県宮崎市田野町あけぼの２丁目５番地２", "緯度": 31.832963, "経度": 131.292803, "url": "https://www.iryou.teikyouseido.mhlw.go.jp/znk-web/juminkanja/S2430/initialize?prefCd=45&kikanCd=5453133560&kikanKbn=5", "url2": "http://www.himuka-medical.com/", "内容": "株式会社ひむかメディカル　サン薬局田野店【5:薬局】宮崎県宮崎市田野町あけぼの２丁目５番地２" }, "geometry": { "type": "Point", "coordinates": [ 131.292803, 31.832963 ] } },
{ "type": "Feature", "properties": { "ID": 4555453133690, "正式名称": "サン薬局原町店", "機関区分": 5, "都道府県コード": 45, "市区町村コード": 201, "所在地": "宮崎県宮崎市原町６番３号オフィスビルサンマリノ１０２号", "緯度": 31.924424, "経度": 131.422321, "url": "https://www.iryou.teikyouseido.mhlw.go.jp/znk-web/juminkanja/S2430/initialize?prefCd=45&kikanCd=5453133690&kikanKbn=5", "url2": null, "内容": "サン薬局原町店【5:薬局】宮崎県宮崎市原町６番３号オフィスビルサンマリノ１０２号" }, "geometry": { "type": "Point", "coordinates": [ 131.422321, 31.924424 ] } },
{ "type": "Feature", "properties": { "ID": 4555453133720, "正式名称": "幸生堂薬局", "機関区分": 5, "都道府県コード": 45, "市区町村コード": 201, "所在地": "宮崎県宮崎市清武町新町２丁目１番地９号", "緯度": 31.911095, "経度": 131.423893, "url": "https://www.iryou.teikyouseido.mhlw.go.jp/znk-web/juminkanja/S2430/initialize?prefCd=45&kikanCd=5453133720&kikanKbn=5", "url2": "https://www.marinegroup.jp/detail/%E5%B9%B8%E7%94%9F%E5%A0%82%E8%96%AC%E5%B1%80/", "内容": "幸生堂薬局【5:薬局】宮崎県宮崎市清武町新町２丁目１番地９号" }, "geometry": { "type": "Point", "coordinates": [ 131.423893, 31.911095 ] } },
{ "type": "Feature", "properties": { "ID": 4555453133980, "正式名称": "サンライト薬局　宮崎駅東店", "機関区分": 5, "都道府県コード": 45, "市区町村コード": 201, "所在地": "宮崎県宮崎市宮崎駅東２丁目３番地７　上谷ビル１Ｆ", "緯度": 31.916023, "経度": 131.435796, "url": "https://www.iryou.teikyouseido.mhlw.go.jp/znk-web/juminkanja/S2430/initialize?prefCd=45&kikanCd=5453133980&kikanKbn=5", "url2": null, "内容": "サンライト薬局　宮崎駅東店【5:薬局】宮崎県宮崎市宮崎駅東２丁目３番地７　上谷ビル１Ｆ" }, "geometry": { "type": "Point", "coordinates": [ 131.435796, 31.916023 ] } },
{ "type": "Feature", "properties": { "ID": 4555453134020, "正式名称": "有限会社岡元薬局", "機関区分": 5, "都道府県コード": 45, "市区町村コード": 201, "所在地": "宮崎県宮崎市上野町", "緯度": 31.91221, "経度": 131.421051, "url": "https://www.iryou.teikyouseido.mhlw.go.jp/znk-web/juminkanja/S2430/initialize?prefCd=45&kikanCd=5453134020&kikanKbn=5", "url2": "https://www.okamoto-pharmacy.com/", "内容": "有限会社岡元薬局【5:薬局】宮崎県宮崎市上野町" }, "geometry": { "type": "Point", "coordinates": [ 131.421051, 31.91221 ] } },
{ "type": "Feature", "properties": { "ID": 4555453134570, "正式名称": "まつこうじ薬局", "機関区分": 5, "都道府県コード": 45, "市区町村コード": 201, "所在地": "宮崎県宮崎市佐土原町下田島２００６３－３", "緯度": 32.020998, "経度": 131.476043, "url": "https://www.iryou.teikyouseido.mhlw.go.jp/znk-web/juminkanja/S2430/initialize?prefCd=45&kikanCd=5453134570&kikanKbn=5", "url2": null, "内容": "まつこうじ薬局【5:薬局】宮崎県宮崎市佐土原町下田島２００６３－３" }, "geometry": { "type": "Point", "coordinates": [ 131.476043, 32.020998 ] } },
{ "type": "Feature", "properties": { "ID": 4555453134600, "正式名称": "トロン薬局　吉村", "機関区分": 5, "都道府県コード": 45, "市区町村コード": 201, "所在地": "宮崎県宮崎市吉村町大田ヶ島甲４０６番２３", "緯度": 31.930205, "経度": 131.442415, "url": "https://www.iryou.teikyouseido.mhlw.go.jp/znk-web/juminkanja/S2430/initialize?prefCd=45&kikanCd=5453134600&kikanKbn=5", "url2": null, "内容": "トロン薬局　吉村【5:薬局】宮崎県宮崎市吉村町大田ヶ島甲４０６番２３" }, "geometry": { "type": "Point", "coordinates": [ 131.442415, 31.930205 ] } },
{ "type": "Feature", "properties": { "ID": 4555453134730, "正式名称": "二葉薬局　大島", "機関区分": 5, "都道府県コード": 45, "市区町村コード": 201, "所在地": "宮崎県宮崎市大島町原ノ前１４４５ー２２３", "緯度": 31.93481, "経度": 131.437587, "url": "https://www.iryou.teikyouseido.mhlw.go.jp/znk-web/juminkanja/S2430/initialize?prefCd=45&kikanCd=5453134730&kikanKbn=5", "url2": "http://futaba-gr.co.jp/", "内容": "二葉薬局　大島【5:薬局】宮崎県宮崎市大島町原ノ前１４４５ー２２３" }, "geometry": { "type": "Point", "coordinates": [ 131.437587, 31.93481 ] } },
{ "type": "Feature", "properties": { "ID": 4555453134860, "正式名称": "蓮薬局", "機関区分": 5, "都道府県コード": 45, "市区町村コード": 201, "所在地": "宮崎県宮崎市神宮東２丁目１０ー３３第一重永マンション１０２", "緯度": 31.935473, "経度": 131.426195, "url": "https://www.iryou.teikyouseido.mhlw.go.jp/znk-web/juminkanja/S2430/initialize?prefCd=45&kikanCd=5453134860&kikanKbn=5", "url2": "https://www.hasu-pharmacy.com", "内容": "蓮薬局【5:薬局】宮崎県宮崎市神宮東２丁目１０ー３３第一重永マンション１０２" }, "geometry": { "type": "Point", "coordinates": [ 131.426195, 31.935473 ] } },
{ "type": "Feature", "properties": { "ID": 4555453134990, "正式名称": "サンライト薬局大島店", "機関区分": 5, "都道府県コード": 45, "市区町村コード": 201, "所在地": "宮崎県宮崎市大島町萩崎５３７番１５４", "緯度": 31.942549, "経度": 131.446524, "url": "https://www.iryou.teikyouseido.mhlw.go.jp/znk-web/juminkanja/S2430/initialize?prefCd=45&kikanCd=5453134990&kikanKbn=5", "url2": null, "内容": "サンライト薬局大島店【5:薬局】宮崎県宮崎市大島町萩崎５３７番１５４" }, "geometry": { "type": "Point", "coordinates": [ 131.446524, 31.942549 ] } },
{ "type": "Feature", "properties": { "ID": 4555453135030, "正式名称": "幸生堂薬局　岡店", "機関区分": 5, "都道府県コード": 45, "市区町村コード": 201, "所在地": "宮崎県宮崎市清武町岡１丁目１３番地８", "緯度": 31.850444, "経度": 131.390218, "url": "https://www.iryou.teikyouseido.mhlw.go.jp/znk-web/juminkanja/S2430/initialize?prefCd=45&kikanCd=5453135030&kikanKbn=5", "url2": null, "内容": "幸生堂薬局　岡店【5:薬局】宮崎県宮崎市清武町岡１丁目１３番地８" }, "geometry": { "type": "Point", "coordinates": [ 131.390218, 31.850444 ] } },
{ "type": "Feature", "properties": { "ID": 4555453135160, "正式名称": "わかば薬局", "機関区分": 5, "都道府県コード": 45, "市区町村コード": 201, "所在地": "宮崎県宮崎市大字田吉５５０５番１", "緯度": 31.866214, "経度": 131.431686, "url": "https://www.iryou.teikyouseido.mhlw.go.jp/znk-web/juminkanja/S2430/initialize?prefCd=45&kikanCd=5453135160&kikanKbn=5", "url2": null, "内容": "わかば薬局【5:薬局】宮崎県宮崎市大字田吉５５０５番１" }, "geometry": { "type": "Point", "coordinates": [ 131.431686, 31.866214 ] } },
{ "type": "Feature", "properties": { "ID": 4555453135290, "正式名称": "郷田薬局　加納店", "機関区分": 5, "都道府県コード": 45, "市区町村コード": 201, "所在地": "宮崎県宮崎市清武町加納", "緯度": 31.879531, "経度": 131.404755, "url": "https://www.iryou.teikyouseido.mhlw.go.jp/znk-web/juminkanja/S2430/initialize?prefCd=45&kikanCd=5453135290&kikanKbn=5", "url2": null, "内容": "郷田薬局　加納店【5:薬局】宮崎県宮崎市清武町加納" }, "geometry": { "type": "Point", "coordinates": [ 131.404755, 31.879531 ] } },
{ "type": "Feature", "properties": { "ID": 4555453135320, "正式名称": "アイン薬局　宮崎小松店", "機関区分": 5, "都道府県コード": 45, "市区町村コード": 201, "所在地": "宮崎県宮崎市大字小松１０９０番１", "緯度": 31.936364, "経度": 131.40295, "url": "https://www.iryou.teikyouseido.mhlw.go.jp/znk-web/juminkanja/S2430/initialize?prefCd=45&kikanCd=5453135320&kikanKbn=5", "url2": "www.ainj.co.jp", "内容": "アイン薬局　宮崎小松店【5:薬局】宮崎県宮崎市大字小松１０９０番１" }, "geometry": { "type": "Point", "coordinates": [ 131.40295, 31.936364 ] } },
{ "type": "Feature", "properties": { "ID": 4555453135450, "正式名称": "アイリス薬局", "機関区分": 5, "都道府県コード": 45, "市区町村コード": 201, "所在地": "宮崎県宮崎市江平町１丁目３ー１４", "緯度": 31.924774, "経度": 131.4264, "url": "https://www.iryou.teikyouseido.mhlw.go.jp/znk-web/juminkanja/S2430/initialize?prefCd=45&kikanCd=5453135450&kikanKbn=5", "url2": null, "内容": "アイリス薬局【5:薬局】宮崎県宮崎市江平町１丁目３ー１４" }, "geometry": { "type": "Point", "coordinates": [ 131.4264, 31.924774 ] } },
{ "type": "Feature", "properties": { "ID": 4555453135580, "正式名称": "オハナ薬局", "機関区分": 5, "都道府県コード": 45, "市区町村コード": 201, "所在地": "宮崎県宮崎市佐土原町下那珂３５６８番地３", "緯度": 32.010079, "経度": 131.474048, "url": "https://www.iryou.teikyouseido.mhlw.go.jp/znk-web/juminkanja/S2430/initialize?prefCd=45&kikanCd=5453135580&kikanKbn=5", "url2": "https://www.e-classa.net/ohana-pharmacy-campanula/information.html", "内容": "オハナ薬局【5:薬局】宮崎県宮崎市佐土原町下那珂３５６８番地３" }, "geometry": { "type": "Point", "coordinates": [ 131.474048, 32.010079 ] } },
{ "type": "Feature", "properties": { "ID": 4555453135610, "正式名称": "まなべる薬局　知恵所", "機関区分": 5, "都道府県コード": 45, "市区町村コード": 201, "所在地": "宮崎県宮崎市大塚町宮田２８８４番", "緯度": 31.91754, "経度": 131.397095, "url": "https://www.iryou.teikyouseido.mhlw.go.jp/znk-web/juminkanja/S2430/initialize?prefCd=45&kikanCd=5453135610&kikanKbn=5", "url2": "http://www.takao-yakuho.jp/pharmacy.html", "内容": "まなべる薬局　知恵所【5:薬局】宮崎県宮崎市大塚町宮田２８８４番" }, "geometry": { "type": "Point", "coordinates": [ 131.397095, 31.91754 ] } },
{ "type": "Feature", "properties": { "ID": 4555453135740, "正式名称": "じんぐうの杜薬局", "機関区分": 5, "都道府県コード": 45, "市区町村コード": 201, "所在地": "宮崎県宮崎市神宮２丁目３番３号", "緯度": 31.935147, "経度": 131.421528, "url": "https://www.iryou.teikyouseido.mhlw.go.jp/znk-web/juminkanja/S2430/initialize?prefCd=45&kikanCd=5453135740&kikanKbn=5", "url2": null, "内容": "じんぐうの杜薬局【5:薬局】宮崎県宮崎市神宮２丁目３番３号" }, "geometry": { "type": "Point", "coordinates": [ 131.421528, 31.935147 ] } },
{ "type": "Feature", "properties": { "ID": 4555453135870, "正式名称": "あお調剤薬局", "機関区分": 5, "都道府県コード": 45, "市区町村コード": 201, "所在地": "宮崎県宮崎市吉村町井手ノ中甲８１６ー２", "緯度": 31.921541, "経度": 131.447321, "url": "https://www.iryou.teikyouseido.mhlw.go.jp/znk-web/juminkanja/S2430/initialize?prefCd=45&kikanCd=5453135870&kikanKbn=5", "url2": null, "内容": "あお調剤薬局【5:薬局】宮崎県宮崎市吉村町井手ノ中甲８１６ー２" }, "geometry": { "type": "Point", "coordinates": [ 131.447321, 31.921541 ] } },
{ "type": "Feature", "properties": { "ID": 4555453135900, "正式名称": "なごみ薬局大島店", "機関区分": 5, "都道府県コード": 45, "市区町村コード": 201, "所在地": "宮崎県宮崎市大島町西田２１３７ー７", "緯度": 31.942543, "経度": 131.436301, "url": "https://www.iryou.teikyouseido.mhlw.go.jp/znk-web/juminkanja/S2430/initialize?prefCd=45&kikanCd=5453135900&kikanKbn=5", "url2": "http://nagomipharmacy.com/", "内容": "なごみ薬局大島店【5:薬局】宮崎県宮崎市大島町西田２１３７ー７" }, "geometry": { "type": "Point", "coordinates": [ 131.436301, 31.942543 ] } },
{ "type": "Feature", "properties": { "ID": 4555453136040, "正式名称": "一の鳥居薬局", "機関区分": 5, "都道府県コード": 45, "市区町村コード": 201, "所在地": "宮崎県宮崎市丸山２－９８", "緯度": 31.929409, "経度": 131.425454, "url": "https://www.iryou.teikyouseido.mhlw.go.jp/znk-web/juminkanja/S2430/initialize?prefCd=45&kikanCd=5453136040&kikanKbn=5", "url2": "https://www.kr-pharmacy.jp", "内容": "一の鳥居薬局【5:薬局】宮崎県宮崎市丸山２－９８" }, "geometry": { "type": "Point", "coordinates": [ 131.425454, 31.929409 ] } },
{ "type": "Feature", "properties": { "ID": 4555453136330, "正式名称": "ギフト薬局", "機関区分": 5, "都道府県コード": 45, "市区町村コード": 201, "所在地": "宮崎県宮崎市下北方町陣ノ下９１番地２", "緯度": 31.947875, "経度": 131.421788, "url": "https://www.iryou.teikyouseido.mhlw.go.jp/znk-web/juminkanja/S2430/initialize?prefCd=45&kikanCd=5453136330&kikanKbn=5", "url2": null, "内容": "ギフト薬局【5:薬局】宮崎県宮崎市下北方町陣ノ下９１番地２" }, "geometry": { "type": "Point", "coordinates": [ 131.421788, 31.947875 ] } },
{ "type": "Feature", "properties": { "ID": 4555453136460, "正式名称": "創明薬局　いきめ店", "機関区分": 5, "都道府県コード": 45, "市区町村コード": 201, "所在地": "宮崎県宮崎市浮田３０９８番地９", "緯度": 31.928809, "経度": 131.376607, "url": "https://www.iryou.teikyouseido.mhlw.go.jp/znk-web/juminkanja/S2430/initialize?prefCd=45&kikanCd=5453136460&kikanKbn=5", "url2": null, "内容": "創明薬局　いきめ店【5:薬局】宮崎県宮崎市浮田３０９８番地９" }, "geometry": { "type": "Point", "coordinates": [ 131.376607, 31.928809 ] } },
{ "type": "Feature", "properties": { "ID": 4555453136620, "正式名称": "堀川町薬局", "機関区分": 5, "都道府県コード": 45, "市区町村コード": 201, "所在地": "宮崎県宮崎市堀川町１４５－２", "緯度": 31.910143, "経度": 131.43282, "url": "https://www.iryou.teikyouseido.mhlw.go.jp/znk-web/juminkanja/S2430/initialize?prefCd=45&kikanCd=5453136620&kikanKbn=5", "url2": null, "内容": "堀川町薬局【5:薬局】宮崎県宮崎市堀川町１４５－２" }, "geometry": { "type": "Point", "coordinates": [ 131.43282, 31.910143 ] } },
{ "type": "Feature", "properties": { "ID": 4555453136750, "正式名称": "寺山こもれび薬局", "機関区分": 5, "都道府県コード": 45, "市区町村コード": 201, "所在地": "宮崎県宮崎市福島町寺山３０６５番２", "緯度": 31.909794, "経度": 131.401985, "url": "https://www.iryou.teikyouseido.mhlw.go.jp/znk-web/juminkanja/S2430/initialize?prefCd=45&kikanCd=5453136750&kikanKbn=5", "url2": "http://www.technomix-miyazaki.jp/", "内容": "寺山こもれび薬局【5:薬局】宮崎県宮崎市福島町寺山３０６５番２" }, "geometry": { "type": "Point", "coordinates": [ 131.401985, 31.909794 ] } },
{ "type": "Feature", "properties": { "ID": 4555453136880, "正式名称": "蓮薬局　佐土原店", "機関区分": 5, "都道府県コード": 45, "市区町村コード": 201, "所在地": "宮崎県宮崎市佐土原町下那珂３９５８－１", "緯度": 32.009933, "経度": 131.473714, "url": "https://www.iryou.teikyouseido.mhlw.go.jp/znk-web/juminkanja/S2430/initialize?prefCd=45&kikanCd=5453136880&kikanKbn=5", "url2": "https://www.hasu-pharmacy.com", "内容": "蓮薬局　佐土原店【5:薬局】宮崎県宮崎市佐土原町下那珂３９５８－１" }, "geometry": { "type": "Point", "coordinates": [ 131.473714, 32.009933 ] } },
{ "type": "Feature", "properties": { "ID": 4555453137050, "正式名称": "セイシェル薬局島之内", "機関区分": 5, "都道府県コード": 45, "市区町村コード": 201, "所在地": "宮崎県宮崎市大字島之内５７３７番１", "緯度": 31.977804, "経度": 131.440687, "url": "https://www.iryou.teikyouseido.mhlw.go.jp/znk-web/juminkanja/S2430/initialize?prefCd=45&kikanCd=5453137050&kikanKbn=5", "url2": null, "内容": "セイシェル薬局島之内【5:薬局】宮崎県宮崎市大字島之内５７３７番１" }, "geometry": { "type": "Point", "coordinates": [ 131.440687, 31.977804 ] } },
{ "type": "Feature", "properties": { "ID": 4555453137180, "正式名称": "創明薬局　加納店", "機関区分": 5, "都道府県コード": 45, "市区町村コード": 201, "所在地": "宮崎県宮崎市清武町加納乙３８５番地５", "緯度": 31.878189, "経度": 131.405683, "url": "https://www.iryou.teikyouseido.mhlw.go.jp/znk-web/juminkanja/S2430/initialize?prefCd=45&kikanCd=5453137180&kikanKbn=5", "url2": null, "内容": "創明薬局　加納店【5:薬局】宮崎県宮崎市清武町加納乙３８５番地５" }, "geometry": { "type": "Point", "coordinates": [ 131.405683, 31.878189 ] } },
{ "type": "Feature", "properties": { "ID": 4555453137210, "正式名称": "ファーマライズ薬局　たの店", "機関区分": 5, "都道府県コード": 45, "市区町村コード": 201, "所在地": "宮崎県宮崎市田野町乙７２１３－３", "緯度": 31.839402, "経度": 131.294395, "url": "https://www.iryou.teikyouseido.mhlw.go.jp/znk-web/juminkanja/S2430/initialize?prefCd=45&kikanCd=5453137210&kikanKbn=5", "url2": "https://www.pharmarise.com/company/store/store.php?store_id=172", "内容": "ファーマライズ薬局　たの店【5:薬局】宮崎県宮崎市田野町乙７２１３－３" }, "geometry": { "type": "Point", "coordinates": [ 131.294395, 31.839402 ] } },
{ "type": "Feature", "properties": { "ID": 4555453137340, "正式名称": "のあ薬局", "機関区分": 5, "都道府県コード": 45, "市区町村コード": 201, "所在地": "宮崎県宮崎市本郷南方２４５２番地３", "緯度": 31.856049, "経度": 131.433642, "url": "https://www.iryou.teikyouseido.mhlw.go.jp/znk-web/juminkanja/S2430/initialize?prefCd=45&kikanCd=5453137340&kikanKbn=5", "url2": "https://www.tomi-pharmacy-noa.com/", "内容": "のあ薬局【5:薬局】宮崎県宮崎市本郷南方２４５２番地３" }, "geometry": { "type": "Point", "coordinates": [ 131.433642, 31.856049 ] } },
{ "type": "Feature", "properties": { "ID": 4555453137470, "正式名称": "ひなた薬局　中央店", "機関区分": 5, "都道府県コード": 45, "市区町村コード": 201, "所在地": "宮崎県宮崎市錦本町４番１０２号", "緯度": 31.922069, "経度": 131.429675, "url": "https://www.iryou.teikyouseido.mhlw.go.jp/znk-web/juminkanja/S2430/initialize?prefCd=45&kikanCd=5453137470&kikanKbn=5", "url2": "https://www.fujidrug.jp", "内容": "ひなた薬局　中央店【5:薬局】宮崎県宮崎市錦本町４番１０２号" }, "geometry": { "type": "Point", "coordinates": [ 131.429675, 31.922069 ] } },
{ "type": "Feature", "properties": { "ID": 4555453137630, "正式名称": "こまつ薬局", "機関区分": 5, "都道府県コード": 45, "市区町村コード": 201, "所在地": "宮崎県宮崎市小松森ノ元４８５番４", "緯度": 31.93988, "経度": 131.401325, "url": "https://www.iryou.teikyouseido.mhlw.go.jp/znk-web/juminkanja/S2430/initialize?prefCd=45&kikanCd=5453137630&kikanKbn=5", "url2": null, "内容": "こまつ薬局【5:薬局】宮崎県宮崎市小松森ノ元４８５番４" }, "geometry": { "type": "Point", "coordinates": [ 131.401325, 31.93988 ] } },
{ "type": "Feature", "properties": { "ID": 4555453137760, "正式名称": "なごみの杜薬局", "機関区分": 5, "都道府県コード": 45, "市区町村コード": 201, "所在地": "宮崎県宮崎市大字芳士７３番４", "緯度": 31.965989, "経度": 131.431034, "url": "https://www.iryou.teikyouseido.mhlw.go.jp/znk-web/juminkanja/S2430/initialize?prefCd=45&kikanCd=5453137760&kikanKbn=5", "url2": null, "内容": "なごみの杜薬局【5:薬局】宮崎県宮崎市大字芳士７３番４" }, "geometry": { "type": "Point", "coordinates": [ 131.431034, 31.965989 ] } },
{ "type": "Feature", "properties": { "ID": 4555453137890, "正式名称": "あけぼの薬局", "機関区分": 5, "都道府県コード": 45, "市区町村コード": 201, "所在地": "宮崎県宮崎市吉村町北原甲１４０５番地３　共栄ハイツ青葉１０２", "緯度": 31.920589, "経度": 131.441088, "url": "https://www.iryou.teikyouseido.mhlw.go.jp/znk-web/juminkanja/S2430/initialize?prefCd=45&kikanCd=5453137890&kikanKbn=5", "url2": null, "内容": "あけぼの薬局【5:薬局】宮崎県宮崎市吉村町北原甲１４０５番地３　共栄ハイツ青葉１０２" }, "geometry": { "type": "Point", "coordinates": [ 131.441088, 31.920589 ] } },
{ "type": "Feature", "properties": { "ID": 4555453137920, "正式名称": "このはな薬局", "機関区分": 5, "都道府県コード": 45, "市区町村コード": 201, "所在地": "宮崎県宮崎市熊野正蓮寺４９番１", "緯度": 31.829188, "経度": 131.439807, "url": "https://www.iryou.teikyouseido.mhlw.go.jp/znk-web/juminkanja/S2430/initialize?prefCd=45&kikanCd=5453137920&kikanKbn=5", "url2": null, "内容": "このはな薬局【5:薬局】宮崎県宮崎市熊野正蓮寺４９番１" }, "geometry": { "type": "Point", "coordinates": [ 131.439807, 31.829188 ] } },
{ "type": "Feature", "properties": { "ID": 4555453138060, "正式名称": "ペンギン薬局", "機関区分": 5, "都道府県コード": 45, "市区町村コード": 201, "所在地": "宮崎県宮崎市清武町加納３丁目２５番地２", "緯度": 31.874701, "経度": 131.401929, "url": "https://www.iryou.teikyouseido.mhlw.go.jp/znk-web/juminkanja/S2430/initialize?prefCd=45&kikanCd=5453138060&kikanKbn=5", "url2": null, "内容": "ペンギン薬局【5:薬局】宮崎県宮崎市清武町加納３丁目２５番地２" }, "geometry": { "type": "Point", "coordinates": [ 131.401929, 31.874701 ] } },
{ "type": "Feature", "properties": { "ID": 4555453138220, "正式名称": "和心薬局なか店", "機関区分": 5, "都道府県コード": 45, "市区町村コード": 201, "所在地": "宮崎県宮崎市佐土原町東上那珂１４９５３－３", "緯度": 32.03323, "経度": 131.429695, "url": "https://www.iryou.teikyouseido.mhlw.go.jp/znk-web/juminkanja/S2430/initialize?prefCd=45&kikanCd=5453138220&kikanKbn=5", "url2": "https://wagokoro-h.com/", "内容": "和心薬局なか店【5:薬局】宮崎県宮崎市佐土原町東上那珂１４９５３－３" }, "geometry": { "type": "Point", "coordinates": [ 131.429695, 32.03323 ] } },
{ "type": "Feature", "properties": { "ID": 4555453138350, "正式名称": "有限会社　岡元薬局　本郷店", "機関区分": 5, "都道府県コード": 45, "市区町村コード": 201, "所在地": "宮崎県宮崎市大字本郷南方字榎田２５４２－４", "緯度": 31.85136, "経度": 131.434025, "url": "https://www.iryou.teikyouseido.mhlw.go.jp/znk-web/juminkanja/S2430/initialize?prefCd=45&kikanCd=5453138350&kikanKbn=5", "url2": "https://www.okamoto-pharmacy.com/", "内容": "有限会社　岡元薬局　本郷店【5:薬局】宮崎県宮崎市大字本郷南方字榎田２５４２－４" }, "geometry": { "type": "Point", "coordinates": [ 131.434025, 31.85136 ] } },
{ "type": "Feature", "properties": { "ID": 4555453138480, "正式名称": "ふれあい薬局", "機関区分": 5, "都道府県コード": 45, "市区町村コード": 201, "所在地": "宮崎県宮崎市江平中町６－７", "緯度": 31.923411, "経度": 131.427445, "url": "https://www.iryou.teikyouseido.mhlw.go.jp/znk-web/juminkanja/S2430/initialize?prefCd=45&kikanCd=5453138480&kikanKbn=5", "url2": "https://fureai-pharmacy-group.com/", "内容": "ふれあい薬局【5:薬局】宮崎県宮崎市江平中町６－７" }, "geometry": { "type": "Point", "coordinates": [ 131.427445, 31.923411 ] } },
{ "type": "Feature", "properties": { "ID": 4555453138510, "正式名称": "みたす薬局", "機関区分": 5, "都道府県コード": 45, "市区町村コード": 201, "所在地": "宮崎県宮崎市熊野１番地５", "緯度": 31.827654, "経度": 131.435043, "url": "https://www.iryou.teikyouseido.mhlw.go.jp/znk-web/juminkanja/S2430/initialize?prefCd=45&kikanCd=5453138510&kikanKbn=5", "url2": null, "内容": "みたす薬局【5:薬局】宮崎県宮崎市熊野１番地５" }, "geometry": { "type": "Point", "coordinates": [ 131.435043, 31.827654 ] } },
{ "type": "Feature", "properties": { "ID": 4555453138770, "正式名称": "和心薬局大島店", "機関区分": 5, "都道府県コード": 45, "市区町村コード": 201, "所在地": "宮崎県宮崎市大島町西田２１５８番地１", "緯度": 31.94354, "経度": 131.43562, "url": "https://www.iryou.teikyouseido.mhlw.go.jp/znk-web/juminkanja/S2430/initialize?prefCd=45&kikanCd=5453138770&kikanKbn=5", "url2": "https://wagokoro-h.com/", "内容": "和心薬局大島店【5:薬局】宮崎県宮崎市大島町西田２１５８番地１" }, "geometry": { "type": "Point", "coordinates": [ 131.43562, 31.94354 ] } },
{ "type": "Feature", "properties": { "ID": 4555453138800, "正式名称": "トモ薬局　あおき店", "機関区分": 5, "都道府県コード": 45, "市区町村コード": 201, "所在地": "宮崎県宮崎市新別府町城元３１７番地５", "緯度": 31.923922, "経度": 131.45654, "url": "https://www.iryou.teikyouseido.mhlw.go.jp/znk-web/juminkanja/S2430/initialize?prefCd=45&kikanCd=5453138800&kikanKbn=5", "url2": "https://tomo-pharmacy.com/", "内容": "トモ薬局　あおき店【5:薬局】宮崎県宮崎市新別府町城元３１７番地５" }, "geometry": { "type": "Point", "coordinates": [ 131.45654, 31.923922 ] } },
{ "type": "Feature", "properties": { "ID": 4555453138930, "正式名称": "いちょう漢方薬局", "機関区分": 5, "都道府県コード": 45, "市区町村コード": 201, "所在地": "宮崎県宮崎市元宮町２－１４", "緯度": 31.913037, "経度": 131.417856, "url": "https://www.iryou.teikyouseido.mhlw.go.jp/znk-web/juminkanja/S2430/initialize?prefCd=45&kikanCd=5453138930&kikanKbn=5", "url2": null, "内容": "いちょう漢方薬局【5:薬局】宮崎県宮崎市元宮町２－１４" }, "geometry": { "type": "Point", "coordinates": [ 131.417856, 31.913037 ] } },
{ "type": "Feature", "properties": { "ID": 4555453139100, "正式名称": "はまゆう調剤薬局", "機関区分": 5, "都道府県コード": 45, "市区町村コード": 201, "所在地": "宮崎県宮崎市大字小松字七田２９８４－１", "緯度": 31.935663, "経度": 131.40253, "url": "https://www.iryou.teikyouseido.mhlw.go.jp/znk-web/juminkanja/S2430/initialize?prefCd=45&kikanCd=5453139100&kikanKbn=5", "url2": null, "内容": "はまゆう調剤薬局【5:薬局】宮崎県宮崎市大字小松字七田２９８４－１" }, "geometry": { "type": "Point", "coordinates": [ 131.40253, 31.935663 ] } },
{ "type": "Feature", "properties": { "ID": 4555453139230, "正式名称": "漢方のしがき漢方専門薬局", "機関区分": 5, "都道府県コード": 45, "市区町村コード": 201, "所在地": "宮崎県宮崎市清武町木原６１６２－５", "緯度": 31.845522, "経度": 131.396402, "url": "https://www.iryou.teikyouseido.mhlw.go.jp/znk-web/juminkanja/S2430/initialize?prefCd=45&kikanCd=5453139230&kikanKbn=5", "url2": null, "内容": "漢方のしがき漢方専門薬局【5:薬局】宮崎県宮崎市清武町木原６１６２－５" }, "geometry": { "type": "Point", "coordinates": [ 131.396402, 31.845522 ] } },
{ "type": "Feature", "properties": { "ID": 4555453139520, "正式名称": "ゆき薬局", "機関区分": 5, "都道府県コード": 45, "市区町村コード": 201, "所在地": "宮崎県宮崎市大島町３４０－２", "緯度": 31.936884, "経度": 131.448873, "url": "https://www.iryou.teikyouseido.mhlw.go.jp/znk-web/juminkanja/S2430/initialize?prefCd=45&kikanCd=5453139520&kikanKbn=5", "url2": null, "内容": "ゆき薬局【5:薬局】宮崎県宮崎市大島町３４０－２" }, "geometry": { "type": "Point", "coordinates": [ 131.448873, 31.936884 ] } }
]
}
