{
"type": "FeatureCollection",
"name": "geo_45_2",
"crs": { "type": "name", "properties": { "name": "urn:ogc:def:crs:OGC:1.3:CRS84" } },
"features": [
{ "type": "Feature", "properties": { "ID": 4520119359, "正式名称": "おおさこ耳鼻咽喉科", "機関区分": 2, "都道府県コード": 45, "市区町村コード": 201, "所在地": "宮崎県宮崎市大工２丁目１０５－１", "緯度": 31.917905, "経度": 131.411075, "url": "https://www.iryou.teikyouseido.mhlw.go.jp/znk-web/juminkanja/S2430/initialize?prefCd=45&kikanCd=0119359&kikanKbn=2", "url2": null, "内容": "おおさこ耳鼻咽喉科【2:診療所】【診療科目:耳鼻いんこう科_頭頸部・耳鼻いんこう科】宮崎県宮崎市大工２丁目１０５－１" }, "geometry": { "type": "Point", "coordinates": [ 131.411075, 31.917905 ] } },
{ "type": "Feature", "properties": { "ID": 4522450101740, "正式名称": "南医院", "機関区分": 2, "都道府県コード": 45, "市区町村コード": 201, "所在地": "宮崎県宮崎市和知川原１丁目３３ー２", "緯度": 31.923088, "経度": 131.413761, "url": "https://www.iryou.teikyouseido.mhlw.go.jp/znk-web/juminkanja/S2430/initialize?prefCd=45&kikanCd=2450101740&kikanKbn=2", "url2": null, "内容": "南医院【2:診療所】【診療科目:内科_麻酔科】宮崎県宮崎市和知川原１丁目３３ー２" }, "geometry": { "type": "Point", "coordinates": [ 131.413761, 31.923088 ] } },
{ "type": "Feature", "properties": { "ID": 4522450103210, "正式名称": "日高医院", "機関区分": 2, "都道府県コード": 45, "市区町村コード": 201, "所在地": "宮崎県宮崎市大字本郷南方４０４６ー５", "緯度": 31.862025, "経度": 131.432873, "url": "https://www.iryou.teikyouseido.mhlw.go.jp/znk-web/juminkanja/S2430/initialize?prefCd=45&kikanCd=2450103210&kikanKbn=2", "url2": "http://www.miyazaki-catv.ne.jp/~ryokuka/", "内容": "日高医院【2:診療所】【診療科目:内科】宮崎県宮崎市大字本郷南方４０４６ー５" }, "geometry": { "type": "Point", "coordinates": [ 131.432873, 31.862025 ] } },
{ "type": "Feature", "properties": { "ID": 4522450103760, "正式名称": "神宮医院", "機関区分": 2, "都道府県コード": 45, "市区町村コード": 201, "所在地": "宮崎県宮崎市神宮２丁目２−７９", "緯度": 31.934062, "経度": 131.422437, "url": "https://www.iryou.teikyouseido.mhlw.go.jp/znk-web/juminkanja/S2430/initialize?prefCd=45&kikanCd=2450103760&kikanKbn=2", "url2": "http://www.jingu-iin.com", "内容": "神宮医院【2:診療所】【診療科目:内科_呼吸器内科_循環器内科_消化器内科_小児科】宮崎県宮崎市神宮２丁目２−７９" }, "geometry": { "type": "Point", "coordinates": [ 131.422437, 31.934062 ] } },
{ "type": "Feature", "properties": { "ID": 4522450104190, "正式名称": "医療法人社団　博英会　土居内科循環器科", "機関区分": 2, "都道府県コード": 45, "市区町村コード": 201, "所在地": "宮崎県宮崎市大橋１丁目６３番地１", "緯度": 31.919119, "経度": 131.414908, "url": "https://www.iryou.teikyouseido.mhlw.go.jp/znk-web/juminkanja/S2430/initialize?prefCd=45&kikanCd=2450104190&kikanKbn=2", "url2": null, "内容": "医療法人社団　博英会　土居内科循環器科【2:診療所】【診療科目:内科_糖尿病内科_循環器内科】宮崎県宮崎市大橋１丁目６３番地１" }, "geometry": { "type": "Point", "coordinates": [ 131.414908, 31.919119 ] } },
{ "type": "Feature", "properties": { "ID": 4522450104640, "正式名称": "ながやま小児科アレルギークリニック", "機関区分": 2, "都道府県コード": 45, "市区町村コード": 201, "所在地": "宮崎県宮崎市丸山２丁目３２", "緯度": 31.927874, "経度": 131.422332, "url": "https://www.iryou.teikyouseido.mhlw.go.jp/znk-web/juminkanja/S2430/initialize?prefCd=45&kikanCd=2450104640&kikanKbn=2", "url2": "http://nagayama-sn.com", "内容": "ながやま小児科アレルギークリニック【2:診療所】【診療科目:小児科_アレルギー科】宮崎県宮崎市丸山２丁目３２" }, "geometry": { "type": "Point", "coordinates": [ 131.422332, 31.927874 ] } },
{ "type": "Feature", "properties": { "ID": 4522450105650, "正式名称": "安達耳鼻咽喉科医院", "機関区分": 2, "都道府県コード": 45, "市区町村コード": 201, "所在地": "宮崎県宮崎市中村西１ー３ー９", "緯度": 31.901591, "経度": 131.418647, "url": "https://www.iryou.teikyouseido.mhlw.go.jp/znk-web/juminkanja/S2430/initialize?prefCd=45&kikanCd=2450105650&kikanKbn=2", "url2": null, "内容": "安達耳鼻咽喉科医院【2:診療所】【診療科目:耳鼻いんこう科】宮崎県宮崎市中村西１ー３ー９" }, "geometry": { "type": "Point", "coordinates": [ 131.418647, 31.901591 ] } },
{ "type": "Feature", "properties": { "ID": 4522450105780, "正式名称": "青木皮膚科", "機関区分": 2, "都道府県コード": 45, "市区町村コード": 201, "所在地": "宮崎県宮崎市堀川町１０３", "緯度": 31.907985, "経度": 131.434645, "url": "https://www.iryou.teikyouseido.mhlw.go.jp/znk-web/juminkanja/S2430/initialize?prefCd=45&kikanCd=2450105780&kikanKbn=2", "url2": "https://aokiderma.com/", "内容": "青木皮膚科【2:診療所】【診療科目:皮膚科】宮崎県宮崎市堀川町１０３" }, "geometry": { "type": "Point", "coordinates": [ 131.434645, 31.907985 ] } },
{ "type": "Feature", "properties": { "ID": 4522450106110, "正式名称": "おかどめ内科・神経内科", "機関区分": 2, "都道府県コード": 45, "市区町村コード": 201, "所在地": "宮崎県宮崎市中津瀬町１２−２", "緯度": 31.921686, "経度": 131.417163, "url": "https://www.iryou.teikyouseido.mhlw.go.jp/znk-web/juminkanja/S2430/initialize?prefCd=45&kikanCd=2450106110&kikanKbn=2", "url2": "https://www.okadome-cl.com/", "内容": "おかどめ内科・神経内科【2:診療所】【診療科目:内科_血液内科_糖尿病内科_呼吸器内科_循環器内科_消化器内科_神経内科】宮崎県宮崎市中津瀬町１２−２" }, "geometry": { "type": "Point", "coordinates": [ 131.417163, 31.921686 ] } },
{ "type": "Feature", "properties": { "ID": 4522450106400, "正式名称": "医療法人　木佐貫内科医院", "機関区分": 2, "都道府県コード": 45, "市区町村コード": 201, "所在地": "宮崎県宮崎市千草町１３番５号", "緯度": 31.916631, "経度": 131.418383, "url": "https://www.iryou.teikyouseido.mhlw.go.jp/znk-web/juminkanja/S2430/initialize?prefCd=45&kikanCd=2450106400&kikanKbn=2", "url2": null, "内容": "医療法人　木佐貫内科医院【2:診療所】【診療科目:内科】宮崎県宮崎市千草町１３番５号" }, "geometry": { "type": "Point", "coordinates": [ 131.418383, 31.916631 ] } },
{ "type": "Feature", "properties": { "ID": 4522450107250, "正式名称": "医療法人健栄会　影山内科医院", "機関区分": 2, "都道府県コード": 45, "市区町村コード": 201, "所在地": "宮崎県宮崎市鶴島２丁目１７番２２号", "緯度": 31.912703, "経度": 131.411714, "url": "https://www.iryou.teikyouseido.mhlw.go.jp/znk-web/juminkanja/S2430/initialize?prefCd=45&kikanCd=2450107250&kikanKbn=2", "url2": "http://dzb02046.la.coocan.jp/", "内容": "医療法人健栄会　影山内科医院【2:診療所】【診療科目:内科_呼吸器内科_循環器内科_消化器内科_小児科_リハビリテーション科_放射線科】宮崎県宮崎市鶴島２丁目１７番２２号" }, "geometry": { "type": "Point", "coordinates": [ 131.411714, 31.912703 ] } },
{ "type": "Feature", "properties": { "ID": 4522450108000, "正式名称": "医療法人社団　竹尾耳鼻咽喉科医院", "機関区分": 2, "都道府県コード": 45, "市区町村コード": 201, "所在地": "宮崎県宮崎市清水３丁目６−１６", "緯度": 31.920047, "経度": 131.416466, "url": "https://www.iryou.teikyouseido.mhlw.go.jp/znk-web/juminkanja/S2430/initialize?prefCd=45&kikanCd=2450108000&kikanKbn=2", "url2": "http://www.takeoent.com/", "内容": "医療法人社団　竹尾耳鼻咽喉科医院【2:診療所】【診療科目:耳鼻いんこう科】宮崎県宮崎市清水３丁目６−１６" }, "geometry": { "type": "Point", "coordinates": [ 131.416466, 31.920047 ] } },
{ "type": "Feature", "properties": { "ID": 4522450108710, "正式名称": "医療法人社団敬寿会　阿南内科医院", "機関区分": 2, "都道府県コード": 45, "市区町村コード": 201, "所在地": "宮崎県宮崎市清水３丁目２番５０号", "緯度": 31.918403, "経度": 131.417863, "url": "https://www.iryou.teikyouseido.mhlw.go.jp/znk-web/juminkanja/S2430/initialize?prefCd=45&kikanCd=2450108710&kikanKbn=2", "url2": "http://www.anami-kotobukien.jp/anaminaika/medicalday", "内容": "医療法人社団敬寿会　阿南内科医院【2:診療所】【診療科目:内科_循環器内科】宮崎県宮崎市清水３丁目２番５０号" }, "geometry": { "type": "Point", "coordinates": [ 131.417863, 31.918403 ] } },
{ "type": "Feature", "properties": { "ID": 4522450108970, "正式名称": "一般社団法人藤元メディカルシステム星井眼科医院", "機関区分": 2, "都道府県コード": 45, "市区町村コード": 201, "所在地": "宮崎県宮崎市中村東３丁目５番１０号", "緯度": 31.893733, "経度": 131.417411, "url": "https://www.iryou.teikyouseido.mhlw.go.jp/znk-web/juminkanja/S2430/initialize?prefCd=45&kikanCd=2450108970&kikanKbn=2", "url2": "http://www.fujimoto.com/", "内容": "一般社団法人藤元メディカルシステム星井眼科医院【2:診療所】【診療科目:眼科】宮崎県宮崎市中村東３丁目５番１０号" }, "geometry": { "type": "Point", "coordinates": [ 131.417411, 31.893733 ] } },
{ "type": "Feature", "properties": { "ID": 4522450110670, "正式名称": "医療法人社団　楠元内科胃腸科医院", "機関区分": 2, "都道府県コード": 45, "市区町村コード": 201, "所在地": "宮崎県宮崎市平和が丘西町１−１", "緯度": 31.957829, "経度": 131.414326, "url": "https://www.iryou.teikyouseido.mhlw.go.jp/znk-web/juminkanja/S2430/initialize?prefCd=45&kikanCd=2450110670&kikanKbn=2", "url2": "https://www.minc.ne.jp/heiwagaoka/", "内容": "医療法人社団　楠元内科胃腸科医院【2:診療所】【診療科目:内科_消化器内科_放射線科】宮崎県宮崎市平和が丘西町１−１" }, "geometry": { "type": "Point", "coordinates": [ 131.414326, 31.957829 ] } },
{ "type": "Feature", "properties": { "ID": 4522450110700, "正式名称": "医療法人社団明仁会　定永耳鼻咽喉科医院", "機関区分": 2, "都道府県コード": 45, "市区町村コード": 201, "所在地": "宮崎県宮崎市高千穂通２丁目２番１号", "緯度": 31.9173, "経度": 131.428357, "url": "https://www.iryou.teikyouseido.mhlw.go.jp/znk-web/juminkanja/S2430/initialize?prefCd=45&kikanCd=2450110700&kikanKbn=2", "url2": "http://www.sadanaga.jp/", "内容": "医療法人社団明仁会　定永耳鼻咽喉科医院【2:診療所】【診療科目:耳鼻いんこう科】宮崎県宮崎市高千穂通２丁目２番１号" }, "geometry": { "type": "Point", "coordinates": [ 131.428357, 31.9173 ] } },
{ "type": "Feature", "properties": { "ID": 4522450110960, "正式名称": "医療法人清仁会　菊池耳鼻咽喉科医院", "機関区分": 2, "都道府県コード": 45, "市区町村コード": 201, "所在地": "宮崎県宮崎市江平東１−４−６", "緯度": 31.927385, "経度": 131.426507, "url": "https://www.iryou.teikyouseido.mhlw.go.jp/znk-web/juminkanja/S2430/initialize?prefCd=45&kikanCd=2450110960&kikanKbn=2", "url2": "http://www.kikuchi-jibika.com/", "内容": "医療法人清仁会　菊池耳鼻咽喉科医院【2:診療所】【診療科目:耳鼻いんこう科】宮崎県宮崎市江平東１−４−６" }, "geometry": { "type": "Point", "coordinates": [ 131.426507, 31.927385 ] } },
{ "type": "Feature", "properties": { "ID": 4522450111000, "正式名称": "市来内科・外科医院", "機関区分": 2, "都道府県コード": 45, "市区町村コード": 201, "所在地": "宮崎県宮崎市和知川原２−１４−２", "緯度": 31.922746, "経度": 131.411411, "url": "https://www.iryou.teikyouseido.mhlw.go.jp/znk-web/juminkanja/S2430/initialize?prefCd=45&kikanCd=2450111000&kikanKbn=2", "url2": null, "内容": "市来内科・外科医院【2:診療所】【診療科目:内科_循環器内科_消化器内科_神経内科_外科】宮崎県宮崎市和知川原２−１４−２" }, "geometry": { "type": "Point", "coordinates": [ 131.411411, 31.922746 ] } },
{ "type": "Feature", "properties": { "ID": 4522450111130, "正式名称": "医療法人　杉澤医院　杉澤胃腸科内科", "機関区分": 2, "都道府県コード": 45, "市区町村コード": 201, "所在地": "宮崎県宮崎市城ケ崎４−６−７", "緯度": 31.89565, "経度": 131.432654, "url": "https://www.iryou.teikyouseido.mhlw.go.jp/znk-web/juminkanja/S2430/initialize?prefCd=45&kikanCd=2450111130&kikanKbn=2", "url2": null, "内容": "医療法人　杉澤医院　杉澤胃腸科内科【2:診療所】【診療科目:内科_消化器内科】宮崎県宮崎市城ケ崎４−６−７" }, "geometry": { "type": "Point", "coordinates": [ 131.432654, 31.89565 ] } },
{ "type": "Feature", "properties": { "ID": 4522450112560, "正式名称": "巴外科内科", "機関区分": 2, "都道府県コード": 45, "市区町村コード": 201, "所在地": "宮崎県宮崎市大字恒久寺ノ前５９８８番地", "緯度": 31.889122, "経度": 131.404393, "url": "https://www.iryou.teikyouseido.mhlw.go.jp/znk-web/juminkanja/S2430/initialize?prefCd=45&kikanCd=2450112560&kikanKbn=2", "url2": "http://tomoegekanaika.com", "内容": "巴外科内科【2:診療所】【診療科目:内科_胃腸内科_肛門内科_外科_胃腸外科_肛門外科_整形外科_リハビリテーション科】宮崎県宮崎市大字恒久寺ノ前５９８８番地" }, "geometry": { "type": "Point", "coordinates": [ 131.404393, 31.889122 ] } },
{ "type": "Feature", "properties": { "ID": 4522450115880, "正式名称": "川島眼科", "機関区分": 2, "都道府県コード": 45, "市区町村コード": 201, "所在地": "宮崎県宮崎市上野町２−３６", "緯度": 31.911001, "経度": 131.42076, "url": "https://www.iryou.teikyouseido.mhlw.go.jp/znk-web/juminkanja/S2430/initialize?prefCd=45&kikanCd=2450115880&kikanKbn=2", "url2": "http://kawashima-ganka.jp", "内容": "川島眼科【2:診療所】【診療科目:眼科】宮崎県宮崎市上野町２−３６" }, "geometry": { "type": "Point", "coordinates": [ 131.42076, 31.911001 ] } },
{ "type": "Feature", "properties": { "ID": 4522450116470, "正式名称": "尾田整形外科医院", "機関区分": 2, "都道府県コード": 45, "市区町村コード": 201, "所在地": "宮崎県宮崎市下北方町島口８６３−５", "緯度": 31.943667, "経度": 131.425045, "url": "https://www.iryou.teikyouseido.mhlw.go.jp/znk-web/juminkanja/S2430/initialize?prefCd=45&kikanCd=2450116470&kikanKbn=2", "url2": "https://www.odaseikeigeka-official.com/", "内容": "尾田整形外科医院【2:診療所】【診療科目:整形外科_リウマチ科_リハビリテーション科】宮崎県宮崎市下北方町島口８６３−５" }, "geometry": { "type": "Point", "coordinates": [ 131.425045, 31.943667 ] } },
{ "type": "Feature", "properties": { "ID": 4522450116500, "正式名称": "はた産婦人科医院", "機関区分": 2, "都道府県コード": 45, "市区町村コード": 201, "所在地": "宮崎県宮崎市和知川原１丁目１０７", "緯度": 31.924549, "経度": 131.415091, "url": "https://www.iryou.teikyouseido.mhlw.go.jp/znk-web/juminkanja/S2430/initialize?prefCd=45&kikanCd=2450116500&kikanKbn=2", "url2": null, "内容": "はた産婦人科医院【2:診療所】【診療科目:産婦人科】宮崎県宮崎市和知川原１丁目１０７" }, "geometry": { "type": "Point", "coordinates": [ 131.415091, 31.924549 ] } },
{ "type": "Feature", "properties": { "ID": 4522450117060, "正式名称": "川越整形外科医院", "機関区分": 2, "都道府県コード": 45, "市区町村コード": 201, "所在地": "宮崎県宮崎市大塚町大迫南平４４４６番地", "緯度": 31.905619, "経度": 131.389397, "url": "https://www.iryou.teikyouseido.mhlw.go.jp/znk-web/juminkanja/S2430/initialize?prefCd=45&kikanCd=2450117060&kikanKbn=2", "url2": null, "内容": "川越整形外科医院【2:診療所】【診療科目:整形外科_リウマチ科_リハビリテーション科】宮崎県宮崎市大塚町大迫南平４４４６番地" }, "geometry": { "type": "Point", "coordinates": [ 131.389397, 31.905619 ] } },
{ "type": "Feature", "properties": { "ID": 4522450117640, "正式名称": "田崎皮膚科医院", "機関区分": 2, "都道府県コード": 45, "市区町村コード": 201, "所在地": "宮崎県宮崎市高松町４ー４２", "緯度": 31.914235, "経度": 131.419044, "url": "https://www.iryou.teikyouseido.mhlw.go.jp/znk-web/juminkanja/S2430/initialize?prefCd=45&kikanCd=2450117640&kikanKbn=2", "url2": "https://www.tasaki-hifuka.com/index.html", "内容": "田崎皮膚科医院【2:診療所】【診療科目:皮膚科】宮崎県宮崎市高松町４ー４２" }, "geometry": { "type": "Point", "coordinates": [ 131.419044, 31.914235 ] } },
{ "type": "Feature", "properties": { "ID": 4522450118070, "正式名称": "中山医院", "機関区分": 2, "都道府県コード": 45, "市区町村コード": 201, "所在地": "宮崎県宮崎市霧島４丁目１９６番地", "緯度": 31.935556, "経度": 131.413019, "url": "https://www.iryou.teikyouseido.mhlw.go.jp/znk-web/juminkanja/S2430/initialize?prefCd=45&kikanCd=2450118070&kikanKbn=2", "url2": null, "内容": "中山医院【2:診療所】【診療科目:皮膚科_泌尿器科_アレルギー科】宮崎県宮崎市霧島４丁目１９６番地" }, "geometry": { "type": "Point", "coordinates": [ 131.413019, 31.935556 ] } },
{ "type": "Feature", "properties": { "ID": 4522450118230, "正式名称": "早稲田クリニック", "機関区分": 2, "都道府県コード": 45, "市区町村コード": 201, "所在地": "宮崎県宮崎市大坪町西六月２１９７ー１", "緯度": 31.89571, "経度": 131.407043, "url": "https://www.iryou.teikyouseido.mhlw.go.jp/znk-web/juminkanja/S2430/initialize?prefCd=45&kikanCd=2450118230&kikanKbn=2", "url2": "http://www.houmei.or.jp", "内容": "早稲田クリニック【2:診療所】【診療科目:内科_神経内科_精神科_心療内科_リハビリテーション科】宮崎県宮崎市大坪町西六月２１９７ー１" }, "geometry": { "type": "Point", "coordinates": [ 131.407043, 31.89571 ] } },
{ "type": "Feature", "properties": { "ID": 4522450118490, "正式名称": "名越内科", "機関区分": 2, "都道府県コード": 45, "市区町村コード": 201, "所在地": "宮崎県宮崎市大塚町権現昔　７７９－６", "緯度": 31.924293, "経度": 131.39878, "url": "https://www.iryou.teikyouseido.mhlw.go.jp/znk-web/juminkanja/S2430/initialize?prefCd=45&kikanCd=2450118490&kikanKbn=2", "url2": "https://nagoshinaika.com", "内容": "名越内科【2:診療所】【診療科目:内科_循環器内科】宮崎県宮崎市大塚町権現昔　７７９－６" }, "geometry": { "type": "Point", "coordinates": [ 131.39878, 31.924293 ] } },
{ "type": "Feature", "properties": { "ID": 4522450118520, "正式名称": "下村産婦人科医院", "機関区分": 2, "都道府県コード": 45, "市区町村コード": 201, "所在地": "宮崎県宮崎市青葉町１５１−１", "緯度": 31.920914, "経度": 131.436467, "url": "https://www.iryou.teikyouseido.mhlw.go.jp/znk-web/juminkanja/S2430/initialize?prefCd=45&kikanCd=2450118520&kikanKbn=2", "url2": "http://www.shimomura-s.or.jp/", "内容": "下村産婦人科医院【2:診療所】【診療科目:産婦人科_産科_婦人科】宮崎県宮崎市青葉町１５１−１" }, "geometry": { "type": "Point", "coordinates": [ 131.436467, 31.920914 ] } },
{ "type": "Feature", "properties": { "ID": 4522450118650, "正式名称": "はるやま医院", "機関区分": 2, "都道府県コード": 45, "市区町村コード": 201, "所在地": "宮崎県宮崎市大字本郷北方２１０７−１", "緯度": 31.877685, "経度": 131.426364, "url": "https://www.iryou.teikyouseido.mhlw.go.jp/znk-web/juminkanja/S2430/initialize?prefCd=45&kikanCd=2450118650&kikanKbn=2", "url2": "https://haruyama-clinic.or.jp/", "内容": "はるやま医院【2:診療所】【診療科目:内科_外科_心臓血管外科_肛門外科】宮崎県宮崎市大字本郷北方２１０７−１" }, "geometry": { "type": "Point", "coordinates": [ 131.426364, 31.877685 ] } },
{ "type": "Feature", "properties": { "ID": 4522450118780, "正式名称": "医療法人社団　康仁会　猪島医院", "機関区分": 2, "都道府県コード": 45, "市区町村コード": 201, "所在地": "宮崎県宮崎市大塚町馬場崎３５２６−２", "緯度": 31.913869, "経度": 131.392141, "url": "https://www.iryou.teikyouseido.mhlw.go.jp/znk-web/juminkanja/S2430/initialize?prefCd=45&kikanCd=2450118780&kikanKbn=2", "url2": "http://inoshimaiin.com/", "内容": "医療法人社団　康仁会　猪島医院【2:診療所】【診療科目:内科_消化器内科_外科_消化器外科_肛門外科_放射線科】宮崎県宮崎市大塚町馬場崎３５２６−２" }, "geometry": { "type": "Point", "coordinates": [ 131.392141, 31.913869 ] } },
{ "type": "Feature", "properties": { "ID": 4522450119110, "正式名称": "医療法人雅会　河野整形外科", "機関区分": 2, "都道府県コード": 45, "市区町村コード": 201, "所在地": "宮崎県宮崎市島之内７３０９番地", "緯度": 31.985517, "経度": 131.451073, "url": "https://www.iryou.teikyouseido.mhlw.go.jp/znk-web/juminkanja/S2430/initialize?prefCd=45&kikanCd=2450119110&kikanKbn=2", "url2": "http://www.miyabi-kai.or.jp/", "内容": "医療法人雅会　河野整形外科【2:診療所】【診療科目:外科_整形外科_リウマチ科_リハビリテーション科】宮崎県宮崎市島之内７３０９番地" }, "geometry": { "type": "Point", "coordinates": [ 131.451073, 31.985517 ] } },
{ "type": "Feature", "properties": { "ID": 4522450120220, "正式名称": "稲倉医院", "機関区分": 2, "都道府県コード": 45, "市区町村コード": 201, "所在地": "宮崎県宮崎市大塚町馬場崎３５５４の２", "緯度": 31.913869, "経度": 131.392141, "url": "https://www.iryou.teikyouseido.mhlw.go.jp/znk-web/juminkanja/S2430/initialize?prefCd=45&kikanCd=2450120220&kikanKbn=2", "url2": "http://www.inakura-clinic.com/", "内容": "稲倉医院【2:診療所】【診療科目:内科_呼吸器内科_消化器内科_放射線科】宮崎県宮崎市大塚町馬場崎３５５４の２" }, "geometry": { "type": "Point", "coordinates": [ 131.392141, 31.913869 ] } },
{ "type": "Feature", "properties": { "ID": 4522450121070, "正式名称": "竜内科クリニック", "機関区分": 2, "都道府県コード": 45, "市区町村コード": 201, "所在地": "宮崎県宮崎市希望ケ丘１丁目２１−１６", "緯度": 31.860686, "経度": 131.428209, "url": "https://www.iryou.teikyouseido.mhlw.go.jp/znk-web/juminkanja/S2430/initialize?prefCd=45&kikanCd=2450121070&kikanKbn=2", "url2": "http://ryu-naika.net/", "内容": "竜内科クリニック【2:診療所】【診療科目:内科_小児科_放射線科】宮崎県宮崎市希望ケ丘１丁目２１−１６" }, "geometry": { "type": "Point", "coordinates": [ 131.428209, 31.860686 ] } },
{ "type": "Feature", "properties": { "ID": 4522450121100, "正式名称": "押川整形外科医院", "機関区分": 2, "都道府県コード": 45, "市区町村コード": 201, "所在地": "宮崎県宮崎市和知川原１丁目６４番地３", "緯度": 31.924074, "経度": 131.415424, "url": "https://www.iryou.teikyouseido.mhlw.go.jp/znk-web/juminkanja/S2430/initialize?prefCd=45&kikanCd=2450121100&kikanKbn=2", "url2": null, "内容": "押川整形外科医院【2:診療所】【診療科目:整形外科_リハビリテーション科_麻酔科】宮崎県宮崎市和知川原１丁目６４番地３" }, "geometry": { "type": "Point", "coordinates": [ 131.415424, 31.924074 ] } },
{ "type": "Feature", "properties": { "ID": 4522450121520, "正式名称": "医療法人三原内科", "機関区分": 2, "都道府県コード": 45, "市区町村コード": 201, "所在地": "宮崎県宮崎市源藤町源藤８７６−１", "緯度": 31.886052, "経度": 131.410515, "url": "https://www.iryou.teikyouseido.mhlw.go.jp/znk-web/juminkanja/S2430/initialize?prefCd=45&kikanCd=2450121520&kikanKbn=2", "url2": null, "内容": "医療法人三原内科【2:診療所】【診療科目:内科_婦人科】宮崎県宮崎市源藤町源藤８７６−１" }, "geometry": { "type": "Point", "coordinates": [ 131.410515, 31.886052 ] } },
{ "type": "Feature", "properties": { "ID": 4522450122080, "正式名称": "坂本医院", "機関区分": 2, "都道府県コード": 45, "市区町村コード": 201, "所在地": "宮崎県宮崎市清武町今泉甲７０２０－７", "緯度": 31.854793, "経度": 131.387268, "url": "https://www.iryou.teikyouseido.mhlw.go.jp/znk-web/juminkanja/S2430/initialize?prefCd=45&kikanCd=2450122080&kikanKbn=2", "url2": null, "内容": "坂本医院【2:診療所】【診療科目:内科_胃腸内科】宮崎県宮崎市清武町今泉甲７０２０－７" }, "geometry": { "type": "Point", "coordinates": [ 131.387268, 31.854793 ] } },
{ "type": "Feature", "properties": { "ID": 4522450122370, "正式名称": "前田整形外科医院", "機関区分": 2, "都道府県コード": 45, "市区町村コード": 201, "所在地": "宮崎県宮崎市清武町正手１丁目９９番地", "緯度": 31.858988, "経度": 131.385391, "url": "https://www.iryou.teikyouseido.mhlw.go.jp/znk-web/juminkanja/S2430/initialize?prefCd=45&kikanCd=2450122370&kikanKbn=2", "url2": null, "内容": "前田整形外科医院【2:診療所】【診療科目:整形外科_リウマチ科_リハビリテーション科】宮崎県宮崎市清武町正手１丁目９９番地" }, "geometry": { "type": "Point", "coordinates": [ 131.385391, 31.858988 ] } },
{ "type": "Feature", "properties": { "ID": 4522450122820, "正式名称": "だんのクリニック", "機関区分": 2, "都道府県コード": 45, "市区町村コード": 201, "所在地": "宮崎県宮崎市田野町乙７２１６番地２", "緯度": 31.839531, "経度": 131.294035, "url": "https://www.iryou.teikyouseido.mhlw.go.jp/znk-web/juminkanja/S2430/initialize?prefCd=45&kikanCd=2450122820&kikanKbn=2", "url2": null, "内容": "だんのクリニック【2:診療所】【診療科目:内科_外科】宮崎県宮崎市田野町乙７２１６番地２" }, "geometry": { "type": "Point", "coordinates": [ 131.294035, 31.839531 ] } },
{ "type": "Feature", "properties": { "ID": 4522450124420, "正式名称": "医療法人　小室医院", "機関区分": 2, "都道府県コード": 45, "市区町村コード": 201, "所在地": "宮崎県宮崎市高岡町五町３５７", "緯度": 31.956202, "経度": 131.298359, "url": "https://www.iryou.teikyouseido.mhlw.go.jp/znk-web/juminkanja/S2430/initialize?prefCd=45&kikanCd=2450124420&kikanKbn=2", "url2": null, "内容": "医療法人　小室医院【2:診療所】【診療科目:内科_呼吸器内科_消化器内科】宮崎県宮崎市高岡町五町３５７" }, "geometry": { "type": "Point", "coordinates": [ 131.298359, 31.956202 ] } },
{ "type": "Feature", "properties": { "ID": 4522450124840, "正式名称": "日高内科胃腸科", "機関区分": 2, "都道府県コード": 45, "市区町村コード": 382, "所在地": "宮崎県東諸県郡国富町大字本庄４３２９", "緯度": 31.987197, "経度": 131.332593, "url": "https://www.iryou.teikyouseido.mhlw.go.jp/znk-web/juminkanja/S2430/initialize?prefCd=45&kikanCd=2450124840&kikanKbn=2", "url2": null, "内容": "日高内科胃腸科【2:診療所】【診療科目:内科_消化器内科_胃腸内科_内視鏡内科】宮崎県東諸県郡国富町大字本庄４３２９" }, "geometry": { "type": "Point", "coordinates": [ 131.332593, 31.987197 ] } },
{ "type": "Feature", "properties": { "ID": 4522450125850, "正式名称": "医療法人社団静心会　近間　クリニック", "機関区分": 2, "都道府県コード": 45, "市区町村コード": 201, "所在地": "宮崎県宮崎市船塚１丁目２番地", "緯度": 31.92653, "経度": 131.420893, "url": "https://www.iryou.teikyouseido.mhlw.go.jp/znk-web/juminkanja/S2430/initialize?prefCd=45&kikanCd=2450125850&kikanKbn=2", "url2": null, "内容": "医療法人社団静心会　近間　クリニック【2:診療所】【診療科目:精神科_神経科】宮崎県宮崎市船塚１丁目２番地" }, "geometry": { "type": "Point", "coordinates": [ 131.420893, 31.92653 ] } },
{ "type": "Feature", "properties": { "ID": 4522450126600, "正式名称": "宮元整形外科医院", "機関区分": 2, "都道府県コード": 45, "市区町村コード": 201, "所在地": "宮崎県宮崎市佐土原町下田島１２３７２", "緯度": 32.035652, "経度": 131.46761, "url": "https://www.iryou.teikyouseido.mhlw.go.jp/znk-web/juminkanja/S2430/initialize?prefCd=45&kikanCd=2450126600&kikanKbn=2", "url2": "https://www.miyamoto-seikei.jp/home", "内容": "宮元整形外科医院【2:診療所】【診療科目:整形外科_リウマチ科_リハビリテーション科】宮崎県宮崎市佐土原町下田島１２３７２" }, "geometry": { "type": "Point", "coordinates": [ 131.46761, 32.035652 ] } },
{ "type": "Feature", "properties": { "ID": 4522450127160, "正式名称": "大西医院", "機関区分": 2, "都道府県コード": 45, "市区町村コード": 201, "所在地": "宮崎県宮崎市中央通２番５号", "緯度": 31.914306, "経度": 131.421271, "url": "https://www.iryou.teikyouseido.mhlw.go.jp/znk-web/juminkanja/S2430/initialize?prefCd=45&kikanCd=2450127160&kikanKbn=2", "url2": "https://clinic-onishi.com/", "内容": "大西医院【2:診療所】【診療科目:内科】宮崎県宮崎市中央通２番５号" }, "geometry": { "type": "Point", "coordinates": [ 131.421271, 31.914306 ] } },
{ "type": "Feature", "properties": { "ID": 4522450127580, "正式名称": "岡田整形外科医院", "機関区分": 2, "都道府県コード": 45, "市区町村コード": 201, "所在地": "宮崎県宮崎市浮田３３１３番地１", "緯度": 31.929892, "経度": 131.379116, "url": "https://www.iryou.teikyouseido.mhlw.go.jp/znk-web/juminkanja/S2430/initialize?prefCd=45&kikanCd=2450127580&kikanKbn=2", "url2": "http://www.okada-seikeigeka.com/", "内容": "岡田整形外科医院【2:診療所】【診療科目:内科_整形外科_リハビリテーション科】宮崎県宮崎市浮田３３１３番地１" }, "geometry": { "type": "Point", "coordinates": [ 131.379116, 31.929892 ] } },
{ "type": "Feature", "properties": { "ID": 4522450128910, "正式名称": "みのだ泌尿器科医院", "機関区分": 2, "都道府県コード": 45, "市区町村コード": 201, "所在地": "宮崎県宮崎市大塚町樋ノ口１８８５", "緯度": 31.919038, "経度": 131.4004, "url": "https://www.iryou.teikyouseido.mhlw.go.jp/znk-web/juminkanja/S2430/initialize?prefCd=45&kikanCd=2450128910&kikanKbn=2", "url2": null, "内容": "みのだ泌尿器科医院【2:診療所】【診療科目:泌尿器科】宮崎県宮崎市大塚町樋ノ口１８８５" }, "geometry": { "type": "Point", "coordinates": [ 131.4004, 31.919038 ] } },
{ "type": "Feature", "properties": { "ID": 4522450129210, "正式名称": "医療法人綾風会　綾立元診療所", "機関区分": 2, "都道府県コード": 45, "市区町村コード": 383, "所在地": "宮崎県東諸県郡綾町大字南俣６２２の３", "緯度": 31.996914052793599, "経度": 131.252543, "url": "https://www.iryou.teikyouseido.mhlw.go.jp/znk-web/juminkanja/S2430/initialize?prefCd=45&kikanCd=2450129210&kikanKbn=2", "url2": null, "内容": "医療法人綾風会　綾立元診療所【2:診療所】【診療科目:内科】宮崎県東諸県郡綾町大字南俣６２２の３" }, "geometry": { "type": "Point", "coordinates": [ 131.252543, 31.996914052793599 ] } },
{ "type": "Feature", "properties": { "ID": 4522450130030, "正式名称": "柴田眼科", "機関区分": 2, "都道府県コード": 45, "市区町村コード": 201, "所在地": "宮崎県宮崎市永楽町１３１", "緯度": 31.906349, "経度": 131.43552, "url": "https://www.iryou.teikyouseido.mhlw.go.jp/znk-web/juminkanja/S2430/initialize?prefCd=45&kikanCd=2450130030&kikanKbn=2", "url2": null, "内容": "柴田眼科【2:診療所】【診療科目:眼科】宮崎県宮崎市永楽町１３１" }, "geometry": { "type": "Point", "coordinates": [ 131.43552, 31.906349 ] } },
{ "type": "Feature", "properties": { "ID": 4522450130160, "正式名称": "医療法人俊生会　田中外科内科医院", "機関区分": 2, "都道府県コード": 45, "市区町村コード": 382, "所在地": "宮崎県東諸県郡国富町大字本庄１９４６", "緯度": 31.988735, "経度": 131.334324, "url": "https://www.iryou.teikyouseido.mhlw.go.jp/znk-web/juminkanja/S2430/initialize?prefCd=45&kikanCd=2450130160&kikanKbn=2", "url2": null, "内容": "医療法人俊生会　田中外科内科医院【2:診療所】【診療科目:内科_呼吸器内科_循環器内科_消化器内科_胃腸内科_内視鏡内科_肛門外科】宮崎県東諸県郡国富町大字本庄１９４６" }, "geometry": { "type": "Point", "coordinates": [ 131.334324, 31.988735 ] } },
{ "type": "Feature", "properties": { "ID": 4522450130580, "正式名称": "さいとう医院", "機関区分": 2, "都道府県コード": 45, "市区町村コード": 201, "所在地": "宮崎県宮崎市佐土原町松小路１４ー４", "緯度": 32.024789, "経度": 131.475701, "url": "https://www.iryou.teikyouseido.mhlw.go.jp/znk-web/juminkanja/S2430/initialize?prefCd=45&kikanCd=2450130580&kikanKbn=2", "url2": "https://www.saitouiin.net", "内容": "さいとう医院【2:診療所】【診療科目:内科_皮膚科_泌尿器科】宮崎県宮崎市佐土原町松小路１４ー４" }, "geometry": { "type": "Point", "coordinates": [ 131.475701, 32.024789 ] } },
{ "type": "Feature", "properties": { "ID": 4522450130610, "正式名称": "東皮膚科", "機関区分": 2, "都道府県コード": 45, "市区町村コード": 201, "所在地": "宮崎県宮崎市神宮西２ー１９２ー１レジデンス神宮一階", "緯度": 31.940942, "経度": 131.420487, "url": "https://www.iryou.teikyouseido.mhlw.go.jp/znk-web/juminkanja/S2430/initialize?prefCd=45&kikanCd=2450130610&kikanKbn=2", "url2": "http://higashi-hifuka.jp/", "内容": "東皮膚科【2:診療所】【診療科目:皮膚科_アレルギー科】宮崎県宮崎市神宮西２ー１９２ー１レジデンス神宮一階" }, "geometry": { "type": "Point", "coordinates": [ 131.420487, 31.940942 ] } },
{ "type": "Feature", "properties": { "ID": 4522450130870, "正式名称": "福永内科神経科医院", "機関区分": 2, "都道府県コード": 45, "市区町村コード": 201, "所在地": "宮崎県宮崎市清武町加納１丁目２９番地２", "緯度": 31.872464, "経度": 131.397142, "url": "https://www.iryou.teikyouseido.mhlw.go.jp/znk-web/juminkanja/S2430/initialize?prefCd=45&kikanCd=2450130870&kikanKbn=2", "url2": "http://www.hukunaganaika-miyazaki.com/", "内容": "福永内科神経科医院【2:診療所】【診療科目:内科_糖尿病内科_呼吸器内科_腎臓内科_精神科_心療内科】宮崎県宮崎市清武町加納１丁目２９番地２" }, "geometry": { "type": "Point", "coordinates": [ 131.397142, 31.872464 ] } },
{ "type": "Feature", "properties": { "ID": 4522450130900, "正式名称": "医療法人　谷村整形外科医院", "機関区分": 2, "都道府県コード": 45, "市区町村コード": 201, "所在地": "宮崎県宮崎市城ケ崎４ー１ー８", "緯度": 31.897472, "経度": 131.433379, "url": "https://www.iryou.teikyouseido.mhlw.go.jp/znk-web/juminkanja/S2430/initialize?prefCd=45&kikanCd=2450130900&kikanKbn=2", "url2": "https://itp.ne.jp/ap/0985533300/", "内容": "医療法人　谷村整形外科医院【2:診療所】【診療科目:整形外科_リウマチ科_リハビリテーション科】宮崎県宮崎市城ケ崎４ー１ー８" }, "geometry": { "type": "Point", "coordinates": [ 131.433379, 31.897472 ] } },
{ "type": "Feature", "properties": { "ID": 4522450131170, "正式名称": "医療法人木佐貫産婦人科医院", "機関区分": 2, "都道府県コード": 45, "市区町村コード": 201, "所在地": "宮崎県宮崎市大字恒久４４０２−１", "緯度": 31.891986, "経度": 131.416795, "url": "https://www.iryou.teikyouseido.mhlw.go.jp/znk-web/juminkanja/S2430/initialize?prefCd=45&kikanCd=2450131170&kikanKbn=2", "url2": "http://www.kisanuki-hp.jp", "内容": "医療法人木佐貫産婦人科医院【2:診療所】【診療科目:産婦人科】宮崎県宮崎市大字恒久４４０２−１" }, "geometry": { "type": "Point", "coordinates": [ 131.416795, 31.891986 ] } },
{ "type": "Feature", "properties": { "ID": 4522450131330, "正式名称": "医療法人社団友愛会上原内科", "機関区分": 2, "都道府県コード": 45, "市区町村コード": 201, "所在地": "宮崎県宮崎市大島町国草１２６−３", "緯度": 31.941834, "経度": 131.43915, "url": "https://www.iryou.teikyouseido.mhlw.go.jp/znk-web/juminkanja/S2430/initialize?prefCd=45&kikanCd=2450131330&kikanKbn=2", "url2": "http://ueharanaika.or.jp/", "内容": "医療法人社団友愛会上原内科【2:診療所】【診療科目:内科_循環器内科_人工透析内科】宮崎県宮崎市大島町国草１２６−３" }, "geometry": { "type": "Point", "coordinates": [ 131.43915, 31.941834 ] } },
{ "type": "Feature", "properties": { "ID": 4522450131460, "正式名称": "一般社団法人日本健康倶楽部　宮崎支部診療所", "機関区分": 2, "都道府県コード": 45, "市区町村コード": 201, "所在地": "宮崎県宮崎市本郷南方上無田３４９５−４", "緯度": 31.867425, "経度": 131.434889, "url": "https://www.iryou.teikyouseido.mhlw.go.jp/znk-web/juminkanja/S2430/initialize?prefCd=45&kikanCd=2450131460&kikanKbn=2", "url2": "http://www.kenkou-club.or.jp/", "内容": "一般社団法人日本健康倶楽部　宮崎支部診療所【2:診療所】【診療科目:内科】宮崎県宮崎市本郷南方上無田３４９５−４" }, "geometry": { "type": "Point", "coordinates": [ 131.434889, 31.867425 ] } },
{ "type": "Feature", "properties": { "ID": 4522450131620, "正式名称": "作耳鼻咽喉科医院", "機関区分": 2, "都道府県コード": 45, "市区町村コード": 201, "所在地": "宮崎県宮崎市大字島之内７３１１の１", "緯度": 31.985603, "経度": 131.450692, "url": "https://www.iryou.teikyouseido.mhlw.go.jp/znk-web/juminkanja/S2430/initialize?prefCd=45&kikanCd=2450131620&kikanKbn=2", "url2": null, "内容": "作耳鼻咽喉科医院【2:診療所】【診療科目:耳鼻いんこう科】宮崎県宮崎市大字島之内７３１１の１" }, "geometry": { "type": "Point", "coordinates": [ 131.450692, 31.985603 ] } },
{ "type": "Feature", "properties": { "ID": 4522450131750, "正式名称": "滝口内科", "機関区分": 2, "都道府県コード": 45, "市区町村コード": 201, "所在地": "宮崎県宮崎市本郷南方２１０２番地１", "緯度": 31.856809, "経度": 131.434967, "url": "https://www.iryou.teikyouseido.mhlw.go.jp/znk-web/juminkanja/S2430/initialize?prefCd=45&kikanCd=2450131750&kikanKbn=2", "url2": null, "内容": "滝口内科【2:診療所】【診療科目:内科_呼吸器内科_循環器内科_消化器内科_美容皮膚科】宮崎県宮崎市本郷南方２１０２番地１" }, "geometry": { "type": "Point", "coordinates": [ 131.434967, 31.856809 ] } },
{ "type": "Feature", "properties": { "ID": 4522450131910, "正式名称": "医療法人　いもがらぼくと会　竹井小児科医院", "機関区分": 2, "都道府県コード": 45, "市区町村コード": 201, "所在地": "宮崎県宮崎市佐土原町下田島", "緯度": 32.032202, "経度": 131.472415, "url": "https://www.iryou.teikyouseido.mhlw.go.jp/znk-web/juminkanja/S2430/initialize?prefCd=45&kikanCd=2450131910&kikanKbn=2", "url2": "http://www.citydo.com/prf/miyazaki/guide/sg/535000851.html", "内容": "医療法人　いもがらぼくと会　竹井小児科医院【2:診療所】【診療科目:内科_小児科_アレルギー科】宮崎県宮崎市佐土原町下田島" }, "geometry": { "type": "Point", "coordinates": [ 131.472415, 32.032202 ] } },
{ "type": "Feature", "properties": { "ID": 4522450132470, "正式名称": "こまき内科", "機関区分": 2, "都道府県コード": 45, "市区町村コード": 201, "所在地": "宮崎県宮崎市吉村町江田原甲２６１−４", "緯度": 31.926241, "経度": 131.446436, "url": "https://www.iryou.teikyouseido.mhlw.go.jp/znk-web/juminkanja/S2430/initialize?prefCd=45&kikanCd=2450132470&kikanKbn=2", "url2": null, "内容": "こまき内科【2:診療所】【診療科目:内科_循環器内科_消化器内科】宮崎県宮崎市吉村町江田原甲２６１−４" }, "geometry": { "type": "Point", "coordinates": [ 131.446436, 31.926241 ] } },
{ "type": "Feature", "properties": { "ID": 4522450132500, "正式名称": "フタバ皮膚科形成外科医院", "機関区分": 2, "都道府県コード": 45, "市区町村コード": 201, "所在地": "宮崎県宮崎市大塚町馬場崎３５２３−１", "緯度": 31.913869, "経度": 131.392141, "url": "https://www.iryou.teikyouseido.mhlw.go.jp/znk-web/juminkanja/S2430/initialize?prefCd=45&kikanCd=2450132500&kikanKbn=2", "url2": null, "内容": "フタバ皮膚科形成外科医院【2:診療所】【診療科目:形成外科_皮膚科】宮崎県宮崎市大塚町馬場崎３５２３−１" }, "geometry": { "type": "Point", "coordinates": [ 131.392141, 31.913869 ] } },
{ "type": "Feature", "properties": { "ID": 4522450132630, "正式名称": "杉田眼科医院", "機関区分": 2, "都道府県コード": 45, "市区町村コード": 201, "所在地": "宮崎県宮崎市橘通東３丁目２番３０号", "緯度": 31.914256, "経度": 131.423821, "url": "https://www.iryou.teikyouseido.mhlw.go.jp/znk-web/juminkanja/S2430/initialize?prefCd=45&kikanCd=2450132630&kikanKbn=2", "url2": "http://www.sugita-ganka.jp/", "内容": "杉田眼科医院【2:診療所】【診療科目:眼科】宮崎県宮崎市橘通東３丁目２番３０号" }, "geometry": { "type": "Point", "coordinates": [ 131.423821, 31.914256 ] } },
{ "type": "Feature", "properties": { "ID": 4522450132890, "正式名称": "福永内科小児科クリニック", "機関区分": 2, "都道府県コード": 45, "市区町村コード": 201, "所在地": "宮崎県宮崎市太田２丁目１番９号", "緯度": 31.902283, "経度": 131.421524, "url": "https://www.iryou.teikyouseido.mhlw.go.jp/znk-web/juminkanja/S2430/initialize?prefCd=45&kikanCd=2450132890&kikanKbn=2", "url2": null, "内容": "福永内科小児科クリニック【2:診療所】【診療科目:内科_小児科】宮崎県宮崎市太田２丁目１番９号" }, "geometry": { "type": "Point", "coordinates": [ 131.421524, 31.902283 ] } },
{ "type": "Feature", "properties": { "ID": 4522450133220, "正式名称": "永迫クリニック", "機関区分": 2, "都道府県コード": 45, "市区町村コード": 201, "所在地": "宮崎県宮崎市橘通東３丁目４番３６号　村武ビル２Ｆ", "緯度": 31.915871, "経度": 131.423487, "url": "https://www.iryou.teikyouseido.mhlw.go.jp/znk-web/juminkanja/S2430/initialize?prefCd=45&kikanCd=2450133220&kikanKbn=2", "url2": null, "内容": "永迫クリニック【2:診療所】【診療科目:内科_産婦人科_眼科】宮崎県宮崎市橘通東３丁目４番３６号　村武ビル２Ｆ" }, "geometry": { "type": "Point", "coordinates": [ 131.423487, 31.915871 ] } },
{ "type": "Feature", "properties": { "ID": 4522450133510, "正式名称": "医療法人社団　せんなり小児科", "機関区分": 2, "都道府県コード": 45, "市区町村コード": 201, "所在地": "宮崎県宮崎市大島町前田３１８−１", "緯度": 31.943042, "経度": 131.440661, "url": "https://www.iryou.teikyouseido.mhlw.go.jp/znk-web/juminkanja/S2430/initialize?prefCd=45&kikanCd=2450133510&kikanKbn=2", "url2": null, "内容": "医療法人社団　せんなり小児科【2:診療所】【診療科目:小児科】宮崎県宮崎市大島町前田３１８−１" }, "geometry": { "type": "Point", "coordinates": [ 131.440661, 31.943042 ] } },
{ "type": "Feature", "properties": { "ID": 4522450133640, "正式名称": "橋口医院", "機関区分": 2, "都道府県コード": 45, "市区町村コード": 201, "所在地": "宮崎県宮崎市江平中町７番地１８", "緯度": 31.924655, "経度": 131.426748, "url": "https://www.iryou.teikyouseido.mhlw.go.jp/znk-web/juminkanja/S2430/initialize?prefCd=45&kikanCd=2450133640&kikanKbn=2", "url2": "http://hashiguchi-iin.com", "内容": "橋口医院【2:診療所】【診療科目:内科_呼吸器内科_外科_放射線科】宮崎県宮崎市江平中町７番地１８" }, "geometry": { "type": "Point", "coordinates": [ 131.426748, 31.924655 ] } },
{ "type": "Feature", "properties": { "ID": 4522450133770, "正式名称": "元村胃腸科外科", "機関区分": 2, "都道府県コード": 45, "市区町村コード": 201, "所在地": "宮崎県宮崎市柳丸町１１９番地", "緯度": 31.925847, "経度": 131.434237, "url": "https://www.iryou.teikyouseido.mhlw.go.jp/znk-web/juminkanja/S2430/initialize?prefCd=45&kikanCd=2450133770&kikanKbn=2", "url2": "http://www.medimariyu.jp", "内容": "元村胃腸科外科【2:診療所】【診療科目:内科_消化器内科_外科_消化器外科_大腸外科_肛門外科_大腸・肛門外科】宮崎県宮崎市柳丸町１１９番地" }, "geometry": { "type": "Point", "coordinates": [ 131.434237, 31.925847 ] } },
{ "type": "Feature", "properties": { "ID": 4522450134520, "正式名称": "かんべ胃腸科・内科", "機関区分": 2, "都道府県コード": 45, "市区町村コード": 201, "所在地": "宮崎県宮崎市橘通東４丁目３ー２１", "緯度": 31.919719, "経度": 131.424307, "url": "https://www.iryou.teikyouseido.mhlw.go.jp/znk-web/juminkanja/S2430/initialize?prefCd=45&kikanCd=2450134520&kikanKbn=2", "url2": "http://www.shinonome.or.jp", "内容": "かんべ胃腸科・内科【2:診療所】【診療科目:内科_消化器内科】宮崎県宮崎市橘通東４丁目３ー２１" }, "geometry": { "type": "Point", "coordinates": [ 131.424307, 31.919719 ] } },
{ "type": "Feature", "properties": { "ID": 4522450134780, "正式名称": "多田皮膚科", "機関区分": 2, "都道府県コード": 45, "市区町村コード": 201, "所在地": "宮崎県宮崎市大字島之内７０７４", "緯度": 31.987714, "経度": 131.4508, "url": "https://www.iryou.teikyouseido.mhlw.go.jp/znk-web/juminkanja/S2430/initialize?prefCd=45&kikanCd=2450134780&kikanKbn=2", "url2": null, "内容": "多田皮膚科【2:診療所】【診療科目:皮膚科】宮崎県宮崎市大字島之内７０７４" }, "geometry": { "type": "Point", "coordinates": [ 131.4508, 31.987714 ] } },
{ "type": "Feature", "properties": { "ID": 4522450135660, "正式名称": "まつばし川野整形外科", "機関区分": 2, "都道府県コード": 45, "市区町村コード": 201, "所在地": "宮崎県宮崎市松橋２ー２ー１３", "緯度": 31.911353, "経度": 131.416086, "url": "https://www.iryou.teikyouseido.mhlw.go.jp/znk-web/juminkanja/S2430/initialize?prefCd=45&kikanCd=2450135660&kikanKbn=2", "url2": "https://www.matsubashikawano-seikeigeka.com/", "内容": "まつばし川野整形外科【2:診療所】【診療科目:整形外科_リウマチ科_リハビリテーション科】宮崎県宮崎市松橋２ー２ー１３" }, "geometry": { "type": "Point", "coordinates": [ 131.416086, 31.911353 ] } },
{ "type": "Feature", "properties": { "ID": 4522450135790, "正式名称": "医療法人財団シロアム会新城眼科医院", "機関区分": 2, "都道府県コード": 45, "市区町村コード": 201, "所在地": "宮崎県宮崎市下北方町目後８９９番地１", "緯度": 31.942473, "経度": 131.423583, "url": "https://www.iryou.teikyouseido.mhlw.go.jp/znk-web/juminkanja/S2430/initialize?prefCd=45&kikanCd=2450135790&kikanKbn=2", "url2": "http://www.shinjo-ganka.or.jp/", "内容": "医療法人財団シロアム会新城眼科医院【2:診療所】【診療科目:眼科】宮崎県宮崎市下北方町目後８９９番地１" }, "geometry": { "type": "Point", "coordinates": [ 131.423583, 31.942473 ] } },
{ "type": "Feature", "properties": { "ID": 4522450135950, "正式名称": "医療法人　廉凛会　中村孝正クリニック", "機関区分": 2, "都道府県コード": 45, "市区町村コード": 201, "所在地": "宮崎県宮崎市清水１ー８ー３５", "緯度": 31.919344, "経度": 131.42206, "url": "https://www.iryou.teikyouseido.mhlw.go.jp/znk-web/juminkanja/S2430/initialize?prefCd=45&kikanCd=2450135950&kikanKbn=2", "url2": "http://www.nakamurakousei-clinic.com/about.html", "内容": "医療法人　廉凛会　中村孝正クリニック【2:診療所】【診療科目:整形外科_形成外科_美容外科_皮膚科_リハビリテーション科】宮崎県宮崎市清水１ー８ー３５" }, "geometry": { "type": "Point", "coordinates": [ 131.42206, 31.919344 ] } },
{ "type": "Feature", "properties": { "ID": 4522450136120, "正式名称": "徳田内科とくだ小児科", "機関区分": 2, "都道府県コード": 45, "市区町村コード": 201, "所在地": "宮崎県宮崎市大塚町大塩道下４７４７", "緯度": 31.908039, "経度": 131.391846, "url": "https://www.iryou.teikyouseido.mhlw.go.jp/znk-web/juminkanja/S2430/initialize?prefCd=45&kikanCd=2450136120&kikanKbn=2", "url2": null, "内容": "徳田内科とくだ小児科【2:診療所】【診療科目:内科_呼吸器内科_循環器内科_消化器内科_神経内科_小児科_アレルギー科】宮崎県宮崎市大塚町大塩道下４７４７" }, "geometry": { "type": "Point", "coordinates": [ 131.391846, 31.908039 ] } },
{ "type": "Feature", "properties": { "ID": 4522450136410, "正式名称": "医療法人社団　栄整形外科", "機関区分": 2, "都道府県コード": 45, "市区町村コード": 201, "所在地": "宮崎県宮崎市村角町前畑４５５番地１号", "緯度": 31.95603, "経度": 131.444188, "url": "https://www.iryou.teikyouseido.mhlw.go.jp/znk-web/juminkanja/S2430/initialize?prefCd=45&kikanCd=2450136410&kikanKbn=2", "url2": null, "内容": "医療法人社団　栄整形外科【2:診療所】【診療科目:整形外科_リウマチ科_リハビリテーション科】宮崎県宮崎市村角町前畑４５５番地１号" }, "geometry": { "type": "Point", "coordinates": [ 131.444188, 31.95603 ] } },
{ "type": "Feature", "properties": { "ID": 4522450136700, "正式名称": "川名クリニック", "機関区分": 2, "都道府県コード": 45, "市区町村コード": 201, "所在地": "宮崎県宮崎市本郷北方２５２０−４３", "緯度": 31.875809, "経度": 131.414004, "url": "https://www.iryou.teikyouseido.mhlw.go.jp/znk-web/juminkanja/S2430/initialize?prefCd=45&kikanCd=2450136700&kikanKbn=2", "url2": "https://www.facebook.com/kawana.clinic?sk=info", "内容": "川名クリニック【2:診療所】【診療科目:内科_消化器内科_外科_消化器外科_小児外科】宮崎県宮崎市本郷北方２５２０−４３" }, "geometry": { "type": "Point", "coordinates": [ 131.414004, 31.875809 ] } },
{ "type": "Feature", "properties": { "ID": 4522450136830, "正式名称": "医療法人孝和会　中島内科胃腸科クリニック", "機関区分": 2, "都道府県コード": 45, "市区町村コード": 201, "所在地": "宮崎県宮崎市高岡町花見９４４番地３", "緯度": 31.9429, "経度": 131.333868, "url": "https://www.iryou.teikyouseido.mhlw.go.jp/znk-web/juminkanja/S2430/initialize?prefCd=45&kikanCd=2450136830&kikanKbn=2", "url2": "https://www.nakasima-naika-ichoka.com", "内容": "医療法人孝和会　中島内科胃腸科クリニック【2:診療所】【診療科目:内科_消化器内科_胃腸内科】宮崎県宮崎市高岡町花見９４４番地３" }, "geometry": { "type": "Point", "coordinates": [ 131.333868, 31.9429 ] } },
{ "type": "Feature", "properties": { "ID": 4522450136960, "正式名称": "村田内科・胃腸科", "機関区分": 2, "都道府県コード": 45, "市区町村コード": 201, "所在地": "宮崎県宮崎市佐土原町下田島９７５７", "緯度": 32.025793, "経度": 131.473792, "url": "https://www.iryou.teikyouseido.mhlw.go.jp/znk-web/juminkanja/S2430/initialize?prefCd=45&kikanCd=2450136960&kikanKbn=2", "url2": null, "内容": "村田内科・胃腸科【2:診療所】【診療科目:内科_消化器内科_アレルギー科】宮崎県宮崎市佐土原町下田島９７５７" }, "geometry": { "type": "Point", "coordinates": [ 131.473792, 32.025793 ] } },
{ "type": "Feature", "properties": { "ID": 4522450137000, "正式名称": "中野医院", "機関区分": 2, "都道府県コード": 45, "市区町村コード": 201, "所在地": "宮崎県宮崎市橘通東４ー６ー１８", "緯度": 31.917386, "経度": 131.424493, "url": "https://www.iryou.teikyouseido.mhlw.go.jp/znk-web/juminkanja/S2430/initialize?prefCd=45&kikanCd=2450137000&kikanKbn=2", "url2": "http://www.clinic-nakano.com", "内容": "中野医院【2:診療所】【診療科目:皮膚科_美容皮膚科】宮崎県宮崎市橘通東４ー６ー１８" }, "geometry": { "type": "Point", "coordinates": [ 131.424493, 31.917386 ] } },
{ "type": "Feature", "properties": { "ID": 4522450137260, "正式名称": "医療法人ケーンズ会　山村内科", "機関区分": 2, "都道府県コード": 45, "市区町村コード": 201, "所在地": "宮崎県宮崎市佐土原町下田島９４２３−１", "緯度": 32.03003, "経度": 131.473321, "url": "https://www.iryou.teikyouseido.mhlw.go.jp/znk-web/juminkanja/S2430/initialize?prefCd=45&kikanCd=2450137260&kikanKbn=2", "url2": null, "内容": "医療法人ケーンズ会　山村内科【2:診療所】【診療科目:内科_神経内科_リハビリテーション科】宮崎県宮崎市佐土原町下田島９４２３−１" }, "geometry": { "type": "Point", "coordinates": [ 131.473321, 32.03003 ] } },
{ "type": "Feature", "properties": { "ID": 4522450137390, "正式名称": "小緑内科クリニック", "機関区分": 2, "都道府県コード": 45, "市区町村コード": 201, "所在地": "宮崎県宮崎市熊野４８５番地１", "緯度": 31.828664, "経度": 131.438627, "url": "https://www.iryou.teikyouseido.mhlw.go.jp/znk-web/juminkanja/S2430/initialize?prefCd=45&kikanCd=2450137390&kikanKbn=2", "url2": null, "内容": "小緑内科クリニック【2:診療所】【診療科目:内科_呼吸器内科_循環器内科_消化器内科_リハビリテーション科】宮崎県宮崎市熊野４８５番地１" }, "geometry": { "type": "Point", "coordinates": [ 131.438627, 31.828664 ] } },
{ "type": "Feature", "properties": { "ID": 4522450137420, "正式名称": "医療法人社団　青雲　きよたけクリニック", "機関区分": 2, "都道府県コード": 45, "市区町村コード": 201, "所在地": "宮崎県宮崎市清武町西新町１２番地５", "緯度": 31.853266, "経度": 131.390571, "url": "https://www.iryou.teikyouseido.mhlw.go.jp/znk-web/juminkanja/S2430/initialize?prefCd=45&kikanCd=2450137420&kikanKbn=2", "url2": null, "内容": "医療法人社団　青雲　きよたけクリニック【2:診療所】【診療科目:内科_消化器内科_胃腸内科_内視鏡内科_外科_肛門外科_大腸・肛門外科】宮崎県宮崎市清武町西新町１２番地５" }, "geometry": { "type": "Point", "coordinates": [ 131.390571, 31.853266 ] } },
{ "type": "Feature", "properties": { "ID": 4522450137840, "正式名称": "医療法人社団健友会　岡本整形外科", "機関区分": 2, "都道府県コード": 45, "市区町村コード": 201, "所在地": "宮崎県宮崎市生目台東４丁目１８番地４", "緯度": 31.905219, "経度": 131.376917, "url": "https://www.iryou.teikyouseido.mhlw.go.jp/znk-web/juminkanja/S2430/initialize?prefCd=45&kikanCd=2450137840&kikanKbn=2", "url2": "https://www.okamotoseikei.or.jp/", "内容": "医療法人社団健友会　岡本整形外科【2:診療所】【診療科目:整形外科_リハビリテーション科】宮崎県宮崎市生目台東４丁目１８番地４" }, "geometry": { "type": "Point", "coordinates": [ 131.376917, 31.905219 ] } },
{ "type": "Feature", "properties": { "ID": 4522450138140, "正式名称": "医療法人常伸会　亀山記念クリニック", "機関区分": 2, "都道府県コード": 45, "市区町村コード": 201, "所在地": "宮崎県宮崎市大字熊野１番地１", "緯度": 31.82744, "経度": 131.434912, "url": "https://www.iryou.teikyouseido.mhlw.go.jp/znk-web/juminkanja/S2430/initialize?prefCd=45&kikanCd=2450138140&kikanKbn=2", "url2": "https://kameyama-kinen.site/", "内容": "医療法人常伸会　亀山記念クリニック【2:診療所】【診療科目:内科_循環器内科_消化器内科_整形外科_小児科_皮膚科_泌尿器科_リハビリテーション科_麻酔科】宮崎県宮崎市大字熊野１番地１" }, "geometry": { "type": "Point", "coordinates": [ 131.434912, 31.82744 ] } },
{ "type": "Feature", "properties": { "ID": 4522450138270, "正式名称": "おおつか杉田眼科", "機関区分": 2, "都道府県コード": 45, "市区町村コード": 201, "所在地": "宮崎県宮崎市大塚町大迫南平４３９４", "緯度": 31.905496, "経度": 131.387228, "url": "https://www.iryou.teikyouseido.mhlw.go.jp/znk-web/juminkanja/S2430/initialize?prefCd=45&kikanCd=2450138270&kikanKbn=2", "url2": null, "内容": "おおつか杉田眼科【2:診療所】【診療科目:眼科】宮崎県宮崎市大塚町大迫南平４３９４" }, "geometry": { "type": "Point", "coordinates": [ 131.387228, 31.905496 ] } },
{ "type": "Feature", "properties": { "ID": 4522450139020, "正式名称": "まつもと整形外科医院", "機関区分": 2, "都道府県コード": 45, "市区町村コード": 201, "所在地": "宮崎県宮崎市田野町甲５８１４−６", "緯度": 31.835974, "経度": 131.325326, "url": "https://www.iryou.teikyouseido.mhlw.go.jp/znk-web/juminkanja/S2430/initialize?prefCd=45&kikanCd=2450139020&kikanKbn=2", "url2": null, "内容": "まつもと整形外科医院【2:診療所】【診療科目:整形外科_リウマチ科_リハビリテーション科】宮崎県宮崎市田野町甲５８１４−６" }, "geometry": { "type": "Point", "coordinates": [ 131.325326, 31.835974 ] } },
{ "type": "Feature", "properties": { "ID": 4522450139310, "正式名称": "海老原クリニック", "機関区分": 2, "都道府県コード": 45, "市区町村コード": 201, "所在地": "宮崎県宮崎市丸島町２ー２６", "緯度": 31.921642, "経度": 131.426821, "url": "https://www.iryou.teikyouseido.mhlw.go.jp/znk-web/juminkanja/S2430/initialize?prefCd=45&kikanCd=2450139310&kikanKbn=2", "url2": null, "内容": "海老原クリニック【2:診療所】【診療科目:内科_人工透析内科】宮崎県宮崎市丸島町２ー２６" }, "geometry": { "type": "Point", "coordinates": [ 131.426821, 31.921642 ] } },
{ "type": "Feature", "properties": { "ID": 4522450139600, "正式名称": "原田内科クリニック", "機関区分": 2, "都道府県コード": 45, "市区町村コード": 201, "所在地": "宮崎県宮崎市中村東２ー７－１０", "緯度": 31.898516, "経度": 131.419633, "url": "https://www.iryou.teikyouseido.mhlw.go.jp/znk-web/juminkanja/S2430/initialize?prefCd=45&kikanCd=2450139600&kikanKbn=2", "url2": null, "内容": "原田内科クリニック【2:診療所】【診療科目:内科_循環器内科】宮崎県宮崎市中村東２ー７－１０" }, "geometry": { "type": "Point", "coordinates": [ 131.419633, 31.898516 ] } },
{ "type": "Feature", "properties": { "ID": 4522450140710, "正式名称": "学園台クリニック", "機関区分": 2, "都道府県コード": 45, "市区町村コード": 201, "所在地": "宮崎県宮崎市熊野７２７５番地１", "緯度": 31.834629, "経度": 131.423774, "url": "https://www.iryou.teikyouseido.mhlw.go.jp/znk-web/juminkanja/S2430/initialize?prefCd=45&kikanCd=2450140710&kikanKbn=2", "url2": "https://www.m-zenjin.or.jp/satellite/gakuendai/about", "内容": "学園台クリニック【2:診療所】【診療科目:内科_外科_整形外科_リウマチ科_リハビリテーション科】宮崎県宮崎市熊野７２７５番地１" }, "geometry": { "type": "Point", "coordinates": [ 131.423774, 31.834629 ] } },
{ "type": "Feature", "properties": { "ID": 4522450140840, "正式名称": "佐々木眼科医院", "機関区分": 2, "都道府県コード": 45, "市区町村コード": 201, "所在地": "宮崎県宮崎市村角町前畑４３８番地３", "緯度": 31.955388, "経度": 131.444961, "url": "https://www.iryou.teikyouseido.mhlw.go.jp/znk-web/juminkanja/S2430/initialize?prefCd=45&kikanCd=2450140840&kikanKbn=2", "url2": null, "内容": "佐々木眼科医院【2:診療所】【診療科目:眼科】宮崎県宮崎市村角町前畑４３８番地３" }, "geometry": { "type": "Point", "coordinates": [ 131.444961, 31.955388 ] } },
{ "type": "Feature", "properties": { "ID": 4522450141010, "正式名称": "宮崎医療生活協同組合　おおつか生協クリニック", "機関区分": 2, "都道府県コード": 45, "市区町村コード": 201, "所在地": "宮崎県宮崎市大塚町大迫南平４４０１−２", "緯度": 31.905619, "経度": 131.389397, "url": "https://www.iryou.teikyouseido.mhlw.go.jp/znk-web/juminkanja/S2430/initialize?prefCd=45&kikanCd=2450141010&kikanKbn=2", "url2": "https://ootsuka-cl.jp", "内容": "宮崎医療生活協同組合　おおつか生協クリニック【2:診療所】【診療科目:内科_呼吸器内科_循環器内科_消化器内科】宮崎県宮崎市大塚町大迫南平４４０１−２" }, "geometry": { "type": "Point", "coordinates": [ 131.389397, 31.905619 ] } },
{ "type": "Feature", "properties": { "ID": 4522450141270, "正式名称": "医療法人　結び葉　ゆげ小児科・弓削整形外科", "機関区分": 2, "都道府県コード": 45, "市区町村コード": 201, "所在地": "宮崎県宮崎市広島１丁目１番１８号", "緯度": 31.913276, "経度": 131.425485, "url": "https://www.iryou.teikyouseido.mhlw.go.jp/znk-web/juminkanja/S2430/initialize?prefCd=45&kikanCd=2450141270&kikanKbn=2", "url2": "https://www.yugeclinic.jp/", "内容": "医療法人　結び葉　ゆげ小児科・弓削整形外科【2:診療所】【診療科目:整形外科_小児科_アレルギー科_リウマチ科_リハビリテーション科】宮崎県宮崎市広島１丁目１番１８号" }, "geometry": { "type": "Point", "coordinates": [ 131.425485, 31.913276 ] } },
{ "type": "Feature", "properties": { "ID": 4522450141300, "正式名称": "麻生整形外科クリニック", "機関区分": 2, "都道府県コード": 45, "市区町村コード": 201, "所在地": "宮崎県宮崎市高岡町内山３１２７", "緯度": 31.954462, "経度": 131.294342, "url": "https://www.iryou.teikyouseido.mhlw.go.jp/znk-web/juminkanja/S2430/initialize?prefCd=45&kikanCd=2450141300&kikanKbn=2", "url2": "https://www.aso-seikeigeka.com/", "内容": "麻生整形外科クリニック【2:診療所】【診療科目:内科_整形外科_リウマチ科_リハビリテーション科】宮崎県宮崎市高岡町内山３１２７" }, "geometry": { "type": "Point", "coordinates": [ 131.294342, 31.954462 ] } },
{ "type": "Feature", "properties": { "ID": 4522450141430, "正式名称": "いしかわ内科", "機関区分": 2, "都道府県コード": 45, "市区町村コード": 201, "所在地": "宮崎県宮崎市神宮西１丁目４９番地１", "緯度": 31.936123, "経度": 131.417529, "url": "https://www.iryou.teikyouseido.mhlw.go.jp/znk-web/juminkanja/S2430/initialize?prefCd=45&kikanCd=2450141430&kikanKbn=2", "url2": "http://www.sanyu-kai.or.jp/", "内容": "いしかわ内科【2:診療所】【診療科目:内科_消化器内科_リハビリテーション科】宮崎県宮崎市神宮西１丁目４９番地１" }, "geometry": { "type": "Point", "coordinates": [ 131.417529, 31.936123 ] } },
{ "type": "Feature", "properties": { "ID": 4522450141560, "正式名称": "長嶺内科クリニック", "機関区分": 2, "都道府県コード": 45, "市区町村コード": 201, "所在地": "宮崎県宮崎市昭和町１９７番地１１", "緯度": 31.912765, "経度": 131.436964, "url": "https://www.iryou.teikyouseido.mhlw.go.jp/znk-web/juminkanja/S2430/initialize?prefCd=45&kikanCd=2450141560&kikanKbn=2", "url2": null, "内容": "長嶺内科クリニック【2:診療所】【診療科目:内科_糖尿病内科_内分泌内科】宮崎県宮崎市昭和町１９７番地１１" }, "geometry": { "type": "Point", "coordinates": [ 131.436964, 31.912765 ] } },
{ "type": "Feature", "properties": { "ID": 4522450141720, "正式名称": "中村内科放射線科", "機関区分": 2, "都道府県コード": 45, "市区町村コード": 201, "所在地": "宮崎県宮崎市永楽町２１５番地２", "緯度": 31.904944, "経度": 131.43552, "url": "https://www.iryou.teikyouseido.mhlw.go.jp/znk-web/juminkanja/S2430/initialize?prefCd=45&kikanCd=2450141720&kikanKbn=2", "url2": "http://nakamura.byoinnavi.jp/", "内容": "中村内科放射線科【2:診療所】【診療科目:内科_放射線科】宮崎県宮崎市永楽町２１５番地２" }, "geometry": { "type": "Point", "coordinates": [ 131.43552, 31.904944 ] } },
{ "type": "Feature", "properties": { "ID": 4522450142150, "正式名称": "いちき小児科医院", "機関区分": 2, "都道府県コード": 45, "市区町村コード": 201, "所在地": "宮崎県宮崎市和知川原２丁目１４−１", "緯度": 31.922752, "経度": 131.411644, "url": "https://www.iryou.teikyouseido.mhlw.go.jp/znk-web/juminkanja/S2430/initialize?prefCd=45&kikanCd=2450142150&kikanKbn=2", "url2": null, "内容": "いちき小児科医院【2:診療所】【診療科目:小児科】宮崎県宮崎市和知川原２丁目１４−１" }, "geometry": { "type": "Point", "coordinates": [ 131.411644, 31.922752 ] } },
{ "type": "Feature", "properties": { "ID": 4522450142280, "正式名称": "医療法人社団天網会　神尊産婦人科", "機関区分": 2, "都道府県コード": 45, "市区町村コード": 201, "所在地": "宮崎県宮崎市恒久５３０８番地１", "緯度": 31.890819, "経度": 131.413434, "url": "https://www.iryou.teikyouseido.mhlw.go.jp/znk-web/juminkanja/S2430/initialize?prefCd=45&kikanCd=2450142280&kikanKbn=2", "url2": "https://kouso.net", "内容": "医療法人社団天網会　神尊産婦人科【2:診療所】【診療科目:産婦人科】宮崎県宮崎市恒久５３０８番地１" }, "geometry": { "type": "Point", "coordinates": [ 131.413434, 31.890819 ] } },
{ "type": "Feature", "properties": { "ID": 4522450142440, "正式名称": "丸山胃腸科クリニック", "機関区分": 2, "都道府県コード": 45, "市区町村コード": 201, "所在地": "宮崎県宮崎市広島２丁目６ー４", "緯度": 31.914746, "経度": 131.428724, "url": "https://www.iryou.teikyouseido.mhlw.go.jp/znk-web/juminkanja/S2430/initialize?prefCd=45&kikanCd=2450142440&kikanKbn=2", "url2": null, "内容": "丸山胃腸科クリニック【2:診療所】【診療科目:内科_消化器内科_胃腸内科_内視鏡内科_外科】宮崎県宮崎市広島２丁目６ー４" }, "geometry": { "type": "Point", "coordinates": [ 131.428724, 31.914746 ] } },
{ "type": "Feature", "properties": { "ID": 4522450142990, "正式名称": "光川内科医院", "機関区分": 2, "都道府県コード": 45, "市区町村コード": 201, "所在地": "宮崎県宮崎市広島２丁目８番地２７号", "緯度": 31.913245, "経度": 131.429301, "url": "https://www.iryou.teikyouseido.mhlw.go.jp/znk-web/juminkanja/S2430/initialize?prefCd=45&kikanCd=2450142990&kikanKbn=2", "url2": null, "内容": "光川内科医院【2:診療所】【診療科目:内科】宮崎県宮崎市広島２丁目８番地２７号" }, "geometry": { "type": "Point", "coordinates": [ 131.429301, 31.913245 ] } },
{ "type": "Feature", "properties": { "ID": 4522450143030, "正式名称": "江平内科", "機関区分": 2, "都道府県コード": 45, "市区町村コード": 201, "所在地": "宮崎県宮崎市丸山２ー１１６ー６", "緯度": 31.928546, "経度": 131.424712, "url": "https://www.iryou.teikyouseido.mhlw.go.jp/znk-web/juminkanja/S2430/initialize?prefCd=45&kikanCd=2450143030&kikanKbn=2", "url2": null, "内容": "江平内科【2:診療所】【診療科目:内科_循環器内科_神経内科_リハビリテーション科】宮崎県宮崎市丸山２ー１１６ー６" }, "geometry": { "type": "Point", "coordinates": [ 131.424712, 31.928546 ] } },
{ "type": "Feature", "properties": { "ID": 4522450143160, "正式名称": "たなか内科", "機関区分": 2, "都道府県コード": 45, "市区町村コード": 201, "所在地": "宮崎県宮崎市大字瓜生野２２８７ー５９", "緯度": 31.968769, "経度": 131.3857, "url": "https://www.iryou.teikyouseido.mhlw.go.jp/znk-web/juminkanja/S2430/initialize?prefCd=45&kikanCd=2450143160&kikanKbn=2", "url2": "https://www.tanaka-naika.clinic", "内容": "たなか内科【2:診療所】【診療科目:内科_糖尿病内科_神経内科_形成外科_美容外科_小児科_皮膚科_精神科_麻酔科】宮崎県宮崎市大字瓜生野２２８７ー５９" }, "geometry": { "type": "Point", "coordinates": [ 131.3857, 31.968769 ] } },
{ "type": "Feature", "properties": { "ID": 4522450143320, "正式名称": "高山循環器科・内科", "機関区分": 2, "都道府県コード": 45, "市区町村コード": 201, "所在地": "宮崎県宮崎市佐土原町上田島８１７６", "緯度": 32.051338, "経度": 131.427048, "url": "https://www.iryou.teikyouseido.mhlw.go.jp/znk-web/juminkanja/S2430/initialize?prefCd=45&kikanCd=2450143320&kikanKbn=2", "url2": "https://www.takayama-junkanki.com/", "内容": "高山循環器科・内科【2:診療所】【診療科目:内科_循環器内科】宮崎県宮崎市佐土原町上田島８１７６" }, "geometry": { "type": "Point", "coordinates": [ 131.427048, 32.051338 ] } },
{ "type": "Feature", "properties": { "ID": 4522450143450, "正式名称": "まつうら眼科", "機関区分": 2, "都道府県コード": 45, "市区町村コード": 201, "所在地": "宮崎県宮崎市清武町岡１丁目１番地１２", "緯度": 31.852041, "経度": 131.390238, "url": "https://www.iryou.teikyouseido.mhlw.go.jp/znk-web/juminkanja/S2430/initialize?prefCd=45&kikanCd=2450143450&kikanKbn=2", "url2": null, "内容": "まつうら眼科【2:診療所】【診療科目:眼科】宮崎県宮崎市清武町岡１丁目１番地１２" }, "geometry": { "type": "Point", "coordinates": [ 131.390238, 31.852041 ] } },
{ "type": "Feature", "properties": { "ID": 4522450143740, "正式名称": "医療法人廣千会　福元医院", "機関区分": 2, "都道府県コード": 45, "市区町村コード": 201, "所在地": "宮崎県宮崎市吉村町北原甲１４４６", "緯度": 31.921097, "経度": 131.440198, "url": "https://www.iryou.teikyouseido.mhlw.go.jp/znk-web/juminkanja/S2430/initialize?prefCd=45&kikanCd=2450143740&kikanKbn=2", "url2": null, "内容": "医療法人廣千会　福元医院【2:診療所】【診療科目:内科_循環器内科_消化器内科_外科_リハビリテーション科】宮崎県宮崎市吉村町北原甲１４４６" }, "geometry": { "type": "Point", "coordinates": [ 131.440198, 31.921097 ] } },
{ "type": "Feature", "properties": { "ID": 4522450143900, "正式名称": "わたなべ小児科", "機関区分": 2, "都道府県コード": 45, "市区町村コード": 201, "所在地": "宮崎県宮崎市大字本郷南方２４５５番地１", "緯度": 31.856061, "経度": 131.434003, "url": "https://www.iryou.teikyouseido.mhlw.go.jp/znk-web/juminkanja/S2430/initialize?prefCd=45&kikanCd=2450143900&kikanKbn=2", "url2": "https://shima-enaga.com/reserve/watanabe_hp/web", "内容": "わたなべ小児科【2:診療所】【診療科目:小児科】宮崎県宮崎市大字本郷南方２４５５番地１" }, "geometry": { "type": "Point", "coordinates": [ 131.434003, 31.856061 ] } },
{ "type": "Feature", "properties": { "ID": 4522450144170, "正式名称": "医療法人　了和会　北村内科胃腸科医院", "機関区分": 2, "都道府県コード": 45, "市区町村コード": 201, "所在地": "宮崎県宮崎市田野町乙９３５３の１", "緯度": 31.838479, "経度": 131.298877, "url": "https://www.iryou.teikyouseido.mhlw.go.jp/znk-web/juminkanja/S2430/initialize?prefCd=45&kikanCd=2450144170&kikanKbn=2", "url2": null, "内容": "医療法人　了和会　北村内科胃腸科医院【2:診療所】【診療科目:内科_糖尿病内科_消化器内科_小児科】宮崎県宮崎市田野町乙９３５３の１" }, "geometry": { "type": "Point", "coordinates": [ 131.298877, 31.838479 ] } },
{ "type": "Feature", "properties": { "ID": 4522450144460, "正式名称": "医療法人　敏仁会　棚田内科泌尿器科", "機関区分": 2, "都道府県コード": 45, "市区町村コード": 382, "所在地": "宮崎県東諸県郡国富町大字本庄１９６２番地１", "緯度": 31.987836, "経度": 131.335068, "url": "https://www.iryou.teikyouseido.mhlw.go.jp/znk-web/juminkanja/S2430/initialize?prefCd=45&kikanCd=2450144460&kikanKbn=2", "url2": null, "内容": "医療法人　敏仁会　棚田内科泌尿器科【2:診療所】【診療科目:内科_泌尿器科_リハビリテーション科】宮崎県東諸県郡国富町大字本庄１９６２番地１" }, "geometry": { "type": "Point", "coordinates": [ 131.335068, 31.987836 ] } },
{ "type": "Feature", "properties": { "ID": 452245014518, "正式名称": "三宅小児科医院", "機関区分": 2, "都道府県コード": 45, "市区町村コード": 201, "所在地": "宮崎県宮崎市島之内字永池９２１７－９", "緯度": 31.980583, "経度": 131.455867, "url": "https://www.iryou.teikyouseido.mhlw.go.jp/znk-web/juminkanja/S2430/initialize?prefCd=45&kikanCd=245014518&kikanKbn=2", "url2": null, "内容": "三宅小児科医院【2:診療所】【診療科目:小児科】宮崎県宮崎市島之内字永池９２１７－９" }, "geometry": { "type": "Point", "coordinates": [ 131.455867, 31.980583 ] } },
{ "type": "Feature", "properties": { "ID": 4522450145470, "正式名称": "医療法人社団裕弘会　まつおか小児科・いけだ小児神経内科", "機関区分": 2, "都道府県コード": 45, "市区町村コード": 201, "所在地": "宮崎県宮崎市花山手東１丁目２番地３", "緯度": 31.908181, "経度": 131.404362, "url": "https://www.iryou.teikyouseido.mhlw.go.jp/znk-web/juminkanja/S2430/initialize?prefCd=45&kikanCd=2450145470&kikanKbn=2", "url2": null, "内容": "医療法人社団裕弘会　まつおか小児科・いけだ小児神経内科【2:診療所】【診療科目:循環器内科_神経内科_小児科】宮崎県宮崎市花山手東１丁目２番地３" }, "geometry": { "type": "Point", "coordinates": [ 131.404362, 31.908181 ] } },
{ "type": "Feature", "properties": { "ID": 4522450146060, "正式名称": "宮崎医療生活協同組合　このはな生協クリニック", "機関区分": 2, "都道府県コード": 45, "市区町村コード": 201, "所在地": "宮崎県宮崎市大字熊野字東正蓮寺１６１３", "緯度": 31.832157, "経度": 131.439745, "url": "https://www.iryou.teikyouseido.mhlw.go.jp/znk-web/juminkanja/S2430/initialize?prefCd=45&kikanCd=2450146060&kikanKbn=2", "url2": "https://konohana-cl.jp", "内容": "宮崎医療生活協同組合　このはな生協クリニック【2:診療所】【診療科目:内科_循環器内科】宮崎県宮崎市大字熊野字東正蓮寺１６１３" }, "geometry": { "type": "Point", "coordinates": [ 131.439745, 31.832157 ] } },
{ "type": "Feature", "properties": { "ID": 4522450146190, "正式名称": "宮永ＥＮＴクリニック", "機関区分": 2, "都道府県コード": 45, "市区町村コード": 201, "所在地": "宮崎県宮崎市大島町西田２１２８−２", "緯度": 31.941452, "経度": 131.437216, "url": "https://www.iryou.teikyouseido.mhlw.go.jp/znk-web/juminkanja/S2430/initialize?prefCd=45&kikanCd=2450146190&kikanKbn=2", "url2": "https://www.ent-miyanaga.com/", "内容": "宮永ＥＮＴクリニック【2:診療所】【診療科目:気管食道外科_小児耳鼻いんこう科_耳鼻いんこう科_気管食道・耳鼻いんこう科_頭頸部・耳鼻いんこう科_アレルギー科】宮崎県宮崎市大島町西田２１２８−２" }, "geometry": { "type": "Point", "coordinates": [ 131.437216, 31.941452 ] } },
{ "type": "Feature", "properties": { "ID": 4522450146480, "正式名称": "医療法人　ひらかわ整形外科クリニック", "機関区分": 2, "都道府県コード": 45, "市区町村コード": 201, "所在地": "宮崎県宮崎市吉村町長田甲２３７６", "緯度": 31.910579, "経度": 131.446842, "url": "https://www.iryou.teikyouseido.mhlw.go.jp/znk-web/juminkanja/S2430/initialize?prefCd=45&kikanCd=2450146480&kikanKbn=2", "url2": null, "内容": "医療法人　ひらかわ整形外科クリニック【2:診療所】【診療科目:整形外科_リウマチ科_リハビリテーション科】宮崎県宮崎市吉村町長田甲２３７６" }, "geometry": { "type": "Point", "coordinates": [ 131.446842, 31.910579 ] } },
{ "type": "Feature", "properties": { "ID": 4522450146510, "正式名称": "稲田胃腸科外科", "機関区分": 2, "都道府県コード": 45, "市区町村コード": 201, "所在地": "宮崎県宮崎市花山手東１ー２ー９", "緯度": 31.90767, "経度": 131.404376, "url": "https://www.iryou.teikyouseido.mhlw.go.jp/znk-web/juminkanja/S2430/initialize?prefCd=45&kikanCd=2450146510&kikanKbn=2", "url2": "http://www.inadaclinic.com/", "内容": "稲田胃腸科外科【2:診療所】【診療科目:内科_胃腸内科】宮崎県宮崎市花山手東１ー２ー９" }, "geometry": { "type": "Point", "coordinates": [ 131.404376, 31.90767 ] } },
{ "type": "Feature", "properties": { "ID": 4522450146640, "正式名称": "福井医院", "機関区分": 2, "都道府県コード": 45, "市区町村コード": 201, "所在地": "宮崎県宮崎市大字浮田３１２７番地", "緯度": 31.927728, "経度": 131.37853, "url": "https://www.iryou.teikyouseido.mhlw.go.jp/znk-web/juminkanja/S2430/initialize?prefCd=45&kikanCd=2450146640&kikanKbn=2", "url2": "http://www.fukui-iin.or.jp", "内容": "福井医院【2:診療所】【診療科目:内科_循環器内科_脳神経外科】宮崎県宮崎市大字浮田３１２７番地" }, "geometry": { "type": "Point", "coordinates": [ 131.37853, 31.927728 ] } },
{ "type": "Feature", "properties": { "ID": 4522450146770, "正式名称": "こさい胃腸科外科", "機関区分": 2, "都道府県コード": 45, "市区町村コード": 201, "所在地": "宮崎県宮崎市大字島之内字野入６７２５番４", "緯度": 31.983875, "経度": 131.447984, "url": "https://www.iryou.teikyouseido.mhlw.go.jp/znk-web/juminkanja/S2430/initialize?prefCd=45&kikanCd=2450146770&kikanKbn=2", "url2": "https;//ww.kosai-ichoka.com", "内容": "こさい胃腸科外科【2:診療所】【診療科目:内科_胃腸内科_こう門内科_外科_ペインクリニック外科_麻酔科】宮崎県宮崎市大字島之内字野入６７２５番４" }, "geometry": { "type": "Point", "coordinates": [ 131.447984, 31.983875 ] } },
{ "type": "Feature", "properties": { "ID": 4522450146800, "正式名称": "蜂須賀クリニック", "機関区分": 2, "都道府県コード": 45, "市区町村コード": 201, "所在地": "宮崎県宮崎市丸山２−８３", "緯度": 31.927874, "経度": 131.424535, "url": "https://www.iryou.teikyouseido.mhlw.go.jp/znk-web/juminkanja/S2430/initialize?prefCd=45&kikanCd=2450146800&kikanKbn=2", "url2": "http://www.hachisuka-clinic.gr.jp", "内容": "蜂須賀クリニック【2:診療所】【診療科目:皮膚科】宮崎県宮崎市丸山２−８３" }, "geometry": { "type": "Point", "coordinates": [ 131.424535, 31.927874 ] } },
{ "type": "Feature", "properties": { "ID": 4522450147230, "正式名称": "医療法人イシス会　小池レディスクリニック", "機関区分": 2, "都道府県コード": 45, "市区町村コード": 201, "所在地": "宮崎県宮崎市清武町船引６３３番地５", "緯度": 31.859704, "経度": 131.39094, "url": "https://www.iryou.teikyouseido.mhlw.go.jp/znk-web/juminkanja/S2430/initialize?prefCd=45&kikanCd=2450147230&kikanKbn=2", "url2": "http://www.koike-ladies.jp/", "内容": "医療法人イシス会　小池レディスクリニック【2:診療所】【診療科目:産婦人科】宮崎県宮崎市清武町船引６３３番地５" }, "geometry": { "type": "Point", "coordinates": [ 131.39094, 31.859704 ] } },
{ "type": "Feature", "properties": { "ID": 4522450147490, "正式名称": "医療法人憲優会　オーシャンクリニック", "機関区分": 2, "都道府県コード": 45, "市区町村コード": 201, "所在地": "宮崎県宮崎市大島町前田３１０番地１", "緯度": 31.942673, "経度": 131.4416, "url": "https://www.iryou.teikyouseido.mhlw.go.jp/znk-web/juminkanja/S2430/initialize?prefCd=45&kikanCd=2450147490&kikanKbn=2", "url2": "http://ocean-clinic.com", "内容": "医療法人憲優会　オーシャンクリニック【2:診療所】【診療科目:内科_消化器内科_外科_消化器外科_リハビリテーション科】宮崎県宮崎市大島町前田３１０番地１" }, "geometry": { "type": "Point", "coordinates": [ 131.4416, 31.942673 ] } },
{ "type": "Feature", "properties": { "ID": 4522450147520, "正式名称": "こむら内科医院", "機関区分": 2, "都道府県コード": 45, "市区町村コード": 201, "所在地": "宮崎県宮崎市高岡町下倉永４００", "緯度": 31.940098, "経度": 131.343454, "url": "https://www.iryou.teikyouseido.mhlw.go.jp/znk-web/juminkanja/S2430/initialize?prefCd=45&kikanCd=2450147520&kikanKbn=2", "url2": null, "内容": "こむら内科医院【2:診療所】【診療科目:内科_消化器内科_小児科_リハビリテーション科】宮崎県宮崎市高岡町下倉永４００" }, "geometry": { "type": "Point", "coordinates": [ 131.343454, 31.940098 ] } },
{ "type": "Feature", "properties": { "ID": 4522450147810, "正式名称": "医療法人社団　にしぞの内科", "機関区分": 2, "都道府県コード": 45, "市区町村コード": 201, "所在地": "宮崎県宮崎市高岡町飯田４丁目１番地８", "緯度": 31.956237, "経度": 131.303939, "url": "https://www.iryou.teikyouseido.mhlw.go.jp/znk-web/juminkanja/S2430/initialize?prefCd=45&kikanCd=2450147810&kikanKbn=2", "url2": "http://www.nishizononaika.jp/", "内容": "医療法人社団　にしぞの内科【2:診療所】【診療科目:内科_循環器内科_消化器内科_リハビリテーション科】宮崎県宮崎市高岡町飯田４丁目１番地８" }, "geometry": { "type": "Point", "coordinates": [ 131.303939, 31.956237 ] } },
{ "type": "Feature", "properties": { "ID": 4522450148080, "正式名称": "養護盲老人ホーム生目幸明荘　医務室", "機関区分": 2, "都道府県コード": 45, "市区町村コード": 201, "所在地": "宮崎県宮崎市跡江２３６６番地", "緯度": 31.938008, "経度": 131.390773, "url": "https://www.iryou.teikyouseido.mhlw.go.jp/znk-web/juminkanja/S2430/initialize?prefCd=45&kikanCd=2450148080&kikanKbn=2", "url2": "http://www.ryoundo.or.jp", "内容": "養護盲老人ホーム生目幸明荘　医務室【2:診療所】【診療科目:内科】宮崎県宮崎市跡江２３６６番地" }, "geometry": { "type": "Point", "coordinates": [ 131.390773, 31.938008 ] } },
{ "type": "Feature", "properties": { "ID": 4522450148400, "正式名称": "医療法人　彰芳会　こんどう形成外科", "機関区分": 2, "都道府県コード": 45, "市区町村コード": 201, "所在地": "宮崎県宮崎市城ケ崎４－８－１７", "緯度": 31.895353, "経度": 131.433118, "url": "https://www.iryou.teikyouseido.mhlw.go.jp/znk-web/juminkanja/S2430/initialize?prefCd=45&kikanCd=2450148400&kikanKbn=2", "url2": "http://www.kon-dou.com", "内容": "医療法人　彰芳会　こんどう形成外科【2:診療所】【診療科目:形成外科_美容外科_皮膚科】宮崎県宮崎市城ケ崎４－８－１７" }, "geometry": { "type": "Point", "coordinates": [ 131.433118, 31.895353 ] } },
{ "type": "Feature", "properties": { "ID": 4522450148530, "正式名称": "医療法人社団誠和会　藤木内科外科クリニック", "機関区分": 2, "都道府県コード": 45, "市区町村コード": 201, "所在地": "宮崎県宮崎市大字小松２９８０番地１", "緯度": 31.927959, "経度": 131.384974, "url": "https://www.iryou.teikyouseido.mhlw.go.jp/znk-web/juminkanja/S2430/initialize?prefCd=45&kikanCd=2450148530&kikanKbn=2", "url2": "http://www.fujiki-hp.com", "内容": "医療法人社団誠和会　藤木内科外科クリニック【2:診療所】【診療科目:内科_呼吸器内科_循環器内科_消化器内科_外科_リハビリテーション科】宮崎県宮崎市大字小松２９８０番地１" }, "geometry": { "type": "Point", "coordinates": [ 131.384974, 31.927959 ] } },
{ "type": "Feature", "properties": { "ID": 4522450148660, "正式名称": "村岡泌尿器科内科", "機関区分": 2, "都道府県コード": 45, "市区町村コード": 201, "所在地": "宮崎県宮崎市清武町新町２丁目１ー３", "緯度": 31.855318, "経度": 131.395007, "url": "https://www.iryou.teikyouseido.mhlw.go.jp/znk-web/juminkanja/S2430/initialize?prefCd=45&kikanCd=2450148660&kikanKbn=2", "url2": null, "内容": "村岡泌尿器科内科【2:診療所】【診療科目:内科_泌尿器科】宮崎県宮崎市清武町新町２丁目１ー３" }, "geometry": { "type": "Point", "coordinates": [ 131.395007, 31.855318 ] } },
{ "type": "Feature", "properties": { "ID": 4522450148790, "正式名称": "医療法人社団青雲　池田台クリニック", "機関区分": 2, "都道府県コード": 45, "市区町村コード": 201, "所在地": "宮崎県宮崎市清武町加納甲１３３５ー１", "緯度": 31.872881, "経度": 131.392359, "url": "https://www.iryou.teikyouseido.mhlw.go.jp/znk-web/juminkanja/S2430/initialize?prefCd=45&kikanCd=2450148790&kikanKbn=2", "url2": "http://www.kitenn.jp/ikecl/", "内容": "医療法人社団青雲　池田台クリニック【2:診療所】【診療科目:内科_胃腸内科】宮崎県宮崎市清武町加納甲１３３５ー１" }, "geometry": { "type": "Point", "coordinates": [ 131.392359, 31.872881 ] } },
{ "type": "Feature", "properties": { "ID": 4522450148820, "正式名称": "社団幸輝会　こざくら整形外科", "機関区分": 2, "都道府県コード": 45, "市区町村コード": 382, "所在地": "宮崎県東諸県郡国富町本庄１８６２−１", "緯度": 31.989127, "経度": 131.332055, "url": "https://www.iryou.teikyouseido.mhlw.go.jp/znk-web/juminkanja/S2430/initialize?prefCd=45&kikanCd=2450148820&kikanKbn=2", "url2": "http://kozakura-seikei.com", "内容": "社団幸輝会　こざくら整形外科【2:診療所】【診療科目:整形外科_リハビリテーション科】宮崎県東諸県郡国富町本庄１８６２−１" }, "geometry": { "type": "Point", "coordinates": [ 131.332055, 31.989127 ] } },
{ "type": "Feature", "properties": { "ID": 4522450149090, "正式名称": "平山こどもクリニック", "機関区分": 2, "都道府県コード": 45, "市区町村コード": 382, "所在地": "宮崎県東諸県郡国富町大字宮王丸２８０番地３", "緯度": 31.987358, "経度": 131.34049, "url": "https://www.iryou.teikyouseido.mhlw.go.jp/znk-web/juminkanja/S2430/initialize?prefCd=45&kikanCd=2450149090&kikanKbn=2", "url2": "https://www.hirayama-pedia.com", "内容": "平山こどもクリニック【2:診療所】【診療科目:小児科_小児外科】宮崎県東諸県郡国富町大字宮王丸２８０番地３" }, "geometry": { "type": "Point", "coordinates": [ 131.34049, 31.987358 ] } },
{ "type": "Feature", "properties": { "ID": 4522450149120, "正式名称": "細川内科クリニック", "機関区分": 2, "都道府県コード": 45, "市区町村コード": 201, "所在地": "宮崎県宮崎市佐土原町東上那珂１４９０１−４", "緯度": 32.030298, "経度": 131.429974, "url": "https://www.iryou.teikyouseido.mhlw.go.jp/znk-web/juminkanja/S2430/initialize?prefCd=45&kikanCd=2450149120&kikanKbn=2", "url2": null, "内容": "細川内科クリニック【2:診療所】【診療科目:内科_消化器内科】宮崎県宮崎市佐土原町東上那珂１４９０１−４" }, "geometry": { "type": "Point", "coordinates": [ 131.429974, 32.030298 ] } },
{ "type": "Feature", "properties": { "ID": 4522450149250, "正式名称": "きたやま内科循環器科", "機関区分": 2, "都道府県コード": 45, "市区町村コード": 201, "所在地": "宮崎県宮崎市佐土原町下田島２０２９０−８３", "緯度": 32.015015, "経度": 131.471611, "url": "https://www.iryou.teikyouseido.mhlw.go.jp/znk-web/juminkanja/S2430/initialize?prefCd=45&kikanCd=2450149250&kikanKbn=2", "url2": null, "内容": "きたやま内科循環器科【2:診療所】【診療科目:内科_循環器内科_リハビリテーション科】宮崎県宮崎市佐土原町下田島２０２９０−８３" }, "geometry": { "type": "Point", "coordinates": [ 131.471611, 32.015015 ] } },
{ "type": "Feature", "properties": { "ID": 4522450149410, "正式名称": "医療法人坂本整形外科", "機関区分": 2, "都道府県コード": 45, "市区町村コード": 201, "所在地": "宮崎県宮崎市清武町岡１丁目１４番地１０", "緯度": 31.85085, "経度": 131.389655, "url": "https://www.iryou.teikyouseido.mhlw.go.jp/znk-web/juminkanja/S2430/initialize?prefCd=45&kikanCd=2450149410&kikanKbn=2", "url2": null, "内容": "医療法人坂本整形外科【2:診療所】【診療科目:整形外科_リハビリテーション科】宮崎県宮崎市清武町岡１丁目１４番地１０" }, "geometry": { "type": "Point", "coordinates": [ 131.389655, 31.85085 ] } },
{ "type": "Feature", "properties": { "ID": 4522450149540, "正式名称": "くらもと医院", "機関区分": 2, "都道府県コード": 45, "市区町村コード": 201, "所在地": "宮崎県宮崎市佐土原町上田島字樋之口１３番７", "緯度": 32.047597, "経度": 131.439642, "url": "https://www.iryou.teikyouseido.mhlw.go.jp/znk-web/juminkanja/S2430/initialize?prefCd=45&kikanCd=2450149540&kikanKbn=2", "url2": "http://www.kuramotoiin.com", "内容": "くらもと医院【2:診療所】【診療科目:内科_消化器内科_外科】宮崎県宮崎市佐土原町上田島字樋之口１３番７" }, "geometry": { "type": "Point", "coordinates": [ 131.439642, 32.047597 ] } },
{ "type": "Feature", "properties": { "ID": 4522450149670, "正式名称": "小橋皮膚科医院", "機関区分": 2, "都道府県コード": 45, "市区町村コード": 382, "所在地": "宮崎県東諸県郡国富町大字本庄出来所１２６８", "緯度": 31.99023, "経度": 131.347743, "url": "https://www.iryou.teikyouseido.mhlw.go.jp/znk-web/juminkanja/S2430/initialize?prefCd=45&kikanCd=2450149670&kikanKbn=2", "url2": null, "内容": "小橋皮膚科医院【2:診療所】【診療科目:皮膚科】宮崎県東諸県郡国富町大字本庄出来所１２６８" }, "geometry": { "type": "Point", "coordinates": [ 131.347743, 31.99023 ] } },
{ "type": "Feature", "properties": { "ID": 4522450149700, "正式名称": "清武耳鼻咽喉科", "機関区分": 2, "都道府県コード": 45, "市区町村コード": 201, "所在地": "宮崎県宮崎市清武町岡１丁目１２番地１２", "緯度": 31.85141, "経度": 131.390435, "url": "https://www.iryou.teikyouseido.mhlw.go.jp/znk-web/juminkanja/S2430/initialize?prefCd=45&kikanCd=2450149700&kikanKbn=2", "url2": null, "内容": "清武耳鼻咽喉科【2:診療所】【診療科目:耳鼻いんこう科】宮崎県宮崎市清武町岡１丁目１２番地１２" }, "geometry": { "type": "Point", "coordinates": [ 131.390435, 31.85141 ] } },
{ "type": "Feature", "properties": { "ID": 4522450149960, "正式名称": "春田耳鼻咽喉科医院", "機関区分": 2, "都道府県コード": 45, "市区町村コード": 201, "所在地": "宮崎県宮崎市佐土原町下田島２００６３番地", "緯度": 32.020995, "経度": 131.47606, "url": "https://www.iryou.teikyouseido.mhlw.go.jp/znk-web/juminkanja/S2430/initialize?prefCd=45&kikanCd=2450149960&kikanKbn=2", "url2": "https://harutaentcl.1pw.jp/", "内容": "春田耳鼻咽喉科医院【2:診療所】【診療科目:耳鼻いんこう科】宮崎県宮崎市佐土原町下田島２００６３番地" }, "geometry": { "type": "Point", "coordinates": [ 131.47606, 32.020995 ] } },
{ "type": "Feature", "properties": { "ID": 4522450150070, "正式名称": "国富耳鼻咽喉科医院", "機関区分": 2, "都道府県コード": 45, "市区町村コード": 382, "所在地": "宮崎県東諸県郡国富町大字本庄４６３４ー１", "緯度": 31.990557, "経度": 131.331804, "url": "https://www.iryou.teikyouseido.mhlw.go.jp/znk-web/juminkanja/S2430/initialize?prefCd=45&kikanCd=2450150070&kikanKbn=2", "url2": null, "内容": "国富耳鼻咽喉科医院【2:診療所】【診療科目:耳鼻いんこう科】宮崎県東諸県郡国富町大字本庄４６３４ー１" }, "geometry": { "type": "Point", "coordinates": [ 131.331804, 31.990557 ] } },
{ "type": "Feature", "properties": { "ID": 4522450150100, "正式名称": "医療法人社団青雲　たんぽぽ小児科", "機関区分": 2, "都道府県コード": 45, "市区町村コード": 201, "所在地": "宮崎県宮崎市清武町西新町１２番地７", "緯度": 31.853446, "経度": 131.390618, "url": "https://www.iryou.teikyouseido.mhlw.go.jp/znk-web/juminkanja/S2430/initialize?prefCd=45&kikanCd=2450150100&kikanKbn=2", "url2": "http://www.kitenn.jp/tanpopo/", "内容": "医療法人社団青雲　たんぽぽ小児科【2:診療所】【診療科目:小児科】宮崎県宮崎市清武町西新町１２番地７" }, "geometry": { "type": "Point", "coordinates": [ 131.390618, 31.853446 ] } },
{ "type": "Feature", "properties": { "ID": 4522450150650, "正式名称": "社会医療法人慶明会　くにとみ眼科クリニック", "機関区分": 2, "都道府県コード": 45, "市区町村コード": 382, "所在地": "宮崎県東諸県郡国富町本庄４４７０番地６", "緯度": 31.988544, "経度": 131.325319, "url": "https://www.iryou.teikyouseido.mhlw.go.jp/znk-web/juminkanja/S2430/initialize?prefCd=45&kikanCd=2450150650&kikanKbn=2", "url2": "http://www.keimei.or.jp/kunitomi-eye-clinic.php", "内容": "社会医療法人慶明会　くにとみ眼科クリニック【2:診療所】【診療科目:眼科】宮崎県東諸県郡国富町本庄４４７０番地６" }, "geometry": { "type": "Point", "coordinates": [ 131.325319, 31.988544 ] } },
{ "type": "Feature", "properties": { "ID": 4522450150940, "正式名称": "山下医院", "機関区分": 2, "都道府県コード": 45, "市区町村コード": 382, "所在地": "宮崎県東諸県郡国富町大字本庄４８４９", "緯度": 31.989108, "経度": 131.320113, "url": "https://www.iryou.teikyouseido.mhlw.go.jp/znk-web/juminkanja/S2430/initialize?prefCd=45&kikanCd=2450150940&kikanKbn=2", "url2": null, "内容": "山下医院【2:診療所】【診療科目:内科_循環器内科_整形外科_リハビリテーション科】宮崎県東諸県郡国富町大字本庄４８４９" }, "geometry": { "type": "Point", "coordinates": [ 131.320113, 31.989108 ] } },
{ "type": "Feature", "properties": { "ID": 4522450200210, "正式名称": "医療法人社団　恵心会　坂元医院", "機関区分": 2, "都道府県コード": 45, "市区町村コード": 202, "所在地": "宮崎県都城市牟田町１２ー８", "緯度": 31.72659, "経度": 131.062361, "url": "https://www.iryou.teikyouseido.mhlw.go.jp/znk-web/juminkanja/S2430/initialize?prefCd=45&kikanCd=2450200210&kikanKbn=2", "url2": "https://www.keishin-sakamoto.com", "内容": "医療法人社団　恵心会　坂元医院【2:診療所】【診療科目:内科_循環器内科_消化器内科_放射線科】宮崎県都城市牟田町１２ー８" }, "geometry": { "type": "Point", "coordinates": [ 131.062361, 31.72659 ] } },
{ "type": "Feature", "properties": { "ID": 4522450200630, "正式名称": "山内小児科医院", "機関区分": 2, "都道府県コード": 45, "市区町村コード": 202, "所在地": "宮崎県都城市上町１２街区１５号", "緯度": 31.722628, "経度": 131.064293, "url": "https://www.iryou.teikyouseido.mhlw.go.jp/znk-web/juminkanja/S2430/initialize?prefCd=45&kikanCd=2450200630&kikanKbn=2", "url2": null, "内容": "山内小児科医院【2:診療所】【診療科目:小児科】宮崎県都城市上町１２街区１５号" }, "geometry": { "type": "Point", "coordinates": [ 131.064293, 31.722628 ] } },
{ "type": "Feature", "properties": { "ID": 4522450201060, "正式名称": "医療法人社団　櫻樹　松山医院", "機関区分": 2, "都道府県コード": 45, "市区町村コード": 202, "所在地": "宮崎県都城市上川東", "緯度": 31.741179, "経度": 131.073117, "url": "https://www.iryou.teikyouseido.mhlw.go.jp/znk-web/juminkanja/S2430/initialize?prefCd=45&kikanCd=2450201060&kikanKbn=2", "url2": null, "内容": "医療法人社団　櫻樹　松山医院【2:診療所】【診療科目:内科_呼吸器内科_リウマチ科】宮崎県都城市上川東" }, "geometry": { "type": "Point", "coordinates": [ 131.073117, 31.741179 ] } },
{ "type": "Feature", "properties": { "ID": 4522450201480, "正式名称": "医療法人社団　健成会　原田医院", "機関区分": 2, "都道府県コード": 45, "市区町村コード": 202, "所在地": "宮崎県都城市郡元町３２４５番地", "緯度": 31.742903, "経度": 131.091638, "url": "https://www.iryou.teikyouseido.mhlw.go.jp/znk-web/juminkanja/S2430/initialize?prefCd=45&kikanCd=2450201480&kikanKbn=2", "url2": "https://www.kenseikai-harada.com", "内容": "医療法人社団　健成会　原田医院【2:診療所】【診療科目:内科_呼吸器科，循環器科，消化器科_外科_小児科】宮崎県都城市郡元町３２４５番地" }, "geometry": { "type": "Point", "coordinates": [ 131.091638, 31.742903 ] } },
{ "type": "Feature", "properties": { "ID": 4522450201510, "正式名称": "野辺医院", "機関区分": 2, "都道府県コード": 45, "市区町村コード": 202, "所在地": "宮崎県都城市上町１０街区４号", "緯度": 31.724209, "経度": 131.064818, "url": "https://www.iryou.teikyouseido.mhlw.go.jp/znk-web/juminkanja/S2430/initialize?prefCd=45&kikanCd=2450201510&kikanKbn=2", "url2": null, "内容": "野辺医院【2:診療所】【診療科目:内科_消化器内科】宮崎県都城市上町１０街区４号" }, "geometry": { "type": "Point", "coordinates": [ 131.064818, 31.724209 ] } },
{ "type": "Feature", "properties": { "ID": 4522450201930, "正式名称": "よしかわクリニック", "機関区分": 2, "都道府県コード": 45, "市区町村コード": 202, "所在地": "宮崎県都城市前田町５街区２号", "緯度": 31.729656, "経度": 131.066082, "url": "https://www.iryou.teikyouseido.mhlw.go.jp/znk-web/juminkanja/S2430/initialize?prefCd=45&kikanCd=2450201930&kikanKbn=2", "url2": "http://yoshikawa-clinic.hatenablog.com", "内容": "よしかわクリニック【2:診療所】【診療科目:内科_整形外科_麻酔科】宮崎県都城市前田町５街区２号" }, "geometry": { "type": "Point", "coordinates": [ 131.066082, 31.729656 ] } },
{ "type": "Feature", "properties": { "ID": 4522450202490, "正式名称": "有馬医院", "機関区分": 2, "都道府県コード": 45, "市区町村コード": 202, "所在地": "宮崎県都城市上長飯町４８−１", "緯度": 31.714789, "経度": 131.090025, "url": "https://www.iryou.teikyouseido.mhlw.go.jp/znk-web/juminkanja/S2430/initialize?prefCd=45&kikanCd=2450202490&kikanKbn=2", "url2": null, "内容": "有馬医院【2:診療所】【診療科目:内科_小児科】宮崎県都城市上長飯町４８−１" }, "geometry": { "type": "Point", "coordinates": [ 131.090025, 31.714789 ] } },
{ "type": "Feature", "properties": { "ID": 4522450202810, "正式名称": "医療法人社団　中山産婦人科医院", "機関区分": 2, "都道府県コード": 45, "市区町村コード": 202, "所在地": "宮崎県都城市前田町１７街区３２号", "緯度": 31.731151, "経度": 131.069684, "url": "https://www.iryou.teikyouseido.mhlw.go.jp/znk-web/juminkanja/S2430/initialize?prefCd=45&kikanCd=2450202810&kikanKbn=2", "url2": "https://nakayama-sanfujinka.com", "内容": "医療法人社団　中山産婦人科医院【2:診療所】【診療科目:産婦人科】宮崎県都城市前田町１７街区３２号" }, "geometry": { "type": "Point", "coordinates": [ 131.069684, 31.731151 ] } },
{ "type": "Feature", "properties": { "ID": 4522450203240, "正式名称": "医療法人北原医院", "機関区分": 2, "都道府県コード": 45, "市区町村コード": 202, "所在地": "宮崎県都城市北原町１１街区５号", "緯度": 31.732709, "経度": 131.075787, "url": "https://www.iryou.teikyouseido.mhlw.go.jp/znk-web/juminkanja/S2430/initialize?prefCd=45&kikanCd=2450203240&kikanKbn=2", "url2": "http://www.kitaharaclinic.com", "内容": "医療法人北原医院【2:診療所】【診療科目:内科_外科_産婦人科_放射線科_麻酔科】宮崎県都城市北原町１１街区５号" }, "geometry": { "type": "Point", "coordinates": [ 131.075787, 31.732709 ] } },
{ "type": "Feature", "properties": { "ID": 4522450203400, "正式名称": "寺本整形外科医院", "機関区分": 2, "都道府県コード": 45, "市区町村コード": 202, "所在地": "宮崎県都城市北原町６ー１４", "緯度": 31.731545, "経度": 131.075084, "url": "https://www.iryou.teikyouseido.mhlw.go.jp/znk-web/juminkanja/S2430/initialize?prefCd=45&kikanCd=2450203400&kikanKbn=2", "url2": null, "内容": "寺本整形外科医院【2:診療所】【診療科目:整形外科_リハビリテーション科】宮崎県都城市北原町６ー１４" }, "geometry": { "type": "Point", "coordinates": [ 131.075084, 31.731545 ] } },
{ "type": "Feature", "properties": { "ID": 4522450203790, "正式名称": "医療法人（社団）仮屋医院", "機関区分": 2, "都道府県コード": 45, "市区町村コード": 202, "所在地": "宮崎県都城市上水流町２３４８番地", "緯度": 31.811489, "経度": 131.095161, "url": "https://www.iryou.teikyouseido.mhlw.go.jp/znk-web/juminkanja/S2430/initialize?prefCd=45&kikanCd=2450203790&kikanKbn=2", "url2": null, "内容": "医療法人（社団）仮屋医院【2:診療所】【診療科目:内科_循環器内科_消化器内科_小児科】宮崎県都城市上水流町２３４８番地" }, "geometry": { "type": "Point", "coordinates": [ 131.095161, 31.811489 ] } },
{ "type": "Feature", "properties": { "ID": 4522450203820, "正式名称": "どいクリニック", "機関区分": 2, "都道府県コード": 45, "市区町村コード": 202, "所在地": "宮崎県都城市上東町１２街区７号", "緯度": 31.723049, "経度": 131.076451, "url": "https://www.iryou.teikyouseido.mhlw.go.jp/znk-web/juminkanja/S2430/initialize?prefCd=45&kikanCd=2450203820&kikanKbn=2", "url2": null, "内容": "どいクリニック【2:診療所】【診療科目:内科_呼吸器内科_循環器内科_消化器内科_アレルギー疾患内科_外科_乳腺外科_整形外科_皮膚科_アレルギー科】宮崎県都城市上東町１２街区７号" }, "geometry": { "type": "Point", "coordinates": [ 131.076451, 31.723049 ] } },
{ "type": "Feature", "properties": { "ID": 4522450203950, "正式名称": "野田医院", "機関区分": 2, "都道府県コード": 45, "市区町村コード": 202, "所在地": "宮崎県都城市蔵原町９街区１８号", "緯度": 31.722943, "経度": 131.067293, "url": "https://www.iryou.teikyouseido.mhlw.go.jp/znk-web/juminkanja/S2430/initialize?prefCd=45&kikanCd=2450203950&kikanKbn=2", "url2": "http://noda-clinic.jp", "内容": "野田医院【2:診療所】【診療科目:産婦人科_産科_婦人科_産婦人科（生殖医療）】宮崎県都城市蔵原町９街区１８号" }, "geometry": { "type": "Point", "coordinates": [ 131.067293, 31.722943 ] } },
{ "type": "Feature", "properties": { "ID": 4522450205390, "正式名称": "国民健康保険都城市西岳診療所", "機関区分": 2, "都道府県コード": 45, "市区町村コード": 202, "所在地": "宮崎県都城市高野町２９８５番地１", "緯度": 31.809773, "経度": 130.950047, "url": "https://www.iryou.teikyouseido.mhlw.go.jp/znk-web/juminkanja/S2430/initialize?prefCd=45&kikanCd=2450205390&kikanKbn=2", "url2": null, "内容": "国民健康保険都城市西岳診療所【2:診療所】【診療科目:内科】宮崎県都城市高野町２９８５番地１" }, "geometry": { "type": "Point", "coordinates": [ 130.950047, 31.809773 ] } },
{ "type": "Feature", "properties": { "ID": 4522450205710, "正式名称": "西浦医院", "機関区分": 2, "都道府県コード": 45, "市区町村コード": 202, "所在地": "宮崎県都城市松元町６−１３", "緯度": 31.722795, "経度": 131.060455, "url": "https://www.iryou.teikyouseido.mhlw.go.jp/znk-web/juminkanja/S2430/initialize?prefCd=45&kikanCd=2450205710&kikanKbn=2", "url2": "www.nishiura-clinic.com", "内容": "西浦医院【2:診療所】【診療科目:耳鼻いんこう科】宮崎県都城市松元町６−１３" }, "geometry": { "type": "Point", "coordinates": [ 131.060455, 31.722795 ] } },
{ "type": "Feature", "properties": { "ID": 4522450206010, "正式名称": "速見泌尿器科医院", "機関区分": 2, "都道府県コード": 45, "市区町村コード": 202, "所在地": "宮崎県都城市妻ケ丘町４００９番５号", "緯度": 31.728035, "経度": 131.077536, "url": "https://www.iryou.teikyouseido.mhlw.go.jp/znk-web/juminkanja/S2430/initialize?prefCd=45&kikanCd=2450206010&kikanKbn=2", "url2": "https://hayami-clinic.jp/", "内容": "速見泌尿器科医院【2:診療所】【診療科目:腎臓内科_泌尿器科】宮崎県都城市妻ケ丘町４００９番５号" }, "geometry": { "type": "Point", "coordinates": [ 131.077536, 31.728035 ] } },
{ "type": "Feature", "properties": { "ID": 4522450207280, "正式名称": "三嶋内科", "機関区分": 2, "都道府県コード": 45, "市区町村コード": 202, "所在地": "宮崎県都城市鷹尾１−２６−６", "緯度": 31.724831, "経度": 131.052633, "url": "https://www.iryou.teikyouseido.mhlw.go.jp/znk-web/juminkanja/S2430/initialize?prefCd=45&kikanCd=2450207280&kikanKbn=2", "url2": null, "内容": "三嶋内科【2:診療所】【診療科目:内科_呼吸器内科_循環器内科_消化器内科】宮崎県都城市鷹尾１−２６−６" }, "geometry": { "type": "Point", "coordinates": [ 131.052633, 31.724831 ] } },
{ "type": "Feature", "properties": { "ID": 4522450207310, "正式名称": "安藤胃腸科外科医院", "機関区分": 2, "都道府県コード": 45, "市区町村コード": 202, "所在地": "宮崎県都城市豊満町８２７番地１", "緯度": 31.696452, "経度": 131.099673, "url": "https://www.iryou.teikyouseido.mhlw.go.jp/znk-web/juminkanja/S2430/initialize?prefCd=45&kikanCd=2450207310&kikanKbn=2", "url2": null, "内容": "安藤胃腸科外科医院【2:診療所】【診療科目:内科_消化器内科_外科】宮崎県都城市豊満町８２７番地１" }, "geometry": { "type": "Point", "coordinates": [ 131.099673, 31.696452 ] } },
{ "type": "Feature", "properties": { "ID": 4522450207570, "正式名称": "医療法人　長倉医院", "機関区分": 2, "都道府県コード": 45, "市区町村コード": 341, "所在地": "宮崎県北諸県郡三股町大字樺山３４９１−２", "緯度": 31.731394, "経度": 131.126012, "url": "https://www.iryou.teikyouseido.mhlw.go.jp/znk-web/juminkanja/S2430/initialize?prefCd=45&kikanCd=2450207570&kikanKbn=2", "url2": null, "内容": "医療法人　長倉医院【2:診療所】【診療科目:内科_代謝・内分泌内科_循環器内科】宮崎県北諸県郡三股町大字樺山３４９１−２" }, "geometry": { "type": "Point", "coordinates": [ 131.126012, 31.731394 ] } },
{ "type": "Feature", "properties": { "ID": 4522450207730, "正式名称": "ホームクリニックみまた", "機関区分": 2, "都道府県コード": 45, "市区町村コード": 341, "所在地": "宮崎県北諸県郡三股町大字樺山４６７２ー４", "緯度": 31.730796, "経度": 131.115937, "url": "https://www.iryou.teikyouseido.mhlw.go.jp/znk-web/juminkanja/S2430/initialize?prefCd=45&kikanCd=2450207730&kikanKbn=2", "url2": "https://mimata.doctorsfile.jp/", "内容": "ホームクリニックみまた【2:診療所】【診療科目:内科_呼吸器内科】宮崎県北諸県郡三股町大字樺山４６７２ー４" }, "geometry": { "type": "Point", "coordinates": [ 131.115937, 31.730796 ] } },
{ "type": "Feature", "properties": { "ID": 4522450207860, "正式名称": "とまり内科外科胃腸科医院", "機関区分": 2, "都道府県コード": 45, "市区町村コード": 341, "所在地": "宮崎県北諸県郡三股町稗田４７－５", "緯度": 31.733596, "経度": 131.104779, "url": "https://www.iryou.teikyouseido.mhlw.go.jp/znk-web/juminkanja/S2430/initialize?prefCd=45&kikanCd=2450207860&kikanKbn=2", "url2": "http://hakusuikai.jimdofree.com", "内容": "とまり内科外科胃腸科医院【2:診療所】【診療科目:内科_糖尿病内科_代謝・内分泌内科_消化器内科_外科】宮崎県北諸県郡三股町稗田４７－５" }, "geometry": { "type": "Point", "coordinates": [ 131.104779, 31.733596 ] } },
{ "type": "Feature", "properties": { "ID": 4522450207990, "正式名称": "医療法人　玉扇会　大岐医院", "機関区分": 2, "都道府県コード": 45, "市区町村コード": 202, "所在地": "宮崎県都城市山之口町花木２５６７番３", "緯度": 31.783179, "経度": 131.156757, "url": "https://www.iryou.teikyouseido.mhlw.go.jp/znk-web/juminkanja/S2430/initialize?prefCd=45&kikanCd=2450207990&kikanKbn=2", "url2": null, "内容": "医療法人　玉扇会　大岐医院【2:診療所】【診療科目:内科_胃腸内科】宮崎県都城市山之口町花木２５６７番３" }, "geometry": { "type": "Point", "coordinates": [ 131.156757, 31.783179 ] } },
{ "type": "Feature", "properties": { "ID": 4522450208030, "正式名称": "志々目医院", "機関区分": 2, "都道府県コード": 45, "市区町村コード": 202, "所在地": "宮崎県都城市山之口町花木１９９９番地２", "緯度": 31.780721, "経度": 131.154696, "url": "https://www.iryou.teikyouseido.mhlw.go.jp/znk-web/juminkanja/S2430/initialize?prefCd=45&kikanCd=2450208030&kikanKbn=2", "url2": null, "内容": "志々目医院【2:診療所】【診療科目:内科_小児科】宮崎県都城市山之口町花木１９９９番地２" }, "geometry": { "type": "Point", "coordinates": [ 131.154696, 31.780721 ] } },
{ "type": "Feature", "properties": { "ID": 4522450208320, "正式名称": "政所医院", "機関区分": 2, "都道府県コード": 45, "市区町村コード": 202, "所在地": "宮崎県都城市高城町穂満坊３２１３番地１", "緯度": 31.812148, "経度": 131.125262, "url": "https://www.iryou.teikyouseido.mhlw.go.jp/znk-web/juminkanja/S2430/initialize?prefCd=45&kikanCd=2450208320&kikanKbn=2", "url2": "http://madokoro.o.oo7.jp/", "内容": "政所医院【2:診療所】【診療科目:内科_小児科】宮崎県都城市高城町穂満坊３２１３番地１" }, "geometry": { "type": "Point", "coordinates": [ 131.125262, 31.812148 ] } },
{ "type": "Feature", "properties": { "ID": 4522450208450, "正式名称": "都城市高城四家診療所", "機関区分": 2, "都道府県コード": 45, "市区町村コード": 202, "所在地": "宮崎県都城市高城町四家１６０４番地１", "緯度": 31.911647, "経度": 131.181156, "url": "https://www.iryou.teikyouseido.mhlw.go.jp/znk-web/juminkanja/S2430/initialize?prefCd=45&kikanCd=2450208450&kikanKbn=2", "url2": null, "内容": "都城市高城四家診療所【2:診療所】【診療科目:内科】宮崎県都城市高城町四家１６０４番地１" }, "geometry": { "type": "Point", "coordinates": [ 131.181156, 31.911647 ] } },
{ "type": "Feature", "properties": { "ID": 4522450208610, "正式名称": "都城市養護老人ホーム友愛園診療所", "機関区分": 2, "都道府県コード": 45, "市区町村コード": 202, "所在地": "宮崎県都城市高城町石山４２２７番地", "緯度": 31.829174, "経度": 131.139704, "url": "https://www.iryou.teikyouseido.mhlw.go.jp/znk-web/juminkanja/S2430/initialize?prefCd=45&kikanCd=2450208610&kikanKbn=2", "url2": null, "内容": "都城市養護老人ホーム友愛園診療所【2:診療所】【診療科目:内科】宮崎県都城市高城町石山４２２７番地" }, "geometry": { "type": "Point", "coordinates": [ 131.139704, 31.829174 ] } },
{ "type": "Feature", "properties": { "ID": 4522450209330, "正式名称": "教山内科医院", "機関区分": 2, "都道府県コード": 45, "市区町村コード": 202, "所在地": "宮崎県都城市高崎町大牟田１８９１ー２", "緯度": 31.868674, "経度": 131.076781, "url": "https://www.iryou.teikyouseido.mhlw.go.jp/znk-web/juminkanja/S2430/initialize?prefCd=45&kikanCd=2450209330&kikanKbn=2", "url2": null, "内容": "教山内科医院【2:診療所】【診療科目:内科_小児科】宮崎県都城市高崎町大牟田１８９１ー２" }, "geometry": { "type": "Point", "coordinates": [ 131.076781, 31.868674 ] } },
{ "type": "Feature", "properties": { "ID": 4522450209880, "正式名称": "医療法人　宏仁会　海老原内科", "機関区分": 2, "都道府県コード": 45, "市区町村コード": 202, "所在地": "宮崎県都城市山田町中霧島３３２３ー８", "緯度": 31.7968, "経度": 131.052034, "url": "https://www.iryou.teikyouseido.mhlw.go.jp/znk-web/juminkanja/S2430/initialize?prefCd=45&kikanCd=2450209880&kikanKbn=2", "url2": "http://www.btvm.ne.jp/~ebiharanaika/", "内容": "医療法人　宏仁会　海老原内科【2:診療所】【診療科目:内科_呼吸器内科_循環器内科_消化器内科_外科】宮崎県都城市山田町中霧島３３２３ー８" }, "geometry": { "type": "Point", "coordinates": [ 131.052034, 31.7968 ] } },
{ "type": "Feature", "properties": { "ID": 4522450210150, "正式名称": "医療法人明功会小山田眼科医院", "機関区分": 2, "都道府県コード": 45, "市区町村コード": 202, "所在地": "宮崎県都城市松元町２街区８号", "緯度": 31.722084, "経度": 131.057749, "url": "https://www.iryou.teikyouseido.mhlw.go.jp/znk-web/juminkanja/S2430/initialize?prefCd=45&kikanCd=2450210150&kikanKbn=2", "url2": "http://www.oyamadaganka.com", "内容": "医療法人明功会小山田眼科医院【2:診療所】【診療科目:眼科】宮崎県都城市松元町２街区８号" }, "geometry": { "type": "Point", "coordinates": [ 131.057749, 31.722084 ] } },
{ "type": "Feature", "properties": { "ID": 4522450210730, "正式名称": "国民健康保険　都城市　夏尾診療所", "機関区分": 2, "都道府県コード": 45, "市区町村コード": 202, "所在地": "宮崎県都城市夏尾町６６７３番地３", "緯度": 31.844816, "経度": 130.97358, "url": "https://www.iryou.teikyouseido.mhlw.go.jp/znk-web/juminkanja/S2430/initialize?prefCd=45&kikanCd=2450210730&kikanKbn=2", "url2": null, "内容": "国民健康保険　都城市　夏尾診療所【2:診療所】【診療科目:内科_呼吸器内科_循環器内科_胃腸内科_外科】宮崎県都城市夏尾町６６７３番地３" }, "geometry": { "type": "Point", "coordinates": [ 130.97358, 31.844816 ] } },
{ "type": "Feature", "properties": { "ID": 4522450211030, "正式名称": "畠中小児科医院", "機関区分": 2, "都道府県コード": 45, "市区町村コード": 341, "所在地": "宮崎県北諸県郡三股町新馬場２４−１", "緯度": 31.738887, "経度": 131.111618, "url": "https://www.iryou.teikyouseido.mhlw.go.jp/znk-web/juminkanja/S2430/initialize?prefCd=45&kikanCd=2450211030&kikanKbn=2", "url2": null, "内容": "畠中小児科医院【2:診療所】【診療科目:小児科】宮崎県北諸県郡三股町新馬場２４−１" }, "geometry": { "type": "Point", "coordinates": [ 131.111618, 31.738887 ] } },
{ "type": "Feature", "properties": { "ID": 4522450211290, "正式名称": "西元眼科医院", "機関区分": 2, "都道府県コード": 45, "市区町村コード": 202, "所在地": "宮崎県都城市中原町４１街区８号", "緯度": 31.730567, "経度": 131.073668, "url": "https://www.iryou.teikyouseido.mhlw.go.jp/znk-web/juminkanja/S2430/initialize?prefCd=45&kikanCd=2450211290&kikanKbn=2", "url2": null, "内容": "西元眼科医院【2:診療所】【診療科目:眼科_皮膚科】宮崎県都城市中原町４１街区８号" }, "geometry": { "type": "Point", "coordinates": [ 131.073668, 31.730567 ] } },
{ "type": "Feature", "properties": { "ID": 4522450211320, "正式名称": "瀬ノ口醫院", "機関区分": 2, "都道府県コード": 45, "市区町村コード": 202, "所在地": "宮崎県都城市姫城町１２−４", "緯度": 31.719012, "経度": 131.060502, "url": "https://www.iryou.teikyouseido.mhlw.go.jp/znk-web/juminkanja/S2430/initialize?prefCd=45&kikanCd=2450211320&kikanKbn=2", "url2": "https://www.senokuchi-iin.jp/", "内容": "瀬ノ口醫院【2:診療所】【診療科目:内科_消化器内科】宮崎県都城市姫城町１２−４" }, "geometry": { "type": "Point", "coordinates": [ 131.060502, 31.719012 ] } },
{ "type": "Feature", "properties": { "ID": 4522450211740, "正式名称": "医療法人豊志会　武田産婦人科医院", "機関区分": 2, "都道府県コード": 45, "市区町村コード": 202, "所在地": "宮崎県都城市蔵原町１０ー２６", "緯度": 31.72331, "経度": 131.065421, "url": "https://www.iryou.teikyouseido.mhlw.go.jp/znk-web/juminkanja/S2430/initialize?prefCd=45&kikanCd=2450211740&kikanKbn=2", "url2": null, "内容": "医療法人豊志会　武田産婦人科医院【2:診療所】【診療科目:産婦人科】宮崎県都城市蔵原町１０ー２６" }, "geometry": { "type": "Point", "coordinates": [ 131.065421, 31.72331 ] } },
{ "type": "Feature", "properties": { "ID": 4522450212200, "正式名称": "永吉眼科医院", "機関区分": 2, "都道府県コード": 45, "市区町村コード": 202, "所在地": "宮崎県都城市姫城町５ー４", "緯度": 31.72081, "経度": 131.061805, "url": "https://www.iryou.teikyouseido.mhlw.go.jp/znk-web/juminkanja/S2430/initialize?prefCd=45&kikanCd=2450212200&kikanKbn=2", "url2": null, "内容": "永吉眼科医院【2:診療所】【診療科目:眼科】宮崎県都城市姫城町５ー４" }, "geometry": { "type": "Point", "coordinates": [ 131.061805, 31.72081 ] } },
{ "type": "Feature", "properties": { "ID": 4522450212590, "正式名称": "冨田医院", "機関区分": 2, "都道府県コード": 45, "市区町村コード": 202, "所在地": "宮崎県都城市栄町１４号２番地", "緯度": 31.734425, "経度": 131.077737, "url": "https://www.iryou.teikyouseido.mhlw.go.jp/znk-web/juminkanja/S2430/initialize?prefCd=45&kikanCd=2450212590&kikanKbn=2", "url2": "https://www.tomitaiin-mj.com/", "内容": "冨田医院【2:診療所】【診療科目:内科_呼吸器内科_消化器内科_小児科】宮崎県都城市栄町１４号２番地" }, "geometry": { "type": "Point", "coordinates": [ 131.077737, 31.734425 ] } },
{ "type": "Feature", "properties": { "ID": 4522450212620, "正式名称": "一心外科医院", "機関区分": 2, "都道府県コード": 45, "市区町村コード": 341, "所在地": "宮崎県北諸県郡三股町大字樺山４９６９ー１", "緯度": 31.738668, "経度": 131.104746, "url": "https://www.iryou.teikyouseido.mhlw.go.jp/znk-web/juminkanja/S2430/initialize?prefCd=45&kikanCd=2450212620&kikanKbn=2", "url2": null, "内容": "一心外科医院【2:診療所】【診療科目:内科_胃腸内科_外科_肛門外科_リハビリテーション科】宮崎県北諸県郡三股町大字樺山４９６９ー１" }, "geometry": { "type": "Point", "coordinates": [ 131.104746, 31.738668 ] } },
{ "type": "Feature", "properties": { "ID": 4522450212910, "正式名称": "田中隆内科", "機関区分": 2, "都道府県コード": 45, "市区町村コード": 341, "所在地": "宮崎県北諸県郡三股町大字宮村２８７２番地１号", "緯度": 31.726291, "経度": 131.101363, "url": "https://www.iryou.teikyouseido.mhlw.go.jp/znk-web/juminkanja/S2430/initialize?prefCd=45&kikanCd=2450212910&kikanKbn=2", "url2": "https://tanaka-takashi.net/", "内容": "田中隆内科【2:診療所】【診療科目:内科_呼吸器内科_循環器内科_腎臓内科_泌尿器科】宮崎県北諸県郡三股町大字宮村２８７２番地１号" }, "geometry": { "type": "Point", "coordinates": [ 131.101363, 31.726291 ] } },
{ "type": "Feature", "properties": { "ID": 4522450213050, "正式名称": "いづみ内科医院", "機関区分": 2, "都道府県コード": 45, "市区町村コード": 202, "所在地": "宮崎県都城市鷹尾３丁目３３街区３号", "緯度": 31.727325, "経度": 131.046831, "url": "https://www.iryou.teikyouseido.mhlw.go.jp/znk-web/juminkanja/S2430/initialize?prefCd=45&kikanCd=2450213050&kikanKbn=2", "url2": null, "内容": "いづみ内科医院【2:診療所】【診療科目:内科_消化器内科】宮崎県都城市鷹尾３丁目３３街区３号" }, "geometry": { "type": "Point", "coordinates": [ 131.046831, 31.727325 ] } },
{ "type": "Feature", "properties": { "ID": 4522450213180, "正式名称": "園田光正内科医院", "機関区分": 2, "都道府県コード": 45, "市区町村コード": 202, "所在地": "宮崎県都城市太郎坊町６６６７−４", "緯度": 31.77495, "経度": 131.093826, "url": "https://www.iryou.teikyouseido.mhlw.go.jp/znk-web/juminkanja/S2430/initialize?prefCd=45&kikanCd=2450213180&kikanKbn=2", "url2": null, "内容": "園田光正内科医院【2:診療所】【診療科目:内科_漢方内科】宮崎県都城市太郎坊町６６６７−４" }, "geometry": { "type": "Point", "coordinates": [ 131.093826, 31.77495 ] } },
{ "type": "Feature", "properties": { "ID": 4522450213210, "正式名称": "医療法人社団田中会　久保原田中医院", "機関区分": 2, "都道府県コード": 45, "市区町村コード": 202, "所在地": "宮崎県都城市久保原町１３街区１号", "緯度": 31.723636, "経度": 131.033383, "url": "https://www.iryou.teikyouseido.mhlw.go.jp/znk-web/juminkanja/S2430/initialize?prefCd=45&kikanCd=2450213210&kikanKbn=2", "url2": null, "内容": "医療法人社団田中会　久保原田中医院【2:診療所】【診療科目:内科_消化器内科_小児科】宮崎県都城市久保原町１３街区１号" }, "geometry": { "type": "Point", "coordinates": [ 131.033383, 31.723636 ] } },
{ "type": "Feature", "properties": { "ID": 4522450213340, "正式名称": "たかお浜田医院", "機関区分": 2, "都道府県コード": 45, "市区町村コード": 202, "所在地": "宮崎県都城市鷹尾４丁目４ー２", "緯度": 31.723606, "経度": 131.040218, "url": "https://www.iryou.teikyouseido.mhlw.go.jp/znk-web/juminkanja/S2430/initialize?prefCd=45&kikanCd=2450213340&kikanKbn=2", "url2": null, "内容": "たかお浜田医院【2:診療所】【診療科目:内科_循環器内科_消化器内科_外科】宮崎県都城市鷹尾４丁目４ー２" }, "geometry": { "type": "Point", "coordinates": [ 131.040218, 31.723606 ] } },
{ "type": "Feature", "properties": { "ID": 4522450213470, "正式名称": "宇宿医院", "機関区分": 2, "都道府県コード": 45, "市区町村コード": 202, "所在地": "宮崎県都城市栄町１８号１８番地", "緯度": 31.734964, "経度": 131.074023, "url": "https://www.iryou.teikyouseido.mhlw.go.jp/znk-web/juminkanja/S2430/initialize?prefCd=45&kikanCd=2450213470&kikanKbn=2", "url2": null, "内容": "宇宿医院【2:診療所】【診療科目:内科_消化器内科_胃腸内科】宮崎県都城市栄町１８号１８番地" }, "geometry": { "type": "Point", "coordinates": [ 131.074023, 31.734964 ] } },
{ "type": "Feature", "properties": { "ID": 4522450213500, "正式名称": "いそいち産婦人科医院", "機関区分": 2, "都道府県コード": 45, "市区町村コード": 202, "所在地": "宮崎県都城市平塚町３０１６番地", "緯度": 31.719179, "経度": 131.0299, "url": "https://www.iryou.teikyouseido.mhlw.go.jp/znk-web/juminkanja/S2430/initialize?prefCd=45&kikanCd=2450213500&kikanKbn=2", "url2": "http://www.isoichi-clinic.jp", "内容": "いそいち産婦人科医院【2:診療所】【診療科目:産婦人科】宮崎県都城市平塚町３０１６番地" }, "geometry": { "type": "Point", "coordinates": [ 131.0299, 31.719179 ] } },
{ "type": "Feature", "properties": { "ID": 4522450213760, "正式名称": "山路医院", "機関区分": 2, "都道府県コード": 45, "市区町村コード": 202, "所在地": "宮崎県都城市山田町山田４３０９", "緯度": 31.815895, "経度": 131.040887, "url": "https://www.iryou.teikyouseido.mhlw.go.jp/znk-web/juminkanja/S2430/initialize?prefCd=45&kikanCd=2450213760&kikanKbn=2", "url2": null, "内容": "山路医院【2:診療所】【診療科目:内科_外科】宮崎県都城市山田町山田４３０９" }, "geometry": { "type": "Point", "coordinates": [ 131.040887, 31.815895 ] } },
{ "type": "Feature", "properties": { "ID": 4522450214480, "正式名称": "医療法人千杏会おおくぼクリニック", "機関区分": 2, "都道府県コード": 45, "市区町村コード": 202, "所在地": "宮崎県都城市千町５２１５", "緯度": 31.738639, "経度": 131.081, "url": "https://www.iryou.teikyouseido.mhlw.go.jp/znk-web/juminkanja/S2430/initialize?prefCd=45&kikanCd=2450214480&kikanKbn=2", "url2": null, "内容": "医療法人千杏会おおくぼクリニック【2:診療所】【診療科目:内科_循環器内科】宮崎県都城市千町５２１５" }, "geometry": { "type": "Point", "coordinates": [ 131.081, 31.738639 ] } },
{ "type": "Feature", "properties": { "ID": 4522450214640, "正式名称": "佐々木医院", "機関区分": 2, "都道府県コード": 45, "市区町村コード": 202, "所在地": "宮崎県都城市高崎町大牟田６０６１", "緯度": 31.873348, "経度": 131.069549, "url": "https://www.iryou.teikyouseido.mhlw.go.jp/znk-web/juminkanja/S2430/initialize?prefCd=45&kikanCd=2450214640&kikanKbn=2", "url2": null, "内容": "佐々木医院【2:診療所】【診療科目:内科_循環器内科_消化器内科_放射線科】宮崎県都城市高崎町大牟田６０６１" }, "geometry": { "type": "Point", "coordinates": [ 131.069549, 31.873348 ] } },
{ "type": "Feature", "properties": { "ID": 4522450215650, "正式名称": "医療法人　くぼた眼科", "機関区分": 2, "都道府県コード": 45, "市区町村コード": 202, "所在地": "宮崎県都城市南鷹尾町１１街区３２号", "緯度": 31.719207, "経度": 131.042368, "url": "https://www.iryou.teikyouseido.mhlw.go.jp/znk-web/juminkanja/S2430/initialize?prefCd=45&kikanCd=2450215650&kikanKbn=2", "url2": null, "内容": "医療法人　くぼた眼科【2:診療所】【診療科目:眼科】宮崎県都城市南鷹尾町１１街区３２号" }, "geometry": { "type": "Point", "coordinates": [ 131.042368, 31.719207 ] } },
{ "type": "Feature", "properties": { "ID": 4522450215810, "正式名称": "医療法人兼友会　はしぐち小児科", "機関区分": 2, "都道府県コード": 45, "市区町村コード": 202, "所在地": "宮崎県都城市都原町８１４８ー１", "緯度": 31.734802, "経度": 131.035568, "url": "https://www.iryou.teikyouseido.mhlw.go.jp/znk-web/juminkanja/S2430/initialize?prefCd=45&kikanCd=2450215810&kikanKbn=2", "url2": null, "内容": "医療法人兼友会　はしぐち小児科【2:診療所】【診療科目:小児科】宮崎県都城市都原町８１４８ー１" }, "geometry": { "type": "Point", "coordinates": [ 131.035568, 31.734802 ] } },
{ "type": "Feature", "properties": { "ID": 4522450216240, "正式名称": "吹上耳鼻咽喉科医院", "機関区分": 2, "都道府県コード": 45, "市区町村コード": 202, "所在地": "宮崎県都城市鷹尾４−４−１６", "緯度": 31.724184, "経度": 131.039685, "url": "https://www.iryou.teikyouseido.mhlw.go.jp/znk-web/juminkanja/S2430/initialize?prefCd=45&kikanCd=2450216240&kikanKbn=2", "url2": null, "内容": "吹上耳鼻咽喉科医院【2:診療所】【診療科目:耳鼻いんこう科】宮崎県都城市鷹尾４−４−１６" }, "geometry": { "type": "Point", "coordinates": [ 131.039685, 31.724184 ] } },
{ "type": "Feature", "properties": { "ID": 4522450216400, "正式名称": "医療法人社団森山内科・脳神経外科", "機関区分": 2, "都道府県コード": 45, "市区町村コード": 202, "所在地": "宮崎県都城市南鷹尾町２４−２０", "緯度": 31.720656, "経度": 131.041051, "url": "https://www.iryou.teikyouseido.mhlw.go.jp/znk-web/juminkanja/S2430/initialize?prefCd=45&kikanCd=2450216400&kikanKbn=2", "url2": "http://www.mwg.or.jp", "内容": "医療法人社団森山内科・脳神経外科【2:診療所】【診療科目:内科_糖尿病内科_消化器内科_腎臓内科_脳神経外科_リハビリテーション科】宮崎県都城市南鷹尾町２４−２０" }, "geometry": { "type": "Point", "coordinates": [ 131.041051, 31.720656 ] } },
{ "type": "Feature", "properties": { "ID": 4522450216820, "正式名称": "吉見クリニック", "機関区分": 2, "都道府県コード": 45, "市区町村コード": 202, "所在地": "宮崎県都城市高城町穂満坊４５９番地１", "緯度": 31.801688, "経度": 131.125196, "url": "https://www.iryou.teikyouseido.mhlw.go.jp/znk-web/juminkanja/S2430/initialize?prefCd=45&kikanCd=2450216820&kikanKbn=2", "url2": "https://t-yoshimi.sakura.ne.jp/yoshimihp/", "内容": "吉見クリニック【2:診療所】【診療科目:内科_外科_消化器外科_整形外科_リハビリテーション科_麻酔科】宮崎県都城市高城町穂満坊４５９番地１" }, "geometry": { "type": "Point", "coordinates": [ 131.125196, 31.801688 ] } },
{ "type": "Feature", "properties": { "ID": 4522450217090, "正式名称": "たけしたこども医院", "機関区分": 2, "都道府県コード": 45, "市区町村コード": 341, "所在地": "宮崎県北諸県郡三股町大字樺山４５４０ー２", "緯度": 31.730083, "経度": 131.116993, "url": "https://www.iryou.teikyouseido.mhlw.go.jp/znk-web/juminkanja/S2430/initialize?prefCd=45&kikanCd=2450217090&kikanKbn=2", "url2": null, "内容": "たけしたこども医院【2:診療所】【診療科目:小児科】宮崎県北諸県郡三股町大字樺山４５４０ー２" }, "geometry": { "type": "Point", "coordinates": [ 131.116993, 31.730083 ] } },
{ "type": "Feature", "properties": { "ID": 4522450217120, "正式名称": "沖水こどもクリニック", "機関区分": 2, "都道府県コード": 45, "市区町村コード": 202, "所在地": "宮崎県都城市太郎坊町１５４７−１２", "緯度": 31.776544, "経度": 131.088976, "url": "https://www.iryou.teikyouseido.mhlw.go.jp/znk-web/juminkanja/S2430/initialize?prefCd=45&kikanCd=2450217120&kikanKbn=2", "url2": null, "内容": "沖水こどもクリニック【2:診療所】【診療科目:小児科】宮崎県都城市太郎坊町１５４７−１２" }, "geometry": { "type": "Point", "coordinates": [ 131.088976, 31.776544 ] } },
{ "type": "Feature", "properties": { "ID": 4522450217380, "正式名称": "ふたみ眼科", "機関区分": 2, "都道府県コード": 45, "市区町村コード": 202, "所在地": "宮崎県都城市都北町６４４５番地", "緯度": 31.764387, "経度": 131.08678, "url": "https://www.iryou.teikyouseido.mhlw.go.jp/znk-web/juminkanja/S2430/initialize?prefCd=45&kikanCd=2450217380&kikanKbn=2", "url2": null, "内容": "ふたみ眼科【2:診療所】【診療科目:眼科】宮崎県都城市都北町６４４５番地" }, "geometry": { "type": "Point", "coordinates": [ 131.08678, 31.764387 ] } },
{ "type": "Feature", "properties": { "ID": 4522450217410, "正式名称": "もちお蛯原医院", "機関区分": 2, "都道府県コード": 45, "市区町村コード": 202, "所在地": "宮崎県都城市蓑原町８２５１", "緯度": 31.731996, "経度": 131.028842, "url": "https://www.iryou.teikyouseido.mhlw.go.jp/znk-web/juminkanja/S2430/initialize?prefCd=45&kikanCd=2450217410&kikanKbn=2", "url2": "https://www.mochio-ebihara-cl.com", "内容": "もちお蛯原医院【2:診療所】【診療科目:整形外科_形成外科_リウマチ科_リハビリテーション科】宮崎県都城市蓑原町８２５１" }, "geometry": { "type": "Point", "coordinates": [ 131.028842, 31.731996 ] } },
{ "type": "Feature", "properties": { "ID": 4522450217670, "正式名称": "医療法人社団正喜会　福島外科胃腸科整形外科医院", "機関区分": 2, "都道府県コード": 45, "市区町村コード": 202, "所在地": "宮崎県都城市都北町６４３０", "緯度": 31.763487, "経度": 131.087432, "url": "https://www.iryou.teikyouseido.mhlw.go.jp/znk-web/juminkanja/S2430/initialize?prefCd=45&kikanCd=2450217670&kikanKbn=2", "url2": null, "内容": "医療法人社団正喜会　福島外科胃腸科整形外科医院【2:診療所】【診療科目:外科_消化器外科_肛門外科_整形外科_眼科_リハビリテーション科】宮崎県都城市都北町６４３０" }, "geometry": { "type": "Point", "coordinates": [ 131.087432, 31.763487 ] } },
{ "type": "Feature", "properties": { "ID": 4522450217700, "正式名称": "柳田クリニック", "機関区分": 2, "都道府県コード": 45, "市区町村コード": 202, "所在地": "宮崎県都城市東町１１街区３０－２号", "緯度": 31.722938, "経度": 131.072029, "url": "https://www.iryou.teikyouseido.mhlw.go.jp/znk-web/juminkanja/S2430/initialize?prefCd=45&kikanCd=2450217700&kikanKbn=2", "url2": "https://yosyukai.wixsite.com/home", "内容": "柳田クリニック【2:診療所】【診療科目:内科_外科_脳神経外科_整形外科_小児科_アレルギー科_放射線科_救急科】宮崎県都城市東町１１街区３０－２号" }, "geometry": { "type": "Point", "coordinates": [ 131.072029, 31.722938 ] } },
{ "type": "Feature", "properties": { "ID": 4522450217830, "正式名称": "やの耳鼻咽喉科", "機関区分": 2, "都道府県コード": 45, "市区町村コード": 202, "所在地": "宮崎県都城市吉尾町１１８−１", "緯度": 31.752949, "経度": 131.084136, "url": "https://www.iryou.teikyouseido.mhlw.go.jp/znk-web/juminkanja/S2430/initialize?prefCd=45&kikanCd=2450217830&kikanKbn=2", "url2": null, "内容": "やの耳鼻咽喉科【2:診療所】【診療科目:耳鼻いんこう科】宮崎県都城市吉尾町１１８−１" }, "geometry": { "type": "Point", "coordinates": [ 131.084136, 31.752949 ] } },
{ "type": "Feature", "properties": { "ID": 4522450217960, "正式名称": "医療法人社団博修会柏村内科", "機関区分": 2, "都道府県コード": 45, "市区町村コード": 202, "所在地": "宮崎県都城市上町１２ー４", "緯度": 31.723329, "経度": 131.064254, "url": "https://www.iryou.teikyouseido.mhlw.go.jp/znk-web/juminkanja/S2430/initialize?prefCd=45&kikanCd=2450217960&kikanKbn=2", "url2": null, "内容": "医療法人社団博修会柏村内科【2:診療所】【診療科目:内科】宮崎県都城市上町１２ー４" }, "geometry": { "type": "Point", "coordinates": [ 131.064254, 31.723329 ] } },
{ "type": "Feature", "properties": { "ID": 4522450218260, "正式名称": "はまだクリニック", "機関区分": 2, "都道府県コード": 45, "市区町村コード": 202, "所在地": "宮崎県都城市祝吉２丁目４番地９", "緯度": 31.745025, "経度": 131.082228, "url": "https://www.iryou.teikyouseido.mhlw.go.jp/znk-web/juminkanja/S2430/initialize?prefCd=45&kikanCd=2450218260&kikanKbn=2", "url2": null, "内容": "はまだクリニック【2:診療所】【診療科目:内科_消化器内科_外科_肛門外科】宮崎県都城市祝吉２丁目４番地９" }, "geometry": { "type": "Point", "coordinates": [ 131.082228, 31.745025 ] } },
{ "type": "Feature", "properties": { "ID": 4522450218550, "正式名称": "飯田整形外科クリニック", "機関区分": 2, "都道府県コード": 45, "市区町村コード": 202, "所在地": "宮崎県都城市上町１０街区１７番地", "緯度": 31.723764, "経度": 131.064352, "url": "https://www.iryou.teikyouseido.mhlw.go.jp/znk-web/juminkanja/S2430/initialize?prefCd=45&kikanCd=2450218550&kikanKbn=2", "url2": "http://www.iida-clinic.com", "内容": "飯田整形外科クリニック【2:診療所】【診療科目:整形外科_リウマチ科_リハビリテーション科】宮崎県都城市上町１０街区１７番地" }, "geometry": { "type": "Point", "coordinates": [ 131.064352, 31.723764 ] } },
{ "type": "Feature", "properties": { "ID": 4522450218840, "正式名称": "田口循環器科・内科クリニック", "機関区分": 2, "都道府県コード": 45, "市区町村コード": 202, "所在地": "宮崎県都城市下川東四丁目１２号９番１", "緯度": 31.745296, "経度": 131.069026, "url": "https://www.iryou.teikyouseido.mhlw.go.jp/znk-web/juminkanja/S2430/initialize?prefCd=45&kikanCd=2450218840&kikanKbn=2", "url2": null, "内容": "田口循環器科・内科クリニック【2:診療所】【診療科目:内科_循環器内科】宮崎県都城市下川東四丁目１２号９番１" }, "geometry": { "type": "Point", "coordinates": [ 131.069026, 31.745296 ] } },
{ "type": "Feature", "properties": { "ID": 4522450218970, "正式名称": "ふくしまクリニック", "機関区分": 2, "都道府県コード": 45, "市区町村コード": 202, "所在地": "宮崎県都城市下川東２丁目２－１２", "緯度": 31.740994, "経度": 131.066659, "url": "https://www.iryou.teikyouseido.mhlw.go.jp/znk-web/juminkanja/S2430/initialize?prefCd=45&kikanCd=2450218970&kikanKbn=2", "url2": null, "内容": "ふくしまクリニック【2:診療所】【診療科目:内科_消化器内科_小児科】宮崎県都城市下川東２丁目２－１２" }, "geometry": { "type": "Point", "coordinates": [ 131.066659, 31.740994 ] } },
{ "type": "Feature", "properties": { "ID": 4522450219140, "正式名称": "医療法人海誠会　庄内医院", "機関区分": 2, "都道府県コード": 45, "市区町村コード": 202, "所在地": "宮崎県都城市庄内町８６１０番地", "緯度": 31.769568, "経度": 131.021288, "url": "https://www.iryou.teikyouseido.mhlw.go.jp/znk-web/juminkanja/S2430/initialize?prefCd=45&kikanCd=2450219140&kikanKbn=2", "url2": "https://www.shounai0522.com", "内容": "医療法人海誠会　庄内医院【2:診療所】【診療科目:内科_循環器内科_消化器内科_外科_リハビリテーション科】宮崎県都城市庄内町８６１０番地" }, "geometry": { "type": "Point", "coordinates": [ 131.021288, 31.769568 ] } },
{ "type": "Feature", "properties": { "ID": 4522450219430, "正式名称": "あきと内科胃腸科", "機関区分": 2, "都道府県コード": 45, "市区町村コード": 202, "所在地": "宮崎県都城市都原町８１４６ー１", "緯度": 31.734563, "経度": 131.035313, "url": "https://www.iryou.teikyouseido.mhlw.go.jp/znk-web/juminkanja/S2430/initialize?prefCd=45&kikanCd=2450219430&kikanKbn=2", "url2": "http://www.btvm.ne.jp/~akito-hp/", "内容": "あきと内科胃腸科【2:診療所】【診療科目:内科_消化器内科】宮崎県都城市都原町８１４６ー１" }, "geometry": { "type": "Point", "coordinates": [ 131.035313, 31.734563 ] } },
{ "type": "Feature", "properties": { "ID": 4522450219690, "正式名称": "きたむら皮膚科クリニック", "機関区分": 2, "都道府県コード": 45, "市区町村コード": 202, "所在地": "宮崎県都城市吉尾町６１１２", "緯度": 31.756643, "経度": 131.085699, "url": "https://www.iryou.teikyouseido.mhlw.go.jp/znk-web/juminkanja/S2430/initialize?prefCd=45&kikanCd=2450219690&kikanKbn=2", "url2": null, "内容": "きたむら皮膚科クリニック【2:診療所】【診療科目:皮膚科_アレルギー科】宮崎県都城市吉尾町６１１２" }, "geometry": { "type": "Point", "coordinates": [ 131.085699, 31.756643 ] } },
{ "type": "Feature", "properties": { "ID": 4522450220090, "正式名称": "たき心療内科クリニック", "機関区分": 2, "都道府県コード": 45, "市区町村コード": 202, "所在地": "宮崎県都城市若葉町１３ー６", "緯度": 31.722546, "経度": 131.076237, "url": "https://www.iryou.teikyouseido.mhlw.go.jp/znk-web/juminkanja/S2430/initialize?prefCd=45&kikanCd=2450220090&kikanKbn=2", "url2": "http://taki-clinic.byoinnavi.jp", "内容": "たき心療内科クリニック【2:診療所】【診療科目:精神科_心療内科】宮崎県都城市若葉町１３ー６" }, "geometry": { "type": "Point", "coordinates": [ 131.076237, 31.722546 ] } },
{ "type": "Feature", "properties": { "ID": 4522450220120, "正式名称": "有川呼吸器内科医院", "機関区分": 2, "都道府県コード": 45, "市区町村コード": 202, "所在地": "宮崎県都城市上川東１丁目２７号６番１", "緯度": 31.739294, "経度": 131.076339, "url": "https://www.iryou.teikyouseido.mhlw.go.jp/znk-web/juminkanja/S2430/initialize?prefCd=45&kikanCd=2450220120&kikanKbn=2", "url2": "https://arikawaiin.com", "内容": "有川呼吸器内科医院【2:診療所】【診療科目:呼吸器内科_アレルギー科】宮崎県都城市上川東１丁目２７号６番１" }, "geometry": { "type": "Point", "coordinates": [ 131.076339, 31.739294 ] } },
{ "type": "Feature", "properties": { "ID": 4522450220380, "正式名称": "医療法人至誠会　鵜木循環器内科医院", "機関区分": 2, "都道府県コード": 45, "市区町村コード": 202, "所在地": "宮崎県都城市花繰町１１−１０", "緯度": 31.72609, "経度": 131.083525, "url": "https://www.iryou.teikyouseido.mhlw.go.jp/znk-web/juminkanja/S2430/initialize?prefCd=45&kikanCd=2450220380&kikanKbn=2", "url2": "https://unoki-hp.com", "内容": "医療法人至誠会　鵜木循環器内科医院【2:診療所】【診療科目:内科_循環器内科】宮崎県都城市花繰町１１−１０" }, "geometry": { "type": "Point", "coordinates": [ 131.083525, 31.72609 ] } },
{ "type": "Feature", "properties": { "ID": 4522450220410, "正式名称": "野口脳神経外科", "機関区分": 2, "都道府県コード": 45, "市区町村コード": 202, "所在地": "宮崎県都城市太郎坊町１９９１番地５", "緯度": 31.775333, "経度": 131.09171, "url": "https://www.iryou.teikyouseido.mhlw.go.jp/znk-web/juminkanja/S2430/initialize?prefCd=45&kikanCd=2450220410&kikanKbn=2", "url2": null, "内容": "野口脳神経外科【2:診療所】【診療科目:脳神経外科_リハビリテーション科】宮崎県都城市太郎坊町１９９１番地５" }, "geometry": { "type": "Point", "coordinates": [ 131.09171, 31.775333 ] } },
{ "type": "Feature", "properties": { "ID": 4522450220700, "正式名称": "医療法人雄睦会　岩下耳鼻咽喉科", "機関区分": 2, "都道府県コード": 45, "市区町村コード": 341, "所在地": "宮崎県北諸県郡三股町大字樺山字中原５０３６ー８９", "緯度": 31.735524, "経度": 131.106982, "url": "https://www.iryou.teikyouseido.mhlw.go.jp/znk-web/juminkanja/S2430/initialize?prefCd=45&kikanCd=2450220700&kikanKbn=2", "url2": null, "内容": "医療法人雄睦会　岩下耳鼻咽喉科【2:診療所】【診療科目:耳鼻いんこう科_アレルギー科】宮崎県北諸県郡三股町大字樺山字中原５０３６ー８９" }, "geometry": { "type": "Point", "coordinates": [ 131.106982, 31.735524 ] } },
{ "type": "Feature", "properties": { "ID": 4522450221000, "正式名称": "医療法人　清和会　共立医院", "機関区分": 2, "都道府県コード": 45, "市区町村コード": 202, "所在地": "宮崎県都城市蔵原町９街区２４号", "緯度": 31.72329, "経度": 131.067049, "url": "https://www.iryou.teikyouseido.mhlw.go.jp/znk-web/juminkanja/S2430/initialize?prefCd=45&kikanCd=2450221000&kikanKbn=2", "url2": "http://kyoritsu-iin.byoinnavi.jp/pc/", "内容": "医療法人　清和会　共立医院【2:診療所】【診療科目:内科_呼吸器内科_消化器内科_小児科_放射線科】宮崎県都城市蔵原町９街区２４号" }, "geometry": { "type": "Point", "coordinates": [ 131.067049, 31.72329 ] } },
{ "type": "Feature", "properties": { "ID": 4522450221130, "正式名称": "川田医院", "機関区分": 2, "都道府県コード": 45, "市区町村コード": 202, "所在地": "宮崎県都城市年見町８ー２", "緯度": 31.732498, "経度": 131.083778, "url": "https://www.iryou.teikyouseido.mhlw.go.jp/znk-web/juminkanja/S2430/initialize?prefCd=45&kikanCd=2450221130&kikanKbn=2", "url2": null, "内容": "川田医院【2:診療所】【診療科目:内科_消化器内科_外科】宮崎県都城市年見町８ー２" }, "geometry": { "type": "Point", "coordinates": [ 131.083778, 31.732498 ] } },
{ "type": "Feature", "properties": { "ID": 4522450221550, "正式名称": "池之上整形外科", "機関区分": 2, "都道府県コード": 45, "市区町村コード": 202, "所在地": "宮崎県都城市上川東２−６ー２", "緯度": 31.742133, "経度": 131.07537, "url": "https://www.iryou.teikyouseido.mhlw.go.jp/znk-web/juminkanja/S2430/initialize?prefCd=45&kikanCd=2450221550&kikanKbn=2", "url2": "http://ikenoue-seikei.jimdo.com", "内容": "池之上整形外科【2:診療所】【診療科目:整形外科_リウマチ科_リハビリテーション科】宮崎県都城市上川東２−６ー２" }, "geometry": { "type": "Point", "coordinates": [ 131.07537, 31.742133 ] } },
{ "type": "Feature", "properties": { "ID": 4522450221710, "正式名称": "坂田医院", "機関区分": 2, "都道府県コード": 45, "市区町村コード": 341, "所在地": "宮崎県北諸県郡三股町蓼池３６０８ー１４", "緯度": 31.762607, "経度": 131.11618, "url": "https://www.iryou.teikyouseido.mhlw.go.jp/znk-web/juminkanja/S2430/initialize?prefCd=45&kikanCd=2450221710&kikanKbn=2", "url2": null, "内容": "坂田医院【2:診療所】【診療科目:内科_消化器内科】宮崎県北諸県郡三股町蓼池３６０８ー１４" }, "geometry": { "type": "Point", "coordinates": [ 131.11618, 31.762607 ] } },
{ "type": "Feature", "properties": { "ID": 4522450222010, "正式名称": "特別養護老人ホーム　わかば", "機関区分": 2, "都道府県コード": 45, "市区町村コード": 202, "所在地": "宮崎県都城市上長飯町２６８７番地１", "緯度": 31.711431, "経度": 131.086116, "url": "https://www.iryou.teikyouseido.mhlw.go.jp/znk-web/juminkanja/S2430/initialize?prefCd=45&kikanCd=2450222010&kikanKbn=2", "url2": "http://www.oyd-welfare.jp/", "内容": "特別養護老人ホーム　わかば【2:診療所】【診療科目:内科】宮崎県都城市上長飯町２６８７番地１" }, "geometry": { "type": "Point", "coordinates": [ 131.086116, 31.711431 ] } },
{ "type": "Feature", "properties": { "ID": 4522450222270, "正式名称": "大橋クリニック", "機関区分": 2, "都道府県コード": 45, "市区町村コード": 202, "所在地": "宮崎県都城市庄内町７９８１－５", "緯度": 31.770099, "経度": 131.016597, "url": "https://www.iryou.teikyouseido.mhlw.go.jp/znk-web/juminkanja/S2430/initialize?prefCd=45&kikanCd=2450222270&kikanKbn=2", "url2": null, "内容": "大橋クリニック【2:診療所】【診療科目:内科_消化器内科_リハビリテーション科】宮崎県都城市庄内町７９８１－５" }, "geometry": { "type": "Point", "coordinates": [ 131.016597, 31.770099 ] } },
{ "type": "Feature", "properties": { "ID": 4522450222430, "正式名称": "いき形成外科ひふ科クリニック", "機関区分": 2, "都道府県コード": 45, "市区町村コード": 202, "所在地": "宮崎県都城市年見町２４ー５", "緯度": 31.733215, "経度": 131.087853, "url": "https://www.iryou.teikyouseido.mhlw.go.jp/znk-web/juminkanja/S2430/initialize?prefCd=45&kikanCd=2450222430&kikanKbn=2", "url2": "https://www.iki-clinic.com/", "内容": "いき形成外科ひふ科クリニック【2:診療所】【診療科目:形成外科_皮膚科_美容皮膚科】宮崎県都城市年見町２４ー５" }, "geometry": { "type": "Point", "coordinates": [ 131.087853, 31.733215 ] } },
{ "type": "Feature", "properties": { "ID": 4522450222560, "正式名称": "医療法人社団　睦由会　江夏整形外科クリニック", "機関区分": 2, "都道府県コード": 45, "市区町村コード": 341, "所在地": "宮崎県北諸県郡三股町宮村２８４１‐４番地", "緯度": 31.719751, "経度": 131.099904, "url": "https://www.iryou.teikyouseido.mhlw.go.jp/znk-web/juminkanja/S2430/initialize?prefCd=45&kikanCd=2450222560&kikanKbn=2", "url2": "http://enatsu-seikeigeka.com/", "内容": "医療法人社団　睦由会　江夏整形外科クリニック【2:診療所】【診療科目:整形外科_リウマチ科_リハビリテーション科】宮崎県北諸県郡三股町宮村２８４１‐４番地" }, "geometry": { "type": "Point", "coordinates": [ 131.099904, 31.719751 ] } },
{ "type": "Feature", "properties": { "ID": 4522450222850, "正式名称": "都城市こども発達センターきらきら", "機関区分": 2, "都道府県コード": 45, "市区町村コード": 202, "所在地": "宮崎県都城市祝吉町５０３３番地７", "緯度": 31.738462, "経度": 131.087289, "url": "https://www.iryou.teikyouseido.mhlw.go.jp/znk-web/juminkanja/S2430/initialize?prefCd=45&kikanCd=2450222850&kikanKbn=2", "url2": "https://www.city.miyakonojo.miyazaki.jp/soshiki/109/", "内容": "都城市こども発達センターきらきら【2:診療所】【診療科目:小児科】宮崎県都城市祝吉町５０３３番地７" }, "geometry": { "type": "Point", "coordinates": [ 131.087289, 31.738462 ] } },
{ "type": "Feature", "properties": { "ID": 4522450222980, "正式名称": "あきづき医院", "機関区分": 2, "都道府県コード": 45, "市区町村コード": 202, "所在地": "宮崎県都城市上水流町２３０７番地１", "緯度": 31.813979, "経度": 131.097193, "url": "https://www.iryou.teikyouseido.mhlw.go.jp/znk-web/juminkanja/S2430/initialize?prefCd=45&kikanCd=2450222980&kikanKbn=2", "url2": null, "内容": "あきづき医院【2:診療所】【診療科目:精神科】宮崎県都城市上水流町２３０７番地１" }, "geometry": { "type": "Point", "coordinates": [ 131.097193, 31.813979 ] } },
{ "type": "Feature", "properties": { "ID": 4522450223280, "正式名称": "みしま内科クリニック", "機関区分": 2, "都道府県コード": 45, "市区町村コード": 341, "所在地": "宮崎県北諸県郡三股町大字樺山字中原５０３６ー５", "緯度": 31.728927, "経度": 131.117379, "url": "https://www.iryou.teikyouseido.mhlw.go.jp/znk-web/juminkanja/S2430/initialize?prefCd=45&kikanCd=2450223280&kikanKbn=2", "url2": null, "内容": "みしま内科クリニック【2:診療所】【診療科目:内科_循環器内科】宮崎県北諸県郡三股町大字樺山字中原５０３６ー５" }, "geometry": { "type": "Point", "coordinates": [ 131.117379, 31.728927 ] } },
{ "type": "Feature", "properties": { "ID": 4522450223310, "正式名称": "医療法人社団　明恵会　早水公園クリニック", "機関区分": 2, "都道府県コード": 45, "市区町村コード": 202, "所在地": "宮崎県都城市早水町４５０３番１６", "緯度": 31.739017, "経度": 131.091502, "url": "https://www.iryou.teikyouseido.mhlw.go.jp/znk-web/juminkanja/S2430/initialize?prefCd=45&kikanCd=2450223310&kikanKbn=2", "url2": "https://hayamizu-park-clinic.com/", "内容": "医療法人社団　明恵会　早水公園クリニック【2:診療所】【診療科目:内科_呼吸器内科_消化器内科_神経内科_外科_小児科_アレルギー科_リウマチ科】宮崎県都城市早水町４５０３番１６" }, "geometry": { "type": "Point", "coordinates": [ 131.091502, 31.739017 ] } },
{ "type": "Feature", "properties": { "ID": 4522450223570, "正式名称": "都城フォレスト・クリニック　脳神経外科", "機関区分": 2, "都道府県コード": 45, "市区町村コード": 202, "所在地": "宮崎県都城市下川東２丁目１２号１番地", "緯度": 31.741251, "経度": 131.070044, "url": "https://www.iryou.teikyouseido.mhlw.go.jp/znk-web/juminkanja/S2430/initialize?prefCd=45&kikanCd=2450223570&kikanKbn=2", "url2": "http://www1.bbiq.jp/m-forest-clinic", "内容": "都城フォレスト・クリニック　脳神経外科【2:診療所】【診療科目:脳神経外科_精神科】宮崎県都城市下川東２丁目１２号１番地" }, "geometry": { "type": "Point", "coordinates": [ 131.070044, 31.741251 ] } },
{ "type": "Feature", "properties": { "ID": 4522450223730, "正式名称": "もりやま脳神経外科", "機関区分": 2, "都道府県コード": 45, "市区町村コード": 202, "所在地": "宮崎県都城市久保原町９街区３の１号", "緯度": 31.725849, "経度": 131.034622, "url": "https://www.iryou.teikyouseido.mhlw.go.jp/znk-web/juminkanja/S2430/initialize?prefCd=45&kikanCd=2450223730&kikanKbn=2", "url2": "http://www.moriyama-neurosurgical-clinic.com/", "内容": "もりやま脳神経外科【2:診療所】【診療科目:脳神経外科】宮崎県都城市久保原町９街区３の１号" }, "geometry": { "type": "Point", "coordinates": [ 131.034622, 31.725849 ] } },
{ "type": "Feature", "properties": { "ID": 4522450223860, "正式名称": "伊達クリニック", "機関区分": 2, "都道府県コード": 45, "市区町村コード": 202, "所在地": "宮崎県　都城市　牟田町　２８街区７号", "緯度": 31.727965, "経度": 131.060954, "url": "https://www.iryou.teikyouseido.mhlw.go.jp/znk-web/juminkanja/S2430/initialize?prefCd=45&kikanCd=2450223860&kikanKbn=2", "url2": "http://www.date-clinic.net", "内容": "伊達クリニック【2:診療所】【診療科目:内科_循環器内科】宮崎県　都城市　牟田町　２８街区７号" }, "geometry": { "type": "Point", "coordinates": [ 131.060954, 31.727965 ] } },
{ "type": "Feature", "properties": { "ID": 4522450224030, "正式名称": "姉川医院", "機関区分": 2, "都道府県コード": 45, "市区町村コード": 202, "所在地": "宮崎県都城市小松原町", "緯度": 31.733037, "経度": 131.071706, "url": "https://www.iryou.teikyouseido.mhlw.go.jp/znk-web/juminkanja/S2430/initialize?prefCd=45&kikanCd=2450224030&kikanKbn=2", "url2": null, "内容": "姉川医院【2:診療所】【診療科目:皮膚科_泌尿器科】宮崎県都城市小松原町" }, "geometry": { "type": "Point", "coordinates": [ 131.071706, 31.733037 ] } },
{ "type": "Feature", "properties": { "ID": 4522450227930, "正式名称": "都城健康サービスセンター", "機関区分": 2, "都道府県コード": 45, "市区町村コード": 202, "所在地": "宮崎県都城市太郎坊町１３６４番地１", "緯度": 31.780253, "経度": 131.087301, "url": "https://www.iryou.teikyouseido.mhlw.go.jp/znk-web/juminkanja/S2430/initialize?prefCd=45&kikanCd=2450227930&kikanKbn=2", "url2": "http://www.miyakonojokenko.com/", "内容": "都城健康サービスセンター【2:診療所】【診療科目:内科_小児科_婦人科】宮崎県都城市太郎坊町１３６４番地１" }, "geometry": { "type": "Point", "coordinates": [ 131.087301, 31.780253 ] } },
{ "type": "Feature", "properties": { "ID": 4522450228810, "正式名称": "ゆうクリニック", "機関区分": 2, "都道府県コード": 45, "市区町村コード": 202, "所在地": "宮崎県都城市広原町３－１０－２", "緯度": 31.726972, "経度": 131.089299, "url": "https://www.iryou.teikyouseido.mhlw.go.jp/znk-web/juminkanja/S2430/initialize?prefCd=45&kikanCd=2450228810&kikanKbn=2", "url2": "https://you-cl.com/", "内容": "ゆうクリニック【2:診療所】【診療科目:内科_消化器内科】宮崎県都城市広原町３－１０－２" }, "geometry": { "type": "Point", "coordinates": [ 131.089299, 31.726972 ] } },
{ "type": "Feature", "properties": { "ID": 4522450229400, "正式名称": "医療法人　まつもと心臓血管外科クリニック", "機関区分": 2, "都道府県コード": 45, "市区町村コード": 202, "所在地": "宮崎県都城市東町９街区２６号", "緯度": 31.722571, "経度": 131.069737, "url": "https://www.iryou.teikyouseido.mhlw.go.jp/znk-web/juminkanja/S2430/initialize?prefCd=45&kikanCd=2450229400&kikanKbn=2", "url2": "http://www.matsumoto-cl.net", "内容": "医療法人　まつもと心臓血管外科クリニック【2:診療所】【診療科目:内科_循環器内科_心臓血管外科】宮崎県都城市東町９街区２６号" }, "geometry": { "type": "Point", "coordinates": [ 131.069737, 31.722571 ] } },
{ "type": "Feature", "properties": { "ID": 4522450229530, "正式名称": "ライフクリニック", "機関区分": 2, "都道府県コード": 45, "市区町村コード": 202, "所在地": "宮崎県都城市安久町６３３７番地２", "緯度": 31.701594, "経度": 131.076775, "url": "https://www.iryou.teikyouseido.mhlw.go.jp/znk-web/juminkanja/S2430/initialize?prefCd=45&kikanCd=2450229530&kikanKbn=2", "url2": "http://lifeclinic.or.jp", "内容": "ライフクリニック【2:診療所】【診療科目:内科_精神科_歯科_リハビリテーション科】宮崎県都城市安久町６３３７番地２" }, "geometry": { "type": "Point", "coordinates": [ 131.076775, 31.701594 ] } },
{ "type": "Feature", "properties": { "ID": 4522450229820, "正式名称": "なかむら整形外科クリニック", "機関区分": 2, "都道府県コード": 45, "市区町村コード": 202, "所在地": "宮崎県都城市平江町５街区１１号", "緯度": 31.732949, "経度": 131.068225, "url": "https://www.iryou.teikyouseido.mhlw.go.jp/znk-web/juminkanja/S2430/initialize?prefCd=45&kikanCd=2450229820&kikanKbn=2", "url2": "http://www.miyakonojyo-seikei.com/", "内容": "なかむら整形外科クリニック【2:診療所】【診療科目:整形外科_リハビリテーション科】宮崎県都城市平江町５街区１１号" }, "geometry": { "type": "Point", "coordinates": [ 131.068225, 31.732949 ] } },
{ "type": "Feature", "properties": { "ID": 4522450229950, "正式名称": "医療法人ＭＫクリニック", "機関区分": 2, "都道府県コード": 45, "市区町村コード": 202, "所在地": "宮崎県都城市早鈴町１５１２", "緯度": 31.911095, "経度": 131.423893, "url": "https://www.iryou.teikyouseido.mhlw.go.jp/znk-web/juminkanja/S2430/initialize?prefCd=45&kikanCd=2450229950&kikanKbn=2", "url2": null, "内容": "医療法人ＭＫクリニック【2:診療所】【診療科目:脳神経外科_小児科】宮崎県都城市早鈴町１５１２" }, "geometry": { "type": "Point", "coordinates": [ 131.423893, 31.911095 ] } },
{ "type": "Feature", "properties": { "ID": 4522450230190, "正式名称": "すみ産婦人科医院", "機関区分": 2, "都道府県コード": 45, "市区町村コード": 202, "所在地": "宮崎県都城市東町１４ー９ー１", "緯度": 31.723568, "経度": 131.070242, "url": "https://www.iryou.teikyouseido.mhlw.go.jp/znk-web/juminkanja/S2430/initialize?prefCd=45&kikanCd=2450230190&kikanKbn=2", "url2": "https://sumisan.co/", "内容": "すみ産婦人科医院【2:診療所】【診療科目:産婦人科】宮崎県都城市東町１４ー９ー１" }, "geometry": { "type": "Point", "coordinates": [ 131.070242, 31.723568 ] } },
{ "type": "Feature", "properties": { "ID": 4522450230480, "正式名称": "医療法人よしだ眼科クリニック", "機関区分": 2, "都道府県コード": 45, "市区町村コード": 341, "所在地": "宮崎県北諸県郡三股町大字樺山４６１２", "緯度": 31.729664, "経度": 131.115915, "url": "https://www.iryou.teikyouseido.mhlw.go.jp/znk-web/juminkanja/S2430/initialize?prefCd=45&kikanCd=2450230480&kikanKbn=2", "url2": "https://yoshida-ganka-clinic.com/", "内容": "医療法人よしだ眼科クリニック【2:診療所】【診療科目:眼科】宮崎県北諸県郡三股町大字樺山４６１２" }, "geometry": { "type": "Point", "coordinates": [ 131.115915, 31.729664 ] } },
{ "type": "Feature", "properties": { "ID": 4522450230640, "正式名称": "すみクリニック　内科・循環器内科・小児科", "機関区分": 2, "都道府県コード": 45, "市区町村コード": 202, "所在地": "宮崎県都城市東町東町１４街区９の２号", "緯度": 31.723569, "経度": 131.07017, "url": "https://www.iryou.teikyouseido.mhlw.go.jp/znk-web/juminkanja/S2430/initialize?prefCd=45&kikanCd=2450230640&kikanKbn=2", "url2": "https://sumi-clinic.wixsite.com/mysite", "内容": "すみクリニック　内科・循環器内科・小児科【2:診療所】【診療科目:内科_循環器内科_小児科】宮崎県都城市東町東町１４街区９の２号" }, "geometry": { "type": "Point", "coordinates": [ 131.07017, 31.723569 ] } },
{ "type": "Feature", "properties": { "ID": 4522450230800, "正式名称": "医療法人社団　児玉小児科", "機関区分": 2, "都道府県コード": 45, "市区町村コード": 202, "所在地": "宮崎県都城市花繰町１４－３ー１", "緯度": 31.911095, "経度": 131.423893, "url": "https://www.iryou.teikyouseido.mhlw.go.jp/znk-web/juminkanja/S2430/initialize?prefCd=45&kikanCd=2450230800&kikanKbn=2", "url2": "https://kodama-shounika.com/", "内容": "医療法人社団　児玉小児科【2:診療所】【診療科目:小児科】宮崎県都城市花繰町１４－３ー１" }, "geometry": { "type": "Point", "coordinates": [ 131.423893, 31.911095 ] } },
{ "type": "Feature", "properties": { "ID": 4522450231230, "正式名称": "都北ごとうクリニック", "機関区分": 2, "都道府県コード": 45, "市区町村コード": 202, "所在地": "宮崎県都城市都北町５７３４番地１", "緯度": 31.760718, "経度": 131.08928, "url": "https://www.iryou.teikyouseido.mhlw.go.jp/znk-web/juminkanja/S2430/initialize?prefCd=45&kikanCd=2450231230&kikanKbn=2", "url2": null, "内容": "都北ごとうクリニック【2:診療所】【診療科目:呼吸器内科_消化器内科_外科_乳腺外科_肛門外科】宮崎県都城市都北町５７３４番地１" }, "geometry": { "type": "Point", "coordinates": [ 131.08928, 31.760718 ] } },
{ "type": "Feature", "properties": { "ID": 4522450232110, "正式名称": "もりぞの耳鼻咽喉科", "機関区分": 2, "都道府県コード": 45, "市区町村コード": 202, "所在地": "宮崎県都城市甲斐元町１４街区３７の２号", "緯度": 31.715158, "経度": 131.061113, "url": "https://www.iryou.teikyouseido.mhlw.go.jp/znk-web/juminkanja/S2430/initialize?prefCd=45&kikanCd=2450232110&kikanKbn=2", "url2": "https://morizonojibi.jp/", "内容": "もりぞの耳鼻咽喉科【2:診療所】【診療科目:耳鼻いんこう科_アレルギー科】宮崎県都城市甲斐元町１４街区３７の２号" }, "geometry": { "type": "Point", "coordinates": [ 131.061113, 31.715158 ] } },
{ "type": "Feature", "properties": { "ID": 4522450234130, "正式名称": "都城こみぞ眼科", "機関区分": 2, "都道府県コード": 45, "市区町村コード": 341, "所在地": "宮崎県北諸県郡三股町蓼池１４０５－１", "緯度": 31.756322, "経度": 131.105804, "url": "https://www.iryou.teikyouseido.mhlw.go.jp/znk-web/juminkanja/S2430/initialize?prefCd=45&kikanCd=2450234130&kikanKbn=2", "url2": "https://komizo-eye.com/miyakonojo/", "内容": "都城こみぞ眼科【2:診療所】【診療科目:眼科】宮崎県北諸県郡三股町蓼池１４０５－１" }, "geometry": { "type": "Point", "coordinates": [ 131.105804, 31.756322 ] } },
{ "type": "Feature", "properties": { "ID": 4522450234200, "正式名称": "都城在宅医療クリニック", "機関区分": 2, "都道府県コード": 45, "市区町村コード": 202, "所在地": "宮崎県都城市南横市町３９７４番地４", "緯度": 31.742414, "経度": 131.036831, "url": "https://www.iryou.teikyouseido.mhlw.go.jp/znk-web/juminkanja/S2430/initialize?prefCd=45&kikanCd=2450234200&kikanKbn=2", "url2": "https://www.miyakonojo-home-health-care-clinic.com/", "内容": "都城在宅医療クリニック【2:診療所】【診療科目:内科_神経内科】宮崎県都城市南横市町３９７４番地４" }, "geometry": { "type": "Point", "coordinates": [ 131.036831, 31.742414 ] } },
{ "type": "Feature", "properties": { "ID": 4522450234970, "正式名称": "いのまた整形外科クリニック", "機関区分": 2, "都道府県コード": 45, "市区町村コード": 202, "所在地": "宮崎県都城市五十町２２６７ー３", "緯度": 31.71526, "経度": 131.03727, "url": "https://www.iryou.teikyouseido.mhlw.go.jp/znk-web/juminkanja/S2430/initialize?prefCd=45&kikanCd=2450234970&kikanKbn=2", "url2": null, "内容": "いのまた整形外科クリニック【2:診療所】【診療科目:整形外科_リウマチ科_リハビリテーション科】宮崎県都城市五十町２２６７ー３" }, "geometry": { "type": "Point", "coordinates": [ 131.03727, 31.71526 ] } },
{ "type": "Feature", "properties": { "ID": 4522450235270, "正式名称": "医療法人社団清風会　清風会クリニック", "機関区分": 2, "都道府県コード": 45, "市区町村コード": 202, "所在地": "宮崎県都城市栄町１２号１番地", "緯度": 31.733745, "経度": 131.079917, "url": "https://www.iryou.teikyouseido.mhlw.go.jp/znk-web/juminkanja/S2430/initialize?prefCd=45&kikanCd=2450235270&kikanKbn=2", "url2": "https://seifukai-cl.jp/overview/", "内容": "医療法人社団清風会　清風会クリニック【2:診療所】【診療科目:血液内科_泌尿器科】宮崎県都城市栄町１２号１番地" }, "geometry": { "type": "Point", "coordinates": [ 131.079917, 31.733745 ] } },
{ "type": "Feature", "properties": { "ID": 4522450235430, "正式名称": "都城陽まわり在宅クリニック都城", "機関区分": 2, "都道府県コード": 45, "市区町村コード": 202, "所在地": "宮崎県都城市郡元町３２０４－１", "緯度": 31.741816, "経度": 131.088995, "url": "https://www.iryou.teikyouseido.mhlw.go.jp/znk-web/juminkanja/S2430/initialize?prefCd=45&kikanCd=2450235430&kikanKbn=2", "url2": null, "内容": "都城陽まわり在宅クリニック都城【2:診療所】【診療科目:内科_消化器内科】宮崎県都城市郡元町３２０４－１" }, "geometry": { "type": "Point", "coordinates": [ 131.088995, 31.741816 ] } },
{ "type": "Feature", "properties": { "ID": 4522450235560, "正式名称": "戸嶋クリニック", "機関区分": 2, "都道府県コード": 45, "市区町村コード": 202, "所在地": "宮崎県都城市郡元一丁目８番地５", "緯度": 31.743112, "経度": 131.089739, "url": "https://www.iryou.teikyouseido.mhlw.go.jp/znk-web/juminkanja/S2430/initialize?prefCd=45&kikanCd=2450235560&kikanKbn=2", "url2": null, "内容": "戸嶋クリニック【2:診療所】【診療科目:内科】宮崎県都城市郡元一丁目８番地５" }, "geometry": { "type": "Point", "coordinates": [ 131.089739, 31.743112 ] } },
{ "type": "Feature", "properties": { "ID": 4522450235690, "正式名称": "いわよし耳鼻咽喉科クリニック", "機関区分": 2, "都道府県コード": 45, "市区町村コード": 202, "所在地": "宮崎県都城市千町５２７３ー１", "緯度": 31.7, "経度": 131.1, "url": "https://www.iryou.teikyouseido.mhlw.go.jp/znk-web/juminkanja/S2430/initialize?prefCd=45&kikanCd=2450235690&kikanKbn=2", "url2": "http://www.iwayoshi-jibika.jp", "内容": "いわよし耳鼻咽喉科クリニック【2:診療所】【診療科目:耳鼻いんこう科】宮崎県都城市千町５２７３ー１" }, "geometry": { "type": "Point", "coordinates": [ 131.1, 31.7 ] } },
{ "type": "Feature", "properties": { "ID": 4522450235720, "正式名称": "やまさき医院", "機関区分": 2, "都道府県コード": 45, "市区町村コード": 202, "所在地": "宮崎県都城市都原町１４番地５", "緯度": 31.740139, "経度": 131.039348, "url": "https://www.iryou.teikyouseido.mhlw.go.jp/znk-web/juminkanja/S2430/initialize?prefCd=45&kikanCd=2450235720&kikanKbn=2", "url2": null, "内容": "やまさき医院【2:診療所】【診療科目:内科_外科_放射線科】宮崎県都城市都原町１４番地５" }, "geometry": { "type": "Point", "coordinates": [ 131.039348, 31.740139 ] } },
{ "type": "Feature", "properties": { "ID": 4522450235850, "正式名称": "坂元循環器内科医院", "機関区分": 2, "都道府県コード": 45, "市区町村コード": 202, "所在地": "宮崎県都城市宮丸町３０１７番地１６", "緯度": 31.730539, "経度": 131.05445, "url": "https://www.iryou.teikyouseido.mhlw.go.jp/znk-web/juminkanja/S2430/initialize?prefCd=45&kikanCd=2450235850&kikanKbn=2", "url2": "sakamoto-heart-clinic.com", "内容": "坂元循環器内科医院【2:診療所】【診療科目:内科_循環器内科】宮崎県都城市宮丸町３０１７番地１６" }, "geometry": { "type": "Point", "coordinates": [ 131.05445, 31.730539 ] } },
{ "type": "Feature", "properties": { "ID": 4522450235980, "正式名称": "彩り在宅クリニック", "機関区分": 2, "都道府県コード": 45, "市区町村コード": 202, "所在地": "宮崎県都城市郡元町２７１６番地１", "緯度": 31.743711, "経度": 131.09833, "url": "https://www.iryou.teikyouseido.mhlw.go.jp/znk-web/juminkanja/S2430/initialize?prefCd=45&kikanCd=2450235980&kikanKbn=2", "url2": "https://irodoriclinic.com/", "内容": "彩り在宅クリニック【2:診療所】【診療科目:内科_緩和ケア内科_循環器外科】宮崎県都城市郡元町２７１６番地１" }, "geometry": { "type": "Point", "coordinates": [ 131.09833, 31.743711 ] } },
{ "type": "Feature", "properties": { "ID": 4522450301540, "正式名称": "医療法人　恒昇会　タカオ眼科", "機関区分": 2, "都道府県コード": 45, "市区町村コード": 203, "所在地": "宮崎県延岡市北新小路３の１２", "緯度": 32.575159, "経度": 131.664113, "url": "https://www.iryou.teikyouseido.mhlw.go.jp/znk-web/juminkanja/S2430/initialize?prefCd=45&kikanCd=2450301540&kikanKbn=2", "url2": null, "内容": "医療法人　恒昇会　タカオ眼科【2:診療所】【診療科目:眼科】宮崎県延岡市北新小路３の１２" }, "geometry": { "type": "Point", "coordinates": [ 131.664113, 32.575159 ] } },
{ "type": "Feature", "properties": { "ID": 4522450302000, "正式名称": "押領司内科医院", "機関区分": 2, "都道府県コード": 45, "市区町村コード": 203, "所在地": "宮崎県延岡市安賀多町５丁目３−２", "緯度": 32.571468, "経度": 131.668254, "url": "https://www.iryou.teikyouseido.mhlw.go.jp/znk-web/juminkanja/S2430/initialize?prefCd=45&kikanCd=2450302000&kikanKbn=2", "url2": null, "内容": "押領司内科医院【2:診療所】【診療科目:内科_感染症内科_糖尿病内科_糖尿病・内分泌内科_糖尿病・代謝内科_呼吸器内科_循環器内科_心臓内科_心臓血管内科_腎臓内科_老年内科_外科_循環器外科_心臓血管外科_腹部外科_小児科】宮崎県延岡市安賀多町５丁目３−２" }, "geometry": { "type": "Point", "coordinates": [ 131.668254, 32.571468 ] } },
{ "type": "Feature", "properties": { "ID": 4522450302710, "正式名称": "延岡市立島浦診療所", "機関区分": 2, "都道府県コード": 45, "市区町村コード": 203, "所在地": "宮崎県延岡市島浦町４６８番地６８", "緯度": 32.666, "経度": 131.809041, "url": "https://www.iryou.teikyouseido.mhlw.go.jp/znk-web/juminkanja/S2430/initialize?prefCd=45&kikanCd=2450302710&kikanKbn=2", "url2": null, "内容": "延岡市立島浦診療所【2:診療所】【診療科目:内科_外科_小児科】宮崎県延岡市島浦町４６８番地６８" }, "geometry": { "type": "Point", "coordinates": [ 131.809041, 32.666 ] } },
{ "type": "Feature", "properties": { "ID": 4522450302970, "正式名称": "医療法人社団健生会大重産婦人科医院", "機関区分": 2, "都道府県コード": 45, "市区町村コード": 203, "所在地": "宮崎県延岡市春日町３丁目４番地１", "緯度": 32.575784, "経度": 131.668068, "url": "https://www.iryou.teikyouseido.mhlw.go.jp/znk-web/juminkanja/S2430/initialize?prefCd=45&kikanCd=2450302970&kikanKbn=2", "url2": "http://www.ohshige.jp/", "内容": "医療法人社団健生会大重産婦人科医院【2:診療所】【診療科目:産婦人科】宮崎県延岡市春日町３丁目４番地１" }, "geometry": { "type": "Point", "coordinates": [ 131.668068, 32.575784 ] } },
{ "type": "Feature", "properties": { "ID": 4522450304280, "正式名称": "医療法人社団　宮本整形外科", "機関区分": 2, "都道府県コード": 45, "市区町村コード": 203, "所在地": "宮崎県延岡市旭ケ丘５丁目９ー７", "緯度": 32.52922, "経度": 131.680749, "url": "https://www.iryou.teikyouseido.mhlw.go.jp/znk-web/juminkanja/S2430/initialize?prefCd=45&kikanCd=2450304280&kikanKbn=2", "url2": null, "内容": "医療法人社団　宮本整形外科【2:診療所】【診療科目:整形外科_リウマチ科_リハビリテーション科】宮崎県延岡市旭ケ丘５丁目９ー７" }, "geometry": { "type": "Point", "coordinates": [ 131.680749, 32.52922 ] } },
{ "type": "Feature", "properties": { "ID": 4522450304860, "正式名称": "ほうしやま子どもクリニック", "機関区分": 2, "都道府県コード": 45, "市区町村コード": 203, "所在地": "宮崎県延岡市船倉町１ー１ー７", "緯度": 32.582609, "経度": 131.669684, "url": "https://www.iryou.teikyouseido.mhlw.go.jp/znk-web/juminkanja/S2430/initialize?prefCd=45&kikanCd=2450304860&kikanKbn=2", "url2": null, "内容": "ほうしやま子どもクリニック【2:診療所】【診療科目:小児科】宮崎県延岡市船倉町１ー１ー７" }, "geometry": { "type": "Point", "coordinates": [ 131.669684, 32.582609 ] } },
{ "type": "Feature", "properties": { "ID": 4522450305900, "正式名称": "日高内科医院", "機関区分": 2, "都道府県コード": 45, "市区町村コード": 203, "所在地": "宮崎県延岡市平原町５丁目１４９５ー１", "緯度": 32.550792, "経度": 131.678149, "url": "https://www.iryou.teikyouseido.mhlw.go.jp/znk-web/juminkanja/S2430/initialize?prefCd=45&kikanCd=2450305900&kikanKbn=2", "url2": null, "内容": "日高内科医院【2:診療所】【診療科目:内科】宮崎県延岡市平原町５丁目１４９５ー１" }, "geometry": { "type": "Point", "coordinates": [ 131.678149, 32.550792 ] } },
{ "type": "Feature", "properties": { "ID": 4522450306040, "正式名称": "医療法人博生会　山本医院", "機関区分": 2, "都道府県コード": 45, "市区町村コード": 203, "所在地": "宮崎県延岡市平原町１丁目２７１番地", "緯度": 32.555256, "経度": 131.675735, "url": "https://www.iryou.teikyouseido.mhlw.go.jp/znk-web/juminkanja/S2430/initialize?prefCd=45&kikanCd=2450306040&kikanKbn=2", "url2": "http://www.excel-life.jp/", "内容": "医療法人博生会　山本医院【2:診療所】【診療科目:内科_循環器内科_消化器内科】宮崎県延岡市平原町１丁目２７１番地" }, "geometry": { "type": "Point", "coordinates": [ 131.675735, 32.555256 ] } },
{ "type": "Feature", "properties": { "ID": 4522450306460, "正式名称": "南浦へき地出張診療所", "機関区分": 2, "都道府県コード": 45, "市区町村コード": 203, "所在地": "宮崎県延岡市熊野江町２４６４番地５", "緯度": 32.675262, "経度": 131.786776, "url": "https://www.iryou.teikyouseido.mhlw.go.jp/znk-web/juminkanja/S2430/initialize?prefCd=45&kikanCd=2450306460&kikanKbn=2", "url2": null, "内容": "南浦へき地出張診療所【2:診療所】【診療科目:内科_外科】宮崎県延岡市熊野江町２４６４番地５" }, "geometry": { "type": "Point", "coordinates": [ 131.786776, 32.675262 ] } },
{ "type": "Feature", "properties": { "ID": 4522450306910, "正式名称": "中元寺産婦人科医院", "機関区分": 2, "都道府県コード": 45, "市区町村コード": 203, "所在地": "宮崎県延岡市永池町１丁目２番地１０", "緯度": 32.573123, "経度": 131.667943, "url": "https://www.iryou.teikyouseido.mhlw.go.jp/znk-web/juminkanja/S2430/initialize?prefCd=45&kikanCd=2450306910&kikanKbn=2", "url2": "chuganji-nobeokashi.com", "内容": "中元寺産婦人科医院【2:診療所】【診療科目:産婦人科】宮崎県延岡市永池町１丁目２番地１０" }, "geometry": { "type": "Point", "coordinates": [ 131.667943, 32.573123 ] } },
{ "type": "Feature", "properties": { "ID": 4522450307050, "正式名称": "医療法人緑の風　長沼医院", "機関区分": 2, "都道府県コード": 45, "市区町村コード": 203, "所在地": "宮崎県延岡市平原町３丁目１２９９−１", "緯度": 32.550184, "経度": 131.674233, "url": "https://www.iryou.teikyouseido.mhlw.go.jp/znk-web/juminkanja/S2430/initialize?prefCd=45&kikanCd=2450307050&kikanKbn=2", "url2": "http://www.midori-naganuma.com/", "内容": "医療法人緑の風　長沼医院【2:診療所】【診療科目:内科_人工透析内科_外科_皮膚科_泌尿器科】宮崎県延岡市平原町３丁目１２９９−１" }, "geometry": { "type": "Point", "coordinates": [ 131.674233, 32.550184 ] } },
{ "type": "Feature", "properties": { "ID": 4522450308220, "正式名称": "医療法人甲申会　岸医院", "機関区分": 2, "都道府県コード": 45, "市区町村コード": 203, "所在地": "宮崎県延岡市本小路９１番地１０", "緯度": 32.582672, "経度": 131.663204, "url": "https://www.iryou.teikyouseido.mhlw.go.jp/znk-web/juminkanja/S2430/initialize?prefCd=45&kikanCd=2450308220&kikanKbn=2", "url2": null, "内容": "医療法人甲申会　岸医院【2:診療所】【診療科目:内科_消化器内科】宮崎県延岡市本小路９１番地１０" }, "geometry": { "type": "Point", "coordinates": [ 131.663204, 32.582672 ] } },
{ "type": "Feature", "properties": { "ID": 4522450308930, "正式名称": "医療法人社団瑞穂会　野田医院", "機関区分": 2, "都道府県コード": 45, "市区町村コード": 203, "所在地": "宮崎県延岡市安賀多町２丁目６−６", "緯度": 32.575531, "経度": 131.668518, "url": "https://www.iryou.teikyouseido.mhlw.go.jp/znk-web/juminkanja/S2430/initialize?prefCd=45&kikanCd=2450308930&kikanKbn=2", "url2": null, "内容": "医療法人社団瑞穂会　野田医院【2:診療所】【診療科目:内科_糖尿病内科】宮崎県延岡市安賀多町２丁目６−６" }, "geometry": { "type": "Point", "coordinates": [ 131.668518, 32.575531 ] } },
{ "type": "Feature", "properties": { "ID": 4522450309230, "正式名称": "医療法人社団　赤須医院", "機関区分": 2, "都道府県コード": 45, "市区町村コード": 203, "所在地": "宮崎県延岡市博労町５の５", "緯度": 32.585056, "経度": 131.670398, "url": "https://www.iryou.teikyouseido.mhlw.go.jp/znk-web/juminkanja/S2430/initialize?prefCd=45&kikanCd=2450309230&kikanKbn=2", "url2": "https://akasu-clinc.com", "内容": "医療法人社団　赤須医院【2:診療所】【診療科目:内科_呼吸器内科_循環器内科_消化器内科】宮崎県延岡市博労町５の５" }, "geometry": { "type": "Point", "coordinates": [ 131.670398, 32.585056 ] } },
{ "type": "Feature", "properties": { "ID": 4522450309360, "正式名称": "医療法人社団政和会髙橋医院", "機関区分": 2, "都道府県コード": 45, "市区町村コード": 203, "所在地": "宮崎県延岡市北浦町古江２３４９ー４", "緯度": 32.706233, "経度": 131.823511, "url": "https://www.iryou.teikyouseido.mhlw.go.jp/znk-web/juminkanja/S2430/initialize?prefCd=45&kikanCd=2450309360&kikanKbn=2", "url2": "https://taka.jeez.jp/", "内容": "医療法人社団政和会髙橋医院【2:診療所】【診療科目:内科_漢方内科_外科_皮膚科_美容皮膚科】宮崎県延岡市北浦町古江２３４９ー４" }, "geometry": { "type": "Point", "coordinates": [ 131.823511, 32.706233 ] } },
{ "type": "Feature", "properties": { "ID": 4522450309490, "正式名称": "医療法人　ソフィア会　みやた内科医院", "機関区分": 2, "都道府県コード": 45, "市区町村コード": 203, "所在地": "宮崎県延岡市永池町２丁目７番地", "緯度": 32.57192, "経度": 131.667546, "url": "https://www.iryou.teikyouseido.mhlw.go.jp/znk-web/juminkanja/S2430/initialize?prefCd=45&kikanCd=2450309490&kikanKbn=2", "url2": "http://nmiyata-medical.com/", "内容": "医療法人　ソフィア会　みやた内科医院【2:診療所】【診療科目:内科_循環器内科_腎臓内科_人工透析内科_アレルギー疾患内科_小児科_アレルギー科】宮崎県延岡市永池町２丁目７番地" }, "geometry": { "type": "Point", "coordinates": [ 131.667546, 32.57192 ] } },
{ "type": "Feature", "properties": { "ID": 4522450309780, "正式名称": "医療法人　愛生会　山中産婦人科医院", "機関区分": 2, "都道府県コード": 45, "市区町村コード": 203, "所在地": "宮崎県延岡市船倉町１ー２ー２", "緯度": 32.582956, "経度": 131.66969, "url": "https://www.iryou.teikyouseido.mhlw.go.jp/znk-web/juminkanja/S2430/initialize?prefCd=45&kikanCd=2450309780&kikanKbn=2", "url2": null, "内容": "医療法人　愛生会　山中産婦人科医院【2:診療所】【診療科目:産婦人科】宮崎県延岡市船倉町１ー２ー２" }, "geometry": { "type": "Point", "coordinates": [ 131.66969, 32.582956 ] } },
{ "type": "Feature", "properties": { "ID": 4522450309940, "正式名称": "延岡クリニック", "機関区分": 2, "都道府県コード": 45, "市区町村コード": 203, "所在地": "宮崎県延岡市出北１丁目３番２０号", "緯度": 32.576912, "経度": 131.677692, "url": "https://www.iryou.teikyouseido.mhlw.go.jp/znk-web/juminkanja/S2430/initialize?prefCd=45&kikanCd=2450309940&kikanKbn=2", "url2": "https://nobeoka-cl.com/", "内容": "延岡クリニック【2:診療所】【診療科目:内科_泌尿器科】宮崎県延岡市出北１丁目３番２０号" }, "geometry": { "type": "Point", "coordinates": [ 131.677692, 32.576912 ] } },
{ "type": "Feature", "properties": { "ID": 4522450310050, "正式名称": "医療法人　社団　広洋会　丸山クリニック", "機関区分": 2, "都道府県コード": 45, "市区町村コード": 203, "所在地": "宮崎県延岡市博労町４番地４", "緯度": 32.585658, "経度": 131.670192, "url": "https://www.iryou.teikyouseido.mhlw.go.jp/znk-web/juminkanja/S2430/initialize?prefCd=45&kikanCd=2450310050&kikanKbn=2", "url2": null, "内容": "医療法人　社団　広洋会　丸山クリニック【2:診療所】【診療科目:内科_小児科_皮膚科_アレルギー科】宮崎県延岡市博労町４番地４" }, "geometry": { "type": "Point", "coordinates": [ 131.670192, 32.585658 ] } },
{ "type": "Feature", "properties": { "ID": 4522450310180, "正式名称": "林田眼科医院", "機関区分": 2, "都道府県コード": 45, "市区町村コード": 203, "所在地": "宮崎県延岡市平原町１丁目１０１０", "緯度": 32.55675, "経度": 131.674877, "url": "https://www.iryou.teikyouseido.mhlw.go.jp/znk-web/juminkanja/S2430/initialize?prefCd=45&kikanCd=2450310180&kikanKbn=2", "url2": "https://hayashida-ganka.com/", "内容": "林田眼科医院【2:診療所】【診療科目:眼科】宮崎県延岡市平原町１丁目１０１０" }, "geometry": { "type": "Point", "coordinates": [ 131.674877, 32.55675 ] } },
{ "type": "Feature", "properties": { "ID": 4522450310470, "正式名称": "医療法人社団光学堂　あたご整形外科", "機関区分": 2, "都道府県コード": 45, "市区町村コード": 203, "所在地": "宮崎県延岡市愛宕町３丁目１６１番地", "緯度": 32.566415, "経度": 131.667121, "url": "https://www.iryou.teikyouseido.mhlw.go.jp/znk-web/juminkanja/S2430/initialize?prefCd=45&kikanCd=2450310470&kikanKbn=2", "url2": "http://www.atago-seikei.com", "内容": "医療法人社団光学堂　あたご整形外科【2:診療所】【診療科目:内科_整形外科_リウマチ科_リハビリテーション科_麻酔科】宮崎県延岡市愛宕町３丁目１６１番地" }, "geometry": { "type": "Point", "coordinates": [ 131.667121, 32.566415 ] } },
{ "type": "Feature", "properties": { "ID": 4522450310500, "正式名称": "医療法人　九州千雅　米田脳神経外科", "機関区分": 2, "都道府県コード": 45, "市区町村コード": 203, "所在地": "宮崎県延岡市惣領町３番１９号", "緯度": 32.580023, "経度": 131.676876, "url": "https://www.iryou.teikyouseido.mhlw.go.jp/znk-web/juminkanja/S2430/initialize?prefCd=45&kikanCd=2450310500&kikanKbn=2", "url2": null, "内容": "医療法人　九州千雅　米田脳神経外科【2:診療所】【診療科目:脳神経外科_精神科】宮崎県延岡市惣領町３番１９号" }, "geometry": { "type": "Point", "coordinates": [ 131.676876, 32.580023 ] } },
{ "type": "Feature", "properties": { "ID": 4522450310760, "正式名称": "医療法人社団　和敬会　野村クリニック", "機関区分": 2, "都道府県コード": 45, "市区町村コード": 203, "所在地": "宮崎県延岡市古城町４丁目１番地", "緯度": 32.56719, "経度": 131.661438, "url": "https://www.iryou.teikyouseido.mhlw.go.jp/znk-web/juminkanja/S2430/initialize?prefCd=45&kikanCd=2450310760&kikanKbn=2", "url2": "https://nobeokanomuraclinic.com/", "内容": "医療法人社団　和敬会　野村クリニック【2:診療所】【診療科目:内科_循環器内科_小児科】宮崎県延岡市古城町４丁目１番地" }, "geometry": { "type": "Point", "coordinates": [ 131.661438, 32.56719 ] } },
{ "type": "Feature", "properties": { "ID": 4522450310890, "正式名称": "板野内科胃腸科医院", "機関区分": 2, "都道府県コード": 45, "市区町村コード": 203, "所在地": "宮崎県延岡市野田町１８３６−１", "緯度": 32.578116, "経度": 131.638084, "url": "https://www.iryou.teikyouseido.mhlw.go.jp/znk-web/juminkanja/S2430/initialize?prefCd=45&kikanCd=2450310890&kikanKbn=2", "url2": null, "内容": "板野内科胃腸科医院【2:診療所】【診療科目:内科_消化器内科】宮崎県延岡市野田町１８３６−１" }, "geometry": { "type": "Point", "coordinates": [ 131.638084, 32.578116 ] } },
{ "type": "Feature", "properties": { "ID": 4522450310920, "正式名称": "おきしま小児科", "機関区分": 2, "都道府県コード": 45, "市区町村コード": 203, "所在地": "宮崎県延岡市大貫町４丁目１３３８−１", "緯度": 32.578458, "経度": 131.649883, "url": "https://www.iryou.teikyouseido.mhlw.go.jp/znk-web/juminkanja/S2430/initialize?prefCd=45&kikanCd=2450310920&kikanKbn=2", "url2": null, "内容": "おきしま小児科【2:診療所】【診療科目:小児科】宮崎県延岡市大貫町４丁目１３３８−１" }, "geometry": { "type": "Point", "coordinates": [ 131.649883, 32.578458 ] } },
{ "type": "Feature", "properties": { "ID": 4522450311190, "正式名称": "医療法人社団杏子會　小島胃腸科内科", "機関区分": 2, "都道府県コード": 45, "市区町村コード": 203, "所在地": "宮崎県延岡市緑ケ丘２丁目２５番１０号", "緯度": 32.554092, "経度": 131.682407, "url": "https://www.iryou.teikyouseido.mhlw.go.jp/znk-web/juminkanja/S2430/initialize?prefCd=45&kikanCd=2450311190&kikanKbn=2", "url2": null, "内容": "医療法人社団杏子會　小島胃腸科内科【2:診療所】【診療科目:内科_呼吸器内科_消化器内科】宮崎県延岡市緑ケ丘２丁目２５番１０号" }, "geometry": { "type": "Point", "coordinates": [ 131.682407, 32.554092 ] } },
{ "type": "Feature", "properties": { "ID": 4522450311480, "正式名称": "井手耳鼻咽喉科クリニック", "機関区分": 2, "都道府県コード": 45, "市区町村コード": 203, "所在地": "宮崎県延岡市出北１丁目４番１２号", "緯度": 32.57784, "経度": 131.678267, "url": "https://www.iryou.teikyouseido.mhlw.go.jp/znk-web/juminkanja/S2430/initialize?prefCd=45&kikanCd=2450311480&kikanKbn=2", "url2": null, "内容": "井手耳鼻咽喉科クリニック【2:診療所】【診療科目:気管食道外科_耳鼻いんこう科】宮崎県延岡市出北１丁目４番１２号" }, "geometry": { "type": "Point", "coordinates": [ 131.678267, 32.57784 ] } },
{ "type": "Feature", "properties": { "ID": 4522450312490, "正式名称": "野田クリニック", "機関区分": 2, "都道府県コード": 45, "市区町村コード": 203, "所在地": "宮崎県延岡市萩町５２", "緯度": 32.590819, "経度": 131.671892, "url": "https://www.iryou.teikyouseido.mhlw.go.jp/znk-web/juminkanja/S2430/initialize?prefCd=45&kikanCd=2450312490&kikanKbn=2", "url2": null, "内容": "野田クリニック【2:診療所】【診療科目:内科_精神科_心療内科】宮崎県延岡市萩町５２" }, "geometry": { "type": "Point", "coordinates": [ 131.671892, 32.590819 ] } },
{ "type": "Feature", "properties": { "ID": 4522450313080, "正式名称": "医療法人社団みやび会　堺　胃腸内科クリニック", "機関区分": 2, "都道府県コード": 45, "市区町村コード": 203, "所在地": "宮崎県延岡市古城町４丁目１３１番地", "緯度": 32.566356, "経度": 131.65765, "url": "https://www.iryou.teikyouseido.mhlw.go.jp/znk-web/juminkanja/S2430/initialize?prefCd=45&kikanCd=2450313080&kikanKbn=2", "url2": "https://sakaiclinic-nobeoka.com/", "内容": "医療法人社団みやび会　堺　胃腸内科クリニック【2:診療所】【診療科目:内科_消化器内科_放射線科】宮崎県延岡市古城町４丁目１３１番地" }, "geometry": { "type": "Point", "coordinates": [ 131.65765, 32.566356 ] } },
{ "type": "Feature", "properties": { "ID": 4522450313110, "正式名称": "おがわクリニック", "機関区分": 2, "都道府県コード": 45, "市区町村コード": 203, "所在地": "宮崎県延岡市大貫町２丁目１２０６−１", "緯度": 32.576425, "経度": 131.655732, "url": "https://www.iryou.teikyouseido.mhlw.go.jp/znk-web/juminkanja/S2430/initialize?prefCd=45&kikanCd=2450313110&kikanKbn=2", "url2": "https://www.kenjin-kai.jp/", "内容": "おがわクリニック【2:診療所】【診療科目:泌尿器科】宮崎県延岡市大貫町２丁目１２０６−１" }, "geometry": { "type": "Point", "coordinates": [ 131.655732, 32.576425 ] } },
{ "type": "Feature", "properties": { "ID": 4522450313370, "正式名称": "医療法人芳清会　大崎整形外科", "機関区分": 2, "都道府県コード": 45, "市区町村コード": 203, "所在地": "宮崎県延岡市大門町２１５−１", "緯度": 32.60256, "経度": 131.680616, "url": "https://www.iryou.teikyouseido.mhlw.go.jp/znk-web/juminkanja/S2430/initialize?prefCd=45&kikanCd=2450313370&kikanKbn=2", "url2": "https://www.ohsaki-seikei.com/", "内容": "医療法人芳清会　大崎整形外科【2:診療所】【診療科目:整形外科_リハビリテーション科】宮崎県延岡市大門町２１５−１" }, "geometry": { "type": "Point", "coordinates": [ 131.680616, 32.60256 ] } },
{ "type": "Feature", "properties": { "ID": 4522450313530, "正式名称": "平野整形外科", "機関区分": 2, "都道府県コード": 45, "市区町村コード": 203, "所在地": "宮崎県延岡市大貫町２丁目３０２９ー２", "緯度": 32.577692, "経度": 131.657643, "url": "https://www.iryou.teikyouseido.mhlw.go.jp/znk-web/juminkanja/S2430/initialize?prefCd=45&kikanCd=2450313530&kikanKbn=2", "url2": null, "内容": "平野整形外科【2:診療所】【診療科目:整形外科_リウマチ科_リハビリテーション科】宮崎県延岡市大貫町２丁目３０２９ー２" }, "geometry": { "type": "Point", "coordinates": [ 131.657643, 32.577692 ] } },
{ "type": "Feature", "properties": { "ID": 4522450313660, "正式名称": "医療法人社団　宏庸会　平野消化器科", "機関区分": 2, "都道府県コード": 45, "市区町村コード": 203, "所在地": "宮崎県延岡市大貫町２丁目３０２９ー２", "緯度": 32.577692, "経度": 131.657643, "url": "https://www.iryou.teikyouseido.mhlw.go.jp/znk-web/juminkanja/S2430/initialize?prefCd=45&kikanCd=2450313660&kikanKbn=2", "url2": "https://www.hiranoshokakika.com/", "内容": "医療法人社団　宏庸会　平野消化器科【2:診療所】【診療科目:内科_消化器内科】宮崎県延岡市大貫町２丁目３０２９ー２" }, "geometry": { "type": "Point", "coordinates": [ 131.657643, 32.577692 ] } },
{ "type": "Feature", "properties": { "ID": 4522450314090, "正式名称": "医療法人康仁会　延岡整形外科医院", "機関区分": 2, "都道府県コード": 45, "市区町村コード": 203, "所在地": "宮崎県延岡市北小路１０番地１", "緯度": 32.585455, "経度": 131.665917, "url": "https://www.iryou.teikyouseido.mhlw.go.jp/znk-web/juminkanja/S2430/initialize?prefCd=45&kikanCd=2450314090&kikanKbn=2", "url2": null, "内容": "医療法人康仁会　延岡整形外科医院【2:診療所】【診療科目:整形外科_リハビリテーション科】宮崎県延岡市北小路１０番地１" }, "geometry": { "type": "Point", "coordinates": [ 131.665917, 32.585455 ] } },
{ "type": "Feature", "properties": { "ID": 4522450314120, "正式名称": "石内医院", "機関区分": 2, "都道府県コード": 45, "市区町村コード": 203, "所在地": "宮崎県延岡市川島町１６４４ー１", "緯度": 32.618029, "経度": 131.699638, "url": "https://www.iryou.teikyouseido.mhlw.go.jp/znk-web/juminkanja/S2430/initialize?prefCd=45&kikanCd=2450314120&kikanKbn=2", "url2": "https://ishiuchi-clinic.jp/", "内容": "石内医院【2:診療所】【診療科目:内科_消化器内科_漢方内科_外科_皮膚科_泌尿器科】宮崎県延岡市川島町１６４４ー１" }, "geometry": { "type": "Point", "coordinates": [ 131.699638, 32.618029 ] } },
{ "type": "Feature", "properties": { "ID": 4522450314250, "正式名称": "木谷耳鼻咽喉科医院", "機関区分": 2, "都道府県コード": 45, "市区町村コード": 203, "所在地": "宮崎県延岡市日の出町１−１２−２", "緯度": 32.587231, "経度": 131.67342, "url": "https://www.iryou.teikyouseido.mhlw.go.jp/znk-web/juminkanja/S2430/initialize?prefCd=45&kikanCd=2450314250&kikanKbn=2", "url2": null, "内容": "木谷耳鼻咽喉科医院【2:診療所】【診療科目:耳鼻いんこう科】宮崎県延岡市日の出町１−１２−２" }, "geometry": { "type": "Point", "coordinates": [ 131.67342, 32.587231 ] } },
{ "type": "Feature", "properties": { "ID": 4522450314380, "正式名称": "やなざわ整形外科・内科", "機関区分": 2, "都道府県コード": 45, "市区町村コード": 203, "所在地": "宮崎県延岡市柳沢町２－４－２", "緯度": 32.579221, "経度": 131.666079, "url": "https://www.iryou.teikyouseido.mhlw.go.jp/znk-web/juminkanja/S2430/initialize?prefCd=45&kikanCd=2450314380&kikanKbn=2", "url2": "https://www.yanazawa-8738.com/home", "内容": "やなざわ整形外科・内科【2:診療所】【診療科目:内科_整形外科】宮崎県延岡市柳沢町２－４－２" }, "geometry": { "type": "Point", "coordinates": [ 131.666079, 32.579221 ] } },
{ "type": "Feature", "properties": { "ID": 4522450314410, "正式名称": "北方医院", "機関区分": 2, "都道府県コード": 45, "市区町村コード": 203, "所在地": "宮崎県延岡市北方町川水流卯１４１２−１", "緯度": 32.558932, "経度": 131.522413, "url": "https://www.iryou.teikyouseido.mhlw.go.jp/znk-web/juminkanja/S2430/initialize?prefCd=45&kikanCd=2450314410&kikanKbn=2", "url2": "https://kitakataiin.com/", "内容": "北方医院【2:診療所】【診療科目:内科_消化器内科_外科_小児科】宮崎県延岡市北方町川水流卯１４１２−１" }, "geometry": { "type": "Point", "coordinates": [ 131.522413, 32.558932 ] } },
{ "type": "Feature", "properties": { "ID": 4522450314540, "正式名称": "桜ヶ丘ファミリークリニック", "機関区分": 2, "都道府県コード": 45, "市区町村コード": 203, "所在地": "宮崎県延岡市夏田町４１４番地１", "緯度": 32.607307, "経度": 131.671394, "url": "https://www.iryou.teikyouseido.mhlw.go.jp/znk-web/juminkanja/S2430/initialize?prefCd=45&kikanCd=2450314540&kikanKbn=2", "url2": "https://www.sakuragaoka-f-clinic.jp", "内容": "桜ヶ丘ファミリークリニック【2:診療所】【診療科目:内科_胃腸内科_小児科】宮崎県延岡市夏田町４１４番地１" }, "geometry": { "type": "Point", "coordinates": [ 131.671394, 32.607307 ] } },
{ "type": "Feature", "properties": { "ID": 4522450314670, "正式名称": "太陽クリニック", "機関区分": 2, "都道府県コード": 45, "市区町村コード": 203, "所在地": "宮崎県延岡市南一ヶ岡７丁目８３４８ー２４２", "緯度": 32.515993, "経度": 131.676886, "url": "https://www.iryou.teikyouseido.mhlw.go.jp/znk-web/juminkanja/S2430/initialize?prefCd=45&kikanCd=2450314670&kikanKbn=2", "url2": null, "内容": "太陽クリニック【2:診療所】【診療科目:内科_血液内科_呼吸器内科_アレルギー科】宮崎県延岡市南一ヶ岡７丁目８３４８ー２４２" }, "geometry": { "type": "Point", "coordinates": [ 131.676886, 32.515993 ] } },
{ "type": "Feature", "properties": { "ID": 4522450314700, "正式名称": "医療法人社団　高見整形外科クリニック", "機関区分": 2, "都道府県コード": 45, "市区町村コード": 203, "所在地": "宮崎県延岡市大貫町２丁目９６９番地１", "緯度": 32.575627, "経度": 131.65447, "url": "https://www.iryou.teikyouseido.mhlw.go.jp/znk-web/juminkanja/S2430/initialize?prefCd=45&kikanCd=2450314700&kikanKbn=2", "url2": "https://www.big-advance.site/c/160/1993", "内容": "医療法人社団　高見整形外科クリニック【2:診療所】【診療科目:整形外科_リウマチ科_リハビリテーション科】宮崎県延岡市大貫町２丁目９６９番地１" }, "geometry": { "type": "Point", "coordinates": [ 131.65447, 32.575627 ] } },
{ "type": "Feature", "properties": { "ID": 4522450314960, "正式名称": "おおぬきクリニック", "機関区分": 2, "都道府県コード": 45, "市区町村コード": 203, "所在地": "宮崎県延岡市大貫町２丁目１２３６番", "緯度": 32.577039, "経度": 131.65541, "url": "https://www.iryou.teikyouseido.mhlw.go.jp/znk-web/juminkanja/S2430/initialize?prefCd=45&kikanCd=2450314960&kikanKbn=2", "url2": "https://www.kenjin-kai.jp/", "内容": "おおぬきクリニック【2:診療所】【診療科目:腎臓内科_泌尿器科】宮崎県延岡市大貫町２丁目１２３６番" }, "geometry": { "type": "Point", "coordinates": [ 131.65541, 32.577039 ] } },
{ "type": "Feature", "properties": { "ID": 4522450315000, "正式名称": "医療法人　みぞくち医院", "機関区分": 2, "都道府県コード": 45, "市区町村コード": 203, "所在地": "宮崎県延岡市伊形町５２１６ー８", "緯度": 32.531291, "経度": 131.674031, "url": "https://www.iryou.teikyouseido.mhlw.go.jp/znk-web/juminkanja/S2430/initialize?prefCd=45&kikanCd=2450315000&kikanKbn=2", "url2": null, "内容": "医療法人　みぞくち医院【2:診療所】【診療科目:内科_呼吸器内科_消化器内科】宮崎県延岡市伊形町５２１６ー８" }, "geometry": { "type": "Point", "coordinates": [ 131.674031, 32.531291 ] } },
{ "type": "Feature", "properties": { "ID": 4522450315390, "正式名称": "医療法人九州千雅　田中医院", "機関区分": 2, "都道府県コード": 45, "市区町村コード": 203, "所在地": "宮崎県延岡市北川町川内名７０５５ー２", "緯度": 32.686672, "経度": 131.6934, "url": "https://www.iryou.teikyouseido.mhlw.go.jp/znk-web/juminkanja/S2430/initialize?prefCd=45&kikanCd=2450315390&kikanKbn=2", "url2": null, "内容": "医療法人九州千雅　田中医院【2:診療所】【診療科目:内科_整形外科_リハビリテーション科】宮崎県延岡市北川町川内名７０５５ー２" }, "geometry": { "type": "Point", "coordinates": [ 131.6934, 32.686672 ] } },
{ "type": "Feature", "properties": { "ID": 4522450315680, "正式名称": "延岡市夜間急病センター", "機関区分": 2, "都道府県コード": 45, "市区町村コード": 203, "所在地": "宮崎県延岡市出北６丁目１６２１番地", "緯度": 32.575433, "経度": 131.688824, "url": "https://www.iryou.teikyouseido.mhlw.go.jp/znk-web/juminkanja/S2430/initialize?prefCd=45&kikanCd=2450315680&kikanKbn=2", "url2": null, "内容": "延岡市夜間急病センター【2:診療所】【診療科目:内科_外科_小児科】宮崎県延岡市出北６丁目１６２１番地" }, "geometry": { "type": "Point", "coordinates": [ 131.688824, 32.575433 ] } },
{ "type": "Feature", "properties": { "ID": 4522450315970, "正式名称": "医療法人九州千雅　西階クリニック", "機関区分": 2, "都道府県コード": 45, "市区町村コード": 203, "所在地": "宮崎県延岡市野地町１丁目４０７０番地１", "緯度": 32.573963, "経度": 131.643178, "url": "https://www.iryou.teikyouseido.mhlw.go.jp/znk-web/juminkanja/S2430/initialize?prefCd=45&kikanCd=2450315970&kikanKbn=2", "url2": null, "内容": "医療法人九州千雅　西階クリニック【2:診療所】【診療科目:内科_消化器内科】宮崎県延岡市野地町１丁目４０７０番地１" }, "geometry": { "type": "Point", "coordinates": [ 131.643178, 32.573963 ] } },
{ "type": "Feature", "properties": { "ID": 4522450316010, "正式名称": "医療法人　社団　松寿会　松崎医院", "機関区分": 2, "都道府県コード": 45, "市区町村コード": 203, "所在地": "宮崎県延岡市昭和町１ー１１ー１", "緯度": 32.587089, "経度": 131.676456, "url": "https://www.iryou.teikyouseido.mhlw.go.jp/znk-web/juminkanja/S2430/initialize?prefCd=45&kikanCd=2450316010&kikanKbn=2", "url2": null, "内容": "医療法人　社団　松寿会　松崎医院【2:診療所】【診療科目:内科_小児科_心療内科】宮崎県延岡市昭和町１ー１１ー１" }, "geometry": { "type": "Point", "coordinates": [ 131.676456, 32.587089 ] } },
{ "type": "Feature", "properties": { "ID": 4522450316140, "正式名称": "佐井整形外科", "機関区分": 2, "都道府県コード": 45, "市区町村コード": 203, "所在地": "宮崎県延岡市永池町２丁目５番地の４", "緯度": 32.572304, "経度": 131.668079, "url": "https://www.iryou.teikyouseido.mhlw.go.jp/znk-web/juminkanja/S2430/initialize?prefCd=45&kikanCd=2450316140&kikanKbn=2", "url2": null, "内容": "佐井整形外科【2:診療所】【診療科目:整形外科_リウマチ科_リハビリテーション科】宮崎県延岡市永池町２丁目５番地の４" }, "geometry": { "type": "Point", "coordinates": [ 131.668079, 32.572304 ] } },
{ "type": "Feature", "properties": { "ID": 4522450316270, "正式名称": "甲斐整形外科医院", "機関区分": 2, "都道府県コード": 45, "市区町村コード": 203, "所在地": "宮崎県延岡市瀬之口町１丁目４ー１２", "緯度": 32.58657, "経度": 131.672159, "url": "https://www.iryou.teikyouseido.mhlw.go.jp/znk-web/juminkanja/S2430/initialize?prefCd=45&kikanCd=2450316270&kikanKbn=2", "url2": null, "内容": "甲斐整形外科医院【2:診療所】【診療科目:内科_外科_血管外科_循環器外科_整形外科】宮崎県延岡市瀬之口町１丁目４ー１２" }, "geometry": { "type": "Point", "coordinates": [ 131.672159, 32.58657 ] } },
{ "type": "Feature", "properties": { "ID": 4522450316430, "正式名称": "生協クリニック　のべおか", "機関区分": 2, "都道府県コード": 45, "市区町村コード": 203, "所在地": "宮崎県延岡市浜砂町１丁目５ー１７", "緯度": 32.579944, "経度": 131.680799, "url": "https://www.iryou.teikyouseido.mhlw.go.jp/znk-web/juminkanja/S2430/initialize?prefCd=45&kikanCd=2450316430&kikanKbn=2", "url2": null, "内容": "生協クリニック　のべおか【2:診療所】【診療科目:内科】宮崎県延岡市浜砂町１丁目５ー１７" }, "geometry": { "type": "Point", "coordinates": [ 131.680799, 32.579944 ] } },
{ "type": "Feature", "properties": { "ID": 4522450316720, "正式名称": "医療法人社団　明光会　出北眼科", "機関区分": 2, "都道府県コード": 45, "市区町村コード": 203, "所在地": "宮崎県延岡市出北６丁目１６５８番地１", "緯度": 32.575867, "経度": 131.686817, "url": "https://www.iryou.teikyouseido.mhlw.go.jp/znk-web/juminkanja/S2430/initialize?prefCd=45&kikanCd=2450316720&kikanKbn=2", "url2": "http://www.idekita-ganka.jp/", "内容": "医療法人社団　明光会　出北眼科【2:診療所】【診療科目:眼科】宮崎県延岡市出北６丁目１６５８番地１" }, "geometry": { "type": "Point", "coordinates": [ 131.686817, 32.575867 ] } },
{ "type": "Feature", "properties": { "ID": 4522450316850, "正式名称": "いまだ内科消化器科", "機関区分": 2, "都道府県コード": 45, "市区町村コード": 203, "所在地": "宮崎県延岡市塩浜町", "緯度": 32.54094, "経度": 131.671119, "url": "https://www.iryou.teikyouseido.mhlw.go.jp/znk-web/juminkanja/S2430/initialize?prefCd=45&kikanCd=2450316850&kikanKbn=2", "url2": null, "内容": "いまだ内科消化器科【2:診療所】【診療科目:内科】宮崎県延岡市塩浜町" }, "geometry": { "type": "Point", "coordinates": [ 131.671119, 32.54094 ] } },
{ "type": "Feature", "properties": { "ID": 4522450317150, "正式名称": "木谷医院", "機関区分": 2, "都道府県コード": 45, "市区町村コード": 203, "所在地": "宮崎県延岡市南町１丁目２番地１", "緯度": 32.580475, "経度": 131.669248, "url": "https://www.iryou.teikyouseido.mhlw.go.jp/znk-web/juminkanja/S2430/initialize?prefCd=45&kikanCd=2450317150&kikanKbn=2", "url2": null, "内容": "木谷医院【2:診療所】【診療科目:内科_呼吸器内科_循環器内科_消化器内科】宮崎県延岡市南町１丁目２番地１" }, "geometry": { "type": "Point", "coordinates": [ 131.669248, 32.580475 ] } },
{ "type": "Feature", "properties": { "ID": 4522450317280, "正式名称": "医療法人あつきこころ　大貫診療所", "機関区分": 2, "都道府県コード": 45, "市区町村コード": 203, "所在地": "宮崎県延岡市大貫町３丁目７５４番地１", "緯度": 32.572485, "経度": 131.653231, "url": "https://www.iryou.teikyouseido.mhlw.go.jp/znk-web/juminkanja/S2430/initialize?prefCd=45&kikanCd=2450317280&kikanKbn=2", "url2": "http://www.atsukikokoro.com", "内容": "医療法人あつきこころ　大貫診療所【2:診療所】【診療科目:内科_外科】宮崎県延岡市大貫町３丁目７５４番地１" }, "geometry": { "type": "Point", "coordinates": [ 131.653231, 32.572485 ] } },
{ "type": "Feature", "properties": { "ID": 4522450317440, "正式名称": "大貫内科", "機関区分": 2, "都道府県コード": 45, "市区町村コード": 203, "所在地": "宮崎県延岡市大貫町", "緯度": 32.572339, "経度": 131.6518, "url": "https://www.iryou.teikyouseido.mhlw.go.jp/znk-web/juminkanja/S2430/initialize?prefCd=45&kikanCd=2450317440&kikanKbn=2", "url2": null, "内容": "大貫内科【2:診療所】【診療科目:内科_循環器内科_皮膚科_精神科_心療内科_アレルギー科】宮崎県延岡市大貫町" }, "geometry": { "type": "Point", "coordinates": [ 131.6518, 32.572339 ] } },
{ "type": "Feature", "properties": { "ID": 4522450317600, "正式名称": "ひので整形外科リウマチ科", "機関区分": 2, "都道府県コード": 45, "市区町村コード": 203, "所在地": "宮崎県延岡市日の出町１丁目ー５ー６", "緯度": 32.587619, "経度": 131.675981, "url": "https://www.iryou.teikyouseido.mhlw.go.jp/znk-web/juminkanja/S2430/initialize?prefCd=45&kikanCd=2450317600&kikanKbn=2", "url2": "http://hinodeseikei.com", "内容": "ひので整形外科リウマチ科【2:診療所】【診療科目:整形外科_リウマチ科_リハビリテーション科】宮崎県延岡市日の出町１丁目ー５ー６" }, "geometry": { "type": "Point", "coordinates": [ 131.675981, 32.587619 ] } },
{ "type": "Feature", "properties": { "ID": 4522450318030, "正式名称": "さとう耳鼻咽喉科", "機関区分": 2, "都道府県コード": 45, "市区町村コード": 203, "所在地": "宮崎県延岡市岡富町１１６", "緯度": 32.590376, "経度": 131.657989, "url": "https://www.iryou.teikyouseido.mhlw.go.jp/znk-web/juminkanja/S2430/initialize?prefCd=45&kikanCd=2450318030&kikanKbn=2", "url2": null, "内容": "さとう耳鼻咽喉科【2:診療所】【診療科目:耳鼻いんこう科】宮崎県延岡市岡富町１１６" }, "geometry": { "type": "Point", "coordinates": [ 131.657989, 32.590376 ] } },
{ "type": "Feature", "properties": { "ID": 4522450318160, "正式名称": "こもぶち耳鼻咽喉科", "機関区分": 2, "都道府県コード": 45, "市区町村コード": 203, "所在地": "宮崎県延岡市平原町４丁目１４９８番５", "緯度": 32.547573, "経度": 131.675713, "url": "https://www.iryou.teikyouseido.mhlw.go.jp/znk-web/juminkanja/S2430/initialize?prefCd=45&kikanCd=2450318160&kikanKbn=2", "url2": null, "内容": "こもぶち耳鼻咽喉科【2:診療所】【診療科目:耳鼻いんこう科】宮崎県延岡市平原町４丁目１４９８番５" }, "geometry": { "type": "Point", "coordinates": [ 131.675713, 32.547573 ] } },
{ "type": "Feature", "properties": { "ID": 4522450318870, "正式名称": "桜小路クリニック", "機関区分": 2, "都道府県コード": 45, "市区町村コード": 203, "所在地": "宮崎県延岡市桜小路３６０－１３", "緯度": 32.579117, "経度": 131.66287, "url": "https://www.iryou.teikyouseido.mhlw.go.jp/znk-web/juminkanja/S2430/initialize?prefCd=45&kikanCd=2450318870&kikanKbn=2", "url2": "http://sakurakoji-clinic.jp", "内容": "桜小路クリニック【2:診療所】【診療科目:内科_循環器内科】宮崎県延岡市桜小路３６０－１３" }, "geometry": { "type": "Point", "coordinates": [ 131.66287, 32.579117 ] } },
{ "type": "Feature", "properties": { "ID": 4522450318900, "正式名称": "医療法人新緑会　こども予防接種クリニック", "機関区分": 2, "都道府県コード": 45, "市区町村コード": 203, "所在地": "宮崎県延岡市安賀多町４－１－１", "緯度": 32.573612, "経度": 131.668668, "url": "https://www.iryou.teikyouseido.mhlw.go.jp/znk-web/juminkanja/S2430/initialize?prefCd=45&kikanCd=2450318900&kikanKbn=2", "url2": "http://vaccination-clinic.jp/", "内容": "医療法人新緑会　こども予防接種クリニック【2:診療所】【診療科目:新生児皮膚科】宮崎県延岡市安賀多町４－１－１" }, "geometry": { "type": "Point", "coordinates": [ 131.668668, 32.573612 ] } },
{ "type": "Feature", "properties": { "ID": 4522450319200, "正式名称": "医療法人社団　緑永会　くもん整形外科スポーツ・骨関節クリニック", "機関区分": 2, "都道府県コード": 45, "市区町村コード": 203, "所在地": "宮崎県延岡市緑ケ丘二丁目８番１１号", "緯度": 32.556851, "経度": 131.684403, "url": "https://www.iryou.teikyouseido.mhlw.go.jp/znk-web/juminkanja/S2430/initialize?prefCd=45&kikanCd=2450319200&kikanKbn=2", "url2": "https://kumon-ortho.jp/", "内容": "医療法人社団　緑永会　くもん整形外科スポーツ・骨関節クリニック【2:診療所】【診療科目:整形外科_リウマチ科_リハビリテーション科】宮崎県延岡市緑ケ丘二丁目８番１１号" }, "geometry": { "type": "Point", "coordinates": [ 131.684403, 32.556851 ] } },
{ "type": "Feature", "properties": { "ID": 4522450319330, "正式名称": "トトロこどもクリニック", "機関区分": 2, "都道府県コード": 45, "市区町村コード": 203, "所在地": "宮崎県延岡市土々呂町５丁目２０８５番地８", "緯度": 32.5074, "経度": 131.673106, "url": "https://www.iryou.teikyouseido.mhlw.go.jp/znk-web/juminkanja/S2430/initialize?prefCd=45&kikanCd=2450319330&kikanKbn=2", "url2": "https://totoro-kodomo.com", "内容": "トトロこどもクリニック【2:診療所】【診療科目:小児科_小児外科】宮崎県延岡市土々呂町５丁目２０８５番地８" }, "geometry": { "type": "Point", "coordinates": [ 131.673106, 32.5074 ] } },
{ "type": "Feature", "properties": { "ID": 4522450319460, "正式名称": "長沼レディースクリニック", "機関区分": 2, "都道府県コード": 45, "市区町村コード": 203, "所在地": "宮崎県延岡市日の出町２丁目２－３", "緯度": 32.590524, "経度": 131.675171, "url": "https://www.iryou.teikyouseido.mhlw.go.jp/znk-web/juminkanja/S2430/initialize?prefCd=45&kikanCd=2450319460&kikanKbn=2", "url2": "https://naganuma-lc.jp", "内容": "長沼レディースクリニック【2:診療所】【診療科目:内科_婦人科_美容皮膚科】宮崎県延岡市日の出町２丁目２－３" }, "geometry": { "type": "Point", "coordinates": [ 131.675171, 32.590524 ] } },
{ "type": "Feature", "properties": { "ID": 4522450319620, "正式名称": "さの小児科クリニック", "機関区分": 2, "都道府県コード": 45, "市区町村コード": 203, "所在地": "宮崎県延岡市岡富町２０１６番地", "緯度": 32.584506, "経度": 131.656926, "url": "https://www.iryou.teikyouseido.mhlw.go.jp/znk-web/juminkanja/S2430/initialize?prefCd=45&kikanCd=2450319620&kikanKbn=2", "url2": "https://sawa-shonika.jp/", "内容": "さの小児科クリニック【2:診療所】【診療科目:小児科】宮崎県延岡市岡富町２０１６番地" }, "geometry": { "type": "Point", "coordinates": [ 131.656926, 32.584506 ] } },
{ "type": "Feature", "properties": { "ID": 4522450319910, "正式名称": "医療法人社団　照仁会　のべおか中央クリニック", "機関区分": 2, "都道府県コード": 45, "市区町村コード": 203, "所在地": "宮崎県延岡市日の出町一丁目２４番地－１１", "緯度": 32.589812, "経度": 131.675162, "url": "https://www.iryou.teikyouseido.mhlw.go.jp/znk-web/juminkanja/S2430/initialize?prefCd=45&kikanCd=2450319910&kikanKbn=2", "url2": "https://www.nobeoka-chuo.clinic", "内容": "医療法人社団　照仁会　のべおか中央クリニック【2:診療所】【診療科目:内科_循環器内科_腎臓内科】宮崎県延岡市日の出町一丁目２４番地－１１" }, "geometry": { "type": "Point", "coordinates": [ 131.675162, 32.589812 ] } },
{ "type": "Feature", "properties": { "ID": 452245032015, "正式名称": "しおはまクリニック", "機関区分": 2, "都道府県コード": 45, "市区町村コード": 203, "所在地": "宮崎県延岡市塩浜町４－１７１７－６８", "緯度": 32.537742, "経度": 131.674645, "url": "https://www.iryou.teikyouseido.mhlw.go.jp/znk-web/juminkanja/S2430/initialize?prefCd=45&kikanCd=245032015&kikanKbn=2", "url2": null, "内容": "しおはまクリニック【2:診療所】【診療科目:内科_外科】宮崎県延岡市塩浜町４－１７１７－６８" }, "geometry": { "type": "Point", "coordinates": [ 131.674645, 32.537742 ] } },
{ "type": "Feature", "properties": { "ID": 4522450401020, "正式名称": "島田内科胃腸科", "機関区分": 2, "都道府県コード": 45, "市区町村コード": 204, "所在地": "宮崎県日南市園田１−２−１０", "緯度": 31.590036, "経度": 131.399599, "url": "https://www.iryou.teikyouseido.mhlw.go.jp/znk-web/juminkanja/S2430/initialize?prefCd=45&kikanCd=2450401020&kikanKbn=2", "url2": null, "内容": "島田内科胃腸科【2:診療所】【診療科目:内科_呼吸器内科_循環器内科_消化器内科_アレルギー科】宮崎県日南市園田１−２−１０" }, "geometry": { "type": "Point", "coordinates": [ 131.399599, 31.590036 ] } },
{ "type": "Feature", "properties": { "ID": 4522450401150, "正式名称": "医療法人信愛会山見医院", "機関区分": 2, "都道府県コード": 45, "市区町村コード": 204, "所在地": "宮崎県日南市中央通１ー３ー１", "緯度": 31.602501, "経度": 131.379494, "url": "https://www.iryou.teikyouseido.mhlw.go.jp/znk-web/juminkanja/S2430/initialize?prefCd=45&kikanCd=2450401150&kikanKbn=2", "url2": "https://getwell.jp/", "内容": "医療法人信愛会山見医院【2:診療所】【診療科目:小児科】宮崎県日南市中央通１ー３ー１" }, "geometry": { "type": "Point", "coordinates": [ 131.379494, 31.602501 ] } },
{ "type": "Feature", "properties": { "ID": 4522450402580, "正式名称": "藤浦循環器科内科クリニック", "機関区分": 2, "都道府県コード": 45, "市区町村コード": 204, "所在地": "宮崎県日南市中央通１丁目６の１８番地", "緯度": 31.601249, "経度": 131.380753, "url": "https://www.iryou.teikyouseido.mhlw.go.jp/znk-web/juminkanja/S2430/initialize?prefCd=45&kikanCd=2450402580&kikanKbn=2", "url2": null, "内容": "藤浦循環器科内科クリニック【2:診療所】【診療科目:内科_循環器内科】宮崎県日南市中央通１丁目６の１８番地" }, "geometry": { "type": "Point", "coordinates": [ 131.380753, 31.601249 ] } },
{ "type": "Feature", "properties": { "ID": 4522450403330, "正式名称": "日南市初期夜間急病センター", "機関区分": 2, "都道府県コード": 45, "市区町村コード": 204, "所在地": "宮崎県日南市上平野町１丁目１番地１７", "緯度": 31.598374, "経度": 131.381181, "url": "https://www.iryou.teikyouseido.mhlw.go.jp/znk-web/juminkanja/S2430/initialize?prefCd=45&kikanCd=2450403330&kikanKbn=2", "url2": null, "内容": "日南市初期夜間急病センター【2:診療所】【診療科目:内科_小児科】宮崎県日南市上平野町１丁目１番地１７" }, "geometry": { "type": "Point", "coordinates": [ 131.381181, 31.598374 ] } },
{ "type": "Feature", "properties": { "ID": 4522450404470, "正式名称": "医療法人　外山皮膚科", "機関区分": 2, "都道府県コード": 45, "市区町村コード": 204, "所在地": "宮崎県日南市油津２の６の７の２", "緯度": 31.582581, "経度": 131.403827, "url": "https://www.iryou.teikyouseido.mhlw.go.jp/znk-web/juminkanja/S2430/initialize?prefCd=45&kikanCd=2450404470&kikanKbn=2", "url2": null, "内容": "医療法人　外山皮膚科【2:診療所】【診療科目:皮膚科】宮崎県日南市油津２の６の７の２" }, "geometry": { "type": "Point", "coordinates": [ 131.403827, 31.582581 ] } },
{ "type": "Feature", "properties": { "ID": 4522450405350, "正式名称": "南那珂医師会健診センター", "機関区分": 2, "都道府県コード": 45, "市区町村コード": 204, "所在地": "宮崎県日南市上平野町１丁目１番地１７", "緯度": 31.598374, "経度": 131.381181, "url": "https://www.iryou.teikyouseido.mhlw.go.jp/znk-web/juminkanja/S2430/initialize?prefCd=45&kikanCd=2450405350&kikanKbn=2", "url2": null, "内容": "南那珂医師会健診センター【2:診療所】【診療科目:内科_外科_小児科_婦人科】宮崎県日南市上平野町１丁目１番地１７" }, "geometry": { "type": "Point", "coordinates": [ 131.381181, 31.598374 ] } },
{ "type": "Feature", "properties": { "ID": 4522450405480, "正式名称": "津曲小児科医院", "機関区分": 2, "都道府県コード": 45, "市区町村コード": 204, "所在地": "宮崎県日南市戸高１丁目６ー３", "緯度": 31.598466, "経度": 131.378872, "url": "https://www.iryou.teikyouseido.mhlw.go.jp/znk-web/juminkanja/S2430/initialize?prefCd=45&kikanCd=2450405480&kikanKbn=2", "url2": "https://tsumagari-shounika.jp/", "内容": "津曲小児科医院【2:診療所】【診療科目:小児科_アレルギー科】宮崎県日南市戸高１丁目６ー３" }, "geometry": { "type": "Point", "coordinates": [ 131.378872, 31.598466 ] } },
{ "type": "Feature", "properties": { "ID": 4522450405770, "正式名称": "猿渡医院", "機関区分": 2, "都道府県コード": 45, "市区町村コード": 204, "所在地": "宮崎県日南市南郷町東町１３ー５", "緯度": 31.534824, "経度": 131.372451, "url": "https://www.iryou.teikyouseido.mhlw.go.jp/znk-web/juminkanja/S2430/initialize?prefCd=45&kikanCd=2450405770&kikanKbn=2", "url2": null, "内容": "猿渡医院【2:診療所】【診療科目:内科_外科_リハビリテーション科】宮崎県日南市南郷町東町１３ー５" }, "geometry": { "type": "Point", "coordinates": [ 131.372451, 31.534824 ] } },
{ "type": "Feature", "properties": { "ID": 4522450406070, "正式名称": "長鶴医院", "機関区分": 2, "都道府県コード": 45, "市区町村コード": 204, "所在地": "宮崎県日南市中平野１丁目１−１３", "緯度": 31.593577, "経度": 131.387791, "url": "https://www.iryou.teikyouseido.mhlw.go.jp/znk-web/juminkanja/S2430/initialize?prefCd=45&kikanCd=2450406070&kikanKbn=2", "url2": null, "内容": "長鶴医院【2:診療所】【診療科目:精神科_心療内科_老年精神科_老年心療内科_神経発達障害、神経認知障害】宮崎県日南市中平野１丁目１−１３" }, "geometry": { "type": "Point", "coordinates": [ 131.387791, 31.593577 ] } },
{ "type": "Feature", "properties": { "ID": 4522450406230, "正式名称": "大井外科医院", "機関区分": 2, "都道府県コード": 45, "市区町村コード": 204, "所在地": "宮崎県日南市星倉１丁目３番７号", "緯度": 31.627946, "経度": 131.360937, "url": "https://www.iryou.teikyouseido.mhlw.go.jp/znk-web/juminkanja/S2430/initialize?prefCd=45&kikanCd=2450406230&kikanKbn=2", "url2": "https://ooigeka.com", "内容": "大井外科医院【2:診療所】【診療科目:外科】宮崎県日南市星倉１丁目３番７号" }, "geometry": { "type": "Point", "coordinates": [ 131.360937, 31.627946 ] } },
{ "type": "Feature", "properties": { "ID": 4522450406490, "正式名称": "医療法人　修和会　戸倉医院", "機関区分": 2, "都道府県コード": 45, "市区町村コード": 204, "所在地": "宮崎県日南市吾田西１丁目７番１号", "緯度": 31.607476, "経度": 131.374906, "url": "https://www.iryou.teikyouseido.mhlw.go.jp/znk-web/juminkanja/S2430/initialize?prefCd=45&kikanCd=2450406490&kikanKbn=2", "url2": null, "内容": "医療法人　修和会　戸倉医院【2:診療所】【診療科目:内科_腎臓内科】宮崎県日南市吾田西１丁目７番１号" }, "geometry": { "type": "Point", "coordinates": [ 131.374906, 31.607476 ] } },
{ "type": "Feature", "properties": { "ID": 4522450406650, "正式名称": "宮浦診療所", "機関区分": 2, "都道府県コード": 45, "市区町村コード": 204, "所在地": "宮崎県日南市大字宮浦２４３４", "緯度": 31.669849, "経度": 131.450061, "url": "https://www.iryou.teikyouseido.mhlw.go.jp/znk-web/juminkanja/S2430/initialize?prefCd=45&kikanCd=2450406650&kikanKbn=2", "url2": null, "内容": "宮浦診療所【2:診療所】【診療科目:内科】宮崎県日南市大字宮浦２４３４" }, "geometry": { "type": "Point", "coordinates": [ 131.450061, 31.669849 ] } },
{ "type": "Feature", "properties": { "ID": 4522450406940, "正式名称": "新木医院", "機関区分": 2, "都道府県コード": 45, "市区町村コード": 204, "所在地": "宮崎県日南市北郷町郷之原乙４９５６ー１", "緯度": 31.676309, "経度": 131.375693, "url": "https://www.iryou.teikyouseido.mhlw.go.jp/znk-web/juminkanja/S2430/initialize?prefCd=45&kikanCd=2450406940&kikanKbn=2", "url2": null, "内容": "新木医院【2:診療所】【診療科目:内科_麻酔科】宮崎県日南市北郷町郷之原乙４９５６ー１" }, "geometry": { "type": "Point", "coordinates": [ 131.375693, 31.676309 ] } },
{ "type": "Feature", "properties": { "ID": 4522450407080, "正式名称": "長友医院", "機関区分": 2, "都道府県コード": 45, "市区町村コード": 204, "所在地": "宮崎県日南市北郷町郷之原乙１４０３−１", "緯度": 31.679356, "経度": 131.374879, "url": "https://www.iryou.teikyouseido.mhlw.go.jp/znk-web/juminkanja/S2430/initialize?prefCd=45&kikanCd=2450407080&kikanKbn=2", "url2": null, "内容": "長友医院【2:診療所】【診療科目:胃腸内科_外科_リハビリテーション科】宮崎県日南市北郷町郷之原乙１４０３−１" }, "geometry": { "type": "Point", "coordinates": [ 131.374879, 31.679356 ] } },
{ "type": "Feature", "properties": { "ID": 4522450407110, "正式名称": "産婦人科たなかクリニック", "機関区分": 2, "都道府県コード": 45, "市区町村コード": 204, "所在地": "宮崎県日南市園田１丁目１番５号", "緯度": 31.58968, "経度": 131.397906, "url": "https://www.iryou.teikyouseido.mhlw.go.jp/znk-web/juminkanja/S2430/initialize?prefCd=45&kikanCd=2450407110&kikanKbn=2", "url2": "http://www.tanaka-obgyn.jp/", "内容": "産婦人科たなかクリニック【2:診療所】【診療科目:産婦人科】宮崎県日南市園田１丁目１番５号" }, "geometry": { "type": "Point", "coordinates": [ 131.397906, 31.58968 ] } },
{ "type": "Feature", "properties": { "ID": 4522450407240, "正式名称": "医療法人清和会山元クリニック", "機関区分": 2, "都道府県コード": 45, "市区町村コード": 204, "所在地": "宮崎県日南市上平野町２丁目１５−７", "緯度": 31.594705, "経度": 131.387283, "url": "https://www.iryou.teikyouseido.mhlw.go.jp/znk-web/juminkanja/S2430/initialize?prefCd=45&kikanCd=2450407240&kikanKbn=2", "url2": null, "内容": "医療法人清和会山元クリニック【2:診療所】【診療科目:内科_外科_リハビリテーション科】宮崎県日南市上平野町２丁目１５−７" }, "geometry": { "type": "Point", "coordinates": [ 131.387283, 31.594705 ] } },
{ "type": "Feature", "properties": { "ID": 4522450407370, "正式名称": "北村胃腸科眼科", "機関区分": 2, "都道府県コード": 45, "市区町村コード": 204, "所在地": "宮崎県日南市園田２−４−２８", "緯度": 31.589189, "経度": 131.401577, "url": "https://www.iryou.teikyouseido.mhlw.go.jp/znk-web/juminkanja/S2430/initialize?prefCd=45&kikanCd=2450407370&kikanKbn=2", "url2": null, "内容": "北村胃腸科眼科【2:診療所】【診療科目:内科_呼吸器内科_循環器内科_消化器内科_胃腸内科_眼科_リハビリテーション科_放射線科】宮崎県日南市園田２−４−２８" }, "geometry": { "type": "Point", "coordinates": [ 131.401577, 31.589189 ] } },
{ "type": "Feature", "properties": { "ID": 4522450407400, "正式名称": "山口内科クリニック", "機関区分": 2, "都道府県コード": 45, "市区町村コード": 204, "所在地": "宮崎県日南市吾田東９丁目２−２５", "緯度": 31.609895, "経度": 131.377258, "url": "https://www.iryou.teikyouseido.mhlw.go.jp/znk-web/juminkanja/S2430/initialize?prefCd=45&kikanCd=2450407400&kikanKbn=2", "url2": null, "内容": "山口内科クリニック【2:診療所】【診療科目:内科】宮崎県日南市吾田東９丁目２−２５" }, "geometry": { "type": "Point", "coordinates": [ 131.377258, 31.609895 ] } },
{ "type": "Feature", "properties": { "ID": 4522450407790, "正式名称": "川越整形外科", "機関区分": 2, "都道府県コード": 45, "市区町村コード": 204, "所在地": "宮崎県日南市吾田東１１－９－１８", "緯度": 31.616003, "経度": 131.377547, "url": "https://www.iryou.teikyouseido.mhlw.go.jp/znk-web/juminkanja/S2430/initialize?prefCd=45&kikanCd=2450407790&kikanKbn=2", "url2": "http://kawagoe-seikei.jp/", "内容": "川越整形外科【2:診療所】【診療科目:整形外科_リウマチ科_リハビリテーション科】宮崎県日南市吾田東１１－９－１８" }, "geometry": { "type": "Point", "coordinates": [ 131.377547, 31.616003 ] } },
{ "type": "Feature", "properties": { "ID": 4522450407950, "正式名称": "きよひで内科クリニック", "機関区分": 2, "都道府県コード": 45, "市区町村コード": 204, "所在地": "宮崎県日南市戸高１丁目６－１０", "緯度": 31.598469, "経度": 131.377966, "url": "https://www.iryou.teikyouseido.mhlw.go.jp/znk-web/juminkanja/S2430/initialize?prefCd=45&kikanCd=2450407950&kikanKbn=2", "url2": "http://www.kiyohide-naika-clinic.com/", "内容": "きよひで内科クリニック【2:診療所】【診療科目:内科_呼吸器内科_循環器内科_消化器内科_神経内科】宮崎県日南市戸高１丁目６－１０" }, "geometry": { "type": "Point", "coordinates": [ 131.377966, 31.598469 ] } },
{ "type": "Feature", "properties": { "ID": 4522450408380, "正式名称": "中村眼科", "機関区分": 2, "都道府県コード": 45, "市区町村コード": 204, "所在地": "宮崎県日南市吾田東９丁目２番２１号", "緯度": 31.609928, "経度": 131.377008, "url": "https://www.iryou.teikyouseido.mhlw.go.jp/znk-web/juminkanja/S2430/initialize?prefCd=45&kikanCd=2450408380&kikanKbn=2", "url2": null, "内容": "中村眼科【2:診療所】【診療科目:眼科】宮崎県日南市吾田東９丁目２番２１号" }, "geometry": { "type": "Point", "coordinates": [ 131.377008, 31.609928 ] } },
{ "type": "Feature", "properties": { "ID": 4522450408410, "正式名称": "東内科クリニック", "機関区分": 2, "都道府県コード": 45, "市区町村コード": 204, "所在地": "宮崎県日南市上平野町三丁目８番地８", "緯度": 31.594549, "経度": 131.384489, "url": "https://www.iryou.teikyouseido.mhlw.go.jp/znk-web/juminkanja/S2430/initialize?prefCd=45&kikanCd=2450408410&kikanKbn=2", "url2": "http://care-net.biz/45/wajinkai/", "内容": "東内科クリニック【2:診療所】【診療科目:内科】宮崎県日南市上平野町三丁目８番地８" }, "geometry": { "type": "Point", "coordinates": [ 131.384489, 31.594549 ] } },
{ "type": "Feature", "properties": { "ID": 4522450408670, "正式名称": "河野医院", "機関区分": 2, "都道府県コード": 45, "市区町村コード": 204, "所在地": "宮崎県日南市木山１丁目５番１３号", "緯度": 31.589644, "経度": 131.397877, "url": "https://www.iryou.teikyouseido.mhlw.go.jp/znk-web/juminkanja/S2430/initialize?prefCd=45&kikanCd=2450408670&kikanKbn=2", "url2": "http://keiwakai.co.jp", "内容": "河野医院【2:診療所】【診療科目:内科_呼吸器内科_消化器内科_放射線科】宮崎県日南市木山１丁目５番１３号" }, "geometry": { "type": "Point", "coordinates": [ 131.397877, 31.589644 ] } },
{ "type": "Feature", "properties": { "ID": 4522450408960, "正式名称": "にいな内科・循環器科", "機関区分": 2, "都道府県コード": 45, "市区町村コード": 207, "所在地": "宮崎県串間市西方５３２８番地１", "緯度": 31.468586, "経度": 131.227448, "url": "https://www.iryou.teikyouseido.mhlw.go.jp/znk-web/juminkanja/S2430/initialize?prefCd=45&kikanCd=2450408960&kikanKbn=2", "url2": null, "内容": "にいな内科・循環器科【2:診療所】【診療科目:内科_呼吸器内科_循環器内科】宮崎県串間市西方５３２８番地１" }, "geometry": { "type": "Point", "coordinates": [ 131.227448, 31.468586 ] } },
{ "type": "Feature", "properties": { "ID": 4522450409000, "正式名称": "医療法人えとう循環器科・内科", "機関区分": 2, "都道府県コード": 45, "市区町村コード": 204, "所在地": "宮崎県日南市吾田西３丁目７番４３号", "緯度": 31.610706, "経度": 131.37207, "url": "https://www.iryou.teikyouseido.mhlw.go.jp/znk-web/juminkanja/S2430/initialize?prefCd=45&kikanCd=2450409000&kikanKbn=2", "url2": null, "内容": "医療法人えとう循環器科・内科【2:診療所】【診療科目:内科_循環器内科】宮崎県日南市吾田西３丁目７番４３号" }, "geometry": { "type": "Point", "coordinates": [ 131.37207, 31.610706 ] } },
{ "type": "Feature", "properties": { "ID": 4522450409130, "正式名称": "井手胃腸科・肛門科", "機関区分": 2, "都道府県コード": 45, "市区町村コード": 204, "所在地": "宮崎県日南市戸高４丁目２ー２", "緯度": 31.598321, "経度": 131.380583, "url": "https://www.iryou.teikyouseido.mhlw.go.jp/znk-web/juminkanja/S2430/initialize?prefCd=45&kikanCd=2450409130&kikanKbn=2", "url2": null, "内容": "井手胃腸科・肛門科【2:診療所】【診療科目:内科_消化器内科_外科_肛門外科】宮崎県日南市戸高４丁目２ー２" }, "geometry": { "type": "Point", "coordinates": [ 131.380583, 31.598321 ] } },
{ "type": "Feature", "properties": { "ID": 4522450409390, "正式名称": "あげた内科クリニック", "機関区分": 2, "都道府県コード": 45, "市区町村コード": 204, "所在地": "宮崎県日南市星倉５丁目４−１０", "緯度": 31.62042, "経度": 131.373262, "url": "https://www.iryou.teikyouseido.mhlw.go.jp/znk-web/juminkanja/S2430/initialize?prefCd=45&kikanCd=2450409390&kikanKbn=2", "url2": null, "内容": "あげた内科クリニック【2:診療所】【診療科目:内科】宮崎県日南市星倉５丁目４−１０" }, "geometry": { "type": "Point", "coordinates": [ 131.373262, 31.62042 ] } },
{ "type": "Feature", "properties": { "ID": 4522450409420, "正式名称": "井藤耳鼻咽喉科", "機関区分": 2, "都道府県コード": 45, "市区町村コード": 204, "所在地": "宮崎県日南市園田１丁目４番１２号", "緯度": 31.590828, "経度": 131.398837, "url": "https://www.iryou.teikyouseido.mhlw.go.jp/znk-web/juminkanja/S2430/initialize?prefCd=45&kikanCd=2450409420&kikanKbn=2", "url2": null, "内容": "井藤耳鼻咽喉科【2:診療所】【診療科目:耳鼻いんこう科】宮崎県日南市園田１丁目４番１２号" }, "geometry": { "type": "Point", "coordinates": [ 131.398837, 31.590828 ] } },
{ "type": "Feature", "properties": { "ID": 4522450409550, "正式名称": "福岡医院", "機関区分": 2, "都道府県コード": 45, "市区町村コード": 204, "所在地": "宮崎県日南市春日町１ー７", "緯度": 31.585874, "経度": 131.402348, "url": "https://www.iryou.teikyouseido.mhlw.go.jp/znk-web/juminkanja/S2430/initialize?prefCd=45&kikanCd=2450409550&kikanKbn=2", "url2": null, "内容": "福岡医院【2:診療所】【診療科目:内科_循環器内科】宮崎県日南市春日町１ー７" }, "geometry": { "type": "Point", "coordinates": [ 131.402348, 31.585874 ] } },
{ "type": "Feature", "properties": { "ID": 4522450409680, "正式名称": "かわにし脳神経外科", "機関区分": 2, "都道府県コード": 45, "市区町村コード": 204, "所在地": "宮崎県日南市吾田西１丁目８番２０号", "緯度": 31.609542, "経度": 131.37352, "url": "https://www.iryou.teikyouseido.mhlw.go.jp/znk-web/juminkanja/S2430/initialize?prefCd=45&kikanCd=2450409680&kikanKbn=2", "url2": "http://kawanisi0802.byoinnavi.jp/pc/", "内容": "かわにし脳神経外科【2:診療所】【診療科目:神経内科_脳神経外科_リハビリテーション科】宮崎県日南市吾田西１丁目８番２０号" }, "geometry": { "type": "Point", "coordinates": [ 131.37352, 31.609542 ] } },
{ "type": "Feature", "properties": { "ID": 4522450409710, "正式名称": "養護老人ホーム和幸園診療所", "機関区分": 2, "都道府県コード": 45, "市区町村コード": 204, "所在地": "宮崎県日南市大字風田３２００番地", "緯度": 31.599372, "経度": 131.408348, "url": "https://www.iryou.teikyouseido.mhlw.go.jp/znk-web/juminkanja/S2430/initialize?prefCd=45&kikanCd=2450409710&kikanKbn=2", "url2": null, "内容": "養護老人ホーム和幸園診療所【2:診療所】【診療科目:内科】宮崎県日南市大字風田３２００番地" }, "geometry": { "type": "Point", "coordinates": [ 131.408348, 31.599372 ] } },
{ "type": "Feature", "properties": { "ID": 4522450409840, "正式名称": "養護老人ホーム恵老園診療所", "機関区分": 2, "都道府県コード": 45, "市区町村コード": 204, "所在地": "宮崎県日南市南郷町津屋野２５５８番地２", "緯度": 31.537981, "経度": 131.346931, "url": "https://www.iryou.teikyouseido.mhlw.go.jp/znk-web/juminkanja/S2430/initialize?prefCd=45&kikanCd=2450409840&kikanKbn=2", "url2": null, "内容": "養護老人ホーム恵老園診療所【2:診療所】【診療科目:内科】宮崎県日南市南郷町津屋野２５５８番地２" }, "geometry": { "type": "Point", "coordinates": [ 131.346931, 31.537981 ] } },
{ "type": "Feature", "properties": { "ID": 4522450411250, "正式名称": "にちなんファミリークリニック", "機関区分": 2, "都道府県コード": 45, "市区町村コード": 204, "所在地": "宮崎県日南市吾田東１１丁目１０番１号", "緯度": 31.61538, "経度": 131.376835, "url": "https://www.iryou.teikyouseido.mhlw.go.jp/znk-web/juminkanja/S2430/initialize?prefCd=45&kikanCd=2450411250&kikanKbn=2", "url2": "https://www.nichinanfc.com", "内容": "にちなんファミリークリニック【2:診療所】【診療科目:内科_小児科】宮崎県日南市吾田東１１丁目１０番１号" }, "geometry": { "type": "Point", "coordinates": [ 131.376835, 31.61538 ] } },
{ "type": "Feature", "properties": { "ID": 4522450412000, "正式名称": "串間中央クリニック", "機関区分": 2, "都道府県コード": 45, "市区町村コード": 207, "所在地": "宮崎県串間市大字西方６６０１番地１", "緯度": 31.460883, "経度": 131.22757, "url": "https://www.iryou.teikyouseido.mhlw.go.jp/znk-web/juminkanja/S2430/initialize?prefCd=45&kikanCd=2450412000&kikanKbn=2", "url2": null, "内容": "串間中央クリニック【2:診療所】【診療科目:内科_小児科】宮崎県串間市大字西方６６０１番地１" }, "geometry": { "type": "Point", "coordinates": [ 131.22757, 31.460883 ] } },
{ "type": "Feature", "properties": { "ID": 4522450412970, "正式名称": "アイレＨＤクリニック串間", "機関区分": 2, "都道府県コード": 45, "市区町村コード": 207, "所在地": "宮崎県串間市西浜１－５－３", "緯度": 31.453945, "経度": 131.213568, "url": "https://www.iryou.teikyouseido.mhlw.go.jp/znk-web/juminkanja/S2430/initialize?prefCd=45&kikanCd=2450412970&kikanKbn=2", "url2": "https://aire-hd-clinic.conohawing.com/", "内容": "アイレＨＤクリニック串間【2:診療所】【診療科目:内科_人工透析内科】宮崎県串間市西浜１－５－３" }, "geometry": { "type": "Point", "coordinates": [ 131.213568, 31.453945 ] } },
{ "type": "Feature", "properties": { "ID": 4522450413010, "正式名称": "日南こみぞ眼科", "機関区分": 2, "都道府県コード": 45, "市区町村コード": 204, "所在地": "宮崎県日南市星倉１５７２ー１", "緯度": 31.614228, "経度": 131.366714, "url": "https://www.iryou.teikyouseido.mhlw.go.jp/znk-web/juminkanja/S2430/initialize?prefCd=45&kikanCd=2450413010&kikanKbn=2", "url2": "https://komizo-eye.com/", "内容": "日南こみぞ眼科【2:診療所】【診療科目:眼科】宮崎県日南市星倉１５７２ー１" }, "geometry": { "type": "Point", "coordinates": [ 131.366714, 31.614228 ] } },
{ "type": "Feature", "properties": { "ID": 4522450413850, "正式名称": "医療法人愛鍼会　山元医院", "機関区分": 2, "都道府県コード": 45, "市区町村コード": 204, "所在地": "宮崎県日南市中央通１丁目１０番地１５", "緯度": 31.600794, "経度": 131.381432, "url": "https://www.iryou.teikyouseido.mhlw.go.jp/znk-web/juminkanja/S2430/initialize?prefCd=45&kikanCd=2450413850&kikanKbn=2", "url2": "http://aisinkai.com/", "内容": "医療法人愛鍼会　山元医院【2:診療所】【診療科目:内科_脳神経内科_消化器内科_ペインクリニック内科_心療内科_リハビリテーション科_放射線科】宮崎県日南市中央通１丁目１０番地１５" }, "geometry": { "type": "Point", "coordinates": [ 131.381432, 31.600794 ] } },
{ "type": "Feature", "properties": { "ID": 4522450414150, "正式名称": "松田整形外科ペインクリニック", "機関区分": 2, "都道府県コード": 45, "市区町村コード": 204, "所在地": "宮崎県日南市中央通２丁目３番地５", "緯度": 31.603563, "経度": 131.3784, "url": "https://www.iryou.teikyouseido.mhlw.go.jp/znk-web/juminkanja/S2430/initialize?prefCd=45&kikanCd=2450414150&kikanKbn=2", "url2": null, "内容": "松田整形外科ペインクリニック【2:診療所】【診療科目:内科_整形外科_リウマチ科_リハビリテーション科】宮崎県日南市中央通２丁目３番地５" }, "geometry": { "type": "Point", "coordinates": [ 131.3784, 31.603563 ] } },
{ "type": "Feature", "properties": { "ID": 4522450501920, "正式名称": "前田内科医院", "機関区分": 2, "都道府県コード": 45, "市区町村コード": 205, "所在地": "宮崎県小林市細野", "緯度": 31.982947, "経度": 130.975688, "url": "https://www.iryou.teikyouseido.mhlw.go.jp/znk-web/juminkanja/S2430/initialize?prefCd=45&kikanCd=2450501920&kikanKbn=2", "url2": null, "内容": "前田内科医院【2:診療所】【診療科目:内科_循環器内科_消化器内科_外科】宮崎県小林市細野" }, "geometry": { "type": "Point", "coordinates": [ 130.975688, 31.982947 ] } },
{ "type": "Feature", "properties": { "ID": 4522450502510, "正式名称": "医療法人尚生会　上田内科", "機関区分": 2, "都道府県コード": 45, "市区町村コード": 205, "所在地": "宮崎県小林市大字細野１８７７番地５", "緯度": 31.994326, "経度": 130.975496, "url": "https://www.iryou.teikyouseido.mhlw.go.jp/znk-web/juminkanja/S2430/initialize?prefCd=45&kikanCd=2450502510&kikanKbn=2", "url2": null, "内容": "医療法人尚生会　上田内科【2:診療所】【診療科目:内科_循環器内科】宮崎県小林市大字細野１８７７番地５" }, "geometry": { "type": "Point", "coordinates": [ 130.975496, 31.994326 ] } },
{ "type": "Feature", "properties": { "ID": 4522450502640, "正式名称": "医療法人　連理会　和田クリニック", "機関区分": 2, "都道府県コード": 45, "市区町村コード": 205, "所在地": "宮崎県小林市堤３７２７番地１", "緯度": 31.961868, "経度": 131.0045, "url": "https://www.iryou.teikyouseido.mhlw.go.jp/znk-web/juminkanja/S2430/initialize?prefCd=45&kikanCd=2450502640&kikanKbn=2", "url2": "http://www.wada-clinic.or.jp/admin", "内容": "医療法人　連理会　和田クリニック【2:診療所】【診療科目:内科_泌尿器科】宮崎県小林市堤３７２７番地１" }, "geometry": { "type": "Point", "coordinates": [ 131.0045, 31.961868 ] } },
{ "type": "Feature", "properties": { "ID": 4522450505250, "正式名称": "小林市立内山へき地診療所", "機関区分": 2, "都道府県コード": 45, "市区町村コード": 205, "所在地": "宮崎県小林市須木内山５２０３−１", "緯度": 32.002931, "経度": 131.115871, "url": "https://www.iryou.teikyouseido.mhlw.go.jp/znk-web/juminkanja/S2430/initialize?prefCd=45&kikanCd=2450505250&kikanKbn=2", "url2": "http://www.all-souai.or.jp/", "内容": "小林市立内山へき地診療所【2:診療所】【診療科目:内科_外科_消化器外科】宮崎県小林市須木内山５２０３−１" }, "geometry": { "type": "Point", "coordinates": [ 131.115871, 32.002931 ] } },
{ "type": "Feature", "properties": { "ID": 4522450505700, "正式名称": "医療法人　柊山医院", "機関区分": 2, "都道府県コード": 45, "市区町村コード": 205, "所在地": "宮崎県小林市真方１１８番地", "緯度": 31.998325, "経度": 130.975007, "url": "https://www.iryou.teikyouseido.mhlw.go.jp/znk-web/juminkanja/S2430/initialize?prefCd=45&kikanCd=2450505700&kikanKbn=2", "url2": "http://fukiyama.com/", "内容": "医療法人　柊山医院【2:診療所】【診療科目:眼科_耳鼻いんこう科_頭頸部・耳鼻いんこう科_アレルギー科】宮崎県小林市真方１１８番地" }, "geometry": { "type": "Point", "coordinates": [ 130.975007, 31.998325 ] } },
{ "type": "Feature", "properties": { "ID": 4522450506710, "正式名称": "医療法人豊寿会　川井田医院", "機関区分": 2, "都道府県コード": 45, "市区町村コード": 361, "所在地": "宮崎県西諸県郡高原町大字西麓１７３番地３", "緯度": 31.923408, "経度": 131.000543, "url": "https://www.iryou.teikyouseido.mhlw.go.jp/znk-web/juminkanja/S2430/initialize?prefCd=45&kikanCd=2450506710&kikanKbn=2", "url2": "https://kawaidaclinic.com/", "内容": "医療法人豊寿会　川井田医院【2:診療所】【診療科目:内科_消化器内科_外科_肛門外科_リハビリテーション科】宮崎県西諸県郡高原町大字西麓１７３番地３" }, "geometry": { "type": "Point", "coordinates": [ 131.000543, 31.923408 ] } },
{ "type": "Feature", "properties": { "ID": 4522450507140, "正式名称": "ほりファミリークリニック", "機関区分": 2, "都道府県コード": 45, "市区町村コード": 205, "所在地": "宮崎県小林市細野４３６ー１０", "緯度": 31.995192, "経度": 130.971129, "url": "https://www.iryou.teikyouseido.mhlw.go.jp/znk-web/juminkanja/S2430/initialize?prefCd=45&kikanCd=2450507140&kikanKbn=2", "url2": null, "内容": "ほりファミリークリニック【2:診療所】【診療科目:内科_呼吸器内科_循環器内科_消化器内科_外科_消化器外科_乳腺外科_リハビリテーション科】宮崎県小林市細野４３６ー１０" }, "geometry": { "type": "Point", "coordinates": [ 130.971129, 31.995192 ] } },
{ "type": "Feature", "properties": { "ID": 4522450507300, "正式名称": "医療法人和芳会　小林中央眼科", "機関区分": 2, "都道府県コード": 45, "市区町村コード": 205, "所在地": "宮崎県小林市細野５５ー１", "緯度": 31.993951, "経度": 130.982312, "url": "https://www.iryou.teikyouseido.mhlw.go.jp/znk-web/juminkanja/S2430/initialize?prefCd=45&kikanCd=2450507300&kikanKbn=2", "url2": null, "内容": "医療法人和芳会　小林中央眼科【2:診療所】【診療科目:眼科】宮崎県小林市細野５５ー１" }, "geometry": { "type": "Point", "coordinates": [ 130.982312, 31.993951 ] } },
{ "type": "Feature", "properties": { "ID": 4522450507850, "正式名称": "西小林診療所", "機関区分": 2, "都道府県コード": 45, "市区町村コード": 205, "所在地": "宮崎県小林市北西方１２１２", "緯度": 32.011109, "経度": 130.921318, "url": "https://www.iryou.teikyouseido.mhlw.go.jp/znk-web/juminkanja/S2430/initialize?prefCd=45&kikanCd=2450507850&kikanKbn=2", "url2": null, "内容": "西小林診療所【2:診療所】【診療科目:内科_放射線科】宮崎県小林市北西方１２１２" }, "geometry": { "type": "Point", "coordinates": [ 130.921318, 32.011109 ] } },
{ "type": "Feature", "properties": { "ID": 4522450508020, "正式名称": "えびの眼科こだま小児科医院", "機関区分": 2, "都道府県コード": 45, "市区町村コード": 209, "所在地": "宮崎県えびの市大明司１０２３", "緯度": 32.050207, "経度": 130.827933, "url": "https://www.iryou.teikyouseido.mhlw.go.jp/znk-web/juminkanja/S2430/initialize?prefCd=45&kikanCd=2450508020&kikanKbn=2", "url2": null, "内容": "えびの眼科こだま小児科医院【2:診療所】【診療科目:小児科_眼科】宮崎県えびの市大明司１０２３" }, "geometry": { "type": "Point", "coordinates": [ 130.827933, 32.050207 ] } },
{ "type": "Feature", "properties": { "ID": 4522450508860, "正式名称": "えびの整形外科医院", "機関区分": 2, "都道府県コード": 45, "市区町村コード": 209, "所在地": "宮崎県えびの市大字小田１１６９ー１", "緯度": 32.05263, "経度": 130.819162, "url": "https://www.iryou.teikyouseido.mhlw.go.jp/znk-web/juminkanja/S2430/initialize?prefCd=45&kikanCd=2450508860&kikanKbn=2", "url2": null, "内容": "えびの整形外科医院【2:診療所】【診療科目:整形外科_リウマチ科_リハビリテーション科】宮崎県えびの市大字小田１１６９ー１" }, "geometry": { "type": "Point", "coordinates": [ 130.819162, 32.05263 ] } },
{ "type": "Feature", "properties": { "ID": 4522450508990, "正式名称": "若葉クリニック", "機関区分": 2, "都道府県コード": 45, "市区町村コード": 209, "所在地": "宮崎県えびの市杉水流５０−１", "緯度": 32.04681, "経度": 130.872288, "url": "https://www.iryou.teikyouseido.mhlw.go.jp/znk-web/juminkanja/S2430/initialize?prefCd=45&kikanCd=2450508990&kikanKbn=2", "url2": null, "内容": "若葉クリニック【2:診療所】【診療科目:内科_循環器内科_消化器内科_眼科】宮崎県えびの市杉水流５０−１" }, "geometry": { "type": "Point", "coordinates": [ 130.872288, 32.04681 ] } },
{ "type": "Feature", "properties": { "ID": 4522450509030, "正式名称": "医療法人慈裕会　宮崎医院", "機関区分": 2, "都道府県コード": 45, "市区町村コード": 205, "所在地": "宮崎県小林市細野１６１９番地", "緯度": 31.994556, "経度": 130.972585, "url": "https://www.iryou.teikyouseido.mhlw.go.jp/znk-web/juminkanja/S2430/initialize?prefCd=45&kikanCd=2450509030&kikanKbn=2", "url2": null, "内容": "医療法人慈裕会　宮崎医院【2:診療所】【診療科目:内科_消化器内科_皮膚科】宮崎県小林市細野１６１９番地" }, "geometry": { "type": "Point", "coordinates": [ 130.972585, 31.994556 ] } },
{ "type": "Feature", "properties": { "ID": 4522450509160, "正式名称": "井尻眼科医院", "機関区分": 2, "都道府県コード": 45, "市区町村コード": 209, "所在地": "宮崎県えびの市向江２６１", "緯度": 32.048682, "経度": 130.772366, "url": "https://www.iryou.teikyouseido.mhlw.go.jp/znk-web/juminkanja/S2430/initialize?prefCd=45&kikanCd=2450509160&kikanKbn=2", "url2": null, "内容": "井尻眼科医院【2:診療所】【診療科目:眼科】宮崎県えびの市向江２６１" }, "geometry": { "type": "Point", "coordinates": [ 130.772366, 32.048682 ] } },
{ "type": "Feature", "properties": { "ID": 4522450509290, "正式名称": "前田医院", "機関区分": 2, "都道府県コード": 45, "市区町村コード": 209, "所在地": "宮崎県えびの市大字栗下２１８−１", "緯度": 32.042681, "経度": 130.81476, "url": "https://www.iryou.teikyouseido.mhlw.go.jp/znk-web/juminkanja/S2430/initialize?prefCd=45&kikanCd=2450509290&kikanKbn=2", "url2": null, "内容": "前田医院【2:診療所】【診療科目:内科_循環器内科_消化器内科_小児科】宮崎県えびの市大字栗下２１８−１" }, "geometry": { "type": "Point", "coordinates": [ 130.81476, 32.042681 ] } },
{ "type": "Feature", "properties": { "ID": 4522450509320, "正式名称": "医療法人誠洋会　立山整形外科医院", "機関区分": 2, "都道府県コード": 45, "市区町村コード": 205, "所在地": "宮崎県小林市駅南２８１番地", "緯度": 31.964195, "経度": 130.95869, "url": "https://www.iryou.teikyouseido.mhlw.go.jp/znk-web/juminkanja/S2430/initialize?prefCd=45&kikanCd=2450509320&kikanKbn=2", "url2": null, "内容": "医療法人誠洋会　立山整形外科医院【2:診療所】【診療科目:整形外科_リウマチ科_リハビリテーション科】宮崎県小林市駅南２８１番地" }, "geometry": { "type": "Point", "coordinates": [ 130.95869, 31.964195 ] } },
{ "type": "Feature", "properties": { "ID": 4522450509610, "正式名称": "えびのセントロクリニック", "機関区分": 2, "都道府県コード": 45, "市区町村コード": 209, "所在地": "宮崎県えびの市大字上江１００７番地４", "緯度": 32.030791, "経度": 130.855524, "url": "https://www.iryou.teikyouseido.mhlw.go.jp/znk-web/juminkanja/S2430/initialize?prefCd=45&kikanCd=2450509610&kikanKbn=2", "url2": "https://ebinocentro-c.com/", "内容": "えびのセントロクリニック【2:診療所】【診療科目:内科_呼吸器内科_循環器内科_消化器内科_外科_リハビリテーション科】宮崎県えびの市大字上江１００７番地４" }, "geometry": { "type": "Point", "coordinates": [ 130.855524, 32.030791 ] } },
{ "type": "Feature", "properties": { "ID": 4522450509740, "正式名称": "医療法人社団公佑会　丹医院", "機関区分": 2, "都道府県コード": 45, "市区町村コード": 209, "所在地": "宮崎県えびの市大字大河平４３２７番地３７号", "緯度": 32.039695, "経度": 130.912932, "url": "https://www.iryou.teikyouseido.mhlw.go.jp/znk-web/juminkanja/S2430/initialize?prefCd=45&kikanCd=2450509740&kikanKbn=2", "url2": "https://www.kyk.or.jp/", "内容": "医療法人社団公佑会　丹医院【2:診療所】【診療科目:内科_外科_皮膚科】宮崎県えびの市大字大河平４３２７番地３７号" }, "geometry": { "type": "Point", "coordinates": [ 130.912932, 32.039695 ] } },
{ "type": "Feature", "properties": { "ID": 4522450509900, "正式名称": "すわクリニック", "機関区分": 2, "都道府県コード": 45, "市区町村コード": 205, "所在地": "宮崎県小林市南西方８１９８ー１", "緯度": 31.984659, "経度": 130.906243, "url": "https://www.iryou.teikyouseido.mhlw.go.jp/znk-web/juminkanja/S2430/initialize?prefCd=45&kikanCd=2450509900&kikanKbn=2", "url2": null, "内容": "すわクリニック【2:診療所】【診療科目:内科_外科】宮崎県小林市南西方８１９８ー１" }, "geometry": { "type": "Point", "coordinates": [ 130.906243, 31.984659 ] } },
{ "type": "Feature", "properties": { "ID": 4522450510690, "正式名称": "杉原耳鼻咽喉科", "機関区分": 2, "都道府県コード": 45, "市区町村コード": 209, "所在地": "宮崎県えびの市大字原田３２３６番地", "緯度": 32.044424, "経度": 130.86467, "url": "https://www.iryou.teikyouseido.mhlw.go.jp/znk-web/juminkanja/S2430/initialize?prefCd=45&kikanCd=2450510690&kikanKbn=2", "url2": null, "内容": "杉原耳鼻咽喉科【2:診療所】【診療科目:気管食道外科_耳鼻いんこう科_アレルギー科】宮崎県えびの市大字原田３２３６番地" }, "geometry": { "type": "Point", "coordinates": [ 130.86467, 32.044424 ] } },
{ "type": "Feature", "properties": { "ID": 4522450510980, "正式名称": "沖内科・小児科医院", "機関区分": 2, "都道府県コード": 45, "市区町村コード": 205, "所在地": "宮崎県小林市細野５９－８", "緯度": 31.994649, "経度": 130.98212, "url": "https://www.iryou.teikyouseido.mhlw.go.jp/znk-web/juminkanja/S2430/initialize?prefCd=45&kikanCd=2450510980&kikanKbn=2", "url2": null, "内容": "沖内科・小児科医院【2:診療所】【診療科目:内科_小児科】宮崎県小林市細野５９－８" }, "geometry": { "type": "Point", "coordinates": [ 130.98212, 31.994649 ] } },
{ "type": "Feature", "properties": { "ID": 4522450511730, "正式名称": "医療法人聖和会小林泌尿器科クリニック", "機関区分": 2, "都道府県コード": 45, "市区町村コード": 205, "所在地": "宮崎県小林市駅南３０１番地", "緯度": 31.989676, "経度": 130.976885, "url": "https://www.iryou.teikyouseido.mhlw.go.jp/znk-web/juminkanja/S2430/initialize?prefCd=45&kikanCd=2450511730&kikanKbn=2", "url2": null, "内容": "医療法人聖和会小林泌尿器科クリニック【2:診療所】【診療科目:内科_感染症内科_泌尿器科】宮崎県小林市駅南３０１番地" }, "geometry": { "type": "Point", "coordinates": [ 130.976885, 31.989676 ] } },
{ "type": "Feature", "properties": { "ID": 4522450511860, "正式名称": "小林市立　須木診療所", "機関区分": 2, "都道府県コード": 45, "市区町村コード": 205, "所在地": "宮崎県小林市須木下田１２２４番地", "緯度": 32.072004, "経度": 131.075072, "url": "https://www.iryou.teikyouseido.mhlw.go.jp/znk-web/juminkanja/S2430/initialize?prefCd=45&kikanCd=2450511860&kikanKbn=2", "url2": "http://www.all-souai.or.jp/", "内容": "小林市立　須木診療所【2:診療所】【診療科目:内科_外科_消化器外科】宮崎県小林市須木下田１２２４番地" }, "geometry": { "type": "Point", "coordinates": [ 131.075072, 32.072004 ] } },
{ "type": "Feature", "properties": { "ID": 4522450512030, "正式名称": "医療法人社団さつき会　京町温泉クリニック", "機関区分": 2, "都道府県コード": 45, "市区町村コード": 209, "所在地": "宮崎県えびの市大字亀沢３９１ー１", "緯度": 32.037726, "経度": 130.752029, "url": "https://www.iryou.teikyouseido.mhlw.go.jp/znk-web/juminkanja/S2430/initialize?prefCd=45&kikanCd=2450512030&kikanKbn=2", "url2": null, "内容": "医療法人社団さつき会　京町温泉クリニック【2:診療所】【診療科目:内科_循環器内科_胃腸内科_腎臓内科_皮膚科_リハビリテーション科】宮崎県えびの市大字亀沢３９１ー１" }, "geometry": { "type": "Point", "coordinates": [ 130.752029, 32.037726 ] } },
{ "type": "Feature", "properties": { "ID": 4522450512160, "正式名称": "えびの第一クリニック", "機関区分": 2, "都道府県コード": 45, "市区町村コード": 209, "所在地": "宮崎県えびの市大字原田２２３６番地", "緯度": 32.033137, "経度": 130.870444, "url": "https://www.iryou.teikyouseido.mhlw.go.jp/znk-web/juminkanja/S2430/initialize?prefCd=45&kikanCd=2450512160&kikanKbn=2", "url2": "http://care-net.biz/45/ebinodaiichi/", "内容": "えびの第一クリニック【2:診療所】【診療科目:内科_循環器内科_皮膚科】宮崎県えびの市大字原田２２３６番地" }, "geometry": { "type": "Point", "coordinates": [ 130.870444, 32.033137 ] } },
{ "type": "Feature", "properties": { "ID": 4522450512290, "正式名称": "いしざわ循環器内科", "機関区分": 2, "都道府県コード": 45, "市区町村コード": 209, "所在地": "宮崎県えびの市大字原田２１４３ー１", "緯度": 32.028139, "経度": 130.874522, "url": "https://www.iryou.teikyouseido.mhlw.go.jp/znk-web/juminkanja/S2430/initialize?prefCd=45&kikanCd=2450512290&kikanKbn=2", "url2": null, "内容": "いしざわ循環器内科【2:診療所】【診療科目:内科_循環器内科_消化器内科_麻酔科】宮崎県えびの市大字原田２１４３ー１" }, "geometry": { "type": "Point", "coordinates": [ 130.874522, 32.028139 ] } },
{ "type": "Feature", "properties": { "ID": 4522450512320, "正式名称": "ふきやま霧島東麓クリニック", "機関区分": 2, "都道府県コード": 45, "市区町村コード": 361, "所在地": "宮崎県西諸県郡高原町西麓", "緯度": 31.929416, "経度": 131.008065, "url": "https://www.iryou.teikyouseido.mhlw.go.jp/znk-web/juminkanja/S2430/initialize?prefCd=45&kikanCd=2450512320&kikanKbn=2", "url2": "http://fukiyama-cl.byoinnavi.jp/pc", "内容": "ふきやま霧島東麓クリニック【2:診療所】【診療科目:内科_小児科_アレルギー科】宮崎県西諸県郡高原町西麓" }, "geometry": { "type": "Point", "coordinates": [ 131.008065, 31.929416 ] } },
{ "type": "Feature", "properties": { "ID": 4522450512580, "正式名称": "医療法人愛生会くすもと内科クリニック", "機関区分": 2, "都道府県コード": 45, "市区町村コード": 205, "所在地": "宮崎県小林市堤３５１６－３", "緯度": 31.971356, "経度": 131.001134, "url": "https://www.iryou.teikyouseido.mhlw.go.jp/znk-web/juminkanja/S2430/initialize?prefCd=45&kikanCd=2450512580&kikanKbn=2", "url2": null, "内容": "医療法人愛生会くすもと内科クリニック【2:診療所】【診療科目:内科_呼吸器内科_リウマチ科】宮崎県小林市堤３５１６－３" }, "geometry": { "type": "Point", "coordinates": [ 131.001134, 31.971356 ] } },
{ "type": "Feature", "properties": { "ID": 4522450512610, "正式名称": "のなか整形外科", "機関区分": 2, "都道府県コード": 45, "市区町村コード": 209, "所在地": "宮崎県えびの市原田３１８７", "緯度": 32.042193, "経度": 130.865405, "url": "https://www.iryou.teikyouseido.mhlw.go.jp/znk-web/juminkanja/S2430/initialize?prefCd=45&kikanCd=2450512610&kikanKbn=2", "url2": null, "内容": "のなか整形外科【2:診療所】【診療科目:整形外科_リハビリテーション科】宮崎県えびの市原田３１８７" }, "geometry": { "type": "Point", "coordinates": [ 130.865405, 32.042193 ] } },
{ "type": "Feature", "properties": { "ID": 4522450513590, "正式名称": "医療法人　雄信会　よしむら循環器内科クリニック", "機関区分": 2, "都道府県コード": 45, "市区町村コード": 205, "所在地": "宮崎県小林市細野１６０６－１", "緯度": 31.911095, "経度": 131.423893, "url": "https://www.iryou.teikyouseido.mhlw.go.jp/znk-web/juminkanja/S2430/initialize?prefCd=45&kikanCd=2450513590&kikanKbn=2", "url2": "http://yoshimura-junkanki.com/", "内容": "医療法人　雄信会　よしむら循環器内科クリニック【2:診療所】【診療科目:内科_循環器内科_放射線科】宮崎県小林市細野１６０６－１" }, "geometry": { "type": "Point", "coordinates": [ 131.423893, 31.911095 ] } },
{ "type": "Feature", "properties": { "ID": 4522450514500, "正式名称": "特別養護老人ホームミューズの虹高原診療所", "機関区分": 2, "都道府県コード": 45, "市区町村コード": 361, "所在地": "宮崎県西諸県郡高原町広原４９６１ー７", "緯度": 31.927544, "経度": 130.99411, "url": "https://www.iryou.teikyouseido.mhlw.go.jp/znk-web/juminkanja/S2430/initialize?prefCd=45&kikanCd=2450514500&kikanKbn=2", "url2": null, "内容": "特別養護老人ホームミューズの虹高原診療所【2:診療所】【診療科目:内科】宮崎県西諸県郡高原町広原４９６１ー７" }, "geometry": { "type": "Point", "coordinates": [ 130.99411, 31.927544 ] } },
{ "type": "Feature", "properties": { "ID": 4522450515190, "正式名称": "医療法人健風会　槇内視鏡内科医院", "機関区分": 2, "都道府県コード": 45, "市区町村コード": 205, "所在地": "宮崎県小林市真方２４２番地", "緯度": 31.997412, "経度": 130.979975, "url": "https://www.iryou.teikyouseido.mhlw.go.jp/znk-web/juminkanja/S2430/initialize?prefCd=45&kikanCd=2450515190&kikanKbn=2", "url2": null, "内容": "医療法人健風会　槇内視鏡内科医院【2:診療所】【診療科目:糖尿病内科_呼吸器内科_消化器内科_内視鏡内科】宮崎県小林市真方２４２番地" }, "geometry": { "type": "Point", "coordinates": [ 130.979975, 31.997412 ] } },
{ "type": "Feature", "properties": { "ID": 4522450522000, "正式名称": "医療法人芳徳会京町共立クリニック", "機関区分": 2, "都道府県コード": 45, "市区町村コード": 209, "所在地": "宮崎県えびの市⼤字向江５０８番地", "緯度": 32.047645, "経度": 130.770294, "url": "https://www.iryou.teikyouseido.mhlw.go.jp/znk-web/juminkanja/S2430/initialize?prefCd=45&kikanCd=2450522000&kikanKbn=2", "url2": null, "内容": "医療法人芳徳会京町共立クリニック【2:診療所】【診療科目:内科_糖尿病内科_腎臓内科_リハビリテーション科_放射線科】宮崎県えびの市⼤字向江５０８番地" }, "geometry": { "type": "Point", "coordinates": [ 130.770294, 32.047645 ] } },
{ "type": "Feature", "properties": { "ID": 4522450522130, "正式名称": "さんさんクリニック", "機関区分": 2, "都道府県コード": 45, "市区町村コード": 209, "所在地": "宮崎県えびの市大字永山１０５９ー７", "緯度": 32.049857, "経度": 130.807593, "url": "https://www.iryou.teikyouseido.mhlw.go.jp/znk-web/juminkanja/S2430/initialize?prefCd=45&kikanCd=2450522130&kikanKbn=2", "url2": "https://sansan-clinic.tkc.best-hp.jp/", "内容": "さんさんクリニック【2:診療所】【診療科目:内科_精神科_心療内科】宮崎県えびの市大字永山１０５９ー７" }, "geometry": { "type": "Point", "coordinates": [ 130.807593, 32.049857 ] } },
{ "type": "Feature", "properties": { "ID": 4522450524020, "正式名称": "みまつこどもクリニック", "機関区分": 2, "都道府県コード": 45, "市区町村コード": 205, "所在地": "宮崎県小林市堤２３２２番地４", "緯度": 31.973578, "経度": 130.999907, "url": "https://www.iryou.teikyouseido.mhlw.go.jp/znk-web/juminkanja/S2430/initialize?prefCd=45&kikanCd=2450524020&kikanKbn=2", "url2": "https://mimatsu-k-cl.com/", "内容": "みまつこどもクリニック【2:診療所】【診療科目:小児科_アレルギー科】宮崎県小林市堤２３２２番地４" }, "geometry": { "type": "Point", "coordinates": [ 130.999907, 31.973578 ] } },
{ "type": "Feature", "properties": { "ID": 4522450525870, "正式名称": "ひろた内科クリニック", "機関区分": 2, "都道府県コード": 45, "市区町村コード": 205, "所在地": "宮崎県小林市堤２７９２番地２４", "緯度": 31.981891, "経度": 130.993767, "url": "https://www.iryou.teikyouseido.mhlw.go.jp/znk-web/juminkanja/S2430/initialize?prefCd=45&kikanCd=2450525870&kikanKbn=2", "url2": null, "内容": "ひろた内科クリニック【2:診療所】【診療科目:内科_消化器内科_外科_肛門外科_リハビリテーション科】宮崎県小林市堤２７９２番地２４" }, "geometry": { "type": "Point", "coordinates": [ 130.993767, 31.981891 ] } },
{ "type": "Feature", "properties": { "ID": 4522450600100, "正式名称": "医療法人　忠恕会　内田医院", "機関区分": 2, "都道府県コード": 45, "市区町村コード": 401, "所在地": "宮崎県児湯郡高鍋町大字北高鍋７８４番地", "緯度": 32.131113, "経度": 131.509091, "url": "https://www.iryou.teikyouseido.mhlw.go.jp/znk-web/juminkanja/S2430/initialize?prefCd=45&kikanCd=2450600100&kikanKbn=2", "url2": "https://uchida-iin.jp", "内容": "医療法人　忠恕会　内田医院【2:診療所】【診療科目:内科】宮崎県児湯郡高鍋町大字北高鍋７８４番地" }, "geometry": { "type": "Point", "coordinates": [ 131.509091, 32.131113 ] } },
{ "type": "Feature", "properties": { "ID": 4522450600940, "正式名称": "医療法人山仁会山口整形外科", "機関区分": 2, "都道府県コード": 45, "市区町村コード": 401, "所在地": "宮崎県児湯郡高鍋町大字北高鍋３２３５の３", "緯度": 32.125741, "経度": 131.521153, "url": "https://www.iryou.teikyouseido.mhlw.go.jp/znk-web/juminkanja/S2430/initialize?prefCd=45&kikanCd=2450600940&kikanKbn=2", "url2": null, "内容": "医療法人山仁会山口整形外科【2:診療所】【診療科目:整形外科_リハビリテーション科_放射線科】宮崎県児湯郡高鍋町大字北高鍋３２３５の３" }, "geometry": { "type": "Point", "coordinates": [ 131.521153, 32.125741 ] } },
{ "type": "Feature", "properties": { "ID": 4522450601240, "正式名称": "永友慶子小児科", "機関区分": 2, "都道府県コード": 45, "市区町村コード": 401, "所在地": "宮崎県児湯郡高鍋町大字北高鍋１０００番", "緯度": 32.132326, "経度": 131.510054, "url": "https://www.iryou.teikyouseido.mhlw.go.jp/znk-web/juminkanja/S2430/initialize?prefCd=45&kikanCd=2450601240&kikanKbn=2", "url2": null, "内容": "永友慶子小児科【2:診療所】【診療科目:小児科】宮崎県児湯郡高鍋町大字北高鍋１０００番" }, "geometry": { "type": "Point", "coordinates": [ 131.510054, 32.132326 ] } },
{ "type": "Feature", "properties": { "ID": 4522450601400, "正式名称": "医療法人蟻塚クリニック", "機関区分": 2, "都道府県コード": 45, "市区町村コード": 401, "所在地": "宮崎県児湯郡高鍋町北高鍋７８５", "緯度": 32.131665, "経度": 131.508201, "url": "https://www.iryou.teikyouseido.mhlw.go.jp/znk-web/juminkanja/S2430/initialize?prefCd=45&kikanCd=2450601400&kikanKbn=2", "url2": null, "内容": "医療法人蟻塚クリニック【2:診療所】【診療科目:眼科】宮崎県児湯郡高鍋町北高鍋７８５" }, "geometry": { "type": "Point", "coordinates": [ 131.508201, 32.131665 ] } },
{ "type": "Feature", "properties": { "ID": 4522450602250, "正式名称": "喜多医院", "機関区分": 2, "都道府県コード": 45, "市区町村コード": 405, "所在地": "宮崎県児湯郡川南町平田", "緯度": 32.181496, "経度": 131.53853, "url": "https://www.iryou.teikyouseido.mhlw.go.jp/znk-web/juminkanja/S2430/initialize?prefCd=45&kikanCd=2450602250&kikanKbn=2", "url2": null, "内容": "喜多医院【2:診療所】【診療科目:内科_小児科】宮崎県児湯郡川南町平田" }, "geometry": { "type": "Point", "coordinates": [ 131.53853, 32.181496 ] } },
{ "type": "Feature", "properties": { "ID": 4522450603710, "正式名称": "黒木内科医院", "機関区分": 2, "都道府県コード": 45, "市区町村コード": 401, "所在地": "宮崎県児湯郡高鍋町大字北高鍋２６０３番地", "緯度": 32.122213, "経度": 131.520142, "url": "https://www.iryou.teikyouseido.mhlw.go.jp/znk-web/juminkanja/S2430/initialize?prefCd=45&kikanCd=2450603710&kikanKbn=2", "url2": null, "内容": "黒木内科医院【2:診療所】【診療科目:内科_人工透析内科】宮崎県児湯郡高鍋町大字北高鍋２６０３番地" }, "geometry": { "type": "Point", "coordinates": [ 131.520142, 32.122213 ] } },
{ "type": "Feature", "properties": { "ID": 4522450603840, "正式名称": "河野産科婦人科医院", "機関区分": 2, "都道府県コード": 45, "市区町村コード": 401, "所在地": "宮崎県児湯郡高鍋町北高鍋２６０５", "緯度": 32.122227, "経度": 131.519695, "url": "https://www.iryou.teikyouseido.mhlw.go.jp/znk-web/juminkanja/S2430/initialize?prefCd=45&kikanCd=2450603840&kikanKbn=2", "url2": "http://www.kawano-sf.com/", "内容": "河野産科婦人科医院【2:診療所】【診療科目:産科_婦人科】宮崎県児湯郡高鍋町北高鍋２６０５" }, "geometry": { "type": "Point", "coordinates": [ 131.519695, 32.122227 ] } },
{ "type": "Feature", "properties": { "ID": 4522450603970, "正式名称": "社会医療法人善仁会　尾鈴クリニック", "機関区分": 2, "都道府県コード": 45, "市区町村コード": 405, "所在地": "宮崎県児湯郡川南町大字川南１３６８１−１", "緯度": 32.190554, "経度": 131.525946, "url": "https://www.iryou.teikyouseido.mhlw.go.jp/znk-web/juminkanja/S2430/initialize?prefCd=45&kikanCd=2450603970&kikanKbn=2", "url2": "https://www.m-zenjin.or.jp/satellite/osuzu-clinic/about", "内容": "社会医療法人善仁会　尾鈴クリニック【2:診療所】【診療科目:内科_外科_整形外科_眼科】宮崎県児湯郡川南町大字川南１３６８１−１" }, "geometry": { "type": "Point", "coordinates": [ 131.525946, 32.190554 ] } },
{ "type": "Feature", "properties": { "ID": 4522450604270, "正式名称": "川南山口整形外科医院", "機関区分": 2, "都道府県コード": 45, "市区町村コード": 405, "所在地": "宮崎県児湯郡川南町大字川南１３８６４−９６", "緯度": 32.18706, "経度": 131.523716, "url": "https://www.iryou.teikyouseido.mhlw.go.jp/znk-web/juminkanja/S2430/initialize?prefCd=45&kikanCd=2450604270&kikanKbn=2", "url2": null, "内容": "川南山口整形外科医院【2:診療所】【診療科目:整形外科_リウマチ科_リハビリテーション科】宮崎県児湯郡川南町大字川南１３８６４−９６" }, "geometry": { "type": "Point", "coordinates": [ 131.523716, 32.18706 ] } },
{ "type": "Feature", "properties": { "ID": 4522450604560, "正式名称": "崎浜胃腸科医院", "機関区分": 2, "都道府県コード": 45, "市区町村コード": 401, "所在地": "宮崎県児湯郡高鍋町大字上江８０１４", "緯度": 32.136654, "経度": 131.478858, "url": "https://www.iryou.teikyouseido.mhlw.go.jp/znk-web/juminkanja/S2430/initialize?prefCd=45&kikanCd=2450604560&kikanKbn=2", "url2": null, "内容": "崎浜胃腸科医院【2:診療所】【診療科目:内科_消化器内科_外科_消化器外科_肛門外科】宮崎県児湯郡高鍋町大字上江８０１４" }, "geometry": { "type": "Point", "coordinates": [ 131.478858, 32.136654 ] } },
{ "type": "Feature", "properties": { "ID": 4522450604850, "正式名称": "社会医療法人隆徳会　鶴田クリニック", "機関区分": 2, "都道府県コード": 45, "市区町村コード": 208, "所在地": "宮崎県西都市御舟町１丁目５５番地", "緯度": 32.110968, "経度": 131.403644, "url": "https://www.iryou.teikyouseido.mhlw.go.jp/znk-web/juminkanja/S2430/initialize?prefCd=45&kikanCd=2450604850&kikanKbn=2", "url2": "http://www.ryutoku.or.jp/", "内容": "社会医療法人隆徳会　鶴田クリニック【2:診療所】【診療科目:内科_消化器内科_外科_消化器外科_肛門外科_整形外科_皮膚科_泌尿器科_リウマチ科_リハビリテーション科_放射線科】宮崎県西都市御舟町１丁目５５番地" }, "geometry": { "type": "Point", "coordinates": [ 131.403644, 32.110968 ] } },
{ "type": "Feature", "properties": { "ID": 4522450604980, "正式名称": "たかやま小児科", "機関区分": 2, "都道府県コード": 45, "市区町村コード": 401, "所在地": "宮崎県児湯郡高鍋町大字北高鍋４７３２ー８", "緯度": 32.12709, "経度": 131.523397, "url": "https://www.iryou.teikyouseido.mhlw.go.jp/znk-web/juminkanja/S2430/initialize?prefCd=45&kikanCd=2450604980&kikanKbn=2", "url2": "http://stakayama.blog64.fc2.com", "内容": "たかやま小児科【2:診療所】【診療科目:小児科_アレルギー科】宮崎県児湯郡高鍋町大字北高鍋４７３２ー８" }, "geometry": { "type": "Point", "coordinates": [ 131.523397, 32.12709 ] } },
{ "type": "Feature", "properties": { "ID": 4522450605020, "正式名称": "ながとも眼科", "機関区分": 2, "都道府県コード": 45, "市区町村コード": 401, "所在地": "宮崎県児湯郡高鍋町大字北高鍋２５９０ー１", "緯度": 32.121647, "経度": 131.519278, "url": "https://www.iryou.teikyouseido.mhlw.go.jp/znk-web/juminkanja/S2430/initialize?prefCd=45&kikanCd=2450605020&kikanKbn=2", "url2": null, "内容": "ながとも眼科【2:診療所】【診療科目:眼科】宮崎県児湯郡高鍋町大字北高鍋２５９０ー１" }, "geometry": { "type": "Point", "coordinates": [ 131.519278, 32.121647 ] } },
{ "type": "Feature", "properties": { "ID": 4522450605150, "正式名称": "永友胃腸科内科医院", "機関区分": 2, "都道府県コード": 45, "市区町村コード": 401, "所在地": "宮崎県児湯郡高鍋町北高鍋１２４３ー５", "緯度": 32.126768, "経度": 131.512479, "url": "https://www.iryou.teikyouseido.mhlw.go.jp/znk-web/juminkanja/S2430/initialize?prefCd=45&kikanCd=2450605150&kikanKbn=2", "url2": null, "内容": "永友胃腸科内科医院【2:診療所】【診療科目:内科_消化器内科_小児科】宮崎県児湯郡高鍋町北高鍋１２４３ー５" }, "geometry": { "type": "Point", "coordinates": [ 131.512479, 32.126768 ] } },
{ "type": "Feature", "properties": { "ID": 4522450605280, "正式名称": "医療法人社団　のぐち眼科クリニック", "機関区分": 2, "都道府県コード": 45, "市区町村コード": 208, "所在地": "宮崎県西都市妻１６６０ー１", "緯度": 32.105165, "経度": 131.399603, "url": "https://www.iryou.teikyouseido.mhlw.go.jp/znk-web/juminkanja/S2430/initialize?prefCd=45&kikanCd=2450605280&kikanKbn=2", "url2": null, "内容": "医療法人社団　のぐち眼科クリニック【2:診療所】【診療科目:眼科】宮崎県西都市妻１６６０ー１" }, "geometry": { "type": "Point", "coordinates": [ 131.399603, 32.105165 ] } },
{ "type": "Feature", "properties": { "ID": 4522450605310, "正式名称": "北村医院", "機関区分": 2, "都道府県コード": 45, "市区町村コード": 402, "所在地": "宮崎県児湯郡新富町富田", "緯度": 32.069275, "経度": 131.491588, "url": "https://www.iryou.teikyouseido.mhlw.go.jp/znk-web/juminkanja/S2430/initialize?prefCd=45&kikanCd=2450605310&kikanKbn=2", "url2": null, "内容": "北村医院【2:診療所】【診療科目:内科_消化器内科_外科_肛門外科】宮崎県児湯郡新富町富田" }, "geometry": { "type": "Point", "coordinates": [ 131.491588, 32.069275 ] } },
{ "type": "Feature", "properties": { "ID": 4522450605730, "正式名称": "すぎお医院", "機関区分": 2, "都道府県コード": 45, "市区町村コード": 208, "所在地": "宮崎県西都市上町１丁目９４", "緯度": 32.112427, "経度": 131.407396, "url": "https://www.iryou.teikyouseido.mhlw.go.jp/znk-web/juminkanja/S2430/initialize?prefCd=45&kikanCd=2450605730&kikanKbn=2", "url2": null, "内容": "すぎお医院【2:診療所】【診療科目:内科_消化器内科_肛門外科】宮崎県西都市上町１丁目９４" }, "geometry": { "type": "Point", "coordinates": [ 131.407396, 32.112427 ] } },
{ "type": "Feature", "properties": { "ID": 4522450605860, "正式名称": "ながとも医院", "機関区分": 2, "都道府県コード": 45, "市区町村コード": 406, "所在地": "宮崎県児湯郡都農町大字川北５４７９ー２", "緯度": 32.254879, "経度": 131.555116, "url": "https://www.iryou.teikyouseido.mhlw.go.jp/znk-web/juminkanja/S2430/initialize?prefCd=45&kikanCd=2450605860&kikanKbn=2", "url2": null, "内容": "ながとも医院【2:診療所】【診療科目:内科_消化器内科_外科_リハビリテーション科】宮崎県児湯郡都農町大字川北５４７９ー２" }, "geometry": { "type": "Point", "coordinates": [ 131.555116, 32.254879 ] } },
{ "type": "Feature", "properties": { "ID": 4522450606320, "正式名称": "前田医院", "機関区分": 2, "都道府県コード": 45, "市区町村コード": 406, "所在地": "宮崎県児湯郡都農町大字川北４５８９番", "緯度": 32.254304, "経度": 131.560507, "url": "https://www.iryou.teikyouseido.mhlw.go.jp/znk-web/juminkanja/S2430/initialize?prefCd=45&kikanCd=2450606320&kikanKbn=2", "url2": null, "内容": "前田医院【2:診療所】【診療科目:内科_呼吸器内科_循環器内科_消化器内科_外科_肛門外科_リハビリテーション科】宮崎県児湯郡都農町大字川北４５８９番" }, "geometry": { "type": "Point", "coordinates": [ 131.560507, 32.254304 ] } },
{ "type": "Feature", "properties": { "ID": 4522450606580, "正式名称": "富田医院", "機関区分": 2, "都道府県コード": 45, "市区町村コード": 208, "所在地": "宮崎県西都市小野崎２丁目３５番地", "緯度": 32.105437, "経度": 131.404638, "url": "https://www.iryou.teikyouseido.mhlw.go.jp/znk-web/juminkanja/S2430/initialize?prefCd=45&kikanCd=2450606580&kikanKbn=2", "url2": "https://www.tomitaweb.jp", "内容": "富田医院【2:診療所】【診療科目:内科_循環器内科_小児科】宮崎県西都市小野崎２丁目３５番地" }, "geometry": { "type": "Point", "coordinates": [ 131.404638, 32.105437 ] } },
{ "type": "Feature", "properties": { "ID": 4522450606610, "正式名称": "つねよしクリニック", "機関区分": 2, "都道府県コード": 45, "市区町村コード": 406, "所在地": "宮崎県児湯郡都農町大字川北１２２９", "緯度": 32.248569, "経度": 131.560657, "url": "https://www.iryou.teikyouseido.mhlw.go.jp/znk-web/juminkanja/S2430/initialize?prefCd=45&kikanCd=2450606610&kikanKbn=2", "url2": null, "内容": "つねよしクリニック【2:診療所】【診療科目:内科_外科_リハビリテーション科】宮崎県児湯郡都農町大字川北１２２９" }, "geometry": { "type": "Point", "coordinates": [ 131.560657, 32.248569 ] } },
{ "type": "Feature", "properties": { "ID": 4522450606740, "正式名称": "医療法人社団博心会大山脳神経外科クリニック", "機関区分": 2, "都道府県コード": 45, "市区町村コード": 402, "所在地": "宮崎県児湯郡新富町富田１丁目３番地２", "緯度": 32.068695, "経度": 131.489428, "url": "https://www.iryou.teikyouseido.mhlw.go.jp/znk-web/juminkanja/S2430/initialize?prefCd=45&kikanCd=2450606740&kikanKbn=2", "url2": null, "内容": "医療法人社団博心会大山脳神経外科クリニック【2:診療所】【診療科目:脳神経内科_脳神経外科_精神科_心療内科】宮崎県児湯郡新富町富田１丁目３番地２" }, "geometry": { "type": "Point", "coordinates": [ 131.489428, 32.068695 ] } },
{ "type": "Feature", "properties": { "ID": 4522450606900, "正式名称": "東米良診療所", "機関区分": 2, "都道府県コード": 45, "市区町村コード": 208, "所在地": "宮崎県西都市大字中尾字小崎１７１番地９", "緯度": 32.220645, "経度": 131.283005, "url": "https://www.iryou.teikyouseido.mhlw.go.jp/znk-web/juminkanja/S2430/initialize?prefCd=45&kikanCd=2450606900&kikanKbn=2", "url2": null, "内容": "東米良診療所【2:診療所】【診療科目:内科_外科】宮崎県西都市大字中尾字小崎１７１番地９" }, "geometry": { "type": "Point", "coordinates": [ 131.283005, 32.220645 ] } },
{ "type": "Feature", "properties": { "ID": 4522450607330, "正式名称": "国民健康保険西米良診療所", "機関区分": 2, "都道府県コード": 45, "市区町村コード": 403, "所在地": "宮崎県児湯郡西米良村大字村所６６番地１", "緯度": 32.194224, "経度": 131.154473, "url": "https://www.iryou.teikyouseido.mhlw.go.jp/znk-web/juminkanja/S2430/initialize?prefCd=45&kikanCd=2450607330&kikanKbn=2", "url2": null, "内容": "国民健康保険西米良診療所【2:診療所】【診療科目:内科_外科_整形外科_小児科_リハビリテーション科】宮崎県児湯郡西米良村大字村所６６番地１" }, "geometry": { "type": "Point", "coordinates": [ 131.154473, 32.194224 ] } },
{ "type": "Feature", "properties": { "ID": 452245060746, "正式名称": "医療法人　たにはた整形外科", "機関区分": 2, "都道府県コード": 45, "市区町村コード": 402, "所在地": "宮崎県児湯郡新富町富田３丁目５１番地", "緯度": 32.070477, "経度": 131.493775, "url": "https://www.iryou.teikyouseido.mhlw.go.jp/znk-web/juminkanja/S2430/initialize?prefCd=45&kikanCd=245060746&kikanKbn=2", "url2": null, "内容": "医療法人　たにはた整形外科【2:診療所】【診療科目:整形外科_リウマチ科_リハビリテーション科】宮崎県児湯郡新富町富田３丁目５１番地" }, "geometry": { "type": "Point", "coordinates": [ 131.493775, 32.070477 ] } },
{ "type": "Feature", "properties": { "ID": 4522450607750, "正式名称": "中之又へき地出張診療所", "機関区分": 2, "都道府県コード": 45, "市区町村コード": 404, "所在地": "宮崎県児湯郡木城町大字中之又３５１番地１１", "緯度": 32.303755, "経度": 131.330064, "url": "https://www.iryou.teikyouseido.mhlw.go.jp/znk-web/juminkanja/S2430/initialize?prefCd=45&kikanCd=2450607750&kikanKbn=2", "url2": null, "内容": "中之又へき地出張診療所【2:診療所】【診療科目:内科】宮崎県児湯郡木城町大字中之又３５１番地１１" }, "geometry": { "type": "Point", "coordinates": [ 131.330064, 32.303755 ] } },
{ "type": "Feature", "properties": { "ID": 4522450607880, "正式名称": "医療法人やまぐち脳神経外科", "機関区分": 2, "都道府県コード": 45, "市区町村コード": 401, "所在地": "宮崎県児湯郡高鍋町大字北高鍋４７６４ー５", "緯度": 32.128457, "経度": 131.517679, "url": "https://www.iryou.teikyouseido.mhlw.go.jp/znk-web/juminkanja/S2430/initialize?prefCd=45&kikanCd=2450607880&kikanKbn=2", "url2": null, "内容": "医療法人やまぐち脳神経外科【2:診療所】【診療科目:神経内科_脳神経外科_リハビリテーション科】宮崎県児湯郡高鍋町大字北高鍋４７６４ー５" }, "geometry": { "type": "Point", "coordinates": [ 131.517679, 32.128457 ] } },
{ "type": "Feature", "properties": { "ID": 4522450607910, "正式名称": "医療法人おがわクリニック", "機関区分": 2, "都道府県コード": 45, "市区町村コード": 401, "所在地": "宮崎県児湯郡高鍋町蚊口浦６１９９番地６１", "緯度": 32.119608, "経度": 131.531786, "url": "https://www.iryou.teikyouseido.mhlw.go.jp/znk-web/juminkanja/S2430/initialize?prefCd=45&kikanCd=2450607910&kikanKbn=2", "url2": "https://www.ogw-clinic.com/", "内容": "医療法人おがわクリニック【2:診療所】【診療科目:精神科_心療内科】宮崎県児湯郡高鍋町蚊口浦６１９９番地６１" }, "geometry": { "type": "Point", "coordinates": [ 131.531786, 32.119608 ] } },
{ "type": "Feature", "properties": { "ID": 4522450608340, "正式名称": "医療法人野津手・加来内科医院", "機関区分": 2, "都道府県コード": 45, "市区町村コード": 401, "所在地": "宮崎県児湯郡高鍋町大字上江８２５０番地", "緯度": 32.13204, "経度": 131.503558, "url": "https://www.iryou.teikyouseido.mhlw.go.jp/znk-web/juminkanja/S2430/initialize?prefCd=45&kikanCd=2450608340&kikanKbn=2", "url2": "http://notsute-kakunaika.jp/", "内容": "医療法人野津手・加来内科医院【2:診療所】【診療科目:内科_呼吸器内科_消化器内科_放射線科】宮崎県児湯郡高鍋町大字上江８２５０番地" }, "geometry": { "type": "Point", "coordinates": [ 131.503558, 32.13204 ] } },
{ "type": "Feature", "properties": { "ID": 4522450608470, "正式名称": "宇和田胃腸内科", "機関区分": 2, "都道府県コード": 45, "市区町村コード": 208, "所在地": "宮崎県西都市右松１丁目１１番", "緯度": 32.10326, "経度": 131.40895, "url": "https://www.iryou.teikyouseido.mhlw.go.jp/znk-web/juminkanja/S2430/initialize?prefCd=45&kikanCd=2450608470&kikanKbn=2", "url2": null, "内容": "宇和田胃腸内科【2:診療所】【診療科目:内科_消化器内科_放射線科】宮崎県西都市右松１丁目１１番" }, "geometry": { "type": "Point", "coordinates": [ 131.40895, 32.10326 ] } },
{ "type": "Feature", "properties": { "ID": 4522450608760, "正式名称": "上山整形外科クリニック", "機関区分": 2, "都道府県コード": 45, "市区町村コード": 208, "所在地": "宮崎県西都市中央町２ー６１", "緯度": 32.107918, "経度": 131.409083, "url": "https://www.iryou.teikyouseido.mhlw.go.jp/znk-web/juminkanja/S2430/initialize?prefCd=45&kikanCd=2450608760&kikanKbn=2", "url2": "https://shouzankai.or.jp", "内容": "上山整形外科クリニック【2:診療所】【診療科目:内科_整形外科_リウマチ科_リハビリテーション科】宮崎県西都市中央町２ー６１" }, "geometry": { "type": "Point", "coordinates": [ 131.409083, 32.107918 ] } },
{ "type": "Feature", "properties": { "ID": 4522450609060, "正式名称": "おしかわ内科クリニック", "機関区分": 2, "都道府県コード": 45, "市区町村コード": 402, "所在地": "宮崎県児湯郡新富町大字上富田３３３５ー１", "緯度": 32.061633, "経度": 131.485115, "url": "https://www.iryou.teikyouseido.mhlw.go.jp/znk-web/juminkanja/S2430/initialize?prefCd=45&kikanCd=2450609060&kikanKbn=2", "url2": null, "内容": "おしかわ内科クリニック【2:診療所】【診療科目:内科_呼吸器内科_アレルギー疾患内科_アレルギー科】宮崎県児湯郡新富町大字上富田３３３５ー１" }, "geometry": { "type": "Point", "coordinates": [ 131.485115, 32.061633 ] } },
{ "type": "Feature", "properties": { "ID": 4522450609190, "正式名称": "おりたこどもクリニック", "機関区分": 2, "都道府県コード": 45, "市区町村コード": 401, "所在地": "宮崎県児湯郡高鍋町大字上江８２７９", "緯度": 31.911095, "経度": 131.423893, "url": "https://www.iryou.teikyouseido.mhlw.go.jp/znk-web/juminkanja/S2430/initialize?prefCd=45&kikanCd=2450609190&kikanKbn=2", "url2": null, "内容": "おりたこどもクリニック【2:診療所】【診療科目:小児科】宮崎県児湯郡高鍋町大字上江８２７９" }, "geometry": { "type": "Point", "coordinates": [ 131.423893, 31.911095 ] } },
{ "type": "Feature", "properties": { "ID": 4522450609220, "正式名称": "おおやまこどもクリニック", "機関区分": 2, "都道府県コード": 45, "市区町村コード": 402, "所在地": "宮崎県児湯郡新富町富田西２丁目２番１", "緯度": 32.067972, "経度": 131.487105, "url": "https://www.iryou.teikyouseido.mhlw.go.jp/znk-web/juminkanja/S2430/initialize?prefCd=45&kikanCd=2450609220&kikanKbn=2", "url2": "http://oyama-kodomo.com./", "内容": "おおやまこどもクリニック【2:診療所】【診療科目:小児科】宮崎県児湯郡新富町富田西２丁目２番１" }, "geometry": { "type": "Point", "coordinates": [ 131.487105, 32.067972 ] } },
{ "type": "Feature", "properties": { "ID": 4522450609480, "正式名称": "たかなべ耳鼻咽喉科クリニック", "機関区分": 2, "都道府県コード": 45, "市区町村コード": 401, "所在地": "宮崎県児湯郡高鍋町上江８１２７", "緯度": 32.131434, "経度": 131.504362, "url": "https://www.iryou.teikyouseido.mhlw.go.jp/znk-web/juminkanja/S2430/initialize?prefCd=45&kikanCd=2450609480&kikanKbn=2", "url2": "http://takanabe-ent.jellybean.jp/", "内容": "たかなべ耳鼻咽喉科クリニック【2:診療所】【診療科目:気管食道外科_耳鼻いんこう科_アレルギー科】宮崎県児湯郡高鍋町上江８１２７" }, "geometry": { "type": "Point", "coordinates": [ 131.504362, 32.131434 ] } },
{ "type": "Feature", "properties": { "ID": 4522450609640, "正式名称": "久保循環器内科医院", "機関区分": 2, "都道府県コード": 45, "市区町村コード": 208, "所在地": "宮崎県西都市右松", "緯度": 32.098188, "経度": 131.409169, "url": "https://www.iryou.teikyouseido.mhlw.go.jp/znk-web/juminkanja/S2430/initialize?prefCd=45&kikanCd=2450609640&kikanKbn=2", "url2": null, "内容": "久保循環器内科医院【2:診療所】【診療科目:内科_循環器内科】宮崎県西都市右松" }, "geometry": { "type": "Point", "coordinates": [ 131.409169, 32.098188 ] } },
{ "type": "Feature", "properties": { "ID": 4522450609800, "正式名称": "社会医療法人隆徳会　木城クリニック", "機関区分": 2, "都道府県コード": 45, "市区町村コード": 404, "所在地": "宮崎県児湯郡木城町大字高城字高城３８４６番地", "緯度": 32.164869, "経度": 131.470588, "url": "https://www.iryou.teikyouseido.mhlw.go.jp/znk-web/juminkanja/S2430/initialize?prefCd=45&kikanCd=2450609800&kikanKbn=2", "url2": null, "内容": "社会医療法人隆徳会　木城クリニック【2:診療所】【診療科目:内科】宮崎県児湯郡木城町大字高城字高城３８４６番地" }, "geometry": { "type": "Point", "coordinates": [ 131.470588, 32.164869 ] } },
{ "type": "Feature", "properties": { "ID": 4522450631120, "正式名称": "医療法人川原眼科", "機関区分": 2, "都道府県コード": 45, "市区町村コード": 402, "所在地": "宮崎県児湯郡新富町上富田３３４０－１", "緯度": 32.062118, "経度": 131.485145, "url": "https://www.iryou.teikyouseido.mhlw.go.jp/znk-web/juminkanja/S2430/initialize?prefCd=45&kikanCd=2450631120&kikanKbn=2", "url2": "https://kawahara-eyeclinic.com", "内容": "医療法人川原眼科【2:診療所】【診療科目:眼科】宮崎県児湯郡新富町上富田３３４０－１" }, "geometry": { "type": "Point", "coordinates": [ 131.485145, 32.062118 ] } },
{ "type": "Feature", "properties": { "ID": 4522450636590, "正式名称": "新富ひむかクリニック", "機関区分": 2, "都道府県コード": 45, "市区町村コード": 402, "所在地": "宮崎県児湯郡新富町上富田字八反田３３５５", "緯度": 32.062488, "経度": 131.485498, "url": "https://www.iryou.teikyouseido.mhlw.go.jp/znk-web/juminkanja/S2430/initialize?prefCd=45&kikanCd=2450636590&kikanKbn=2", "url2": "https://shintomihimuka.com/", "内容": "新富ひむかクリニック【2:診療所】【診療科目:内科_小児科_皮膚科_泌尿器科】宮崎県児湯郡新富町上富田字八反田３３５５" }, "geometry": { "type": "Point", "coordinates": [ 131.485498, 32.062488 ] } },
{ "type": "Feature", "properties": { "ID": 4522450636750, "正式名称": "医療法人暁星会　三財診療所", "機関区分": 2, "都道府県コード": 45, "市区町村コード": 208, "所在地": "宮崎県西都市下三財３３７８番地", "緯度": 32.060956, "経度": 131.359291, "url": "https://www.iryou.teikyouseido.mhlw.go.jp/znk-web/juminkanja/S2430/initialize?prefCd=45&kikanCd=2450636750&kikanKbn=2", "url2": "https://gyoseikai-med.jp/", "内容": "医療法人暁星会　三財診療所【2:診療所】【診療科目:内科_外科_脳神経外科_小児科_皮膚科_リウマチ科_リハビリテーション科_放射線科_麻酔科】宮崎県西都市下三財３３７８番地" }, "geometry": { "type": "Point", "coordinates": [ 131.359291, 32.060956 ] } },
{ "type": "Feature", "properties": { "ID": 4522450636880, "正式名称": "永友クリニック", "機関区分": 2, "都道府県コード": 45, "市区町村コード": 401, "所在地": "宮崎県児湯郡高鍋町北高鍋１００６", "緯度": 32.131975, "経度": 131.509745, "url": "https://www.iryou.teikyouseido.mhlw.go.jp/znk-web/juminkanja/S2430/initialize?prefCd=45&kikanCd=2450636880&kikanKbn=2", "url2": "nagatomo-clinic-2.jimdosite.com", "内容": "永友クリニック【2:診療所】【診療科目:内科_泌尿器科】宮崎県児湯郡高鍋町北高鍋１００６" }, "geometry": { "type": "Point", "coordinates": [ 131.509745, 32.131975 ] } },
{ "type": "Feature", "properties": { "ID": 4522450801910, "正式名称": "医療法人　秀英会　はなぶさ消化器・内視鏡クリニック", "機関区分": 2, "都道府県コード": 45, "市区町村コード": 207, "所在地": "宮崎県串間市大字奈留５２８４ー３", "緯度": 31.512273, "経度": 131.247142, "url": "https://www.iryou.teikyouseido.mhlw.go.jp/znk-web/juminkanja/S2430/initialize?prefCd=45&kikanCd=2450801910&kikanKbn=2", "url2": "http://www.shueikai.or.jp", "内容": "医療法人　秀英会　はなぶさ消化器・内視鏡クリニック【2:診療所】【診療科目:内科_消化器内科_内視鏡内科】宮崎県串間市大字奈留５２８４ー３" }, "geometry": { "type": "Point", "coordinates": [ 131.247142, 31.512273 ] } },
{ "type": "Feature", "properties": { "ID": 4522450802180, "正式名称": "串間市市木診療所", "機関区分": 2, "都道府県コード": 45, "市区町村コード": 207, "所在地": "宮崎県串間市大字市木２０２６", "緯度": 31.463552, "経度": 131.341922, "url": "https://www.iryou.teikyouseido.mhlw.go.jp/znk-web/juminkanja/S2430/initialize?prefCd=45&kikanCd=2450802180&kikanKbn=2", "url2": "https://www.city.kushima.lg.jp/main/info/cat10/cat7/post-16.html", "内容": "串間市市木診療所【2:診療所】【診療科目:内科】宮崎県串間市大字市木２０２６" }, "geometry": { "type": "Point", "coordinates": [ 131.341922, 31.463552 ] } },
{ "type": "Feature", "properties": { "ID": 4522450802210, "正式名称": "医療法人社団　とめのファミリークリニック", "機関区分": 2, "都道府県コード": 45, "市区町村コード": 207, "所在地": "宮崎県串間市大字都井宮ノ前２１７９番地", "緯度": 31.396579, "経度": 131.306137, "url": "https://www.iryou.teikyouseido.mhlw.go.jp/znk-web/juminkanja/S2430/initialize?prefCd=45&kikanCd=2450802210&kikanKbn=2", "url2": null, "内容": "医療法人社団　とめのファミリークリニック【2:診療所】【診療科目:内科_小児科_精神科_リハビリテーション科】宮崎県串間市大字都井宮ノ前２１７９番地" }, "geometry": { "type": "Point", "coordinates": [ 131.306137, 31.396579 ] } },
{ "type": "Feature", "properties": { "ID": 4522450802340, "正式名称": "みつとめ眼科", "機関区分": 2, "都道府県コード": 45, "市区町村コード": 207, "所在地": "宮崎県串間市大字西方５３９７ー１", "緯度": 31.46765, "経度": 131.227162, "url": "https://www.iryou.teikyouseido.mhlw.go.jp/znk-web/juminkanja/S2430/initialize?prefCd=45&kikanCd=2450802340&kikanKbn=2", "url2": null, "内容": "みつとめ眼科【2:診療所】【診療科目:眼科】宮崎県串間市大字西方５３９７ー１" }, "geometry": { "type": "Point", "coordinates": [ 131.227162, 31.46765 ] } },
{ "type": "Feature", "properties": { "ID": 4522450802470, "正式名称": "のだ小児科医院", "機関区分": 2, "都道府県コード": 45, "市区町村コード": 207, "所在地": "宮崎県串間市大字西方５３３７−３", "緯度": 31.468647, "経度": 131.226914, "url": "https://www.iryou.teikyouseido.mhlw.go.jp/znk-web/juminkanja/S2430/initialize?prefCd=45&kikanCd=2450802470&kikanKbn=2", "url2": null, "内容": "のだ小児科医院【2:診療所】【診療科目:小児科_アレルギー科】宮崎県串間市大字西方５３３７−３" }, "geometry": { "type": "Point", "coordinates": [ 131.226914, 31.468647 ] } },
{ "type": "Feature", "properties": { "ID": 4522450802630, "正式名称": "シロアム内科医院", "機関区分": 2, "都道府県コード": 45, "市区町村コード": 204, "所在地": "宮崎県日南市大字平野３２８番地１", "緯度": 31.599624, "経度": 131.384414, "url": "https://www.iryou.teikyouseido.mhlw.go.jp/znk-web/juminkanja/S2430/initialize?prefCd=45&kikanCd=2450802630&kikanKbn=2", "url2": null, "内容": "シロアム内科医院【2:診療所】【診療科目:内科】宮崎県日南市大字平野３２８番地１" }, "geometry": { "type": "Point", "coordinates": [ 131.384414, 31.599624 ] } },
{ "type": "Feature", "properties": { "ID": 4522450900930, "正式名称": "柳田産婦人科医院", "機関区分": 2, "都道府県コード": 45, "市区町村コード": 206, "所在地": "宮崎県日向市都町１２番５号", "緯度": 32.427113, "経度": 131.625957, "url": "https://www.iryou.teikyouseido.mhlw.go.jp/znk-web/juminkanja/S2430/initialize?prefCd=45&kikanCd=2450900930&kikanKbn=2", "url2": "http://www.cl-yanagita.jp", "内容": "柳田産婦人科医院【2:診療所】【診療科目:産婦人科_婦人科_麻酔科】宮崎県日向市都町１２番５号" }, "geometry": { "type": "Point", "coordinates": [ 131.625957, 32.427113 ] } },
{ "type": "Feature", "properties": { "ID": 4522450901070, "正式名称": "医療法人　洋承会　今給黎医院", "機関区分": 2, "都道府県コード": 45, "市区町村コード": 206, "所在地": "宮崎県日向市財光寺２８６４ー３", "緯度": 32.399913, "経度": 131.625113, "url": "https://www.iryou.teikyouseido.mhlw.go.jp/znk-web/juminkanja/S2430/initialize?prefCd=45&kikanCd=2450901070&kikanKbn=2", "url2": "https://imakiire-hyuga.jp/", "内容": "医療法人　洋承会　今給黎医院【2:診療所】【診療科目:内科_循環器内科】宮崎県日向市財光寺２８６４ー３" }, "geometry": { "type": "Point", "coordinates": [ 131.625113, 32.399913 ] } },
{ "type": "Feature", "properties": { "ID": 4522450901940, "正式名称": "医療法人社団弘文会松岡内科医院", "機関区分": 2, "都道府県コード": 45, "市区町村コード": 206, "所在地": "宮崎県日向市原町１丁目２番２号", "緯度": 32.424691, "経度": 131.629292, "url": "https://www.iryou.teikyouseido.mhlw.go.jp/znk-web/juminkanja/S2430/initialize?prefCd=45&kikanCd=2450901940&kikanKbn=2", "url2": null, "内容": "医療法人社団弘文会松岡内科医院【2:診療所】【診療科目:内科_精神科_心療内科】宮崎県日向市原町１丁目２番２号" }, "geometry": { "type": "Point", "coordinates": [ 131.629292, 32.424691 ] } },
{ "type": "Feature", "properties": { "ID": 4522450904550, "正式名称": "医療法人社団　太平会　大久保外科胃腸科医院", "機関区分": 2, "都道府県コード": 45, "市区町村コード": 206, "所在地": "宮崎県日向市曽根町２丁目９７番地", "緯度": 32.421706, "経度": 131.646616, "url": "https://www.iryou.teikyouseido.mhlw.go.jp/znk-web/juminkanja/S2430/initialize?prefCd=45&kikanCd=2450904550&kikanKbn=2", "url2": null, "内容": "医療法人社団　太平会　大久保外科胃腸科医院【2:診療所】【診療科目:消化器内科_外科_肛門外科_リハビリテーション科_放射線科】宮崎県日向市曽根町２丁目９７番地" }, "geometry": { "type": "Point", "coordinates": [ 131.646616, 32.421706 ] } },
{ "type": "Feature", "properties": { "ID": 4522450905720, "正式名称": "医療法人社団広和会　古賀内科胃腸科", "機関区分": 2, "都道府県コード": 45, "市区町村コード": 206, "所在地": "宮崎県日向市北町１−８６−３", "緯度": 32.43066, "経度": 131.626018, "url": "https://www.iryou.teikyouseido.mhlw.go.jp/znk-web/juminkanja/S2430/initialize?prefCd=45&kikanCd=2450905720&kikanKbn=2", "url2": null, "内容": "医療法人社団広和会　古賀内科胃腸科【2:診療所】【診療科目:内科_消化器内科】宮崎県日向市北町１−８６−３" }, "geometry": { "type": "Point", "coordinates": [ 131.626018, 32.43066 ] } },
{ "type": "Feature", "properties": { "ID": 4522450906570, "正式名称": "医療法人おざきメディカルアソシエイツ　日向診療所　尾﨑眼科", "機関区分": 2, "都道府県コード": 45, "市区町村コード": 206, "所在地": "宮崎県日向市亀崎１丁目１５番地", "緯度": 32.430444, "経度": 131.629248, "url": "https://www.iryou.teikyouseido.mhlw.go.jp/znk-web/juminkanja/S2430/initialize?prefCd=45&kikanCd=2450906570&kikanKbn=2", "url2": "http://www.ozaki-ganka.jp", "内容": "医療法人おざきメディカルアソシエイツ　日向診療所　尾﨑眼科【2:診療所】【診療科目:眼科】宮崎県日向市亀崎１丁目１５番地" }, "geometry": { "type": "Point", "coordinates": [ 131.629248, 32.430444 ] } },
{ "type": "Feature", "properties": { "ID": 4522450906600, "正式名称": "大平整形外科内科医院", "機関区分": 2, "都道府県コード": 45, "市区町村コード": 206, "所在地": "宮崎県日向市都町１５番３０号", "緯度": 32.427527, "経度": 131.626976, "url": "https://www.iryou.teikyouseido.mhlw.go.jp/znk-web/juminkanja/S2430/initialize?prefCd=45&kikanCd=2450906600&kikanKbn=2", "url2": "http://dr-ohira.jp", "内容": "大平整形外科内科医院【2:診療所】【診療科目:内科_整形外科_リウマチ科_リハビリテーション科】宮崎県日向市都町１５番３０号" }, "geometry": { "type": "Point", "coordinates": [ 131.626976, 32.427527 ] } },
{ "type": "Feature", "properties": { "ID": 4522450907900, "正式名称": "医療法人天生堂　天生堂医院", "機関区分": 2, "都道府県コード": 45, "市区町村コード": 206, "所在地": "宮崎県日向市亀崎西１ー２５", "緯度": 32.439395, "経度": 131.628767, "url": "https://www.iryou.teikyouseido.mhlw.go.jp/znk-web/juminkanja/S2430/initialize?prefCd=45&kikanCd=2450907900&kikanKbn=2", "url2": "http://www.tenseidou.jp", "内容": "医療法人天生堂　天生堂医院【2:診療所】【診療科目:内科_整形外科_リハビリテーション科_麻酔科】宮崎県日向市亀崎西１ー２５" }, "geometry": { "type": "Point", "coordinates": [ 131.628767, 32.439395 ] } },
{ "type": "Feature", "properties": { "ID": 4522450908170, "正式名称": "家村内科", "機関区分": 2, "都道府県コード": 45, "市区町村コード": 206, "所在地": "宮崎県日向市財光寺１０５６番地１", "緯度": 32.40546, "経度": 131.633046, "url": "https://www.iryou.teikyouseido.mhlw.go.jp/znk-web/juminkanja/S2430/initialize?prefCd=45&kikanCd=2450908170&kikanKbn=2", "url2": "https://hyuga-ishikai.jp/pages/55/", "内容": "家村内科【2:診療所】【診療科目:内科_循環器内科_腎臓内科】宮崎県日向市財光寺１０５６番地１" }, "geometry": { "type": "Point", "coordinates": [ 131.633046, 32.40546 ] } },
{ "type": "Feature", "properties": { "ID": 4522450909050, "正式名称": "みずのメンタルクリニック", "機関区分": 2, "都道府県コード": 45, "市区町村コード": 206, "所在地": "宮崎県日向市北町１丁目２番地", "緯度": 32.427862, "経度": 131.627026, "url": "https://www.iryou.teikyouseido.mhlw.go.jp/znk-web/juminkanja/S2430/initialize?prefCd=45&kikanCd=2450909050&kikanKbn=2", "url2": null, "内容": "みずのメンタルクリニック【2:診療所】【診療科目:精神科_心療内科】宮崎県日向市北町１丁目２番地" }, "geometry": { "type": "Point", "coordinates": [ 131.627026, 32.427862 ] } },
{ "type": "Feature", "properties": { "ID": 4522450909180, "正式名称": "萩原眼科門川分院", "機関区分": 2, "都道府県コード": 45, "市区町村コード": 421, "所在地": "宮崎県東臼杵郡門川町東栄町１−５−１１", "緯度": 32.475945, "経度": 131.650489, "url": "https://www.iryou.teikyouseido.mhlw.go.jp/znk-web/juminkanja/S2430/initialize?prefCd=45&kikanCd=2450909180&kikanKbn=2", "url2": null, "内容": "萩原眼科門川分院【2:診療所】【診療科目:眼科】宮崎県東臼杵郡門川町東栄町１−５−１１" }, "geometry": { "type": "Point", "coordinates": [ 131.650489, 32.475945 ] } },
{ "type": "Feature", "properties": { "ID": 4522450912470, "正式名称": "青柳内科循環器科", "機関区分": 2, "都道府県コード": 45, "市区町村コード": 206, "所在地": "宮崎県日向市東郷町山陰辛２４１番地１", "緯度": 32.391336, "経度": 131.513931, "url": "https://www.iryou.teikyouseido.mhlw.go.jp/znk-web/juminkanja/S2430/initialize?prefCd=45&kikanCd=2450912470&kikanKbn=2", "url2": null, "内容": "青柳内科循環器科【2:診療所】【診療科目:内科_循環器内科】宮崎県日向市東郷町山陰辛２４１番地１" }, "geometry": { "type": "Point", "coordinates": [ 131.513931, 32.391336 ] } },
{ "type": "Feature", "properties": { "ID": 4522450913220, "正式名称": "医療法人正美会　柴尾医院", "機関区分": 2, "都道府県コード": 45, "市区町村コード": 421, "所在地": "宮崎県東臼杵郡門川町南町２丁目２０番地２", "緯度": 32.461013, "経度": 131.645859, "url": "https://www.iryou.teikyouseido.mhlw.go.jp/znk-web/juminkanja/S2430/initialize?prefCd=45&kikanCd=2450913220&kikanKbn=2", "url2": null, "内容": "医療法人正美会　柴尾医院【2:診療所】【診療科目:内科_糖尿病内科_内分泌内科】宮崎県東臼杵郡門川町南町２丁目２０番地２" }, "geometry": { "type": "Point", "coordinates": [ 131.645859, 32.461013 ] } },
{ "type": "Feature", "properties": { "ID": 4522450913480, "正式名称": "長田整形外科", "機関区分": 2, "都道府県コード": 45, "市区町村コード": 421, "所在地": "宮崎県東臼杵郡門川町中須３丁目３２番地３", "緯度": 32.468134, "経度": 131.649858, "url": "https://www.iryou.teikyouseido.mhlw.go.jp/znk-web/juminkanja/S2430/initialize?prefCd=45&kikanCd=2450913480&kikanKbn=2", "url2": null, "内容": "長田整形外科【2:診療所】【診療科目:整形外科_リウマチ科_リハビリテーション科】宮崎県東臼杵郡門川町中須３丁目３２番地３" }, "geometry": { "type": "Point", "coordinates": [ 131.649858, 32.468134 ] } },
{ "type": "Feature", "properties": { "ID": 4522450913510, "正式名称": "医療法人　ふくろう会　森迫胃腸科内科", "機関区分": 2, "都道府県コード": 45, "市区町村コード": 421, "所在地": "宮崎県東臼杵郡門川町須賀崎１丁目４０−１", "緯度": 32.487008, "経度": 131.667737, "url": "https://www.iryou.teikyouseido.mhlw.go.jp/znk-web/juminkanja/S2430/initialize?prefCd=45&kikanCd=2450913510&kikanKbn=2", "url2": "http://dr-morisako.com/", "内容": "医療法人　ふくろう会　森迫胃腸科内科【2:診療所】【診療科目:内科_消化器内科】宮崎県東臼杵郡門川町須賀崎１丁目４０−１" }, "geometry": { "type": "Point", "coordinates": [ 131.667737, 32.487008 ] } },
{ "type": "Feature", "properties": { "ID": 4522450915790, "正式名称": "たけなか耳鼻咽喉科", "機関区分": 2, "都道府県コード": 45, "市区町村コード": 206, "所在地": "宮崎県日向市日知屋７６２４番地２", "緯度": 32.425333, "経度": 131.643757, "url": "https://www.iryou.teikyouseido.mhlw.go.jp/znk-web/juminkanja/S2430/initialize?prefCd=45&kikanCd=2450915790&kikanKbn=2", "url2": "http://www.mimitake-ent.com/", "内容": "たけなか耳鼻咽喉科【2:診療所】【診療科目:耳鼻いんこう科_心療耳鼻咽喉科】宮崎県日向市日知屋７６２４番地２" }, "geometry": { "type": "Point", "coordinates": [ 131.643757, 32.425333 ] } },
{ "type": "Feature", "properties": { "ID": 4522450916090, "正式名称": "日向市初期救急診療所", "機関区分": 2, "都道府県コード": 45, "市区町村コード": 206, "所在地": "宮崎県日向市北町２丁目１０番地", "緯度": 32.431448, "経度": 131.627262, "url": "https://www.iryou.teikyouseido.mhlw.go.jp/znk-web/juminkanja/S2430/initialize?prefCd=45&kikanCd=2450916090&kikanKbn=2", "url2": null, "内容": "日向市初期救急診療所【2:診療所】【診療科目:内科_外科】宮崎県日向市北町２丁目１０番地" }, "geometry": { "type": "Point", "coordinates": [ 131.627262, 32.431448 ] } },
{ "type": "Feature", "properties": { "ID": 4522450919860, "正式名称": "国民健康保険諸塚診療所", "機関区分": 2, "都道府県コード": 45, "市区町村コード": 429, "所在地": "宮崎県東臼杵郡諸塚村家代３０６３番地", "緯度": 32.51024, "経度": 131.33121, "url": "https://www.iryou.teikyouseido.mhlw.go.jp/znk-web/juminkanja/S2430/initialize?prefCd=45&kikanCd=2450919860&kikanKbn=2", "url2": "https://www.vill.morotsuka.miyazaki.jp/", "内容": "国民健康保険諸塚診療所【2:診療所】【診療科目:内科_外科】宮崎県東臼杵郡諸塚村家代３０６３番地" }, "geometry": { "type": "Point", "coordinates": [ 131.33121, 32.51024 ] } },
{ "type": "Feature", "properties": { "ID": 4522450919990, "正式名称": "医療法人やまうち泌尿器科内科", "機関区分": 2, "都道府県コード": 45, "市区町村コード": 206, "所在地": "宮崎県日向市北町", "緯度": 32.429413, "経度": 131.626545, "url": "https://www.iryou.teikyouseido.mhlw.go.jp/znk-web/juminkanja/S2430/initialize?prefCd=45&kikanCd=2450919990&kikanKbn=2", "url2": null, "内容": "医療法人やまうち泌尿器科内科【2:診療所】【診療科目:内科_小児泌尿器科_泌尿器科_男性泌尿器科】宮崎県日向市北町" }, "geometry": { "type": "Point", "coordinates": [ 131.626545, 32.429413 ] } },
{ "type": "Feature", "properties": { "ID": 4522450929830, "正式名称": "ながみね皮膚科", "機関区分": 2, "都道府県コード": 45, "市区町村コード": 206, "所在地": "宮崎県日向市春原町１丁目３５番地", "緯度": 32.423361, "経度": 131.622981, "url": "https://www.iryou.teikyouseido.mhlw.go.jp/znk-web/juminkanja/S2430/initialize?prefCd=45&kikanCd=2450929830&kikanKbn=2", "url2": null, "内容": "ながみね皮膚科【2:診療所】【診療科目:皮膚科】宮崎県日向市春原町１丁目３５番地" }, "geometry": { "type": "Point", "coordinates": [ 131.622981, 32.423361 ] } },
{ "type": "Feature", "properties": { "ID": 4522450930360, "正式名称": "にいな鶴町クリニック", "機関区分": 2, "都道府県コード": 45, "市区町村コード": 206, "所在地": "宮崎県日向市鶴町１丁目６番８号", "緯度": 32.426103, "経度": 131.629629, "url": "https://www.iryou.teikyouseido.mhlw.go.jp/znk-web/juminkanja/S2430/initialize?prefCd=45&kikanCd=2450930360&kikanKbn=2", "url2": "https://niina-cl.jp", "内容": "にいな鶴町クリニック【2:診療所】【診療科目:循環器内科_血管外科_循環器外科_心臓血管外科】宮崎県日向市鶴町１丁目６番８号" }, "geometry": { "type": "Point", "coordinates": [ 131.629629, 32.426103 ] } },
{ "type": "Feature", "properties": { "ID": 4522450931950, "正式名称": "なおの耳鼻咽喉科", "機関区分": 2, "都道府県コード": 45, "市区町村コード": 206, "所在地": "宮崎県日向市大字財光寺３４３８番", "緯度": 32.401358, "経度": 131.625277, "url": "https://www.iryou.teikyouseido.mhlw.go.jp/znk-web/juminkanja/S2430/initialize?prefCd=45&kikanCd=2450931950&kikanKbn=2", "url2": "http://naono-jibika.jp/", "内容": "なおの耳鼻咽喉科【2:診療所】【診療科目:耳鼻いんこう科】宮崎県日向市大字財光寺３４３８番" }, "geometry": { "type": "Point", "coordinates": [ 131.625277, 32.401358 ] } },
{ "type": "Feature", "properties": { "ID": 4522450936290, "正式名称": "医療法人仁徳会　渡辺産婦人科", "機関区分": 2, "都道府県コード": 45, "市区町村コード": 206, "所在地": "宮崎県日向市大字平岩７１８番地", "緯度": 32.368661, "経度": 131.627051, "url": "https://www.iryou.teikyouseido.mhlw.go.jp/znk-web/juminkanja/S2430/initialize?prefCd=45&kikanCd=2450936290&kikanKbn=2", "url2": "https://watanabehospital.jp/", "内容": "医療法人仁徳会　渡辺産婦人科【2:診療所】【診療科目:産婦人科】宮崎県日向市大字平岩７１８番地" }, "geometry": { "type": "Point", "coordinates": [ 131.627051, 32.368661 ] } },
{ "type": "Feature", "properties": { "ID": 4522450941180, "正式名称": "日向たかいしクリニック", "機関区分": 2, "都道府県コード": 45, "市区町村コード": 206, "所在地": "宮崎県日向市春原町１丁目３８番地", "緯度": 32.423769, "経度": 131.623084, "url": "https://www.iryou.teikyouseido.mhlw.go.jp/znk-web/juminkanja/S2430/initialize?prefCd=45&kikanCd=2450941180&kikanKbn=2", "url2": "https://takaishi.org/", "内容": "日向たかいしクリニック【2:診療所】【診療科目:内科】宮崎県日向市春原町１丁目３８番地" }, "geometry": { "type": "Point", "coordinates": [ 131.623084, 32.423769 ] } },
{ "type": "Feature", "properties": { "ID": 4522451001140, "正式名称": "西都市へき地巡回診療所", "機関区分": 2, "都道府県コード": 45, "市区町村コード": 208, "所在地": "宮崎県西都市聖陵町２丁目１番地", "緯度": 32.108554, "経度": 131.401202, "url": "https://www.iryou.teikyouseido.mhlw.go.jp/znk-web/juminkanja/S2430/initialize?prefCd=45&kikanCd=2451001140&kikanKbn=2", "url2": null, "内容": "西都市へき地巡回診療所【2:診療所】【診療科目:内科_外科】宮崎県西都市聖陵町２丁目１番地" }, "geometry": { "type": "Point", "coordinates": [ 131.401202, 32.108554 ] } },
{ "type": "Feature", "properties": { "ID": 4522451001270, "正式名称": "西都市立銀鏡診療所", "機関区分": 2, "都道府県コード": 45, "市区町村コード": 208, "所在地": "宮崎県西都市銀鏡中島９６番地５", "緯度": 32.28088, "経度": 131.255384, "url": "https://www.iryou.teikyouseido.mhlw.go.jp/znk-web/juminkanja/S2430/initialize?prefCd=45&kikanCd=2451001270&kikanKbn=2", "url2": null, "内容": "西都市立銀鏡診療所【2:診療所】【診療科目:内科_外科】宮崎県西都市銀鏡中島９６番地５" }, "geometry": { "type": "Point", "coordinates": [ 131.255384, 32.28088 ] } },
{ "type": "Feature", "properties": { "ID": 4522451001690, "正式名称": "上野医院", "機関区分": 2, "都道府県コード": 45, "市区町村コード": 208, "所在地": "宮崎県西都市大字鹿野田５５７９番地１", "緯度": 32.055825, "経度": 131.38172, "url": "https://www.iryou.teikyouseido.mhlw.go.jp/znk-web/juminkanja/S2430/initialize?prefCd=45&kikanCd=2451001690&kikanKbn=2", "url2": null, "内容": "上野医院【2:診療所】【診療科目:内科_人工透析内科】宮崎県西都市大字鹿野田５５７９番地１" }, "geometry": { "type": "Point", "coordinates": [ 131.38172, 32.055825 ] } },
{ "type": "Feature", "properties": { "ID": 4522451003290, "正式名称": "医療法人社団黒木胃腸科医院", "機関区分": 2, "都道府県コード": 45, "市区町村コード": 208, "所在地": "宮崎県西都市聖陵町２丁目１１番地", "緯度": 32.108184, "経度": 131.402244, "url": "https://www.iryou.teikyouseido.mhlw.go.jp/znk-web/juminkanja/S2430/initialize?prefCd=45&kikanCd=2451003290&kikanKbn=2", "url2": null, "内容": "医療法人社団黒木胃腸科医院【2:診療所】【診療科目:内科_消化器内科_胃腸内科】宮崎県西都市聖陵町２丁目１１番地" }, "geometry": { "type": "Point", "coordinates": [ 131.402244, 32.108184 ] } },
{ "type": "Feature", "properties": { "ID": 4522451003610, "正式名称": "佐藤クリニック", "機関区分": 2, "都道府県コード": 45, "市区町村コード": 208, "所在地": "宮崎県西都市妻町３丁目１２８番地", "緯度": 32.111554, "経度": 131.407466, "url": "https://www.iryou.teikyouseido.mhlw.go.jp/znk-web/juminkanja/S2430/initialize?prefCd=45&kikanCd=2451003610&kikanKbn=2", "url2": null, "内容": "佐藤クリニック【2:診療所】【診療科目:内科_性感染症内科_腎臓内科_泌尿器科_男性泌尿器科】宮崎県西都市妻町３丁目１２８番地" }, "geometry": { "type": "Point", "coordinates": [ 131.407466, 32.111554 ] } },
{ "type": "Feature", "properties": { "ID": 4522451003870, "正式名称": "医療法人社団児玉内科クリニック", "機関区分": 2, "都道府県コード": 45, "市区町村コード": 208, "所在地": "宮崎県西都市大字三宅２９４９", "緯度": 32.097077, "経度": 131.399778, "url": "https://www.iryou.teikyouseido.mhlw.go.jp/znk-web/juminkanja/S2430/initialize?prefCd=45&kikanCd=2451003870&kikanKbn=2", "url2": null, "内容": "医療法人社団児玉内科クリニック【2:診療所】【診療科目:内科】宮崎県西都市大字三宅２９４９" }, "geometry": { "type": "Point", "coordinates": [ 131.399778, 32.097077 ] } },
{ "type": "Feature", "properties": { "ID": 4522451003900, "正式名称": "児玉医院", "機関区分": 2, "都道府県コード": 45, "市区町村コード": 402, "所在地": "宮崎県児湯郡新富町富田三丁目６番地３", "緯度": 32.071368, "経度": 131.492291, "url": "https://www.iryou.teikyouseido.mhlw.go.jp/znk-web/juminkanja/S2430/initialize?prefCd=45&kikanCd=2451003900&kikanKbn=2", "url2": null, "内容": "児玉医院【2:診療所】【診療科目:内科_呼吸器内科_循環器内科_消化器内科_小児科_リハビリテーション科_放射線科】宮崎県児湯郡新富町富田三丁目６番地３" }, "geometry": { "type": "Point", "coordinates": [ 131.492291, 32.071368 ] } },
{ "type": "Feature", "properties": { "ID": 4522451004170, "正式名称": "西都児玉眼科", "機関区分": 2, "都道府県コード": 45, "市区町村コード": 208, "所在地": "宮崎県西都市御舟町１丁目５番地", "緯度": 32.112714, "経度": 131.403524, "url": "https://www.iryou.teikyouseido.mhlw.go.jp/znk-web/juminkanja/S2430/initialize?prefCd=45&kikanCd=2451004170&kikanKbn=2", "url2": null, "内容": "西都児玉眼科【2:診療所】【診療科目:眼科_眼科】宮崎県西都市御舟町１丁目５番地" }, "geometry": { "type": "Point", "coordinates": [ 131.403524, 32.112714 ] } },
{ "type": "Feature", "properties": { "ID": 4522451004620, "正式名称": "いわみ小児科医院", "機関区分": 2, "都道府県コード": 45, "市区町村コード": 208, "所在地": "宮崎県西都市妻", "緯度": 32.107162, "経度": 131.400533, "url": "https://www.iryou.teikyouseido.mhlw.go.jp/znk-web/juminkanja/S2430/initialize?prefCd=45&kikanCd=2451004620&kikanKbn=2", "url2": null, "内容": "いわみ小児科医院【2:診療所】【診療科目:小児科】宮崎県西都市妻" }, "geometry": { "type": "Point", "coordinates": [ 131.400533, 32.107162 ] } },
{ "type": "Feature", "properties": { "ID": 4522451005050, "正式名称": "小村医院", "機関区分": 2, "都道府県コード": 45, "市区町村コード": 402, "所在地": "宮崎県児湯郡新富町大字新田４８１番地１", "緯度": 32.06437, "経度": 131.460659, "url": "https://www.iryou.teikyouseido.mhlw.go.jp/znk-web/juminkanja/S2430/initialize?prefCd=45&kikanCd=2451005050&kikanKbn=2", "url2": null, "内容": "小村医院【2:診療所】【診療科目:内科_消化器内科_リハビリテーション科】宮崎県児湯郡新富町大字新田４８１番地１" }, "geometry": { "type": "Point", "coordinates": [ 131.460659, 32.06437 ] } },
{ "type": "Feature", "properties": { "ID": 4522453148720, "正式名称": "青島リゾートクリニック", "機関区分": 2, "都道府県コード": 45, "市区町村コード": 201, "所在地": "宮崎県宮崎市大字加江田５６４６番地１", "緯度": 31.811371, "経度": 131.445789, "url": "https://www.iryou.teikyouseido.mhlw.go.jp/znk-web/juminkanja/S2430/initialize?prefCd=45&kikanCd=2453148720&kikanKbn=2", "url2": "https://seibikai-group.or.jp", "内容": "青島リゾートクリニック【2:診療所】【診療科目:内科_消化器内科_人工透析内科_内視鏡内科_外科_リハビリテーション科】宮崎県宮崎市大字加江田５６４６番地１" }, "geometry": { "type": "Point", "coordinates": [ 131.445789, 31.811371 ] } },
{ "type": "Feature", "properties": { "ID": 4522453149020, "正式名称": "ヘパトピア西高台内科", "機関区分": 2, "都道府県コード": 45, "市区町村コード": 201, "所在地": "宮崎県宮崎市北川内町乱橋３６０８−１１", "緯度": 31.904124, "経度": 131.391301, "url": "https://www.iryou.teikyouseido.mhlw.go.jp/znk-web/juminkanja/S2430/initialize?prefCd=45&kikanCd=2453149020&kikanKbn=2", "url2": null, "内容": "ヘパトピア西高台内科【2:診療所】【診療科目:内科】宮崎県宮崎市北川内町乱橋３６０８−１１" }, "geometry": { "type": "Point", "coordinates": [ 131.391301, 31.904124 ] } },
{ "type": "Feature", "properties": { "ID": 4522453149150, "正式名称": "医療法人将優会クリニックうしたに", "機関区分": 2, "都道府県コード": 45, "市区町村コード": 201, "所在地": "宮崎県宮崎市大字恒久字西原５０６５番地", "緯度": 31.889967, "経度": 131.412318, "url": "https://www.iryou.teikyouseido.mhlw.go.jp/znk-web/juminkanja/S2430/initialize?prefCd=45&kikanCd=2453149150&kikanKbn=2", "url2": "http://www.ushitani.com", "内容": "医療法人将優会クリニックうしたに【2:診療所】【診療科目:内科_胃腸内科_外科_肛門外科_整形外科_リハビリテーション科_放射線科】宮崎県宮崎市大字恒久字西原５０６５番地" }, "geometry": { "type": "Point", "coordinates": [ 131.412318, 31.889967 ] } },
{ "type": "Feature", "properties": { "ID": 4522453149310, "正式名称": "医療法人せいすい会こころとからだ診療所", "機関区分": 2, "都道府県コード": 45, "市区町村コード": 201, "所在地": "宮崎県宮崎市中村東１丁目７番１号", "緯度": 31.903255, "経度": 131.420313, "url": "https://www.iryou.teikyouseido.mhlw.go.jp/znk-web/juminkanja/S2430/initialize?prefCd=45&kikanCd=2453149310&kikanKbn=2", "url2": "https://www.kokorotokaradaclinic.com/", "内容": "医療法人せいすい会こころとからだ診療所【2:診療所】【診療科目:内科_精神科_心療内科】宮崎県宮崎市中村東１丁目７番１号" }, "geometry": { "type": "Point", "coordinates": [ 131.420313, 31.903255 ] } },
{ "type": "Feature", "properties": { "ID": 4522453149440, "正式名称": "たかむら小児クリニック", "機関区分": 2, "都道府県コード": 45, "市区町村コード": 201, "所在地": "宮崎県宮崎市大坪町西六月２２０７−１", "緯度": 31.89571, "経度": 131.407043, "url": "https://www.iryou.teikyouseido.mhlw.go.jp/znk-web/juminkanja/S2430/initialize?prefCd=45&kikanCd=2453149440&kikanKbn=2", "url2": "http://www.takamura-syouni.com/", "内容": "たかむら小児クリニック【2:診療所】【診療科目:小児科】宮崎県宮崎市大坪町西六月２２０７−１" }, "geometry": { "type": "Point", "coordinates": [ 131.407043, 31.89571 ] } },
{ "type": "Feature", "properties": { "ID": 4522453149570, "正式名称": "矢野内科クリニック", "機関区分": 2, "都道府県コード": 45, "市区町村コード": 201, "所在地": "宮崎県宮崎市原町８番１７号", "緯度": 31.925788, "経度": 131.423354, "url": "https://www.iryou.teikyouseido.mhlw.go.jp/znk-web/juminkanja/S2430/initialize?prefCd=45&kikanCd=2453149570&kikanKbn=2", "url2": "https://yanonaika-clinic.com/", "内容": "矢野内科クリニック【2:診療所】【診療科目:内科_糖尿病内科】宮崎県宮崎市原町８番１７号" }, "geometry": { "type": "Point", "coordinates": [ 131.423354, 31.925788 ] } },
{ "type": "Feature", "properties": { "ID": 4522453149730, "正式名称": "横田内科", "機関区分": 2, "都道府県コード": 45, "市区町村コード": 201, "所在地": "宮崎県宮崎市花ケ島町小無田６４２−１", "緯度": 31.960554, "経度": 131.434358, "url": "https://www.iryou.teikyouseido.mhlw.go.jp/znk-web/juminkanja/S2430/initialize?prefCd=45&kikanCd=2453149730&kikanKbn=2", "url2": null, "内容": "横田内科【2:診療所】【診療科目:内科_循環器内科_腎臓内科_人工透析内科】宮崎県宮崎市花ケ島町小無田６４２−１" }, "geometry": { "type": "Point", "coordinates": [ 131.434358, 31.960554 ] } },
{ "type": "Feature", "properties": { "ID": 4522453149860, "正式名称": "医療法人整和会　あかえ整形外科医院", "機関区分": 2, "都道府県コード": 45, "市区町村コード": 201, "所在地": "宮崎県宮崎市恒久字草葉９３０番地１", "緯度": 31.881343, "経度": 131.42685, "url": "https://www.iryou.teikyouseido.mhlw.go.jp/znk-web/juminkanja/S2430/initialize?prefCd=45&kikanCd=2453149860&kikanKbn=2", "url2": null, "内容": "医療法人整和会　あかえ整形外科医院【2:診療所】【診療科目:整形外科_リウマチ科_リハビリテーション科】宮崎県宮崎市恒久字草葉９３０番地１" }, "geometry": { "type": "Point", "coordinates": [ 131.42685, 31.881343 ] } },
{ "type": "Feature", "properties": { "ID": 4522453149990, "正式名称": "小島医院", "機関区分": 2, "都道府県コード": 45, "市区町村コード": 201, "所在地": "宮崎県宮崎市権現町７９番地１", "緯度": 31.928868, "経度": 131.431967, "url": "https://www.iryou.teikyouseido.mhlw.go.jp/znk-web/juminkanja/S2430/initialize?prefCd=45&kikanCd=2453149990&kikanKbn=2", "url2": "http://seimeikai.or.jp", "内容": "小島医院【2:診療所】【診療科目:内科_消化器内科_外科】宮崎県宮崎市権現町７９番地１" }, "geometry": { "type": "Point", "coordinates": [ 131.431967, 31.928868 ] } },
{ "type": "Feature", "properties": { "ID": 4522453150390, "正式名称": "川崎脳神経外科", "機関区分": 2, "都道府県コード": 45, "市区町村コード": 201, "所在地": "宮崎県宮崎市大島町前田３４０ー１", "緯度": 31.944139, "経度": 131.44095, "url": "https://www.iryou.teikyouseido.mhlw.go.jp/znk-web/juminkanja/S2430/initialize?prefCd=45&kikanCd=2453150390&kikanKbn=2", "url2": null, "内容": "川崎脳神経外科【2:診療所】【診療科目:脳神経外科_整形外科_リハビリテーション科】宮崎県宮崎市大島町前田３４０ー１" }, "geometry": { "type": "Point", "coordinates": [ 131.44095, 31.944139 ] } },
{ "type": "Feature", "properties": { "ID": 4522453150420, "正式名称": "ふくだ泌尿器科", "機関区分": 2, "都道府県コード": 45, "市区町村コード": 201, "所在地": "宮崎県宮崎市吉村町井手ノ中甲８１６", "緯度": 31.92167, "経度": 131.447047, "url": "https://www.iryou.teikyouseido.mhlw.go.jp/znk-web/juminkanja/S2430/initialize?prefCd=45&kikanCd=2453150420&kikanKbn=2", "url2": "http://fukusei-kai.com/", "内容": "ふくだ泌尿器科【2:診療所】【診療科目:内科_泌尿器科】宮崎県宮崎市吉村町井手ノ中甲８１６" }, "geometry": { "type": "Point", "coordinates": [ 131.447047, 31.92167 ] } },
{ "type": "Feature", "properties": { "ID": 4522453150550, "正式名称": "あそう内科", "機関区分": 2, "都道府県コード": 45, "市区町村コード": 201, "所在地": "宮崎県宮崎市吉村町天神前甲１４３−２", "緯度": 31.931679, "経度": 131.442797, "url": "https://www.iryou.teikyouseido.mhlw.go.jp/znk-web/juminkanja/S2430/initialize?prefCd=45&kikanCd=2453150550&kikanKbn=2", "url2": "http://www.asoh-med.com/", "内容": "あそう内科【2:診療所】【診療科目:内科】宮崎県宮崎市吉村町天神前甲１４３−２" }, "geometry": { "type": "Point", "coordinates": [ 131.442797, 31.931679 ] } },
{ "type": "Feature", "properties": { "ID": 4522453150710, "正式名称": "井手医院", "機関区分": 2, "都道府県コード": 45, "市区町村コード": 201, "所在地": "宮崎県宮崎市まなび野２丁目３９ー１", "緯度": 31.863303, "経度": 131.425207, "url": "https://www.iryou.teikyouseido.mhlw.go.jp/znk-web/juminkanja/S2430/initialize?prefCd=45&kikanCd=2453150710&kikanKbn=2", "url2": null, "内容": "井手医院【2:診療所】【診療科目:内科_消化器内科_外科_肛門外科_リハビリテーション科】宮崎県宮崎市まなび野２丁目３９ー１" }, "geometry": { "type": "Point", "coordinates": [ 131.425207, 31.863303 ] } },
{ "type": "Feature", "properties": { "ID": 4522453151720, "正式名称": "医療法人社団修養会　盛田内科クリニック", "機関区分": 2, "都道府県コード": 45, "市区町村コード": 201, "所在地": "宮崎県宮崎市西池町１番地２２号", "緯度": 31.919842, "経度": 131.419346, "url": "https://www.iryou.teikyouseido.mhlw.go.jp/znk-web/juminkanja/S2430/initialize?prefCd=45&kikanCd=2453151720&kikanKbn=2", "url2": null, "内容": "医療法人社団修養会　盛田内科クリニック【2:診療所】【診療科目:内科_循環器外科】宮崎県宮崎市西池町１番地２２号" }, "geometry": { "type": "Point", "coordinates": [ 131.419346, 31.919842 ] } },
{ "type": "Feature", "properties": { "ID": 4522453151980, "正式名称": "たかぎ耳鼻咽喉科", "機関区分": 2, "都道府県コード": 45, "市区町村コード": 201, "所在地": "宮崎県宮崎市神宮東２丁目１３−２９", "緯度": 31.93699, "経度": 131.426945, "url": "https://www.iryou.teikyouseido.mhlw.go.jp/znk-web/juminkanja/S2430/initialize?prefCd=45&kikanCd=2453151980&kikanKbn=2", "url2": null, "内容": "たかぎ耳鼻咽喉科【2:診療所】【診療科目:内科_耳鼻いんこう科_アレルギー科】宮崎県宮崎市神宮東２丁目１３−２９" }, "geometry": { "type": "Point", "coordinates": [ 131.426945, 31.93699 ] } },
{ "type": "Feature", "properties": { "ID": 4522453152280, "正式名称": "医療法人社団つまがり整形外科", "機関区分": 2, "都道府県コード": 45, "市区町村コード": 201, "所在地": "宮崎県宮崎市神宮西２丁目７７", "緯度": 31.937837, "経度": 131.416446, "url": "https://www.iryou.teikyouseido.mhlw.go.jp/znk-web/juminkanja/S2430/initialize?prefCd=45&kikanCd=2453152280&kikanKbn=2", "url2": null, "内容": "医療法人社団つまがり整形外科【2:診療所】【診療科目:整形外科_リウマチ科_リハビリテーション科】宮崎県宮崎市神宮西２丁目７７" }, "geometry": { "type": "Point", "coordinates": [ 131.416446, 31.937837 ] } },
{ "type": "Feature", "properties": { "ID": 4522453152310, "正式名称": "医療法人蘇春堂谷口整形外科", "機関区分": 2, "都道府県コード": 45, "市区町村コード": 201, "所在地": "宮崎県宮崎市丸山１−２１", "緯度": 31.925963, "経度": 131.422115, "url": "https://www.iryou.teikyouseido.mhlw.go.jp/znk-web/juminkanja/S2430/initialize?prefCd=45&kikanCd=2453152310&kikanKbn=2", "url2": null, "内容": "医療法人蘇春堂谷口整形外科【2:診療所】【診療科目:内科_整形外科_リウマチ科_リハビリテーション科】宮崎県宮崎市丸山１−２１" }, "geometry": { "type": "Point", "coordinates": [ 131.422115, 31.925963 ] } },
{ "type": "Feature", "properties": { "ID": 4522453152730, "正式名称": "たはら小児科", "機関区分": 2, "都道府県コード": 45, "市区町村コード": 201, "所在地": "宮崎県宮崎市神宮西２丁目８４番１", "緯度": 31.9387, "経度": 131.416285, "url": "https://www.iryou.teikyouseido.mhlw.go.jp/znk-web/juminkanja/S2430/initialize?prefCd=45&kikanCd=2453152730&kikanKbn=2", "url2": "https://www.aoitahara-syonika.com", "内容": "たはら小児科【2:診療所】【診療科目:小児科】宮崎県宮崎市神宮西２丁目８４番１" }, "geometry": { "type": "Point", "coordinates": [ 131.416285, 31.9387 ] } },
{ "type": "Feature", "properties": { "ID": 4522453152860, "正式名称": "医療法人　河合整形外科クリニック", "機関区分": 2, "都道府県コード": 45, "市区町村コード": 201, "所在地": "宮崎県宮崎市大字芳士１０３８−１", "緯度": 31.962652, "経度": 131.441632, "url": "https://www.iryou.teikyouseido.mhlw.go.jp/znk-web/juminkanja/S2430/initialize?prefCd=45&kikanCd=2453152860&kikanKbn=2", "url2": null, "内容": "医療法人　河合整形外科クリニック【2:診療所】【診療科目:内科_整形外科_皮膚科_リハビリテーション科】宮崎県宮崎市大字芳士１０３８−１" }, "geometry": { "type": "Point", "coordinates": [ 131.441632, 31.962652 ] } },
{ "type": "Feature", "properties": { "ID": 4522453152990, "正式名称": "宮園医院", "機関区分": 2, "都道府県コード": 45, "市区町村コード": 201, "所在地": "宮崎県宮崎市大字浮田３２６４ー９", "緯度": 31.930542, "経度": 131.37853, "url": "https://www.iryou.teikyouseido.mhlw.go.jp/znk-web/juminkanja/S2430/initialize?prefCd=45&kikanCd=2453152990&kikanKbn=2", "url2": null, "内容": "宮園医院【2:診療所】【診療科目:内科_呼吸器内科_消化器内科_胃腸内科_放射線科】宮崎県宮崎市大字浮田３２６４ー９" }, "geometry": { "type": "Point", "coordinates": [ 131.37853, 31.930542 ] } },
{ "type": "Feature", "properties": { "ID": 4522453153160, "正式名称": "四季クリニック", "機関区分": 2, "都道府県コード": 45, "市区町村コード": 201, "所在地": "宮崎県宮崎市大字金崎１４５５ー１", "緯度": 31.961766, "経度": 131.368893, "url": "https://www.iryou.teikyouseido.mhlw.go.jp/znk-web/juminkanja/S2430/initialize?prefCd=45&kikanCd=2453153160&kikanKbn=2", "url2": null, "内容": "四季クリニック【2:診療所】【診療科目:内科_循環器内科】宮崎県宮崎市大字金崎１４５５ー１" }, "geometry": { "type": "Point", "coordinates": [ 131.368893, 31.961766 ] } },
{ "type": "Feature", "properties": { "ID": 4522453153610, "正式名称": "作整形外科", "機関区分": 2, "都道府県コード": 45, "市区町村コード": 201, "所在地": "宮崎県宮崎市大島町国草１５８－２", "緯度": 31.942412, "経度": 131.438004, "url": "https://www.iryou.teikyouseido.mhlw.go.jp/znk-web/juminkanja/S2430/initialize?prefCd=45&kikanCd=2453153610&kikanKbn=2", "url2": null, "内容": "作整形外科【2:診療所】【診療科目:整形外科_リウマチ科_リハビリテーション科】宮崎県宮崎市大島町国草１５８－２" }, "geometry": { "type": "Point", "coordinates": [ 131.438004, 31.942412 ] } },
{ "type": "Feature", "properties": { "ID": 4522453154200, "正式名称": "まえのクリニック", "機関区分": 2, "都道府県コード": 45, "市区町村コード": 201, "所在地": "宮崎県宮崎市天満１丁目１ー７", "緯度": 31.901341, "経度": 131.415242, "url": "https://www.iryou.teikyouseido.mhlw.go.jp/znk-web/juminkanja/S2430/initialize?prefCd=45&kikanCd=2453154200&kikanKbn=2", "url2": null, "内容": "まえのクリニック【2:診療所】【診療科目:内科_循環器内科】宮崎県宮崎市天満１丁目１ー７" }, "geometry": { "type": "Point", "coordinates": [ 131.415242, 31.901341 ] } },
{ "type": "Feature", "properties": { "ID": 4522453154330, "正式名称": "医療法人　ひろの内科クリニック", "機関区分": 2, "都道府県コード": 45, "市区町村コード": 201, "所在地": "宮崎県宮崎市大字本郷北方山崎３５８２番１", "緯度": 31.869043, "経度": 131.422936, "url": "https://www.iryou.teikyouseido.mhlw.go.jp/znk-web/juminkanja/S2430/initialize?prefCd=45&kikanCd=2453154330&kikanKbn=2", "url2": "http://www.hirono-naika.jp/", "内容": "医療法人　ひろの内科クリニック【2:診療所】【診療科目:内科_消化器内科】宮崎県宮崎市大字本郷北方山崎３５８２番１" }, "geometry": { "type": "Point", "coordinates": [ 131.422936, 31.869043 ] } },
{ "type": "Feature", "properties": { "ID": 4522453154620, "正式名称": "医療法人杏仁会　タヅメクリニック", "機関区分": 2, "都道府県コード": 45, "市区町村コード": 201, "所在地": "宮崎県宮崎市松山２丁目２３ー２", "緯度": 31.905196, "経度": 131.429457, "url": "https://www.iryou.teikyouseido.mhlw.go.jp/znk-web/juminkanja/S2430/initialize?prefCd=45&kikanCd=2453154620&kikanKbn=2", "url2": "https://www.ne.jp/asahi/tazume/clinic/", "内容": "医療法人杏仁会　タヅメクリニック【2:診療所】【診療科目:内科_精神科_心療内科】宮崎県宮崎市松山２丁目２３ー２" }, "geometry": { "type": "Point", "coordinates": [ 131.429457, 31.905196 ] } },
{ "type": "Feature", "properties": { "ID": 4522453154880, "正式名称": "医療法人新花会　あいクリニック", "機関区分": 2, "都道府県コード": 45, "市区町村コード": 201, "所在地": "宮崎県宮崎市宮崎駅東１丁目６番地７", "緯度": 31.914737, "経度": 131.432546, "url": "https://www.iryou.teikyouseido.mhlw.go.jp/znk-web/juminkanja/S2430/initialize?prefCd=45&kikanCd=2453154880&kikanKbn=2", "url2": "http://www.ai-clinic.pro", "内容": "医療法人新花会　あいクリニック【2:診療所】【診療科目:精神科_心療内科】宮崎県宮崎市宮崎駅東１丁目６番地７" }, "geometry": { "type": "Point", "coordinates": [ 131.432546, 31.914737 ] } },
{ "type": "Feature", "properties": { "ID": 4522453155050, "正式名称": "こざわ内科", "機関区分": 2, "都道府県コード": 45, "市区町村コード": 201, "所在地": "宮崎県宮崎市大島町国草１５９ー２", "緯度": 31.941834, "経度": 131.43915, "url": "https://www.iryou.teikyouseido.mhlw.go.jp/znk-web/juminkanja/S2430/initialize?prefCd=45&kikanCd=2453155050&kikanKbn=2", "url2": null, "内容": "こざわ内科【2:診療所】【診療科目:内科_呼吸器内科_循環器内科_消化器内科】宮崎県宮崎市大島町国草１５９ー２" }, "geometry": { "type": "Point", "coordinates": [ 131.43915, 31.941834 ] } },
{ "type": "Feature", "properties": { "ID": 4522453155210, "正式名称": "医療法人日州会　ひが内科胃腸科", "機関区分": 2, "都道府県コード": 45, "市区町村コード": 201, "所在地": "宮崎県宮崎市大塚町樋ノ口１９７６番地１", "緯度": 31.918399, "経度": 131.398984, "url": "https://www.iryou.teikyouseido.mhlw.go.jp/znk-web/juminkanja/S2430/initialize?prefCd=45&kikanCd=2453155210&kikanKbn=2", "url2": null, "内容": "医療法人日州会　ひが内科胃腸科【2:診療所】【診療科目:内科_消化器内科】宮崎県宮崎市大塚町樋ノ口１９７６番地１" }, "geometry": { "type": "Point", "coordinates": [ 131.398984, 31.918399 ] } },
{ "type": "Feature", "properties": { "ID": 4522453155630, "正式名称": "和知川原生協クリニック", "機関区分": 2, "都道府県コード": 45, "市区町村コード": 201, "所在地": "宮崎県宮崎市和知川原２丁目２５−１", "緯度": 31.923755, "経度": 131.411433, "url": "https://www.iryou.teikyouseido.mhlw.go.jp/znk-web/juminkanja/S2430/initialize?prefCd=45&kikanCd=2453155630&kikanKbn=2", "url2": "https://wachigawara-cl.jp/", "内容": "和知川原生協クリニック【2:診療所】【診療科目:内科】宮崎県宮崎市和知川原２丁目２５−１" }, "geometry": { "type": "Point", "coordinates": [ 131.411433, 31.923755 ] } },
{ "type": "Feature", "properties": { "ID": 4522453156220, "正式名称": "山内ファミリークリニック", "機関区分": 2, "都道府県コード": 45, "市区町村コード": 201, "所在地": "宮崎県宮崎市大字本郷南方３９８８", "緯度": 31.866005, "経度": 131.431475, "url": "https://www.iryou.teikyouseido.mhlw.go.jp/znk-web/juminkanja/S2430/initialize?prefCd=45&kikanCd=2453156220&kikanKbn=2", "url2": "https://www.yama-fc.org", "内容": "山内ファミリークリニック【2:診療所】【診療科目:内科_循環器内科_消化器内科_外科_肛門外科】宮崎県宮崎市大字本郷南方３９８８" }, "geometry": { "type": "Point", "coordinates": [ 131.431475, 31.866005 ] } },
{ "type": "Feature", "properties": { "ID": 4522453156350, "正式名称": "古賀駅前クリニック", "機関区分": 2, "都道府県コード": 45, "市区町村コード": 201, "所在地": "宮崎県宮崎市高千穂通２丁目７番１４号", "緯度": 31.916671, "経度": 131.43016, "url": "https://www.iryou.teikyouseido.mhlw.go.jp/znk-web/juminkanja/S2430/initialize?prefCd=45&kikanCd=2453156350&kikanKbn=2", "url2": "http://www.koga-ekimae.com/", "内容": "古賀駅前クリニック【2:診療所】【診療科目:内科_糖尿病内科_代謝・内分泌内科_呼吸器内科_循環器内科_肝臓内科_整形外科_放射線科】宮崎県宮崎市高千穂通２丁目７番１４号" }, "geometry": { "type": "Point", "coordinates": [ 131.43016, 31.916671 ] } },
{ "type": "Feature", "properties": { "ID": 4522453156510, "正式名称": "おの胃腸科クリニック", "機関区分": 2, "都道府県コード": 45, "市区町村コード": 201, "所在地": "宮崎県宮崎市吉村町前田甲１２０３番地", "緯度": 31.915693, "経度": 131.448752, "url": "https://www.iryou.teikyouseido.mhlw.go.jp/znk-web/juminkanja/S2430/initialize?prefCd=45&kikanCd=2453156510&kikanKbn=2", "url2": null, "内容": "おの胃腸科クリニック【2:診療所】【診療科目:内科_消化器内科_放射線科】宮崎県宮崎市吉村町前田甲１２０３番地" }, "geometry": { "type": "Point", "coordinates": [ 131.448752, 31.915693 ] } },
{ "type": "Feature", "properties": { "ID": 4522453156640, "正式名称": "宮崎市総合発達支援センター", "機関区分": 2, "都道府県コード": 45, "市区町村コード": 201, "所在地": "宮崎県宮崎市新別府町久保田６５７番地４", "緯度": 31.926244, "経度": 131.456707, "url": "https://www.iryou.teikyouseido.mhlw.go.jp/znk-web/juminkanja/S2430/initialize?prefCd=45&kikanCd=2453156640&kikanKbn=2", "url2": "https://www.miyazaki-oozora.jp/", "内容": "宮崎市総合発達支援センター【2:診療所】【診療科目:整形外科_小児科_眼科_耳鼻いんこう科_精神科】宮崎県宮崎市新別府町久保田６５７番地４" }, "geometry": { "type": "Point", "coordinates": [ 131.456707, 31.926244 ] } },
{ "type": "Feature", "properties": { "ID": 4522453156800, "正式名称": "たけお眼科", "機関区分": 2, "都道府県コード": 45, "市区町村コード": 201, "所在地": "宮崎県宮崎市大島町国草１６０－２", "緯度": 31.941834, "経度": 131.43915, "url": "https://www.iryou.teikyouseido.mhlw.go.jp/znk-web/juminkanja/S2430/initialize?prefCd=45&kikanCd=2453156800&kikanKbn=2", "url2": null, "内容": "たけお眼科【2:診療所】【診療科目:眼科】宮崎県宮崎市大島町国草１６０－２" }, "geometry": { "type": "Point", "coordinates": [ 131.43915, 31.941834 ] } },
{ "type": "Feature", "properties": { "ID": 4522453156930, "正式名称": "産科・婦人科　大渕クリニック", "機関区分": 2, "都道府県コード": 45, "市区町村コード": 201, "所在地": "宮崎県宮崎市橘通東１丁目５－２０", "緯度": 31.90811, "経度": 131.422363, "url": "https://www.iryou.teikyouseido.mhlw.go.jp/znk-web/juminkanja/S2430/initialize?prefCd=45&kikanCd=2453156930&kikanKbn=2", "url2": "http://www.obuchi-obgyn.com/", "内容": "産科・婦人科　大渕クリニック【2:診療所】【診療科目:産科_婦人科】宮崎県宮崎市橘通東１丁目５－２０" }, "geometry": { "type": "Point", "coordinates": [ 131.422363, 31.90811 ] } },
{ "type": "Feature", "properties": { "ID": 4522453157230, "正式名称": "社会医療法人隆徳会　宮崎鶴田記念クリニック", "機関区分": 2, "都道府県コード": 45, "市区町村コード": 201, "所在地": "宮崎県宮崎市阿波岐原町宝財２２８１番地１", "緯度": 31.932232, "経度": 131.45598, "url": "https://www.iryou.teikyouseido.mhlw.go.jp/znk-web/juminkanja/S2430/initialize?prefCd=45&kikanCd=2453157230&kikanKbn=2", "url2": "http://www.ryutoku.or.jp", "内容": "社会医療法人隆徳会　宮崎鶴田記念クリニック【2:診療所】【診療科目:内科_放射線科】宮崎県宮崎市阿波岐原町宝財２２８１番地１" }, "geometry": { "type": "Point", "coordinates": [ 131.45598, 31.932232 ] } },
{ "type": "Feature", "properties": { "ID": 4522453157490, "正式名称": "ささき内科", "機関区分": 2, "都道府県コード": 45, "市区町村コード": 201, "所在地": "宮崎県宮崎市大淀４丁目２−１０", "緯度": 31.89663, "経度": 131.41955, "url": "https://www.iryou.teikyouseido.mhlw.go.jp/znk-web/juminkanja/S2430/initialize?prefCd=45&kikanCd=2453157490&kikanKbn=2", "url2": null, "内容": "ささき内科【2:診療所】【診療科目:内科_呼吸器内科_循環器内科】宮崎県宮崎市大淀４丁目２−１０" }, "geometry": { "type": "Point", "coordinates": [ 131.41955, 31.89663 ] } },
{ "type": "Feature", "properties": { "ID": 4522453157520, "正式名称": "さわの内科クリニック", "機関区分": 2, "都道府県コード": 45, "市区町村コード": 201, "所在地": "宮崎県宮崎市大字小松２８４２番地２", "緯度": 31.926842, "経度": 131.382452, "url": "https://www.iryou.teikyouseido.mhlw.go.jp/znk-web/juminkanja/S2430/initialize?prefCd=45&kikanCd=2453157520&kikanKbn=2", "url2": null, "内容": "さわの内科クリニック【2:診療所】【診療科目:内科_腎臓内科_人工透析内科】宮崎県宮崎市大字小松２８４２番地２" }, "geometry": { "type": "Point", "coordinates": [ 131.382452, 31.926842 ] } },
{ "type": "Feature", "properties": { "ID": 4522453157940, "正式名称": "医療法人　むらい内科クリニック", "機関区分": 2, "都道府県コード": 45, "市区町村コード": 201, "所在地": "宮崎県宮崎市吉村町嶋田甲７３０番地３", "緯度": 31.925719, "経度": 131.441456, "url": "https://www.iryou.teikyouseido.mhlw.go.jp/znk-web/juminkanja/S2430/initialize?prefCd=45&kikanCd=2453157940&kikanKbn=2", "url2": "https://www.muraiclinic-miyazaki.com", "内容": "医療法人　むらい内科クリニック【2:診療所】【診療科目:内科_リウマチ科】宮崎県宮崎市吉村町嶋田甲７３０番地３" }, "geometry": { "type": "Point", "coordinates": [ 131.441456, 31.925719 ] } },
{ "type": "Feature", "properties": { "ID": 4522453158080, "正式名称": "まなび野耳鼻咽喉科", "機関区分": 2, "都道府県コード": 45, "市区町村コード": 201, "所在地": "宮崎県宮崎市まなび野２ー３９ー４", "緯度": 31.859189, "経度": 131.419782, "url": "https://www.iryou.teikyouseido.mhlw.go.jp/znk-web/juminkanja/S2430/initialize?prefCd=45&kikanCd=2453158080&kikanKbn=2", "url2": "https://web.clinicn.jp/manabino-ent/", "内容": "まなび野耳鼻咽喉科【2:診療所】【診療科目:耳鼻いんこう科】宮崎県宮崎市まなび野２ー３９ー４" }, "geometry": { "type": "Point", "coordinates": [ 131.419782, 31.859189 ] } },
{ "type": "Feature", "properties": { "ID": 4522453158530, "正式名称": "医療法人社団　石川クリニック", "機関区分": 2, "都道府県コード": 45, "市区町村コード": 201, "所在地": "宮崎県宮崎市花ケ島入道２１９７－１", "緯度": 31.942717, "経度": 131.43252, "url": "https://www.iryou.teikyouseido.mhlw.go.jp/znk-web/juminkanja/S2430/initialize?prefCd=45&kikanCd=2453158530&kikanKbn=2", "url2": "http://ishikawaclinic.webmedipr.jp", "内容": "医療法人社団　石川クリニック【2:診療所】【診療科目:内科_呼吸器内科_循環器内科_消化器内科_放射線科】宮崎県宮崎市花ケ島入道２１９７－１" }, "geometry": { "type": "Point", "coordinates": [ 131.43252, 31.942717 ] } },
{ "type": "Feature", "properties": { "ID": 4522453158790, "正式名称": "うえやま貴子クリニック", "機関区分": 2, "都道府県コード": 45, "市区町村コード": 201, "所在地": "宮崎県宮崎市松山２丁目２３−２　２Ｆ", "緯度": 31.905196, "経度": 131.429457, "url": "https://www.iryou.teikyouseido.mhlw.go.jp/znk-web/juminkanja/S2430/initialize?prefCd=45&kikanCd=2453158790&kikanKbn=2", "url2": "http://www.ueyamatakako-cl.com/", "内容": "うえやま貴子クリニック【2:診療所】【診療科目:産科_婦人科】宮崎県宮崎市松山２丁目２３−２　２Ｆ" }, "geometry": { "type": "Point", "coordinates": [ 131.429457, 31.905196 ] } },
{ "type": "Feature", "properties": { "ID": 4522453158950, "正式名称": "駒柵脳神経外科", "機関区分": 2, "都道府県コード": 45, "市区町村コード": 201, "所在地": "宮崎県宮崎市恒久５丁目１１番地１", "緯度": 31.891178, "経度": 131.43511, "url": "https://www.iryou.teikyouseido.mhlw.go.jp/znk-web/juminkanja/S2430/initialize?prefCd=45&kikanCd=2453158950&kikanKbn=2", "url2": "http://www.komasakunouge.or.jp/", "内容": "駒柵脳神経外科【2:診療所】【診療科目:脳神経外科_リハビリテーション科】宮崎県宮崎市恒久５丁目１１番地１" }, "geometry": { "type": "Point", "coordinates": [ 131.43511, 31.891178 ] } },
{ "type": "Feature", "properties": { "ID": 4522453159250, "正式名称": "よこうち皮ふ科・形成外科", "機関区分": 2, "都道府県コード": 45, "市区町村コード": 201, "所在地": "宮崎県宮崎市大島町原の前１４４５−６９", "緯度": 31.935384, "経度": 131.437986, "url": "https://www.iryou.teikyouseido.mhlw.go.jp/znk-web/juminkanja/S2430/initialize?prefCd=45&kikanCd=2453159250&kikanKbn=2", "url2": "http://www.yokouchiclinic.jp", "内容": "よこうち皮ふ科・形成外科【2:診療所】【診療科目:整形外科_形成外科_美容外科_皮膚科】宮崎県宮崎市大島町原の前１４４５−６９" }, "geometry": { "type": "Point", "coordinates": [ 131.437986, 31.935384 ] } },
{ "type": "Feature", "properties": { "ID": 4522453159410, "正式名称": "花山手内科クリニック", "機関区分": 2, "都道府県コード": 45, "市区町村コード": 201, "所在地": "宮崎県宮崎市大坪町大坪４２９０", "緯度": 31.897637, "経度": 131.398841, "url": "https://www.iryou.teikyouseido.mhlw.go.jp/znk-web/juminkanja/S2430/initialize?prefCd=45&kikanCd=2453159410&kikanKbn=2", "url2": null, "内容": "花山手内科クリニック【2:診療所】【診療科目:内科_消化器内科】宮崎県宮崎市大坪町大坪４２９０" }, "geometry": { "type": "Point", "coordinates": [ 131.398841, 31.897637 ] } },
{ "type": "Feature", "properties": { "ID": 4522453159540, "正式名称": "特別養護老人ホーム　ヴィラ・サザン医務室", "機関区分": 2, "都道府県コード": 45, "市区町村コード": 201, "所在地": "宮崎県宮崎市大字本郷北方２７１７番地１５", "緯度": 31.874715, "経度": 131.40956, "url": "https://www.iryou.teikyouseido.mhlw.go.jp/znk-web/juminkanja/S2430/initialize?prefCd=45&kikanCd=2453159540&kikanKbn=2", "url2": null, "内容": "特別養護老人ホーム　ヴィラ・サザン医務室【2:診療所】【診療科目:内科_呼吸器内科_循環器内科_消化器内科】宮崎県宮崎市大字本郷北方２７１７番地１５" }, "geometry": { "type": "Point", "coordinates": [ 131.40956, 31.874715 ] } },
{ "type": "Feature", "properties": { "ID": 4522453159700, "正式名称": "医療法人社団　くろき整形外科", "機関区分": 2, "都道府県コード": 45, "市区町村コード": 201, "所在地": "宮崎県宮崎市谷川１丁目７ー１８", "緯度": 31.902345, "経度": 131.414589, "url": "https://www.iryou.teikyouseido.mhlw.go.jp/znk-web/juminkanja/S2430/initialize?prefCd=45&kikanCd=2453159700&kikanKbn=2", "url2": null, "内容": "医療法人社団　くろき整形外科【2:診療所】【診療科目:整形外科_リハビリテーション科】宮崎県宮崎市谷川１丁目７ー１８" }, "geometry": { "type": "Point", "coordinates": [ 131.414589, 31.902345 ] } },
{ "type": "Feature", "properties": { "ID": 4522453159830, "正式名称": "いまむらウィメンズクリニック", "機関区分": 2, "都道府県コード": 45, "市区町村コード": 201, "所在地": "宮崎県宮崎市高千穂通２丁目５ー５　とえだビル２Ｆ", "緯度": 31.916514, "経度": 131.42904, "url": "https://www.iryou.teikyouseido.mhlw.go.jp/znk-web/juminkanja/S2430/initialize?prefCd=45&kikanCd=2453159830&kikanKbn=2", "url2": null, "内容": "いまむらウィメンズクリニック【2:診療所】【診療科目:産婦人科】宮崎県宮崎市高千穂通２丁目５ー５　とえだビル２Ｆ" }, "geometry": { "type": "Point", "coordinates": [ 131.42904, 31.916514 ] } },
{ "type": "Feature", "properties": { "ID": 4522453159960, "正式名称": "ＡＲＴレディスクリニックやまうち", "機関区分": 2, "都道府県コード": 45, "市区町村コード": 201, "所在地": "宮崎県宮崎市高千穂通２−５−５　とえだビル３Ｆ", "緯度": 31.916514, "経度": 131.42904, "url": "https://www.iryou.teikyouseido.mhlw.go.jp/znk-web/juminkanja/S2430/initialize?prefCd=45&kikanCd=2453159960&kikanKbn=2", "url2": "http://art-yamauchi.jp/", "内容": "ＡＲＴレディスクリニックやまうち【2:診療所】【診療科目:婦人科_産婦人科（生殖医療）】宮崎県宮崎市高千穂通２−５−５　とえだビル３Ｆ" }, "geometry": { "type": "Point", "coordinates": [ 131.42904, 31.916514 ] } },
{ "type": "Feature", "properties": { "ID": 4522453160070, "正式名称": "医療法人よしき会　どんぐりこども診療所", "機関区分": 2, "都道府県コード": 45, "市区町村コード": 201, "所在地": "宮崎県宮崎市阿波岐原町竹割２０３４ー１", "緯度": 31.930693, "経度": 131.455085, "url": "https://www.iryou.teikyouseido.mhlw.go.jp/znk-web/juminkanja/S2430/initialize?prefCd=45&kikanCd=2453160070&kikanKbn=2", "url2": null, "内容": "医療法人よしき会　どんぐりこども診療所【2:診療所】【診療科目:小児科_精神科】宮崎県宮崎市阿波岐原町竹割２０３４ー１" }, "geometry": { "type": "Point", "coordinates": [ 131.455085, 31.930693 ] } },
{ "type": "Feature", "properties": { "ID": 4522453160230, "正式名称": "医療法人社団　康陽会　つぼい耳鼻咽喉科クリニック", "機関区分": 2, "都道府県コード": 45, "市区町村コード": 201, "所在地": "宮崎県宮崎市大塚町西ノ原１３２２−１", "緯度": 31.920564, "経度": 131.395422, "url": "https://www.iryou.teikyouseido.mhlw.go.jp/znk-web/juminkanja/S2430/initialize?prefCd=45&kikanCd=2453160230&kikanKbn=2", "url2": "https://enttsuboi.jp/", "内容": "医療法人社団　康陽会　つぼい耳鼻咽喉科クリニック【2:診療所】【診療科目:耳鼻いんこう科_アレルギー科】宮崎県宮崎市大塚町西ノ原１３２２−１" }, "geometry": { "type": "Point", "coordinates": [ 131.395422, 31.920564 ] } },
{ "type": "Feature", "properties": { "ID": 4522453160360, "正式名称": "もりやま眼科", "機関区分": 2, "都道府県コード": 45, "市区町村コード": 201, "所在地": "宮崎県宮崎市大塚町宮田２８５４ー２", "緯度": 31.91718, "経度": 131.39747, "url": "https://www.iryou.teikyouseido.mhlw.go.jp/znk-web/juminkanja/S2430/initialize?prefCd=45&kikanCd=2453160360&kikanKbn=2", "url2": null, "内容": "もりやま眼科【2:診療所】【診療科目:眼科】宮崎県宮崎市大塚町宮田２８５４ー２" }, "geometry": { "type": "Point", "coordinates": [ 131.39747, 31.91718 ] } },
{ "type": "Feature", "properties": { "ID": 4522453160490, "正式名称": "泌尿器科・内科　みの田クリニック", "機関区分": 2, "都道府県コード": 45, "市区町村コード": 201, "所在地": "宮崎県宮崎市大字小松字森ノ元４８５ー１", "緯度": 31.939766, "経度": 131.401233, "url": "https://www.iryou.teikyouseido.mhlw.go.jp/znk-web/juminkanja/S2430/initialize?prefCd=45&kikanCd=2453160490&kikanKbn=2", "url2": "http://httpj.jtp.ne.jp/0985482606/", "内容": "泌尿器科・内科　みの田クリニック【2:診療所】【診療科目:内科_泌尿器科】宮崎県宮崎市大字小松字森ノ元４８５ー１" }, "geometry": { "type": "Point", "coordinates": [ 131.401233, 31.939766 ] } },
{ "type": "Feature", "properties": { "ID": 4522453160520, "正式名称": "医療法人愛育会　なつみ小児科クリニック", "機関区分": 2, "都道府県コード": 45, "市区町村コード": 201, "所在地": "宮崎県宮崎市大字本郷北方字山崎３５８６−１", "緯度": 31.869183, "経度": 131.422432, "url": "https://www.iryou.teikyouseido.mhlw.go.jp/znk-web/juminkanja/S2430/initialize?prefCd=45&kikanCd=2453160520&kikanKbn=2", "url2": "http://www.natsumi-clinic.jp", "内容": "医療法人愛育会　なつみ小児科クリニック【2:診療所】【診療科目:小児科】宮崎県宮崎市大字本郷北方字山崎３５８６−１" }, "geometry": { "type": "Point", "coordinates": [ 131.422432, 31.869183 ] } },
{ "type": "Feature", "properties": { "ID": 4522453160650, "正式名称": "奥循環器科・内科", "機関区分": 2, "都道府県コード": 45, "市区町村コード": 201, "所在地": "宮崎県宮崎市大塚町宮田２９３６−１", "緯度": 31.914704, "経度": 131.396956, "url": "https://www.iryou.teikyouseido.mhlw.go.jp/znk-web/juminkanja/S2430/initialize?prefCd=45&kikanCd=2453160650&kikanKbn=2", "url2": "https://www.okujunkanki-naika.com/", "内容": "奥循環器科・内科【2:診療所】【診療科目:内科_循環器内科】宮崎県宮崎市大塚町宮田２９３６−１" }, "geometry": { "type": "Point", "coordinates": [ 131.396956, 31.914704 ] } },
{ "type": "Feature", "properties": { "ID": 4522453160780, "正式名称": "桑畑整形外科", "機関区分": 2, "都道府県コード": 45, "市区町村コード": 201, "所在地": "宮崎県宮崎市阿波岐原町堤添１０４３−１", "緯度": 31.940415, "経度": 131.454293, "url": "https://www.iryou.teikyouseido.mhlw.go.jp/znk-web/juminkanja/S2430/initialize?prefCd=45&kikanCd=2453160780&kikanKbn=2", "url2": "http://kuwahataorth.com", "内容": "桑畑整形外科【2:診療所】【診療科目:整形外科_リウマチ科_リハビリテーション科】宮崎県宮崎市阿波岐原町堤添１０４３−１" }, "geometry": { "type": "Point", "coordinates": [ 131.454293, 31.940415 ] } },
{ "type": "Feature", "properties": { "ID": 4522453161080, "正式名称": "こごうメンタルクリニック", "機関区分": 2, "都道府県コード": 45, "市区町村コード": 201, "所在地": "宮崎県宮崎市中村西３−２−３３", "緯度": 31.897185, "経度": 131.416378, "url": "https://www.iryou.teikyouseido.mhlw.go.jp/znk-web/juminkanja/S2430/initialize?prefCd=45&kikanCd=2453161080&kikanKbn=2", "url2": "http://www.kogomentalclinic.jp", "内容": "こごうメンタルクリニック【2:診療所】【診療科目:内科_精神科_心療内科】宮崎県宮崎市中村西３−２−３３" }, "geometry": { "type": "Point", "coordinates": [ 131.416378, 31.897185 ] } },
{ "type": "Feature", "properties": { "ID": 4522453161530, "正式名称": "まつ婦人科クリニック", "機関区分": 2, "都道府県コード": 45, "市区町村コード": 201, "所在地": "宮崎県宮崎市大字生目２１５ー１", "緯度": 31.919787, "経度": 131.378152, "url": "https://www.iryou.teikyouseido.mhlw.go.jp/znk-web/juminkanja/S2430/initialize?prefCd=45&kikanCd=2453161530&kikanKbn=2", "url2": "http://www.matsu-clinic.jp/", "内容": "まつ婦人科クリニック【2:診療所】【診療科目:婦人科】宮崎県宮崎市大字生目２１５ー１" }, "geometry": { "type": "Point", "coordinates": [ 131.378152, 31.919787 ] } },
{ "type": "Feature", "properties": { "ID": 4522453161660, "正式名称": "くわばら医院", "機関区分": 2, "都道府県コード": 45, "市区町村コード": 201, "所在地": "宮崎県宮崎市高洲町２４４−７７", "緯度": 31.900828, "経度": 131.44027, "url": "https://www.iryou.teikyouseido.mhlw.go.jp/znk-web/juminkanja/S2430/initialize?prefCd=45&kikanCd=2453161660&kikanKbn=2", "url2": "http://kuwabara-iin.com", "内容": "くわばら医院【2:診療所】【診療科目:循環器内科_外科_循環器外科_心臓血管外科】宮崎県宮崎市高洲町２４４−７７" }, "geometry": { "type": "Point", "coordinates": [ 131.44027, 31.900828 ] } },
{ "type": "Feature", "properties": { "ID": 4522453161790, "正式名称": "杉本外科胃腸科医院", "機関区分": 2, "都道府県コード": 45, "市区町村コード": 201, "所在地": "宮崎県宮崎市谷川１丁目７ー６", "緯度": 31.902479, "経度": 131.414765, "url": "https://www.iryou.teikyouseido.mhlw.go.jp/znk-web/juminkanja/S2430/initialize?prefCd=45&kikanCd=2453161790&kikanKbn=2", "url2": "http://www.hotnavi.net/mycare/sugimoto", "内容": "杉本外科胃腸科医院【2:診療所】【診療科目:呼吸器内科_循環器内科_外科_消化器外科_肛門外科】宮崎県宮崎市谷川１丁目７ー６" }, "geometry": { "type": "Point", "coordinates": [ 131.414765, 31.902479 ] } },
{ "type": "Feature", "properties": { "ID": 4522453161820, "正式名称": "医療法人　聖心会　中村クリニック", "機関区分": 2, "都道府県コード": 45, "市区町村コード": 201, "所在地": "宮崎県宮崎市広島１丁目１７－２１ポレスターアーバンシティ広島１Ｆ", "緯度": 31.915298, "経度": 131.427446, "url": "https://www.iryou.teikyouseido.mhlw.go.jp/znk-web/juminkanja/S2430/initialize?prefCd=45&kikanCd=2453161820&kikanKbn=2", "url2": "https://www.nakamura-cl.com", "内容": "医療法人　聖心会　中村クリニック【2:診療所】【診療科目:内科_精神科_心療内科_アレルギー科】宮崎県宮崎市広島１丁目１７－２１ポレスターアーバンシティ広島１Ｆ" }, "geometry": { "type": "Point", "coordinates": [ 131.427446, 31.915298 ] } },
{ "type": "Feature", "properties": { "ID": 4522453162120, "正式名称": "ゆち内科胃腸科クリニック", "機関区分": 2, "都道府県コード": 45, "市区町村コード": 201, "所在地": "宮崎県宮崎市恒久５丁目１１番３", "緯度": 31.891204, "経度": 131.435603, "url": "https://www.iryou.teikyouseido.mhlw.go.jp/znk-web/juminkanja/S2430/initialize?prefCd=45&kikanCd=2453162120&kikanKbn=2", "url2": null, "内容": "ゆち内科胃腸科クリニック【2:診療所】【診療科目:内科_胃腸内科】宮崎県宮崎市恒久５丁目１１番３" }, "geometry": { "type": "Point", "coordinates": [ 131.435603, 31.891204 ] } },
{ "type": "Feature", "properties": { "ID": 4522453162250, "正式名称": "くまはら耳鼻咽喉科クリニック", "機関区分": 2, "都道府県コード": 45, "市区町村コード": 201, "所在地": "宮崎県宮崎市吉村町北原甲１４０５ー５", "緯度": 31.920064, "経度": 131.44127, "url": "https://www.iryou.teikyouseido.mhlw.go.jp/znk-web/juminkanja/S2430/initialize?prefCd=45&kikanCd=2453162250&kikanKbn=2", "url2": "https://www.kumahara-j.com/", "内容": "くまはら耳鼻咽喉科クリニック【2:診療所】【診療科目:小児耳鼻いんこう科_耳鼻いんこう科】宮崎県宮崎市吉村町北原甲１４０５ー５" }, "geometry": { "type": "Point", "coordinates": [ 131.44127, 31.920064 ] } },
{ "type": "Feature", "properties": { "ID": 4522453162380, "正式名称": "かみぞの整形外科", "機関区分": 2, "都道府県コード": 45, "市区町村コード": 201, "所在地": "宮崎県宮崎市花山手西１丁目６−６", "緯度": 31.903399, "経度": 131.39963, "url": "https://www.iryou.teikyouseido.mhlw.go.jp/znk-web/juminkanja/S2430/initialize?prefCd=45&kikanCd=2453162380&kikanKbn=2", "url2": null, "内容": "かみぞの整形外科【2:診療所】【診療科目:整形外科_リウマチ科_リハビリテーション科】宮崎県宮崎市花山手西１丁目６−６" }, "geometry": { "type": "Point", "coordinates": [ 131.39963, 31.903399 ] } },
{ "type": "Feature", "properties": { "ID": 4522453162410, "正式名称": "医療法人わたなべ整形外科", "機関区分": 2, "都道府県コード": 45, "市区町村コード": 201, "所在地": "宮崎県宮崎市熊野５０番地１", "緯度": 31.828128, "経度": 131.436921, "url": "https://www.iryou.teikyouseido.mhlw.go.jp/znk-web/juminkanja/S2430/initialize?prefCd=45&kikanCd=2453162410&kikanKbn=2", "url2": "https://watanabe-orth.com/", "内容": "医療法人わたなべ整形外科【2:診療所】【診療科目:整形外科_リウマチ科_リハビリテーション科_麻酔科】宮崎県宮崎市熊野５０番地１" }, "geometry": { "type": "Point", "coordinates": [ 131.436921, 31.828128 ] } },
{ "type": "Feature", "properties": { "ID": 4522453162670, "正式名称": "ひらね眼科", "機関区分": 2, "都道府県コード": 45, "市区町村コード": 201, "所在地": "宮崎県宮崎市新別府町江口８６２−１　イオンモール宮崎２階", "緯度": 31.922981, "経度": 131.452838, "url": "https://www.iryou.teikyouseido.mhlw.go.jp/znk-web/juminkanja/S2430/initialize?prefCd=45&kikanCd=2453162670&kikanKbn=2", "url2": "http://www.hiraneganka.com/", "内容": "ひらね眼科【2:診療所】【診療科目:眼科】宮崎県宮崎市新別府町江口８６２−１　イオンモール宮崎２階" }, "geometry": { "type": "Point", "coordinates": [ 131.452838, 31.922981 ] } },
{ "type": "Feature", "properties": { "ID": 4522453162960, "正式名称": "せき診療所　内科・呼吸器内科", "機関区分": 2, "都道府県コード": 45, "市区町村コード": 201, "所在地": "宮崎県宮崎市大塚台西１丁目１番地４４号", "緯度": 31.924043, "経度": 131.38816, "url": "https://www.iryou.teikyouseido.mhlw.go.jp/znk-web/juminkanja/S2430/initialize?prefCd=45&kikanCd=2453162960&kikanKbn=2", "url2": "http://www.sekimc.com", "内容": "せき診療所　内科・呼吸器内科【2:診療所】【診療科目:内科_呼吸器内科】宮崎県宮崎市大塚台西１丁目１番地４４号" }, "geometry": { "type": "Point", "coordinates": [ 131.38816, 31.924043 ] } },
{ "type": "Feature", "properties": { "ID": 4522453163000, "正式名称": "ささきクリニック", "機関区分": 2, "都道府県コード": 45, "市区町村コード": 201, "所在地": "宮崎県宮崎市大塚町無量寺道下４１ー１", "緯度": 31.932131, "経度": 131.399503, "url": "https://www.iryou.teikyouseido.mhlw.go.jp/znk-web/juminkanja/S2430/initialize?prefCd=45&kikanCd=2453163000&kikanKbn=2", "url2": "http://sasaki-c.com/main/", "内容": "ささきクリニック【2:診療所】【診療科目:内科_呼吸器内科_リウマチ科】宮崎県宮崎市大塚町無量寺道下４１ー１" }, "geometry": { "type": "Point", "coordinates": [ 131.399503, 31.932131 ] } },
{ "type": "Feature", "properties": { "ID": 4522453163390, "正式名称": "龍水クリニック", "機関区分": 2, "都道府県コード": 45, "市区町村コード": 201, "所在地": "宮崎県宮崎市北川内町乱橋３６２８−３", "緯度": 31.903834, "経度": 131.392772, "url": "https://www.iryou.teikyouseido.mhlw.go.jp/znk-web/juminkanja/S2430/initialize?prefCd=45&kikanCd=2453163390&kikanKbn=2", "url2": null, "内容": "龍水クリニック【2:診療所】【診療科目:精神科_神経科_心療内科】宮崎県宮崎市北川内町乱橋３６２８−３" }, "geometry": { "type": "Point", "coordinates": [ 131.392772, 31.903834 ] } },
{ "type": "Feature", "properties": { "ID": 4522453163710, "正式名称": "医療法人もとき会黒川皮膚科クリニック", "機関区分": 2, "都道府県コード": 45, "市区町村コード": 201, "所在地": "宮崎県宮崎市桜町４番地１５", "緯度": 31.951457, "経度": 131.436754, "url": "https://www.iryou.teikyouseido.mhlw.go.jp/znk-web/juminkanja/S2430/initialize?prefCd=45&kikanCd=2453163710&kikanKbn=2", "url2": "https://kurokawa-hihuka.com/", "内容": "医療法人もとき会黒川皮膚科クリニック【2:診療所】【診療科目:皮膚科】宮崎県宮崎市桜町４番地１５" }, "geometry": { "type": "Point", "coordinates": [ 131.436754, 31.951457 ] } },
{ "type": "Feature", "properties": { "ID": 4522453163970, "正式名称": "松浦みみ・はな・のどクリニック", "機関区分": 2, "都道府県コード": 45, "市区町村コード": 201, "所在地": "宮崎県宮崎市本郷南方２４７５−１", "緯度": 31.855124, "経度": 131.434561, "url": "https://www.iryou.teikyouseido.mhlw.go.jp/znk-web/juminkanja/S2430/initialize?prefCd=45&kikanCd=2453163970&kikanKbn=2", "url2": "https://mimihana.net", "内容": "松浦みみ・はな・のどクリニック【2:診療所】【診療科目:耳鼻いんこう科_アレルギー科】宮崎県宮崎市本郷南方２４７５−１" }, "geometry": { "type": "Point", "coordinates": [ 131.434561, 31.855124 ] } },
{ "type": "Feature", "properties": { "ID": 4522453164430, "正式名称": "きくち皮膚科泌尿器科クリニック", "機関区分": 2, "都道府県コード": 45, "市区町村コード": 201, "所在地": "宮崎県宮崎市中村東２丁目１－２９", "緯度": 31.900386, "経度": 131.418897, "url": "https://www.iryou.teikyouseido.mhlw.go.jp/znk-web/juminkanja/S2430/initialize?prefCd=45&kikanCd=2453164430&kikanKbn=2", "url2": "http://www.kikuchi-hifuka-hinyoukika-cl.com/", "内容": "きくち皮膚科泌尿器科クリニック【2:診療所】【診療科目:皮膚科_泌尿器科】宮崎県宮崎市中村東２丁目１－２９" }, "geometry": { "type": "Point", "coordinates": [ 131.418897, 31.900386 ] } },
{ "type": "Feature", "properties": { "ID": 4522453164690, "正式名称": "医療法人清涼会　いきめ大腸肛門外科内科", "機関区分": 2, "都道府県コード": 45, "市区町村コード": 201, "所在地": "宮崎県宮崎市大字浮田３０９９番地１", "緯度": 31.928256, "経度": 131.376536, "url": "https://www.iryou.teikyouseido.mhlw.go.jp/znk-web/juminkanja/S2430/initialize?prefCd=45&kikanCd=2453164690&kikanKbn=2", "url2": "https://ikime-daichou.com/", "内容": "医療法人清涼会　いきめ大腸肛門外科内科【2:診療所】【診療科目:内科_循環器内科_消化器内科_内視鏡内科_外科_心臓血管外科_肛門外科_心療内科_放射線科】宮崎県宮崎市大字浮田３０９９番地１" }, "geometry": { "type": "Point", "coordinates": [ 131.376536, 31.928256 ] } },
{ "type": "Feature", "properties": { "ID": 4522453165440, "正式名称": "落合内科", "機関区分": 2, "都道府県コード": 45, "市区町村コード": 201, "所在地": "宮崎県宮崎市大淀３丁目１番３５号", "緯度": 31.898124, "経度": 131.422183, "url": "https://www.iryou.teikyouseido.mhlw.go.jp/znk-web/juminkanja/S2430/initialize?prefCd=45&kikanCd=2453165440&kikanKbn=2", "url2": null, "内容": "落合内科【2:診療所】【診療科目:内科_人工透析内科】宮崎県宮崎市大淀３丁目１番３５号" }, "geometry": { "type": "Point", "coordinates": [ 131.422183, 31.898124 ] } },
{ "type": "Feature", "properties": { "ID": 4522453165600, "正式名称": "ごとう整形外科", "機関区分": 2, "都道府県コード": 45, "市区町村コード": 201, "所在地": "宮崎県宮崎市阿波岐原町坂元２０１１－３", "緯度": 31.92992, "経度": 131.452028, "url": "https://www.iryou.teikyouseido.mhlw.go.jp/znk-web/juminkanja/S2430/initialize?prefCd=45&kikanCd=2453165600&kikanKbn=2", "url2": null, "内容": "ごとう整形外科【2:診療所】【診療科目:整形外科_リウマチ科_リハビリテーション科】宮崎県宮崎市阿波岐原町坂元２０１１－３" }, "geometry": { "type": "Point", "coordinates": [ 131.452028, 31.92992 ] } },
{ "type": "Feature", "properties": { "ID": 4522453165730, "正式名称": "しおもりクリニック", "機関区分": 2, "都道府県コード": 45, "市区町村コード": 201, "所在地": "宮崎県宮崎市清武町池田台北３４番地４０", "緯度": 31.880446, "経度": 131.39384, "url": "https://www.iryou.teikyouseido.mhlw.go.jp/znk-web/juminkanja/S2430/initialize?prefCd=45&kikanCd=2453165730&kikanKbn=2", "url2": "http://shiomoriclinic.jimdo.com/", "内容": "しおもりクリニック【2:診療所】【診療科目:内科_消化器内科_外科】宮崎県宮崎市清武町池田台北３４番地４０" }, "geometry": { "type": "Point", "coordinates": [ 131.39384, 31.880446 ] } },
{ "type": "Feature", "properties": { "ID": 4522453165860, "正式名称": "おおつかの杜クリニック", "機関区分": 2, "都道府県コード": 45, "市区町村コード": 201, "所在地": "宮崎県宮崎市大塚町池ノ内１１９９番地", "緯度": 31.923532, "経度": 131.394038, "url": "https://www.iryou.teikyouseido.mhlw.go.jp/znk-web/juminkanja/S2430/initialize?prefCd=45&kikanCd=2453165860&kikanKbn=2", "url2": "http://www.okada-seikeigeka.com/", "内容": "おおつかの杜クリニック【2:診療所】【診療科目:内科_整形外科_リハビリテーション科】宮崎県宮崎市大塚町池ノ内１１９９番地" }, "geometry": { "type": "Point", "coordinates": [ 131.394038, 31.923532 ] } },
{ "type": "Feature", "properties": { "ID": 4522453166030, "正式名称": "医療法人青葉会　のざきクリニック", "機関区分": 2, "都道府県コード": 45, "市区町村コード": 201, "所在地": "宮崎県宮崎市宮崎駅東３丁目９－１３", "緯度": 31.919372, "経度": 131.432667, "url": "https://www.iryou.teikyouseido.mhlw.go.jp/znk-web/juminkanja/S2430/initialize?prefCd=45&kikanCd=2453166030&kikanKbn=2", "url2": "https://nc-aobakai.or.jp", "内容": "医療法人青葉会　のざきクリニック【2:診療所】【診療科目:内科_循環器内科_整形外科_リハビリテーション科】宮崎県宮崎市宮崎駅東３丁目９－１３" }, "geometry": { "type": "Point", "coordinates": [ 131.432667, 31.919372 ] } },
{ "type": "Feature", "properties": { "ID": 4522453166320, "正式名称": "社会医療法人慶明会　すみよし中央眼科", "機関区分": 2, "都道府県コード": 45, "市区町村コード": 201, "所在地": "宮崎県宮崎市島之内字井手下７４０３番３", "緯度": 31.982417, "経度": 131.448712, "url": "https://www.iryou.teikyouseido.mhlw.go.jp/znk-web/juminkanja/S2430/initialize?prefCd=45&kikanCd=2453166320&kikanKbn=2", "url2": "http://www.keimei.or.jp/sumiyoshi-central-eye.php", "内容": "社会医療法人慶明会　すみよし中央眼科【2:診療所】【診療科目:眼科】宮崎県宮崎市島之内字井手下７４０３番３" }, "geometry": { "type": "Point", "coordinates": [ 131.448712, 31.982417 ] } },
{ "type": "Feature", "properties": { "ID": 4522453166610, "正式名称": "野村循環器内科クリニック", "機関区分": 2, "都道府県コード": 45, "市区町村コード": 201, "所在地": "宮崎県宮崎市恒久５９４２－１", "緯度": 31.892726, "経度": 131.4065, "url": "https://www.iryou.teikyouseido.mhlw.go.jp/znk-web/juminkanja/S2430/initialize?prefCd=45&kikanCd=2453166610&kikanKbn=2", "url2": "https://nomura-junkanki.com/", "内容": "野村循環器内科クリニック【2:診療所】【診療科目:内科_呼吸器内科_循環器内科】宮崎県宮崎市恒久５９４２－１" }, "geometry": { "type": "Point", "coordinates": [ 131.4065, 31.892726 ] } },
{ "type": "Feature", "properties": { "ID": 4522453166740, "正式名称": "ほんぶ整形外科", "機関区分": 2, "都道府県コード": 45, "市区町村コード": 201, "所在地": "宮崎県宮崎市小松町屋敷６６７―１", "緯度": 31.938725, "経度": 131.400883, "url": "https://www.iryou.teikyouseido.mhlw.go.jp/znk-web/juminkanja/S2430/initialize?prefCd=45&kikanCd=2453166740&kikanKbn=2", "url2": null, "内容": "ほんぶ整形外科【2:診療所】【診療科目:整形外科_リハビリテーション科】宮崎県宮崎市小松町屋敷６６７―１" }, "geometry": { "type": "Point", "coordinates": [ 131.400883, 31.938725 ] } },
{ "type": "Feature", "properties": { "ID": 4522453166870, "正式名称": "にしだ皮膚科", "機関区分": 2, "都道府県コード": 45, "市区町村コード": 201, "所在地": "宮崎県宮崎市本郷南方２４７８番地３", "緯度": 31.854409, "経度": 131.434652, "url": "https://www.iryou.teikyouseido.mhlw.go.jp/znk-web/juminkanja/S2430/initialize?prefCd=45&kikanCd=2453166870&kikanKbn=2", "url2": null, "内容": "にしだ皮膚科【2:診療所】【診療科目:皮膚科】宮崎県宮崎市本郷南方２４７８番地３" }, "geometry": { "type": "Point", "coordinates": [ 131.434652, 31.854409 ] } },
{ "type": "Feature", "properties": { "ID": 4522453167040, "正式名称": "北野メンタルクリニック", "機関区分": 2, "都道府県コード": 45, "市区町村コード": 201, "所在地": "宮崎県宮崎市大島町南窪８１４ー４　マルコービル１０５号", "緯度": 31.925619, "経度": 131.436298, "url": "https://www.iryou.teikyouseido.mhlw.go.jp/znk-web/juminkanja/S2430/initialize?prefCd=45&kikanCd=2453167040&kikanKbn=2", "url2": null, "内容": "北野メンタルクリニック【2:診療所】【診療科目:精神科_心療内科】宮崎県宮崎市大島町南窪８１４ー４　マルコービル１０５号" }, "geometry": { "type": "Point", "coordinates": [ 131.436298, 31.925619 ] } },
{ "type": "Feature", "properties": { "ID": 4522453167170, "正式名称": "医療法人社団多久美会　みきクリニック宮崎", "機関区分": 2, "都道府県コード": 45, "市区町村コード": 201, "所在地": "宮崎県宮崎市広島１ー１７ー３３みきクリニックビル２・３階", "緯度": 31.91524, "経度": 131.426715, "url": "https://www.iryou.teikyouseido.mhlw.go.jp/znk-web/juminkanja/S2430/initialize?prefCd=45&kikanCd=2453167170&kikanKbn=2", "url2": "http://www.miki-beauty.com", "内容": "医療法人社団多久美会　みきクリニック宮崎【2:診療所】【診療科目:形成外科_美容外科_皮膚科_美容皮膚科】宮崎県宮崎市広島１ー１７ー３３みきクリニックビル２・３階" }, "geometry": { "type": "Point", "coordinates": [ 131.426715, 31.91524 ] } },
{ "type": "Feature", "properties": { "ID": 4522453167460, "正式名称": "医療法人　末次医院　さんさんファミリークリニック", "機関区分": 2, "都道府県コード": 45, "市区町村コード": 201, "所在地": "宮崎県宮崎市大字島之内７０６９ー２", "緯度": 31.987386, "経度": 131.45052, "url": "https://www.iryou.teikyouseido.mhlw.go.jp/znk-web/juminkanja/S2430/initialize?prefCd=45&kikanCd=2453167460&kikanKbn=2", "url2": "sunsun-family-cl.com", "内容": "医療法人　末次医院　さんさんファミリークリニック【2:診療所】【診療科目:内科_小児科】宮崎県宮崎市大字島之内７０６９ー２" }, "geometry": { "type": "Point", "coordinates": [ 131.45052, 31.987386 ] } },
{ "type": "Feature", "properties": { "ID": 452245316759, "正式名称": "医療法人徳歩会　江南まつもと整形外科", "機関区分": 2, "都道府県コード": 45, "市区町村コード": 201, "所在地": "宮崎県宮崎市恒久５８９０－１", "緯度": 31.890517, "経度": 131.406286, "url": "https://www.iryou.teikyouseido.mhlw.go.jp/znk-web/juminkanja/S2430/initialize?prefCd=45&kikanCd=245316759&kikanKbn=2", "url2": "http://www.k-m-o.jp/", "内容": "医療法人徳歩会　江南まつもと整形外科【2:診療所】【診療科目:整形外科_リウマチ科_リハビリテーション科】宮崎県宮崎市恒久５８９０－１" }, "geometry": { "type": "Point", "coordinates": [ 131.406286, 31.890517 ] } },
{ "type": "Feature", "properties": { "ID": 4522453167750, "正式名称": "医療法人社団潔会　きよし整形外科クリニック", "機関区分": 2, "都道府県コード": 45, "市区町村コード": 201, "所在地": "宮崎県宮崎市佐土原町下田島１０４０４番地１", "緯度": 32.024018, "経度": 131.481419, "url": "https://www.iryou.teikyouseido.mhlw.go.jp/znk-web/juminkanja/S2430/initialize?prefCd=45&kikanCd=2453167750&kikanKbn=2", "url2": null, "内容": "医療法人社団潔会　きよし整形外科クリニック【2:診療所】【診療科目:整形外科_リウマチ科_リハビリテーション科】宮崎県宮崎市佐土原町下田島１０４０４番地１" }, "geometry": { "type": "Point", "coordinates": [ 131.481419, 32.024018 ] } },
{ "type": "Feature", "properties": { "ID": 4522453167880, "正式名称": "かわの内科クリニック", "機関区分": 2, "都道府県コード": 45, "市区町村コード": 201, "所在地": "宮崎県宮崎市天満３丁目１番地８", "緯度": 31.897188, "経度": 131.415656, "url": "https://www.iryou.teikyouseido.mhlw.go.jp/znk-web/juminkanja/S2430/initialize?prefCd=45&kikanCd=2453167880&kikanKbn=2", "url2": null, "内容": "かわの内科クリニック【2:診療所】【診療科目:内科_糖尿病内科】宮崎県宮崎市天満３丁目１番地８" }, "geometry": { "type": "Point", "coordinates": [ 131.415656, 31.897188 ] } },
{ "type": "Feature", "properties": { "ID": 4522453168500, "正式名称": "医療法人けいあい　かいクリニック", "機関区分": 2, "都道府県コード": 45, "市区町村コード": 201, "所在地": "宮崎県宮崎市神宮２丁目３番４号", "緯度": 31.935286, "経度": 131.421729, "url": "https://www.iryou.teikyouseido.mhlw.go.jp/znk-web/juminkanja/S2430/initialize?prefCd=45&kikanCd=2453168500&kikanKbn=2", "url2": "http://kai-clinic.com", "内容": "医療法人けいあい　かいクリニック【2:診療所】【診療科目:内科_呼吸器内科_循環器内科_整形外科_リウマチ科_リハビリテーション科】宮崎県宮崎市神宮２丁目３番４号" }, "geometry": { "type": "Point", "coordinates": [ 131.421729, 31.935286 ] } },
{ "type": "Feature", "properties": { "ID": 4522453168760, "正式名称": "いといクリニック", "機関区分": 2, "都道府県コード": 45, "市区町村コード": 201, "所在地": "宮崎県宮崎市郡司分甲１０６９ー１", "緯度": 31.911095, "経度": 131.423893, "url": "https://www.iryou.teikyouseido.mhlw.go.jp/znk-web/juminkanja/S2430/initialize?prefCd=45&kikanCd=2453168760&kikanKbn=2", "url2": null, "内容": "いといクリニック【2:診療所】【診療科目:内科_呼吸器内科_循環器内科_腎臓内科_泌尿器科】宮崎県宮崎市郡司分甲１０６９ー１" }, "geometry": { "type": "Point", "coordinates": [ 131.423893, 31.911095 ] } },
{ "type": "Feature", "properties": { "ID": 4522453169220, "正式名称": "医療法人社団日髙　アイレＨＤクリニック", "機関区分": 2, "都道府県コード": 45, "市区町村コード": 201, "所在地": "宮崎県宮崎市新名爪１９５番地", "緯度": 31.977059, "経度": 131.44099, "url": "https://www.iryou.teikyouseido.mhlw.go.jp/znk-web/juminkanja/S2430/initialize?prefCd=45&kikanCd=2453169220&kikanKbn=2", "url2": "https://aire-hd-clinic.conohawing.com/", "内容": "医療法人社団日髙　アイレＨＤクリニック【2:診療所】【診療科目:内科_腎臓内科_人工透析内科】宮崎県宮崎市新名爪１９５番地" }, "geometry": { "type": "Point", "coordinates": [ 131.44099, 31.977059 ] } },
{ "type": "Feature", "properties": { "ID": 4522453169930, "正式名称": "医療法人サクラ会あけぼの診療所", "機関区分": 2, "都道府県コード": 45, "市区町村コード": 201, "所在地": "宮崎県宮崎市田野町あけぼの２丁目５番地１", "緯度": 31.832963, "経度": 131.292803, "url": "https://www.iryou.teikyouseido.mhlw.go.jp/znk-web/juminkanja/S2430/initialize?prefCd=45&kikanCd=2453169930&kikanKbn=2", "url2": "http://akebono-hp.com/", "内容": "医療法人サクラ会あけぼの診療所【2:診療所】【診療科目:内科_外科_精神科】宮崎県宮崎市田野町あけぼの２丁目５番地１" }, "geometry": { "type": "Point", "coordinates": [ 131.292803, 31.832963 ] } },
{ "type": "Feature", "properties": { "ID": 4522453170040, "正式名称": "野間内科クリニック", "機関区分": 2, "都道府県コード": 45, "市区町村コード": 201, "所在地": "宮崎県宮崎市北権現町２２０－１", "緯度": 31.931415, "経度": 131.432681, "url": "https://www.iryou.teikyouseido.mhlw.go.jp/znk-web/juminkanja/S2430/initialize?prefCd=45&kikanCd=2453170040&kikanKbn=2", "url2": "http://www.nomanaika.jp/", "内容": "野間内科クリニック【2:診療所】【診療科目:内科_糖尿病内科】宮崎県宮崎市北権現町２２０－１" }, "geometry": { "type": "Point", "coordinates": [ 131.432681, 31.931415 ] } },
{ "type": "Feature", "properties": { "ID": 4522453170200, "正式名称": "コタロクリニック", "機関区分": 2, "都道府県コード": 45, "市区町村コード": 201, "所在地": "宮崎県宮崎市橘通西", "緯度": 31.91647, "経度": 131.422749, "url": "https://www.iryou.teikyouseido.mhlw.go.jp/znk-web/juminkanja/S2430/initialize?prefCd=45&kikanCd=2453170200&kikanKbn=2", "url2": "http://komuroclinic.jp/", "内容": "コタロクリニック【2:診療所】【診療科目:内科_形成外科_美容外科_婦人科_眼科_皮膚科_泌尿器科】宮崎県宮崎市橘通西" }, "geometry": { "type": "Point", "coordinates": [ 131.422749, 31.91647 ] } },
{ "type": "Feature", "properties": { "ID": 4522453170330, "正式名称": "たかぎ小児科・心臓小児科", "機関区分": 2, "都道府県コード": 45, "市区町村コード": 201, "所在地": "宮崎県宮崎市橘通東１丁目１２－１３", "緯度": 31.907999, "経度": 131.423685, "url": "https://www.iryou.teikyouseido.mhlw.go.jp/znk-web/juminkanja/S2430/initialize?prefCd=45&kikanCd=2453170330&kikanKbn=2", "url2": "http://www.takagi-pc.jp/", "内容": "たかぎ小児科・心臓小児科【2:診療所】【診療科目:小児科】宮崎県宮崎市橘通東１丁目１２－１３" }, "geometry": { "type": "Point", "coordinates": [ 131.423685, 31.907999 ] } },
{ "type": "Feature", "properties": { "ID": 4522453170460, "正式名称": "医療法人惠和会　やまもと整形外科", "機関区分": 2, "都道府県コード": 45, "市区町村コード": 201, "所在地": "宮崎県宮崎市池内町９８４番地１", "緯度": 31.960473, "経度": 131.411955, "url": "https://www.iryou.teikyouseido.mhlw.go.jp/znk-web/juminkanja/S2430/initialize?prefCd=45&kikanCd=2453170460&kikanKbn=2", "url2": "https://yamamotoseikei-hp.com/", "内容": "医療法人惠和会　やまもと整形外科【2:診療所】【診療科目:整形外科_リハビリテーション科】宮崎県宮崎市池内町９８４番地１" }, "geometry": { "type": "Point", "coordinates": [ 131.411955, 31.960473 ] } },
{ "type": "Feature", "properties": { "ID": 4522453170750, "正式名称": "いわさき小児科", "機関区分": 2, "都道府県コード": 45, "市区町村コード": 201, "所在地": "宮崎県宮崎市神宮東", "緯度": 31.939336, "経度": 131.429681, "url": "https://www.iryou.teikyouseido.mhlw.go.jp/znk-web/juminkanja/S2430/initialize?prefCd=45&kikanCd=2453170750&kikanKbn=2", "url2": "https://www.iwasakiclinic.org/", "内容": "いわさき小児科【2:診療所】【診療科目:小児科】宮崎県宮崎市神宮東" }, "geometry": { "type": "Point", "coordinates": [ 131.429681, 31.939336 ] } },
{ "type": "Feature", "properties": { "ID": 4522453170880, "正式名称": "宮崎ホームケアクリニック", "機関区分": 2, "都道府県コード": 45, "市区町村コード": 201, "所在地": "宮崎県宮崎市江平東１丁目１－１", "緯度": 31.925091, "経度": 131.425754, "url": "https://www.iryou.teikyouseido.mhlw.go.jp/znk-web/juminkanja/S2430/initialize?prefCd=45&kikanCd=2453170880&kikanKbn=2", "url2": "http://miyazakihomecare.com/", "内容": "宮崎ホームケアクリニック【2:診療所】【診療科目:内科_放射線科】宮崎県宮崎市江平東１丁目１－１" }, "geometry": { "type": "Point", "coordinates": [ 131.425754, 31.925091 ] } },
{ "type": "Feature", "properties": { "ID": 4522453170910, "正式名称": "いわきりこころのクリニック", "機関区分": 2, "都道府県コード": 45, "市区町村コード": 201, "所在地": "宮崎県宮崎市原町５番１２号１階", "緯度": 31.924516, "経度": 131.421966, "url": "https://www.iryou.teikyouseido.mhlw.go.jp/znk-web/juminkanja/S2430/initialize?prefCd=45&kikanCd=2453170910&kikanKbn=2", "url2": "http://www.ne.jp/asahi/iwakiri-kokoro/clinic/", "内容": "いわきりこころのクリニック【2:診療所】【診療科目:内科_精神科】宮崎県宮崎市原町５番１２号１階" }, "geometry": { "type": "Point", "coordinates": [ 131.421966, 31.924516 ] } },
{ "type": "Feature", "properties": { "ID": 4522453171050, "正式名称": "かわはら整形外科リハビリテーションクリニック", "機関区分": 2, "都道府県コード": 45, "市区町村コード": 201, "所在地": "宮崎県宮崎市清武町加納４丁目２０番地", "緯度": 31.870448, "経度": 131.39535, "url": "https://www.iryou.teikyouseido.mhlw.go.jp/znk-web/juminkanja/S2430/initialize?prefCd=45&kikanCd=2453171050&kikanKbn=2", "url2": "http://www.kawareha-miyazaki.com", "内容": "かわはら整形外科リハビリテーションクリニック【2:診療所】【診療科目:整形外科_リハビリテーション科】宮崎県宮崎市清武町加納４丁目２０番地" }, "geometry": { "type": "Point", "coordinates": [ 131.39535, 31.870448 ] } },
{ "type": "Feature", "properties": { "ID": 4522453171180, "正式名称": "ありかわクリニック", "機関区分": 2, "都道府県コード": 45, "市区町村コード": 201, "所在地": "宮崎県宮崎市大坪町西六月２２１０番地１", "緯度": 31.895565, "経度": 131.407285, "url": "https://www.iryou.teikyouseido.mhlw.go.jp/znk-web/juminkanja/S2430/initialize?prefCd=45&kikanCd=2453171180&kikanKbn=2", "url2": "https://arikawaclinic.jp/", "内容": "ありかわクリニック【2:診療所】【診療科目:脳神経外科】宮崎県宮崎市大坪町西六月２２１０番地１" }, "geometry": { "type": "Point", "coordinates": [ 131.407285, 31.895565 ] } },
{ "type": "Feature", "properties": { "ID": 4522453171210, "正式名称": "医療法人ふくどめ耳鼻咽喉科クリニック", "機関区分": 2, "都道府県コード": 45, "市区町村コード": 201, "所在地": "宮崎県宮崎市恒久５９１３番地１", "緯度": 31.892144, "経度": 131.406018, "url": "https://www.iryou.teikyouseido.mhlw.go.jp/znk-web/juminkanja/S2430/initialize?prefCd=45&kikanCd=2453171210&kikanKbn=2", "url2": "http://fukudome-ent.com/", "内容": "医療法人ふくどめ耳鼻咽喉科クリニック【2:診療所】【診療科目:耳鼻いんこう科】宮崎県宮崎市恒久５９１３番地１" }, "geometry": { "type": "Point", "coordinates": [ 131.406018, 31.892144 ] } },
{ "type": "Feature", "properties": { "ID": 4522453171470, "正式名称": "むろい皮ふ科・アレルギー科", "機関区分": 2, "都道府県コード": 45, "市区町村コード": 201, "所在地": "宮崎県宮崎市小松１０９３番３", "緯度": 31.936439, "経度": 131.402305, "url": "https://www.iryou.teikyouseido.mhlw.go.jp/znk-web/juminkanja/S2430/initialize?prefCd=45&kikanCd=2453171470&kikanKbn=2", "url2": "https://www.muroihihuka.com/", "内容": "むろい皮ふ科・アレルギー科【2:診療所】【診療科目:皮膚科_アレルギー科】宮崎県宮崎市小松１０９３番３" }, "geometry": { "type": "Point", "coordinates": [ 131.402305, 31.936439 ] } },
{ "type": "Feature", "properties": { "ID": 4522453171500, "正式名称": "医療法人慶仁会　ふくどめクリニック", "機関区分": 2, "都道府県コード": 45, "市区町村コード": 201, "所在地": "宮崎県宮崎市大字郡司分甲１６００番地１", "緯度": 31.846139, "経度": 131.426353, "url": "https://www.iryou.teikyouseido.mhlw.go.jp/znk-web/juminkanja/S2430/initialize?prefCd=45&kikanCd=2453171500&kikanKbn=2", "url2": "https://fukudome-cl.com", "内容": "医療法人慶仁会　ふくどめクリニック【2:診療所】【診療科目:腎臓内科_人工透析内科】宮崎県宮崎市大字郡司分甲１６００番地１" }, "geometry": { "type": "Point", "coordinates": [ 131.426353, 31.846139 ] } },
{ "type": "Feature", "properties": { "ID": 4522453171630, "正式名称": "はながしま診療所", "機関区分": 2, "都道府県コード": 45, "市区町村コード": 201, "所在地": "宮崎県宮崎市花ヶ島町入道２１９６", "緯度": 31.943589, "経度": 131.433786, "url": "https://www.iryou.teikyouseido.mhlw.go.jp/znk-web/juminkanja/S2430/initialize?prefCd=45&kikanCd=2453171630&kikanKbn=2", "url2": null, "内容": "はながしま診療所【2:診療所】【診療科目:小児科】宮崎県宮崎市花ヶ島町入道２１９６" }, "geometry": { "type": "Point", "coordinates": [ 131.433786, 31.943589 ] } },
{ "type": "Feature", "properties": { "ID": 4522453171760, "正式名称": "よこやまクリニック", "機関区分": 2, "都道府県コード": 45, "市区町村コード": 201, "所在地": "宮崎県宮崎市船塚２丁目１１２番１", "緯度": 31.930312, "経度": 131.419744, "url": "https://www.iryou.teikyouseido.mhlw.go.jp/znk-web/juminkanja/S2430/initialize?prefCd=45&kikanCd=2453171760&kikanKbn=2", "url2": "http://yokoyama-clinic.net/", "内容": "よこやまクリニック【2:診療所】【診療科目:婦人科_心療内科】宮崎県宮崎市船塚２丁目１１２番１" }, "geometry": { "type": "Point", "coordinates": [ 131.419744, 31.930312 ] } },
{ "type": "Feature", "properties": { "ID": 4522453171890, "正式名称": "医療法人くるみ皮膚科", "機関区分": 2, "都道府県コード": 45, "市区町村コード": 201, "所在地": "宮崎県宮崎市恒久５９８０", "緯度": 31.88968, "経度": 131.405229, "url": "https://www.iryou.teikyouseido.mhlw.go.jp/znk-web/juminkanja/S2430/initialize?prefCd=45&kikanCd=2453171890&kikanKbn=2", "url2": "https://www.kurumihifuka.com", "内容": "医療法人くるみ皮膚科【2:診療所】【診療科目:皮膚科】宮崎県宮崎市恒久５９８０" }, "geometry": { "type": "Point", "coordinates": [ 131.405229, 31.88968 ] } },
{ "type": "Feature", "properties": { "ID": 4522453172060, "正式名称": "みやざき糖尿病予防クリニック", "機関区分": 2, "都道府県コード": 45, "市区町村コード": 201, "所在地": "宮崎県宮崎市霧島２－５５－１", "緯度": 31.928454, "経度": 131.413249, "url": "https://www.iryou.teikyouseido.mhlw.go.jp/znk-web/juminkanja/S2430/initialize?prefCd=45&kikanCd=2453172060&kikanKbn=2", "url2": "https://miyazaki-dm-prevention.amebaownd.com", "内容": "みやざき糖尿病予防クリニック【2:診療所】【診療科目:内科_糖尿病内科】宮崎県宮崎市霧島２－５５－１" }, "geometry": { "type": "Point", "coordinates": [ 131.413249, 31.928454 ] } },
{ "type": "Feature", "properties": { "ID": 4522453172220, "正式名称": "産科・婦人科クリニック　おおつか", "機関区分": 2, "都道府県コード": 45, "市区町村コード": 201, "所在地": "宮崎県宮崎市大塚町八所３５９７ー１", "緯度": 31.914696, "経度": 131.390204, "url": "https://www.iryou.teikyouseido.mhlw.go.jp/znk-web/juminkanja/S2430/initialize?prefCd=45&kikanCd=2453172220&kikanKbn=2", "url2": "http://miyazaki-otsuka.com/", "内容": "産科・婦人科クリニック　おおつか【2:診療所】【診療科目:産科_婦人科】宮崎県宮崎市大塚町八所３５９７ー１" }, "geometry": { "type": "Point", "coordinates": [ 131.390204, 31.914696 ] } },
{ "type": "Feature", "properties": { "ID": 4522453172350, "正式名称": "医療法人虹の会　まつうら心の診療所", "機関区分": 2, "都道府県コード": 45, "市区町村コード": 201, "所在地": "宮崎県宮崎市霧島２丁目１３０番地２Ｆ", "緯度": 31.911095, "経度": 131.423893, "url": "https://www.iryou.teikyouseido.mhlw.go.jp/znk-web/juminkanja/S2430/initialize?prefCd=45&kikanCd=2453172350&kikanKbn=2", "url2": "http://matsuura-cocorono-shinryojyo.jp/", "内容": "医療法人虹の会　まつうら心の診療所【2:診療所】【診療科目:精神科_心療内科】宮崎県宮崎市霧島２丁目１３０番地２Ｆ" }, "geometry": { "type": "Point", "coordinates": [ 131.423893, 31.911095 ] } },
{ "type": "Feature", "properties": { "ID": 4522453172510, "正式名称": "花ヶ島ウィメンズクリニック", "機関区分": 2, "都道府県コード": 45, "市区町村コード": 201, "所在地": "宮崎県宮崎市花ケ島町観音免８９４番地", "緯度": 31.956222, "経度": 131.435494, "url": "https://www.iryou.teikyouseido.mhlw.go.jp/znk-web/juminkanja/S2430/initialize?prefCd=45&kikanCd=2453172510&kikanKbn=2", "url2": null, "内容": "花ヶ島ウィメンズクリニック【2:診療所】【診療科目:産婦人科】宮崎県宮崎市花ケ島町観音免８９４番地" }, "geometry": { "type": "Point", "coordinates": [ 131.435494, 31.956222 ] } },
{ "type": "Feature", "properties": { "ID": 4522453172640, "正式名称": "なかしま外科・内科", "機関区分": 2, "都道府県コード": 45, "市区町村コード": 201, "所在地": "宮崎県宮崎市中村東２丁目４ー８", "緯度": 31.898699, "経度": 131.418969, "url": "https://www.iryou.teikyouseido.mhlw.go.jp/znk-web/juminkanja/S2430/initialize?prefCd=45&kikanCd=2453172640&kikanKbn=2", "url2": "https://www.syunkoukai.com/facility/nakashima/", "内容": "なかしま外科・内科【2:診療所】【診療科目:内科_胃腸内科_消化器外科_肛門外科_内視鏡外科_リハビリテーション科】宮崎県宮崎市中村東２丁目４ー８" }, "geometry": { "type": "Point", "coordinates": [ 131.418969, 31.898699 ] } },
{ "type": "Feature", "properties": { "ID": 4522453172770, "正式名称": "医療法人益治論会産婦人科いきめの杜クリニック", "機関区分": 2, "都道府県コード": 45, "市区町村コード": 201, "所在地": "宮崎県宮崎市大字柏原４０７ー１", "緯度": 31.936935, "経度": 131.374988, "url": "https://www.iryou.teikyouseido.mhlw.go.jp/znk-web/juminkanja/S2430/initialize?prefCd=45&kikanCd=2453172770&kikanKbn=2", "url2": "http://www.ikimenomori-clinic.jp/", "内容": "医療法人益治論会産婦人科いきめの杜クリニック【2:診療所】【診療科目:産婦人科】宮崎県宮崎市大字柏原４０７ー１" }, "geometry": { "type": "Point", "coordinates": [ 131.374988, 31.936935 ] } },
{ "type": "Feature", "properties": { "ID": 4522453172800, "正式名称": "出水眼科", "機関区分": 2, "都道府県コード": 45, "市区町村コード": 201, "所在地": "宮崎県宮崎市大字恒久６００６－１", "緯度": 31.889447, "経度": 131.403765, "url": "https://www.iryou.teikyouseido.mhlw.go.jp/znk-web/juminkanja/S2430/initialize?prefCd=45&kikanCd=2453172800&kikanKbn=2", "url2": "http://demizuganka.jp", "内容": "出水眼科【2:診療所】【診療科目:眼科】宮崎県宮崎市大字恒久６００６－１" }, "geometry": { "type": "Point", "coordinates": [ 131.403765, 31.889447 ] } },
{ "type": "Feature", "properties": { "ID": 4522453172930, "正式名称": "南宮崎ヤマモト腎泌尿器科", "機関区分": 2, "都道府県コード": 45, "市区町村コード": 201, "所在地": "宮崎県宮崎市大字恒久１３８３番地１", "緯度": 31.911095, "経度": 131.423893, "url": "https://www.iryou.teikyouseido.mhlw.go.jp/znk-web/juminkanja/S2430/initialize?prefCd=45&kikanCd=2453172930&kikanKbn=2", "url2": "https://seibikai-group-or-jp", "内容": "南宮崎ヤマモト腎泌尿器科【2:診療所】【診療科目:内科_人工透析内科_泌尿器科】宮崎県宮崎市大字恒久１３８３番地１" }, "geometry": { "type": "Point", "coordinates": [ 131.423893, 31.911095 ] } },
{ "type": "Feature", "properties": { "ID": 4522453173230, "正式名称": "宮交シティクリニック", "機関区分": 2, "都道府県コード": 45, "市区町村コード": 201, "所在地": "宮崎県宮崎市大淀", "緯度": 31.894725, "経度": 131.420187, "url": "https://www.iryou.teikyouseido.mhlw.go.jp/znk-web/juminkanja/S2430/initialize?prefCd=45&kikanCd=2453173230&kikanKbn=2", "url2": "https://www.miyacocityclinic.com/", "内容": "宮交シティクリニック【2:診療所】【診療科目:内科_外科】宮崎県宮崎市大淀" }, "geometry": { "type": "Point", "coordinates": [ 131.420187, 31.894725 ] } },
{ "type": "Feature", "properties": { "ID": 4522453173360, "正式名称": "社会医療法人慶明会　生目眼科クリニック", "機関区分": 2, "都道府県コード": 45, "市区町村コード": 201, "所在地": "宮崎県宮崎市小松２６８７番地７", "緯度": 31.927607, "経度": 131.382226, "url": "https://www.iryou.teikyouseido.mhlw.go.jp/znk-web/juminkanja/S2430/initialize?prefCd=45&kikanCd=2453173360&kikanKbn=2", "url2": "http://www.keimei.or.jp/ikime-eye-clinic.php", "内容": "社会医療法人慶明会　生目眼科クリニック【2:診療所】【診療科目:眼科】宮崎県宮崎市小松２６８７番地７" }, "geometry": { "type": "Point", "coordinates": [ 131.382226, 31.927607 ] } },
{ "type": "Feature", "properties": { "ID": 4522453173490, "正式名称": "やまもと胃腸内科", "機関区分": 2, "都道府県コード": 45, "市区町村コード": 201, "所在地": "宮崎県宮崎市太田４－１－５－１", "緯度": 31.898449, "経度": 131.420528, "url": "https://www.iryou.teikyouseido.mhlw.go.jp/znk-web/juminkanja/S2430/initialize?prefCd=45&kikanCd=2453173490&kikanKbn=2", "url2": "https://www.yamamoto-gic.com/", "内容": "やまもと胃腸内科【2:診療所】【診療科目:内科_胃腸内科_内視鏡内科_放射線科_放射線診断科】宮崎県宮崎市太田４－１－５－１" }, "geometry": { "type": "Point", "coordinates": [ 131.420528, 31.898449 ] } },
{ "type": "Feature", "properties": { "ID": 4522453173520, "正式名称": "生目台カリヨンクリニック", "機関区分": 2, "都道府県コード": 45, "市区町村コード": 201, "所在地": "宮崎県宮崎市生目台東４‐６‐１", "緯度": 31.903796, "経度": 131.374705, "url": "https://www.iryou.teikyouseido.mhlw.go.jp/znk-web/juminkanja/S2430/initialize?prefCd=45&kikanCd=2453173520&kikanKbn=2", "url2": "http://ikimedaicarillonclinic.com/", "内容": "生目台カリヨンクリニック【2:診療所】【診療科目:内科_消化器内科_外科_消化器外科】宮崎県宮崎市生目台東４‐６‐１" }, "geometry": { "type": "Point", "coordinates": [ 131.374705, 31.903796 ] } },
{ "type": "Feature", "properties": { "ID": 4522453173650, "正式名称": "ゆげレディスクリニック", "機関区分": 2, "都道府県コード": 45, "市区町村コード": 201, "所在地": "宮崎県宮崎市橘通東４ー８ー１　カリーノ宮崎３階", "緯度": 31.917184, "経度": 131.425274, "url": "https://www.iryou.teikyouseido.mhlw.go.jp/znk-web/juminkanja/S2430/initialize?prefCd=45&kikanCd=2453173650&kikanKbn=2", "url2": "https://yuge-lc.com/", "内容": "ゆげレディスクリニック【2:診療所】【診療科目:婦人科】宮崎県宮崎市橘通東４ー８ー１　カリーノ宮崎３階" }, "geometry": { "type": "Point", "coordinates": [ 131.425274, 31.917184 ] } },
{ "type": "Feature", "properties": { "ID": 4522453174080, "正式名称": "大工町すぎえ腎泌尿器科・内科", "機関区分": 2, "都道府県コード": 45, "市区町村コード": 201, "所在地": "宮崎県宮崎市大工一丁目１０番２８号　ひむかワールドビル２０２", "緯度": 31.918257, "経度": 131.413486, "url": "https://www.iryou.teikyouseido.mhlw.go.jp/znk-web/juminkanja/S2430/initialize?prefCd=45&kikanCd=2453174080&kikanKbn=2", "url2": "https://sugie-cl.com", "内容": "大工町すぎえ腎泌尿器科・内科【2:診療所】【診療科目:内科_泌尿器科】宮崎県宮崎市大工一丁目１０番２８号　ひむかワールドビル２０２" }, "geometry": { "type": "Point", "coordinates": [ 131.413486, 31.918257 ] } },
{ "type": "Feature", "properties": { "ID": 4522453174240, "正式名称": "医療法人昌浩会中島眼科", "機関区分": 2, "都道府県コード": 45, "市区町村コード": 201, "所在地": "宮崎県宮崎市大淀２−１５８", "緯度": 31.899834, "経度": 131.423417, "url": "https://www.iryou.teikyouseido.mhlw.go.jp/znk-web/juminkanja/S2430/initialize?prefCd=45&kikanCd=2453174240&kikanKbn=2", "url2": "https://www.nakashimaeyeclinic.com", "内容": "医療法人昌浩会中島眼科【2:診療所】【診療科目:眼科】宮崎県宮崎市大淀２−１５８" }, "geometry": { "type": "Point", "coordinates": [ 131.423417, 31.899834 ] } },
{ "type": "Feature", "properties": { "ID": 4522453174370, "正式名称": "ながい耳鼻咽喉科　Ｍｉｙａｚａｋｉ　Ｖｏｉｃｅ　Ｃｌｉｎｉｃ", "機関区分": 2, "都道府県コード": 45, "市区町村コード": 201, "所在地": "宮崎県宮崎市新別府町土田５８２－１", "緯度": 31.928522, "経度": 131.4545, "url": "https://www.iryou.teikyouseido.mhlw.go.jp/znk-web/juminkanja/S2430/initialize?prefCd=45&kikanCd=2453174370&kikanKbn=2", "url2": "http://miyazaki-voice.com/", "内容": "ながい耳鼻咽喉科　Ｍｉｙａｚａｋｉ　Ｖｏｉｃｅ　Ｃｌｉｎｉｃ【2:診療所】【診療科目:気管食道外科_小児耳鼻いんこう科_耳鼻いんこう科_気管食道・耳鼻いんこう科_頭頸部・耳鼻いんこう科_音声外来_アレルギー科】宮崎県宮崎市新別府町土田５８２－１" }, "geometry": { "type": "Point", "coordinates": [ 131.4545, 31.928522 ] } },
{ "type": "Feature", "properties": { "ID": 4522453174400, "正式名称": "宮崎中央ふかお透析内科クリニック", "機関区分": 2, "都道府県コード": 45, "市区町村コード": 201, "所在地": "宮崎県宮崎市大工１丁目１０ー２８　ひむかワールドビル３階", "緯度": 31.918355, "経度": 131.413563, "url": "https://www.iryou.teikyouseido.mhlw.go.jp/znk-web/juminkanja/S2430/initialize?prefCd=45&kikanCd=2453174400&kikanKbn=2", "url2": "https://fukao-cl.com", "内容": "宮崎中央ふかお透析内科クリニック【2:診療所】【診療科目:人工透析内科】宮崎県宮崎市大工１丁目１０ー２８　ひむかワールドビル３階" }, "geometry": { "type": "Point", "coordinates": [ 131.413563, 31.918355 ] } },
{ "type": "Feature", "properties": { "ID": 4522453174530, "正式名称": "ＡＧＡスキンクリニック宮崎院", "機関区分": 2, "都道府県コード": 45, "市区町村コード": 201, "所在地": "宮崎県宮崎市広島２－１２－７東海第一ビル１０階", "緯度": 31.91539, "経度": 131.429823, "url": "https://www.iryou.teikyouseido.mhlw.go.jp/znk-web/juminkanja/S2430/initialize?prefCd=45&kikanCd=2453174530&kikanKbn=2", "url2": "https://www.agaskin.net/clinic/mz/", "内容": "ＡＧＡスキンクリニック宮崎院【2:診療所】【診療科目:皮膚科】宮崎県宮崎市広島２－１２－７東海第一ビル１０階" }, "geometry": { "type": "Point", "coordinates": [ 131.429823, 31.91539 ] } },
{ "type": "Feature", "properties": { "ID": 4522453174660, "正式名称": "医療法人　いしだ整形外科", "機関区分": 2, "都道府県コード": 45, "市区町村コード": 201, "所在地": "宮崎県宮崎市大島町原ノ前１４４４－１", "緯度": 31.933262, "経度": 131.438252, "url": "https://www.iryou.teikyouseido.mhlw.go.jp/znk-web/juminkanja/S2430/initialize?prefCd=45&kikanCd=2453174660&kikanKbn=2", "url2": "http://ishida-seikei.jp/", "内容": "医療法人　いしだ整形外科【2:診療所】【診療科目:整形外科_リハビリテーション科】宮崎県宮崎市大島町原ノ前１４４４－１" }, "geometry": { "type": "Point", "coordinates": [ 131.438252, 31.933262 ] } },
{ "type": "Feature", "properties": { "ID": 4522453174950, "正式名称": "医療法人社団　ちぐさ東洋クリニック", "機関区分": 2, "都道府県コード": 45, "市区町村コード": 201, "所在地": "宮崎県宮崎市大坪東２丁目１９ー１９", "緯度": 31.900749, "経度": 131.406806, "url": "https://www.iryou.teikyouseido.mhlw.go.jp/znk-web/juminkanja/S2430/initialize?prefCd=45&kikanCd=2453174950&kikanKbn=2", "url2": "https://www.chigusatoyo.com/", "内容": "医療法人社団　ちぐさ東洋クリニック【2:診療所】【診療科目:内科_漢方内科_アレルギー疾患内科_小児科_婦人科_皮膚科_心療内科_アレルギー科_鍼灸治療　養生指導　漢方ドック】宮崎県宮崎市大坪東２丁目１９ー１９" }, "geometry": { "type": "Point", "coordinates": [ 131.406806, 31.900749 ] } },
{ "type": "Feature", "properties": { "ID": 4522453175090, "正式名称": "医療法人まつだ耳鼻咽喉科宮崎サージクリニック", "機関区分": 2, "都道府県コード": 45, "市区町村コード": 201, "所在地": "宮崎県宮崎市村角町折口３５５ー３", "緯度": 31.957005, "経度": 131.445452, "url": "https://www.iryou.teikyouseido.mhlw.go.jp/znk-web/juminkanja/S2430/initialize?prefCd=45&kikanCd=2453175090&kikanKbn=2", "url2": "https://matsudajibika.com/", "内容": "医療法人まつだ耳鼻咽喉科宮崎サージクリニック【2:診療所】【診療科目:耳鼻いんこう科】宮崎県宮崎市村角町折口３５５ー３" }, "geometry": { "type": "Point", "coordinates": [ 131.445452, 31.957005 ] } },
{ "type": "Feature", "properties": { "ID": 4522453175120, "正式名称": "医療法人　桜光会　いまいクリニック", "機関区分": 2, "都道府県コード": 45, "市区町村コード": 201, "所在地": "宮崎県宮崎市吉村町ハシテ甲２３８０－１", "緯度": 31.91035, "経度": 131.445837, "url": "https://www.iryou.teikyouseido.mhlw.go.jp/znk-web/juminkanja/S2430/initialize?prefCd=45&kikanCd=2453175120&kikanKbn=2", "url2": "https://www.imai-cl.net/", "内容": "医療法人　桜光会　いまいクリニック【2:診療所】【診療科目:内科_呼吸器内科_救急科】宮崎県宮崎市吉村町ハシテ甲２３８０－１" }, "geometry": { "type": "Point", "coordinates": [ 131.445837, 31.91035 ] } },
{ "type": "Feature", "properties": { "ID": 4522453175250, "正式名称": "わたなべ循環器内科クリニック", "機関区分": 2, "都道府県コード": 45, "市区町村コード": 201, "所在地": "宮崎県宮崎市清武町岡２丁目９−９", "緯度": 31.850087, "経度": 131.388399, "url": "https://www.iryou.teikyouseido.mhlw.go.jp/znk-web/juminkanja/S2430/initialize?prefCd=45&kikanCd=2453175250&kikanKbn=2", "url2": "https://watanabe-j-clinic.com", "内容": "わたなべ循環器内科クリニック【2:診療所】【診療科目:内科_循環器内科】宮崎県宮崎市清武町岡２丁目９−９" }, "geometry": { "type": "Point", "coordinates": [ 131.388399, 31.850087 ] } },
{ "type": "Feature", "properties": { "ID": 4522453175380, "正式名称": "医療法人社団　佐藤小児科", "機関区分": 2, "都道府県コード": 45, "市区町村コード": 201, "所在地": "宮崎県宮崎市清水３丁目１ー８", "緯度": 31.918203, "経度": 131.418163, "url": "https://www.iryou.teikyouseido.mhlw.go.jp/znk-web/juminkanja/S2430/initialize?prefCd=45&kikanCd=2453175380&kikanKbn=2", "url2": "http://ysatohpd.com/", "内容": "医療法人社団　佐藤小児科【2:診療所】【診療科目:小児科】宮崎県宮崎市清水３丁目１ー８" }, "geometry": { "type": "Point", "coordinates": [ 131.418163, 31.918203 ] } },
{ "type": "Feature", "properties": { "ID": 4522453175540, "正式名称": "宮崎そらの内視鏡クリニック", "機関区分": 2, "都道府県コード": 45, "市区町村コード": 201, "所在地": "宮崎県宮崎市錦町１－１０　宮崎グリーンフィア壱番館２階", "緯度": 31.916226, "経度": 131.431083, "url": "https://www.iryou.teikyouseido.mhlw.go.jp/znk-web/juminkanja/S2430/initialize?prefCd=45&kikanCd=2453175540&kikanKbn=2", "url2": null, "内容": "宮崎そらの内視鏡クリニック【2:診療所】【診療科目:内科_消化器内科_肛門外科_麻酔科】宮崎県宮崎市錦町１－１０　宮崎グリーンフィア壱番館２階" }, "geometry": { "type": "Point", "coordinates": [ 131.431083, 31.916226 ] } },
{ "type": "Feature", "properties": { "ID": 4522453175670, "正式名称": "かわごえ内科クリニック", "機関区分": 2, "都道府県コード": 45, "市区町村コード": 201, "所在地": "宮崎県宮崎市宮崎駅東２丁目３－６ＫＣビル１階", "緯度": 31.916145, "経度": 131.435625, "url": "https://www.iryou.teikyouseido.mhlw.go.jp/znk-web/juminkanja/S2430/initialize?prefCd=45&kikanCd=2453175670&kikanKbn=2", "url2": "https://kawagoe-naika-clinic.com", "内容": "かわごえ内科クリニック【2:診療所】【診療科目:内科_腎臓内科_神経内科】宮崎県宮崎市宮崎駅東２丁目３－６ＫＣビル１階" }, "geometry": { "type": "Point", "coordinates": [ 131.435625, 31.916145 ] } },
{ "type": "Feature", "properties": { "ID": 4522453175960, "正式名称": "かわそえクリニック", "機関区分": 2, "都道府県コード": 45, "市区町村コード": 201, "所在地": "宮崎県宮崎市大島町原ノ前１４４５ー６５", "緯度": 31.934784, "経度": 131.437874, "url": "https://www.iryou.teikyouseido.mhlw.go.jp/znk-web/juminkanja/S2430/initialize?prefCd=45&kikanCd=2453175960&kikanKbn=2", "url2": "https://kawasoeclinic.jp/", "内容": "かわそえクリニック【2:診療所】【診療科目:内科_脳神経外科_リハビリテーション科】宮崎県宮崎市大島町原ノ前１４４５ー６５" }, "geometry": { "type": "Point", "coordinates": [ 131.437874, 31.934784 ] } },
{ "type": "Feature", "properties": { "ID": 4522453176000, "正式名称": "ひなた赤ちゃんこどもクリニック", "機関区分": 2, "都道府県コード": 45, "市区町村コード": 201, "所在地": "宮崎県宮崎市吉村町大田ケ島甲４０６ー２", "緯度": 31.930184, "経度": 131.442511, "url": "https://www.iryou.teikyouseido.mhlw.go.jp/znk-web/juminkanja/S2430/initialize?prefCd=45&kikanCd=2453176000&kikanKbn=2", "url2": "https://www.hinata-childrensclinic.com", "内容": "ひなた赤ちゃんこどもクリニック【2:診療所】【診療科目:小児科】宮崎県宮崎市吉村町大田ケ島甲４０６ー２" }, "geometry": { "type": "Point", "coordinates": [ 131.442511, 31.930184 ] } },
{ "type": "Feature", "properties": { "ID": 4522453176130, "正式名称": "湘南美容クリニック宮崎院", "機関区分": 2, "都道府県コード": 45, "市区町村コード": 201, "所在地": "宮崎県宮崎市広島２丁目１１番１１号　アミュプラザみやざき　やま館６階", "緯度": 31.914924, "経度": 131.429979, "url": "https://www.iryou.teikyouseido.mhlw.go.jp/znk-web/juminkanja/S2430/initialize?prefCd=45&kikanCd=2453176130&kikanKbn=2", "url2": "https://www.s-b-c.net/clinic/branch/miyazaki/", "内容": "湘南美容クリニック宮崎院【2:診療所】【診療科目:美容外科_美容皮膚科】宮崎県宮崎市広島２丁目１１番１１号　アミュプラザみやざき　やま館６階" }, "geometry": { "type": "Point", "coordinates": [ 131.429979, 31.914924 ] } },
{ "type": "Feature", "properties": { "ID": 4522453176260, "正式名称": "みやざき駅前眼科", "機関区分": 2, "都道府県コード": 45, "市区町村コード": 201, "所在地": "宮崎県宮崎市広島２－１１－１１　アミュプラザみやざき　やま館６階", "緯度": 31.911095, "経度": 131.423893, "url": "https://www.iryou.teikyouseido.mhlw.go.jp/znk-web/juminkanja/S2430/initialize?prefCd=45&kikanCd=2453176260&kikanKbn=2", "url2": "https://miyazakiekimae.navi-clinic.jp", "内容": "みやざき駅前眼科【2:診療所】【診療科目:眼科】宮崎県宮崎市広島２－１１－１１　アミュプラザみやざき　やま館６階" }, "geometry": { "type": "Point", "coordinates": [ 131.423893, 31.911095 ] } },
{ "type": "Feature", "properties": { "ID": 4522453176390, "正式名称": "ゆげクリニック", "機関区分": 2, "都道府県コード": 45, "市区町村コード": 201, "所在地": "宮崎県宮崎市大島町萩﨑５３７－３７", "緯度": 31.941993, "経度": 131.446733, "url": "https://www.iryou.teikyouseido.mhlw.go.jp/znk-web/juminkanja/S2430/initialize?prefCd=45&kikanCd=2453176390&kikanKbn=2", "url2": "https://www.yuge-clinic.com", "内容": "ゆげクリニック【2:診療所】【診療科目:形成外科_美容外科_皮膚科_美容皮膚科】宮崎県宮崎市大島町萩﨑５３７－３７" }, "geometry": { "type": "Point", "coordinates": [ 131.446733, 31.941993 ] } },
{ "type": "Feature", "properties": { "ID": 4522453176420, "正式名称": "市民の森クリニック", "機関区分": 2, "都道府県コード": 45, "市区町村コード": 201, "所在地": "宮崎県宮崎市大字塩路江良の上２７８３番地３７", "緯度": 31.966231, "経度": 131.468447, "url": "https://www.iryou.teikyouseido.mhlw.go.jp/znk-web/juminkanja/S2430/initialize?prefCd=45&kikanCd=2453176420&kikanKbn=2", "url2": "https://www.m-zenjin.or.jp/satellite/shiminnomori-clinic/about", "内容": "市民の森クリニック【2:診療所】【診療科目:内科_リウマチ科】宮崎県宮崎市大字塩路江良の上２７８３番地３７" }, "geometry": { "type": "Point", "coordinates": [ 131.468447, 31.966231 ] } },
{ "type": "Feature", "properties": { "ID": 4522453176840, "正式名称": "社会医療法人慶明会富吉共立医院", "機関区分": 2, "都道府県コード": 45, "市区町村コード": 201, "所在地": "宮崎県宮崎市富吉２１３９番地", "緯度": 31.94142, "経度": 131.357569, "url": "https://www.iryou.teikyouseido.mhlw.go.jp/znk-web/juminkanja/S2430/initialize?prefCd=45&kikanCd=2453176840&kikanKbn=2", "url2": null, "内容": "社会医療法人慶明会富吉共立医院【2:診療所】【診療科目:内科_外科_整形外科_リウマチ科_リハビリテーション科】宮崎県宮崎市富吉２１３９番地" }, "geometry": { "type": "Point", "coordinates": [ 131.357569, 31.94142 ] } },
{ "type": "Feature", "properties": { "ID": 4522453177560, "正式名称": "ブランクリニック　宮崎院", "機関区分": 2, "都道府県コード": 45, "市区町村コード": 201, "所在地": "宮崎県宮崎市広島１丁目４番１４号シーエス高千穂ビル２・３階", "緯度": 31.91604, "経度": 131.425543, "url": "https://www.iryou.teikyouseido.mhlw.go.jp/znk-web/juminkanja/S2430/initialize?prefCd=45&kikanCd=2453177560&kikanKbn=2", "url2": "https://bccl.jp/about/miyazaki/", "内容": "ブランクリニック　宮崎院【2:診療所】【診療科目:美容皮膚科】宮崎県宮崎市広島１丁目４番１４号シーエス高千穂ビル２・３階" }, "geometry": { "type": "Point", "coordinates": [ 131.425543, 31.91604 ] } },
{ "type": "Feature", "properties": { "ID": 4522453177690, "正式名称": "よつば加納クリニック", "機関区分": 2, "都道府県コード": 45, "市区町村コード": 201, "所在地": "宮崎県宮崎市清武町加納西迫乙３４１番１", "緯度": 31.879481, "経度": 131.404706, "url": "https://www.iryou.teikyouseido.mhlw.go.jp/znk-web/juminkanja/S2430/initialize?prefCd=45&kikanCd=2453177690&kikanKbn=2", "url2": "https://www.yotsubakano.com/", "内容": "よつば加納クリニック【2:診療所】【診療科目:精神科_心療内科】宮崎県宮崎市清武町加納西迫乙３４１番１" }, "geometry": { "type": "Point", "coordinates": [ 131.404706, 31.879481 ] } },
{ "type": "Feature", "properties": { "ID": 4522453177720, "正式名称": "沖田眼科", "機関区分": 2, "都道府県コード": 45, "市区町村コード": 201, "所在地": "宮崎県宮崎市大島町１４４５ー２２", "緯度": 31.933653, "経度": 131.43899, "url": "https://www.iryou.teikyouseido.mhlw.go.jp/znk-web/juminkanja/S2430/initialize?prefCd=45&kikanCd=2453177720&kikanKbn=2", "url2": "http://okita-ganka.jp", "内容": "沖田眼科【2:診療所】【診療科目:眼科】宮崎県宮崎市大島町１４４５ー２２" }, "geometry": { "type": "Point", "coordinates": [ 131.43899, 31.933653 ] } },
{ "type": "Feature", "properties": { "ID": 4522453178570, "正式名称": "アイ内科クリニック", "機関区分": 2, "都道府県コード": 45, "市区町村コード": 201, "所在地": "宮崎県宮崎市佐土原町下那珂３５７４番地", "緯度": 32.010441, "経度": 131.4743, "url": "https://www.iryou.teikyouseido.mhlw.go.jp/znk-web/juminkanja/S2430/initialize?prefCd=45&kikanCd=2453178570&kikanKbn=2", "url2": "https://i-naika.com", "内容": "アイ内科クリニック【2:診療所】【診療科目:内科_糖尿病内科_内分泌内科_糖尿病・内分泌内科_消化器内科】宮崎県宮崎市佐土原町下那珂３５７４番地" }, "geometry": { "type": "Point", "coordinates": [ 131.4743, 32.010441 ] } },
{ "type": "Feature", "properties": { "ID": 4522453178600, "正式名称": "タナカ在宅クリニック", "機関区分": 2, "都道府県コード": 45, "市区町村コード": 201, "所在地": "宮崎県宮崎市佐土原町下田島２０２９７番地４５", "緯度": 32.017971, "経度": 131.475982, "url": "https://www.iryou.teikyouseido.mhlw.go.jp/znk-web/juminkanja/S2430/initialize?prefCd=45&kikanCd=2453178600&kikanKbn=2", "url2": "https://tanaka-z-clinic.com", "内容": "タナカ在宅クリニック【2:診療所】【診療科目:内科_ペインクリニック内科_緩和ケア内科】宮崎県宮崎市佐土原町下田島２０２９７番地４５" }, "geometry": { "type": "Point", "coordinates": [ 131.475982, 32.017971 ] } },
{ "type": "Feature", "properties": { "ID": 4522453178990, "正式名称": "エミナルクリニック　宮崎院", "機関区分": 2, "都道府県コード": 45, "市区町村コード": 201, "所在地": "宮崎県宮崎市橘通西３丁目１０ー３６ニシムラビル４階", "緯度": 31.915585, "経度": 131.422591, "url": "https://www.iryou.teikyouseido.mhlw.go.jp/znk-web/juminkanja/S2430/initialize?prefCd=45&kikanCd=2453178990&kikanKbn=2", "url2": "https://eminal-clinic.jp/clinic/miyazaki/c_miyazaki/", "内容": "エミナルクリニック　宮崎院【2:診療所】【診療科目:美容皮膚科】宮崎県宮崎市橘通西３丁目１０ー３６ニシムラビル４階" }, "geometry": { "type": "Point", "coordinates": [ 131.422591, 31.915585 ] } },
{ "type": "Feature", "properties": { "ID": 4522453179160, "正式名称": "ＴＣＢ　東京中央美容外科・ＴＣＢ　スキンクリニック　宮崎院", "機関区分": 2, "都道府県コード": 45, "市区町村コード": 201, "所在地": "宮崎県宮崎市高千穂通２ー６ー１８ＮＭビル７階", "緯度": 31.911095, "経度": 131.423893, "url": "https://www.iryou.teikyouseido.mhlw.go.jp/znk-web/juminkanja/S2430/initialize?prefCd=45&kikanCd=2453179160&kikanKbn=2", "url2": "https://aoki-tsuyoshi.com/", "内容": "ＴＣＢ　東京中央美容外科・ＴＣＢ　スキンクリニック　宮崎院【2:診療所】【診療科目:形成外科_美容外科_皮膚科_美容皮膚科】宮崎県宮崎市高千穂通２ー６ー１８ＮＭビル７階" }, "geometry": { "type": "Point", "coordinates": [ 131.423893, 31.911095 ] } },
{ "type": "Feature", "properties": { "ID": 4522453179290, "正式名称": "マナビヤ在宅クリニック「ｕｎ」", "機関区分": 2, "都道府県コード": 45, "市区町村コード": 201, "所在地": "宮崎県宮崎市松山２丁目２番３２号ＴМビル５階", "緯度": 31.905361, "経度": 131.429449, "url": "https://www.iryou.teikyouseido.mhlw.go.jp/znk-web/juminkanja/S2430/initialize?prefCd=45&kikanCd=2453179290&kikanKbn=2", "url2": "https://manabiyaclinic.jp/", "内容": "マナビヤ在宅クリニック「ｕｎ」【2:診療所】【診療科目:内科_ペインクリニック内科_緩和ケア内科_外科_肛門外科_精神科】宮崎県宮崎市松山２丁目２番３２号ＴМビル５階" }, "geometry": { "type": "Point", "coordinates": [ 131.429449, 31.905361 ] } },
{ "type": "Feature", "properties": { "ID": 4522453179320, "正式名称": "こいわや循環器内科クリニック", "機関区分": 2, "都道府県コード": 45, "市区町村コード": 201, "所在地": "宮崎県宮崎市大島町", "緯度": 31.94354, "経度": 131.43562, "url": "https://www.iryou.teikyouseido.mhlw.go.jp/znk-web/juminkanja/S2430/initialize?prefCd=45&kikanCd=2453179320&kikanKbn=2", "url2": "https://koiwaya-heart-clinic.com/", "内容": "こいわや循環器内科クリニック【2:診療所】【診療科目:内科_循環器内科_リハビリテーション科】宮崎県宮崎市大島町" }, "geometry": { "type": "Point", "coordinates": [ 131.43562, 31.94354 ] } },
{ "type": "Feature", "properties": { "ID": 4522453179450, "正式名称": "すずき内科クリニック", "機関区分": 2, "都道府県コード": 45, "市区町村コード": 201, "所在地": "宮崎県宮崎市大島町東ノ前１１４３番地３", "緯度": 31.93583, "経度": 131.438748, "url": "https://www.iryou.teikyouseido.mhlw.go.jp/znk-web/juminkanja/S2430/initialize?prefCd=45&kikanCd=2453179450&kikanKbn=2", "url2": null, "内容": "すずき内科クリニック【2:診療所】【診療科目:内科_循環器内科】宮崎県宮崎市大島町東ノ前１１４３番地３" }, "geometry": { "type": "Point", "coordinates": [ 131.438748, 31.93583 ] } },
{ "type": "Feature", "properties": { "ID": 4522453179580, "正式名称": "神宮　川畑整形外科・内科クリニック", "機関区分": 2, "都道府県コード": 45, "市区町村コード": 201, "所在地": "宮崎県宮崎市丸山２丁目９５番地１", "緯度": 31.928146, "経度": 131.425584, "url": "https://www.iryou.teikyouseido.mhlw.go.jp/znk-web/juminkanja/S2430/initialize?prefCd=45&kikanCd=2453179580&kikanKbn=2", "url2": "https://kawabata-seikei.com", "内容": "神宮　川畑整形外科・内科クリニック【2:診療所】【診療科目:内科_整形外科】宮崎県宮崎市丸山２丁目９５番地１" }, "geometry": { "type": "Point", "coordinates": [ 131.425584, 31.928146 ] } },
{ "type": "Feature", "properties": { "ID": 4522453179610, "正式名称": "ウエダメンタルクリニック", "機関区分": 2, "都道府県コード": 45, "市区町村コード": 201, "所在地": "宮崎県宮崎市吉村町南田甲１０８６ー１", "緯度": 31.54, "経度": 131.27, "url": "https://www.iryou.teikyouseido.mhlw.go.jp/znk-web/juminkanja/S2430/initialize?prefCd=45&kikanCd=2453179610&kikanKbn=2", "url2": "https://www.uedamentalcl.com", "内容": "ウエダメンタルクリニック【2:診療所】【診療科目:精神科_心療内科】宮崎県宮崎市吉村町南田甲１０８６ー１" }, "geometry": { "type": "Point", "coordinates": [ 131.27, 31.54 ] } },
{ "type": "Feature", "properties": { "ID": 4522453179870, "正式名称": "大塚小松台眼科", "機関区分": 2, "都道府県コード": 45, "市区町村コード": 201, "所在地": "宮崎県宮崎市大塚町無量寺道下７８−３", "緯度": 31.932342, "経度": 131.399018, "url": "https://www.iryou.teikyouseido.mhlw.go.jp/znk-web/juminkanja/S2430/initialize?prefCd=45&kikanCd=2453179870&kikanKbn=2", "url2": "https://otsukakomatsudai-ganka.jp/", "内容": "大塚小松台眼科【2:診療所】【診療科目:眼科】宮崎県宮崎市大塚町無量寺道下７８−３" }, "geometry": { "type": "Point", "coordinates": [ 131.399018, 31.932342 ] } },
{ "type": "Feature", "properties": { "ID": 4522453180140, "正式名称": "坂田整形外科クリニック", "機関区分": 2, "都道府県コード": 45, "市区町村コード": 201, "所在地": "宮崎県宮崎市大塚町樋ノ口１９８１−１", "緯度": 31.91846, "経度": 131.39683, "url": "https://www.iryou.teikyouseido.mhlw.go.jp/znk-web/juminkanja/S2430/initialize?prefCd=45&kikanCd=2453180140&kikanKbn=2", "url2": "http://sakataseikei.net/", "内容": "坂田整形外科クリニック【2:診療所】【診療科目:整形外科_リウマチ科_リハビリテーション科】宮崎県宮崎市大塚町樋ノ口１９８１−１" }, "geometry": { "type": "Point", "coordinates": [ 131.39683, 31.91846 ] } },
{ "type": "Feature", "properties": { "ID": 4522453180270, "正式名称": "あおやま訪問・救急クリニック", "機関区分": 2, "都道府県コード": 45, "市区町村コード": 201, "所在地": "宮崎県宮崎市池内町榎迫５２３番地２５", "緯度": 31.955328, "経度": 131.418555, "url": "https://www.iryou.teikyouseido.mhlw.go.jp/znk-web/juminkanja/S2430/initialize?prefCd=45&kikanCd=2453180270&kikanKbn=2", "url2": "https://aoyama.clinic/", "内容": "あおやま訪問・救急クリニック【2:診療所】【診療科目:内科_救急科】宮崎県宮崎市池内町榎迫５２３番地２５" }, "geometry": { "type": "Point", "coordinates": [ 131.418555, 31.955328 ] } },
{ "type": "Feature", "properties": { "ID": 4522453180430, "正式名称": "松本呼吸器内科医院", "機関区分": 2, "都道府県コード": 45, "市区町村コード": 201, "所在地": "宮崎県宮崎市下北方町横小路５９２８番地１６", "緯度": 31.947866, "経度": 131.41269, "url": "https://www.iryou.teikyouseido.mhlw.go.jp/znk-web/juminkanja/S2430/initialize?prefCd=45&kikanCd=2453180430&kikanKbn=2", "url2": "http://www.matclinic.org", "内容": "松本呼吸器内科医院【2:診療所】【診療科目:内科_呼吸器内科_アレルギー科】宮崎県宮崎市下北方町横小路５９２８番地１６" }, "geometry": { "type": "Point", "coordinates": [ 131.41269, 31.947866 ] } },
{ "type": "Feature", "properties": { "ID": 4522453180560, "正式名称": "武石脳神経クリニック", "機関区分": 2, "都道府県コード": 45, "市区町村コード": 201, "所在地": "宮崎県宮崎市下北方町陣ノ下９１－１", "緯度": 31.944244, "経度": 131.418821, "url": "https://www.iryou.teikyouseido.mhlw.go.jp/znk-web/juminkanja/S2430/initialize?prefCd=45&kikanCd=2453180560&kikanKbn=2", "url2": "https://takeishi-ns-cl.com/", "内容": "武石脳神経クリニック【2:診療所】【診療科目:内科_脳神経外科】宮崎県宮崎市下北方町陣ノ下９１－１" }, "geometry": { "type": "Point", "coordinates": [ 131.418821, 31.944244 ] } },
{ "type": "Feature", "properties": { "ID": 4522453180690, "正式名称": "まきのブレストクリニック", "機関区分": 2, "都道府県コード": 45, "市区町村コード": 201, "所在地": "宮崎県宮崎市橘通東４丁目１番１号瀬尾ビル２階", "緯度": 31.916888, "経度": 131.423653, "url": "https://www.iryou.teikyouseido.mhlw.go.jp/znk-web/juminkanja/S2430/initialize?prefCd=45&kikanCd=2453180690&kikanKbn=2", "url2": "https://makino-breast.com/", "内容": "まきのブレストクリニック【2:診療所】【診療科目:乳腺外科_女性乳腺外科】宮崎県宮崎市橘通東４丁目１番１号瀬尾ビル２階" }, "geometry": { "type": "Point", "coordinates": [ 131.423653, 31.916888 ] } },
{ "type": "Feature", "properties": { "ID": 4522453180720, "正式名称": "ふかおスポーツクリニック整形外科", "機関区分": 2, "都道府県コード": 45, "市区町村コード": 201, "所在地": "宮崎県宮崎市清武町加納字西迫乙３４１－３", "緯度": 31.879691, "経度": 131.404993, "url": "https://www.iryou.teikyouseido.mhlw.go.jp/znk-web/juminkanja/S2430/initialize?prefCd=45&kikanCd=2453180720&kikanKbn=2", "url2": "https://fukao-clinic.com", "内容": "ふかおスポーツクリニック整形外科【2:診療所】【診療科目:整形外科_リハビリテーション科】宮崎県宮崎市清武町加納字西迫乙３４１－３" }, "geometry": { "type": "Point", "coordinates": [ 131.404993, 31.879691 ] } },
{ "type": "Feature", "properties": { "ID": 4522453180850, "正式名称": "三宮胃腸内科", "機関区分": 2, "都道府県コード": 45, "市区町村コード": 201, "所在地": "宮崎県宮崎市堀川町１０番地", "緯度": 31.910496, "経度": 131.432611, "url": "https://www.iryou.teikyouseido.mhlw.go.jp/znk-web/juminkanja/S2430/initialize?prefCd=45&kikanCd=2453180850&kikanKbn=2", "url2": null, "内容": "三宮胃腸内科【2:診療所】【診療科目:内科_呼吸器内科_胃腸内科】宮崎県宮崎市堀川町１０番地" }, "geometry": { "type": "Point", "coordinates": [ 131.432611, 31.910496 ] } },
{ "type": "Feature", "properties": { "ID": 4522453181020, "正式名称": "清水中央クリニック", "機関区分": 2, "都道府県コード": 45, "市区町村コード": 201, "所在地": "宮崎県宮崎市清水１丁目３－４", "緯度": 31.917656, "経度": 131.421527, "url": "https://www.iryou.teikyouseido.mhlw.go.jp/znk-web/juminkanja/S2430/initialize?prefCd=45&kikanCd=2453181020&kikanKbn=2", "url2": "http://www.simizu-chuo-clinic.com/", "内容": "清水中央クリニック【2:診療所】【診療科目:内科_外科_呼吸器外科_気管食道外科_循環器外科_消化器外科_乳腺外科_肛門外科】宮崎県宮崎市清水１丁目３－４" }, "geometry": { "type": "Point", "coordinates": [ 131.421527, 31.917656 ] } },
{ "type": "Feature", "properties": { "ID": 4522453181150, "正式名称": "さがら内視鏡・内科クリニック", "機関区分": 2, "都道府県コード": 45, "市区町村コード": 201, "所在地": "宮崎県宮崎市島之内湯取５７３４", "緯度": 31.978163, "経度": 131.440516, "url": "https://www.iryou.teikyouseido.mhlw.go.jp/znk-web/juminkanja/S2430/initialize?prefCd=45&kikanCd=2453181150&kikanKbn=2", "url2": "https://sagara-endoscopy-clinic.com", "内容": "さがら内視鏡・内科クリニック【2:診療所】【診療科目:内科_消化器内科_内視鏡内科】宮崎県宮崎市島之内湯取５７３４" }, "geometry": { "type": "Point", "coordinates": [ 131.440516, 31.978163 ] } },
{ "type": "Feature", "properties": { "ID": 4522453181280, "正式名称": "加納さくら消化器・内視鏡クリニック", "機関区分": 2, "都道府県コード": 45, "市区町村コード": 201, "所在地": "宮崎県宮崎市清武町加納字町ノ前乙３８２－５－２", "緯度": 31.877412, "経度": 131.405406, "url": "https://www.iryou.teikyouseido.mhlw.go.jp/znk-web/juminkanja/S2430/initialize?prefCd=45&kikanCd=2453181280&kikanKbn=2", "url2": "https://kanousakura-clinic.com/", "内容": "加納さくら消化器・内視鏡クリニック【2:診療所】【診療科目:内科_消化器内科_内視鏡内科_肛門内科】宮崎県宮崎市清武町加納字町ノ前乙３８２－５－２" }, "geometry": { "type": "Point", "coordinates": [ 131.405406, 31.877412 ] } },
{ "type": "Feature", "properties": { "ID": 4522453181310, "正式名称": "かねだ眼科", "機関区分": 2, "都道府県コード": 45, "市区町村コード": 201, "所在地": "宮崎県宮崎市大字本郷南方２４５２番１", "緯度": 31.855967, "経度": 131.433782, "url": "https://www.iryou.teikyouseido.mhlw.go.jp/znk-web/juminkanja/S2430/initialize?prefCd=45&kikanCd=2453181310&kikanKbn=2", "url2": null, "内容": "かねだ眼科【2:診療所】【診療科目:眼科_皮膚科】宮崎県宮崎市大字本郷南方２４５２番１" }, "geometry": { "type": "Point", "coordinates": [ 131.433782, 31.855967 ] } },
{ "type": "Feature", "properties": { "ID": 4522453181570, "正式名称": "医療法人　いのうえ皮ふ科", "機関区分": 2, "都道府県コード": 45, "市区町村コード": 201, "所在地": "宮崎県宮崎市大工１ー１０ー２８ひむかワールドビル６０１", "緯度": 31.918355, "経度": 131.413563, "url": "https://www.iryou.teikyouseido.mhlw.go.jp/znk-web/juminkanja/S2430/initialize?prefCd=45&kikanCd=2453181570&kikanKbn=2", "url2": "https://www.hifuinoue.com", "内容": "医療法人　いのうえ皮ふ科【2:診療所】【診療科目:皮膚科】宮崎県宮崎市大工１ー１０ー２８ひむかワールドビル６０１" }, "geometry": { "type": "Point", "coordinates": [ 131.413563, 31.918355 ] } },
{ "type": "Feature", "properties": { "ID": 4522453181600, "正式名称": "いきめ皮膚科", "機関区分": 2, "都道府県コード": 45, "市区町村コード": 201, "所在地": "宮崎県宮崎市小松３０２４番地１", "緯度": 31.929307, "経度": 131.385357, "url": "https://www.iryou.teikyouseido.mhlw.go.jp/znk-web/juminkanja/S2430/initialize?prefCd=45&kikanCd=2453181600&kikanKbn=2", "url2": "https://ikime-hifuka.com", "内容": "いきめ皮膚科【2:診療所】【診療科目:皮膚科】宮崎県宮崎市小松３０２４番地１" }, "geometry": { "type": "Point", "coordinates": [ 131.385357, 31.929307 ] } },
{ "type": "Feature", "properties": { "ID": 4522453181860, "正式名称": "いのうえ在宅クリニック", "機関区分": 2, "都道府県コード": 45, "市区町村コード": 201, "所在地": "宮崎県宮崎市本郷１丁目２４－１０", "緯度": 31.86592, "経度": 131.426876, "url": "https://www.iryou.teikyouseido.mhlw.go.jp/znk-web/juminkanja/S2430/initialize?prefCd=45&kikanCd=2453181860&kikanKbn=2", "url2": null, "内容": "いのうえ在宅クリニック【2:診療所】【診療科目:内科_緩和ケア内科_泌尿器科_精神科】宮崎県宮崎市本郷１丁目２４－１０" }, "geometry": { "type": "Point", "coordinates": [ 131.426876, 31.86592 ] } },
{ "type": "Feature", "properties": { "ID": 4522453181990, "正式名称": "かわばた頭頸部クリニック", "機関区分": 2, "都道府県コード": 45, "市区町村コード": 201, "所在地": "宮崎県宮崎市錦本町４番１０３号", "緯度": 31.920554, "経度": 131.430196, "url": "https://www.iryou.teikyouseido.mhlw.go.jp/znk-web/juminkanja/S2430/initialize?prefCd=45&kikanCd=2453181990&kikanKbn=2", "url2": "kawabata-hnc.com", "内容": "かわばた頭頸部クリニック【2:診療所】【診療科目:頭頸部外科_甲状腺外科】宮崎県宮崎市錦本町４番１０３号" }, "geometry": { "type": "Point", "coordinates": [ 131.430196, 31.920554 ] } },
{ "type": "Feature", "properties": { "ID": 4522453182160, "正式名称": "医療法人社団ひなた　ひなた在宅クリニック", "機関区分": 2, "都道府県コード": 45, "市区町村コード": 201, "所在地": "宮崎県宮崎市末広２丁目１－３", "緯度": 31.913057, "経度": 131.415197, "url": "https://www.iryou.teikyouseido.mhlw.go.jp/znk-web/juminkanja/S2430/initialize?prefCd=45&kikanCd=2453182160&kikanKbn=2", "url2": "http://clinic.kiyoyama.jp/", "内容": "医療法人社団ひなた　ひなた在宅クリニック【2:診療所】【診療科目:内科_糖尿病内科_循環器内科_神経内科_小児科_耳鼻いんこう科_皮膚科_精神科】宮崎県宮崎市末広２丁目１－３" }, "geometry": { "type": "Point", "coordinates": [ 131.415197, 31.913057 ] } },
{ "type": "Feature", "properties": { "ID": 4522453182320, "正式名称": "みよしクリニック", "機関区分": 2, "都道府県コード": 45, "市区町村コード": 201, "所在地": "宮崎県宮崎市江平中町６－１７", "緯度": 31.924325, "経度": 131.427066, "url": "https://www.iryou.teikyouseido.mhlw.go.jp/znk-web/juminkanja/S2430/initialize?prefCd=45&kikanCd=2453182320&kikanKbn=2", "url2": "http://heartopia.net", "内容": "みよしクリニック【2:診療所】【診療科目:児童精神科_精神科_心療内科】宮崎県宮崎市江平中町６－１７" }, "geometry": { "type": "Point", "coordinates": [ 131.427066, 31.924325 ] } },
{ "type": "Feature", "properties": { "ID": 4522453182580, "正式名称": "あきやま皮膚科", "機関区分": 2, "都道府県コード": 45, "市区町村コード": 201, "所在地": "宮崎県宮崎市新別府町麓３８５番地", "緯度": 31.923922, "経度": 131.45654, "url": "https://www.iryou.teikyouseido.mhlw.go.jp/znk-web/juminkanja/S2430/initialize?prefCd=45&kikanCd=2453182580&kikanKbn=2", "url2": null, "内容": "あきやま皮膚科【2:診療所】【診療科目:皮膚科_美容皮膚科】宮崎県宮崎市新別府町麓３８５番地" }, "geometry": { "type": "Point", "coordinates": [ 131.45654, 31.923922 ] } },
{ "type": "Feature", "properties": { "ID": 4522453182610, "正式名称": "にしもと内科・泌尿器科・人工透析内科", "機関区分": 2, "都道府県コード": 45, "市区町村コード": 201, "所在地": "宮崎県宮崎市大字島之内野入６７１４－１", "緯度": 31.983547, "経度": 131.446743, "url": "https://www.iryou.teikyouseido.mhlw.go.jp/znk-web/juminkanja/S2430/initialize?prefCd=45&kikanCd=2453182610&kikanKbn=2", "url2": "nishimoto.clinic", "内容": "にしもと内科・泌尿器科・人工透析内科【2:診療所】【診療科目:内科_人工透析内科_泌尿器科】宮崎県宮崎市大字島之内野入６７１４－１" }, "geometry": { "type": "Point", "coordinates": [ 131.446743, 31.983547 ] } },
{ "type": "Feature", "properties": { "ID": 4522453182740, "正式名称": "ながとも糖尿病内科", "機関区分": 2, "都道府県コード": 45, "市区町村コード": 201, "所在地": "宮崎県宮崎市村角町灰作１４３３番１", "緯度": 31.947862, "経度": 131.442436, "url": "https://www.iryou.teikyouseido.mhlw.go.jp/znk-web/juminkanja/S2430/initialize?prefCd=45&kikanCd=2453182740&kikanKbn=2", "url2": "https://nagatomo-iin.com", "内容": "ながとも糖尿病内科【2:診療所】【診療科目:内科_糖尿病内科_内分泌内科】宮崎県宮崎市村角町灰作１４３３番１" }, "geometry": { "type": "Point", "coordinates": [ 131.442436, 31.947862 ] } },
{ "type": "Feature", "properties": { "ID": 4522453182870, "正式名称": "友絵こどもクリニック", "機関区分": 2, "都道府県コード": 45, "市区町村コード": 201, "所在地": "宮崎県宮崎市大工町１丁目１０－２８ひむかワールドビル２階", "緯度": 31.918319, "経度": 131.413553, "url": "https://www.iryou.teikyouseido.mhlw.go.jp/znk-web/juminkanja/S2430/initialize?prefCd=45&kikanCd=2453182870&kikanKbn=2", "url2": "https://tomo-chi.com", "内容": "友絵こどもクリニック【2:診療所】【診療科目:小児科】宮崎県宮崎市大工町１丁目１０－２８ひむかワールドビル２階" }, "geometry": { "type": "Point", "coordinates": [ 131.413553, 31.918319 ] } },
{ "type": "Feature", "properties": { "ID": 4523450211200, "正式名称": "はまだ歯科医院", "機関区分": 2, "都道府県コード": 45, "市区町村コード": 341, "所在地": "宮崎県北諸県郡三股町新馬場４５－１", "緯度": 31.736583, "経度": 131.110979, "url": "https://www.iryou.teikyouseido.mhlw.go.jp/znk-web/juminkanja/S2430/initialize?prefCd=45&kikanCd=3450211200&kikanKbn=2", "url2": null, "内容": "はまだ歯科医院【2:診療所】【診療科目:歯科】宮崎県北諸県郡三股町新馬場４５－１" }, "geometry": { "type": "Point", "coordinates": [ 131.110979, 31.736583 ] } },
{ "type": "Feature", "properties": { "ID": 4524510212964, "正式名称": "医療法人綺羅星　ながはま整形外科", "機関区分": 2, "都道府県コード": 45, "市区町村コード": 202, "所在地": "宮崎県都城市都北町３６０６－２", "緯度": 31.76615, "経度": 131.087186, "url": "https://www.iryou.teikyouseido.mhlw.go.jp/znk-web/juminkanja/S2430/initialize?prefCd=45&kikanCd=4510212964&kikanKbn=2", "url2": null, "内容": "医療法人綺羅星　ながはま整形外科【2:診療所】【診療科目:整形外科_リウマチ科_リハビリテーション科】宮崎県都城市都北町３６０６－２" }, "geometry": { "type": "Point", "coordinates": [ 131.087186, 31.76615 ] } }
]
}
